timestamp,open,high,low,close,volume,volCcy,volCcyQuote,confirm,high_low,high_close,low_close,tr,atr
2026-01-10 15:00:00,90589.9,90667.0,90580.0,90661.2,28.08074322,2544698.668203441,2544698.668203441,1,87.0,,,87.0,87.0
2026-01-10 16:00:00,90661.1,90727.3,90601.7,90678.0,22.05498105,1999614.6084995,1999614.6084995,1,125.60000000000582,66.10000000000582,59.5,125.60000000000582,106.30000000000291
2026-01-10 17:00:00,90678.0,90742.0,90536.9,90542.0,36.01980307,3265183.400115375,3265183.400115375,1,205.10000000000582,64.0,141.10000000000582,205.10000000000582,139.2333333333372
2026-01-10 18:00:00,90541.9,90605.1,90511.3,90593.0,56.2344261,5092431.457278569,5092431.457278569,1,93.80000000000291,63.10000000000582,30.69999999999709,93.80000000000291,127.87500000000364
2026-01-10 19:00:00,90593.1,90625.7,90581.4,90621.3,19.05548206,1726441.466269505,1726441.466269505,1,44.30000000000291,32.69999999999709,11.60000000000582,44.30000000000291,111.16000000000349
2026-01-10 20:00:00,90621.2,90654.7,90549.8,90568.6,38.83663912,3517924.481580892,3517924.481580892,1,104.89999999999418,33.39999999999418,71.5,104.89999999999418,110.1166666666686
2026-01-10 21:00:00,90568.7,90568.7,90504.2,90505.0,28.37184261,2568509.524114916,2568509.524114916,1,64.5,0.09999999999126885,64.40000000000873,64.5,103.60000000000166
2026-01-10 22:00:00,90505.1,90591.2,90396.3,90424.4,171.97670891,15558636.64197512,15558636.64197512,1,194.89999999999418,86.19999999999709,108.69999999999709,194.89999999999418,115.01250000000073
2026-01-10 23:00:00,90424.4,90567.0,90424.1,90504.9,33.63895727,3044529.460805052,3044529.460805052,1,142.89999999999418,142.60000000000582,0.29999999998835847,142.89999999999418,118.11111111111111
2026-01-11 00:00:00,90504.9,90646.9,90449.3,90629.0,29.20374612,2644946.18469037,2644946.18469037,1,197.59999999999127,142.0,55.59999999999127,197.59999999999127,126.05999999999912
2026-01-11 01:00:00,90629.1,90674.0,90557.0,90625.7,24.50238031,2220230.312985146,2220230.312985146,1,117.0,45.0,72.0,117.0,125.23636363636284
2026-01-11 02:00:00,90625.8,90727.9,90610.0,90692.1,31.70904088,2875378.849020879,2875378.849020879,1,117.89999999999418,102.19999999999709,15.69999999999709,117.89999999999418,124.62499999999879
2026-01-11 03:00:00,90692.1,90733.1,90635.0,90733.0,43.57694718,3952300.140079397,3952300.140079397,1,98.10000000000582,41.0,57.10000000000582,98.10000000000582,122.58461538461471
2026-01-11 04:00:00,90733.1,90809.9,90659.6,90799.1,81.37199858,7383526.067885081,7383526.067885081,1,150.29999999998836,76.89999999999418,73.39999999999418,150.29999999998836,124.56428571428425
2026-01-11 05:00:00,90799.1,90859.9,90736.1,90777.8,42.06634215,3819146.055124129,3819146.055124129,1,123.79999999998836,60.79999999998836,63.0,123.79999999998836,127.19285714285486
2026-01-11 06:00:00,90777.8,90800.0,90586.3,90743.0,47.13946115,4274172.139015539,4274172.139015539,1,213.6999999999971,22.19999999999709,191.5,213.6999999999971,133.48571428571137
2026-01-11 07:00:00,90743.0,90765.0,90672.0,90713.0,51.55423959,4676645.596118151,4676645.596118151,1,93.0,22.0,71.0,93.0,125.4785714285681
2026-01-11 08:00:00,90712.9,90806.3,90620.0,90787.3,276.10927202,25050357.843093298,25050357.843093298,1,186.3000000000029,93.30000000000291,93.0,186.3000000000029,132.08571428571096
2026-01-11 09:00:00,90788.2,90816.4,90653.5,90739.1,421.88545174,38284506.588491439,38284506.588491439,1,162.89999999999418,29.09999999999127,133.8000000000029,162.89999999999418,140.5571428571389
2026-01-11 10:00:00,90739.1,90761.4,90689.0,90728.9,28.76752492,2609893.360729086,2609893.360729086,1,72.39999999999418,22.29999999998836,50.10000000000582,72.39999999999418,138.23571428571034
2026-01-11 11:00:00,90729.0,90752.0,90696.0,90751.8,31.45814483,2854004.417289197,2854004.417289197,1,56.0,23.10000000000582,32.89999999999418,56.0,137.62857142856748
2026-01-11 12:00:00,90751.9,91033.0,90723.0,90938.1,93.10870438,8465374.372857881,8465374.372857881,1,310.0,281.1999999999971,28.80000000000291,310.0,145.84999999999647
2026-01-11 13:00:00,90938.1,90972.7,90822.5,90854.0,82.39697913,7489753.888060639,7489753.888060639,1,150.1999999999971,34.59999999999127,115.60000000000582,150.1999999999971,146.37142857142524
2026-01-11 14:00:00,90854.1,91199.8,90854.0,91126.1,101.61169412,9252875.591584268,9252875.591584268,1,345.8000000000029,345.8000000000029,0.0,345.8000000000029,156.95714285714035
2026-01-11 15:00:00,91126.1,91157.9,90711.4,90875.0,137.06704753,12462014.722218521,12462014.722218521,1,446.5,31.79999999998836,414.70000000001164,446.5,180.49285714285466
2026-01-11 16:00:00,90875.0,91284.6,90875.0,91041.9,118.59822454,10802603.972880225,10802603.972880225,1,409.6000000000058,409.6000000000058,0.0,409.6000000000058,201.32857142856977
2026-01-11 17:00:00,91042.0,91138.0,90912.0,90991.0,48.32468048,4399107.45772465,4399107.45772465,1,226.0,96.10000000000582,129.89999999999418,226.0,210.46428571428365
2026-01-11 18:00:00,90991.1,90991.1,90800.0,90882.9,45.99045951,4179679.064958694,4179679.064958694,1,191.10000000000582,0.10000000000582077,191.0,191.10000000000582,213.3785714285706
2026-01-11 19:00:00,90882.9,90932.0,90680.0,90693.1,31.54357856,2863853.48985495,2863853.48985495,1,252.0,49.10000000000582,202.89999999999418,252.0,222.53571428571428
2026-01-11 20:00:00,90693.1,90740.5,90424.3,90709.0,148.94350958,13487078.106036308,13487078.106036308,1,316.1999999999971,47.39999999999418,268.8000000000029,316.1999999999971,229.85714285714286
2026-01-11 21:00:00,90709.1,90836.3,90600.0,90759.0,44.86306926,4069682.831175137,4069682.831175137,1,236.3000000000029,127.30000000000291,109.0,236.3000000000029,240.09285714285735
2026-01-11 22:00:00,90759.1,90759.1,90455.8,90534.5,82.35397267,7461799.777861724,7461799.777861724,1,303.3000000000029,0.10000000000582077,303.1999999999971,303.3000000000029,248.45000000000022
2026-01-11 23:00:00,90534.4,91039.8,90230.3,91012.0,214.07575229,19410994.105751093,19410994.105751093,1,809.5,505.3000000000029,304.1999999999971,809.5,294.6357142857149
2026-01-12 00:00:00,91008.3,91255.6,90697.7,91255.6,222.78259444,20280453.860268811,20280453.860268811,1,557.9000000000087,243.60000000000582,314.3000000000029,557.9000000000087,329.3142857142874
2026-01-12 01:00:00,91255.7,91800.0,91099.4,91410.9,335.61197399,30695396.152784587,30695396.152784587,1,700.6000000000058,544.3999999999942,156.20000000001164,700.6000000000058,375.35714285714494
2026-01-12 02:00:00,91411.0,92396.4,91376.1,92210.1,422.74899793,38889167.118724004,38889167.118724004,1,1020.2999999999884,985.5,34.79999999998836,1020.2999999999884,426.0928571428584
2026-01-12 03:00:00,92211.8,92520.6,91805.4,91805.4,319.01275403,29421244.098548241,29421244.098548241,1,715.2000000000116,310.5,404.70000000001164,715.2000000000116,466.45000000000226
2026-01-12 04:00:00,91805.5,92281.7,91755.6,92160.0,124.53717313,11461377.423098606,11461377.423098606,1,526.0999999999913,476.3000000000029,49.79999999998836,526.0999999999913,479.3285714285729
2026-01-12 05:00:00,92160.1,92264.9,92048.4,92115.0,96.42016732,8884770.713873671,8884770.713873671,1,216.5,104.89999999999418,111.60000000000582,216.5,462.90000000000146
2026-01-12 06:00:00,92114.9,92208.0,91820.0,91839.1,136.64802883,12568283.497438013,12568283.497438013,1,388.0,93.0,295.0,388.0,461.3571428571439
2026-01-12 07:00:00,91839.1,91962.1,91400.0,91415.1,528.490474,48442857.175033613,48442857.175033613,1,562.1000000000058,123.0,439.1000000000058,562.1000000000058,485.3642857142872
2026-01-12 08:00:00,91415.1,91628.9,90400.0,90749.1,580.69904075,52778256.402353271,52778256.402353271,1,1228.8999999999942,213.79999999998836,1015.1000000000058,1228.8999999999942,559.4928571428578
2026-01-12 09:00:00,90749.1,90933.3,90646.1,90692.2,180.95933636,16433008.334714364,16433008.334714364,1,287.1999999999971,184.1999999999971,103.0,287.1999999999971,562.0071428571433
2026-01-12 10:00:00,90692.1,90793.0,90375.0,90435.9,149.27260652,13517169.57848921,13517169.57848921,1,418.0,100.80000000000291,317.1999999999971,418.0,569.278571428572
2026-01-12 11:00:00,90434.2,90816.1,90427.0,90630.1,165.21326359,14977035.121454335,14977035.121454335,1,389.1000000000058,380.20000000001164,8.89999999999418,389.1000000000058,580.192857142858
2026-01-12 12:00:00,90630.1,90870.4,90618.0,90789.0,73.0402834,6629157.49050605,6629157.49050605,1,252.39999999999418,240.29999999998836,12.10000000000582,252.39999999999418,576.557142857143
2026-01-12 13:00:00,90789.1,90829.7,90541.6,90632.1,150.14423847,13614122.733121293,13614122.733121293,1,288.09999999999127,40.69999999999709,247.39999999999418,288.09999999999127,539.3142857142853
2026-01-12 14:00:00,90632.1,91122.8,90132.1,90908.1,438.77331825,39757812.271452561,39757812.271452561,1,990.6999999999971,490.6999999999971,500.0,990.6999999999971,570.2285714285701
2026-01-12 15:00:00,90908.0,91679.6,90710.0,91666.9,367.10261225,33517183.940345519,33517183.940345519,1,969.6000000000058,771.5,198.10000000000582,969.6000000000058,589.4428571428559
2026-01-12 16:00:00,91666.0,92316.7,91575.0,92117.8,641.42504829,59003372.251430872,59003372.251430872,1,741.6999999999971,649.8000000000029,91.89999999999418,741.6999999999971,569.5428571428565
2026-01-12 17:00:00,92117.9,92299.1,91007.1,91522.5,510.64948513,46774494.415137832,46774494.415137832,1,1292.0,181.3000000000029,1110.699999999997,1292.0,610.7428571428557
2026-01-12 18:00:00,91522.6,91958.1,91415.1,91689.1,206.60046223,18954521.357794614,18954521.357794614,1,543.0,435.6000000000058,107.39999999999418,543.0,611.9499999999991
2026-01-12 19:00:00,91689.2,91881.3,91437.6,91864.9,131.5242544,12055329.168740881,12055329.168740881,1,443.6999999999971,192.1999999999971,251.5,443.6999999999971,628.1785714285704
2026-01-12 20:00:00,91864.9,92048.4,91416.6,91493.3,212.87155641,19508227.404874415,19508227.404874415,1,631.7999999999884,183.5,448.29999999998836,631.7999999999884,645.5928571428552
2026-01-12 21:00:00,91492.1,91500.0,90948.4,91056.0,158.43788366,14454876.813278923,14454876.813278923,1,551.6000000000058,6.69999999999709,544.9000000000087,551.6000000000058,644.8428571428552
2026-01-12 22:00:00,91056.0,91444.5,91056.0,91243.7,133.99910154,12237943.506216497,12237943.506216497,1,388.5,388.5,0.0,388.5,584.8142857142842
2026-01-12 23:00:00,91243.7,91319.9,91076.5,91304.0,53.12812533,4845658.997270267,4845658.997270267,1,243.39999999999418,76.19999999999709,167.1999999999971,243.39999999999418,581.6857142857126
2026-01-13 00:00:00,91304.0,91548.9,91257.0,91481.1,154.30764832,14104366.854061478,14104366.854061478,1,291.8999999999942,244.89999999999418,47.0,291.8999999999942,572.6785714285694
2026-01-13 01:00:00,91481.1,91548.0,91054.3,91188.0,82.43368771,7525218.467959754,7525218.467959754,1,493.6999999999971,66.89999999999418,426.8000000000029,493.6999999999971,580.1499999999972
2026-01-13 02:00:00,91188.0,91382.1,91102.2,91125.4,118.68310015,10826796.298685635,10826796.298685635,1,279.90000000000873,194.10000000000582,85.80000000000291,279.90000000000873,582.114285714284
2026-01-13 03:00:00,91125.5,91471.2,91125.1,91412.0,120.6913497,11020766.067645064,11020766.067645064,1,346.09999999999127,345.8000000000029,0.29999999998835847,346.09999999999127,586.2571428571412
2026-01-13 04:00:00,91412.1,91647.2,91349.9,91515.9,62.52384798,5718843.73975984,5718843.73975984,1,297.3000000000029,235.1999999999971,62.10000000000582,297.3000000000029,536.7285714285701
2026-01-13 05:00:00,91516.0,92256.9,91480.5,91924.5,273.85033642,25180944.629915467,25180944.629915467,1,776.3999999999942,741.0,35.39999999999418,776.3999999999942,522.9285714285694
2026-01-13 06:00:00,91924.6,92270.8,91811.5,92179.1,186.56114257,17170290.069550624,17170290.069550624,1,459.3000000000029,346.3000000000029,113.0,459.3000000000029,502.7571428571412
2026-01-13 07:00:00,92179.2,92207.0,91882.9,91949.7,672.8691819,61897171.063796031,61897171.063796031,1,324.1000000000058,27.89999999999418,296.20000000001164,324.1000000000058,433.6214285714273
2026-01-13 08:00:00,91949.7,92253.2,91908.4,92170.1,374.1430512,34431893.67532512,34431893.67532512,1,344.8000000000029,303.5,41.30000000000291,344.8000000000029,419.4642857142847
2026-01-13 09:00:00,92170.1,92666.0,91940.7,92264.7,332.88317456,30741790.842557198,30741790.842557198,1,725.3000000000029,495.8999999999942,229.40000000000873,725.3000000000029,439.5785714285708
2026-01-13 10:00:00,92264.7,92338.6,92022.0,92134.4,129.23897115,11916639.506247933,11916639.506247933,1,316.6000000000058,73.90000000000873,242.6999999999971,316.6000000000058,417.0642857142863
2026-01-13 11:00:00,92134.5,92258.6,91970.7,92001.0,128.14715601,11803597.454704142,11803597.454704142,1,287.90000000000873,124.20000000001164,163.6999999999971,287.90000000000873,398.22857142857225
2026-01-13 12:00:00,92001.1,92150.0,91916.2,92104.9,89.96696491,8283363.47262718,8283363.47262718,1,233.8000000000029,149.0,84.80000000000291,233.8000000000029,387.17857142857247
2026-01-13 13:00:00,92105.0,92607.0,91989.1,92074.9,501.55595981,46269176.897322829,46269176.897322829,1,617.8999999999942,502.1000000000058,115.79999999998836,617.8999999999942,413.92857142857247
2026-01-13 14:00:00,92074.9,92922.8,91790.0,92471.1,495.65949432,45819934.662136649,45819934.662136649,1,1132.800000000003,847.9000000000087,284.8999999999942,1132.800000000003,473.9928571428588
2026-01-13 15:00:00,92471.0,93456.0,92134.8,93455.9,595.3351178,55277802.857471831,55277802.857471831,1,1321.199999999997,984.8999999999942,336.3000000000029,1321.199999999997,533.1000000000016
2026-01-13 16:00:00,93455.9,93753.0,93080.7,93392.0,724.56704923,67741381.285219266,67741381.285219266,1,672.3000000000029,297.1000000000058,375.1999999999971,672.3000000000029,561.1285714285726
2026-01-13 17:00:00,93392.1,93494.0,93101.1,93244.0,228.59657494,21335502.105395803,21335502.105395803,1,392.8999999999942,102.0,290.8999999999942,392.8999999999942,564.47142857143
2026-01-13 18:00:00,93243.0,93871.7,93200.1,93629.4,265.82168368,24874386.639117492,24874386.639117492,1,671.5999999999913,627.6999999999971,43.89999999999418,671.5999999999913,591.2071428571435
2026-01-13 19:00:00,93629.4,94243.6,93475.0,94224.1,515.69539456,48401727.33207396,48401727.33207396,1,768.6000000000058,614.2000000000116,154.39999999999418,768.6000000000058,590.6500000000015
2026-01-13 20:00:00,94224.2,94510.1,94117.4,94412.6,723.26348036,68215655.728678229,68215655.728678229,1,392.70000000001164,286.0,106.70000000001164,392.70000000001164,585.8928571428593
2026-01-13 21:00:00,94412.7,94526.3,94060.0,94091.0,235.63804212,22224207.822008248,22224207.822008248,1,466.3000000000029,113.69999999999709,352.6000000000058,466.3000000000029,596.0500000000019
2026-01-13 22:00:00,94091.1,96543.0,94091.1,95755.0,1836.33443741,175410090.848696499,175410090.848696499,1,2451.899999999994,2452.0,0.10000000000582077,2452.0,746.5642857142874
2026-01-13 23:00:00,95758.0,96097.0,95070.0,95411.8,613.68722289,58722702.769467386,58722702.769467386,1,1027.0,342.0,685.0,1027.0,768.1142857142871
2026-01-14 00:00:00,95411.8,95664.6,95173.9,95241.0,239.37544371,22838621.298915929,22838621.298915929,1,490.70000000001164,252.8000000000029,237.90000000000873,490.70000000001164,780.5500000000019
2026-01-14 01:00:00,95241.0,95581.9,95142.8,95245.0,360.14014907,34341293.024147042,34341293.024147042,1,439.09999999999127,340.8999999999942,98.19999999999709,439.09999999999127,791.3500000000006
2026-01-14 02:00:00,95245.1,95561.9,95211.4,95349.0,242.3064343,23116803.563988516,23116803.563988516,1,350.5,316.8999999999942,33.60000000000582,350.5,799.6857142857147
2026-01-14 03:00:00,95349.0,95722.5,95283.2,95722.3,181.53390932,17336931.500101907,17336931.500101907,1,439.3000000000029,373.5,65.80000000000291,439.3000000000029,786.9285714285725
2026-01-14 04:00:00,95722.3,95796.8,95230.3,95246.0,218.86185582,20892686.580770568,20892686.580770568,1,566.5,74.5,492.0,566.5,746.4785714285723
2026-01-14 05:00:00,95246.1,95280.7,94957.7,95012.5,350.08250115,33289114.721341727,33289114.721341727,1,323.0,34.69999999999709,288.3000000000029,323.0,675.1785714285725
2026-01-14 06:00:00,95012.5,95037.4,94521.7,95037.3,399.21719965,37856848.162749052,37856848.162749052,1,515.6999999999971,24.89999999999418,490.8000000000029,515.6999999999971,663.9928571428578
2026-01-14 07:00:00,95037.4,95230.0,94844.0,95201.9,499.48489874,47483651.4391048,47483651.4391048,1,386.0,192.6999999999971,193.3000000000029,386.0,663.500000000001
2026-01-14 08:00:00,95201.9,95310.5,94866.6,94901.2,220.24319921,20947533.396039713,20947533.396039713,1,443.8999999999942,108.60000000000582,335.29999999998836,443.8999999999942,647.2357142857155
2026-01-14 09:00:00,94901.2,95181.0,94883.1,95091.1,376.50842309,35788483.386772632,35788483.386772632,1,297.8999999999942,279.8000000000029,18.09999999999127,297.8999999999942,613.6142857142861
2026-01-14 10:00:00,95091.0,95297.5,94895.4,95094.3,282.47880667,26870751.028143531,26870751.028143531,1,402.1000000000058,206.39999999999418,195.70000000001164,402.1000000000058,614.2857142857143
2026-01-14 11:00:00,95093.8,95093.8,94750.0,94797.7,220.8793008,20970190.949464199,20970190.949464199,1,343.8000000000029,0.5,344.3000000000029,344.3000000000029,605.5714285714286
2026-01-14 12:00:00,94797.7,95165.7,94688.1,95079.7,188.18468783,17878194.387617177,17878194.387617177,1,477.59999999999127,368.0,109.59999999999127,477.59999999999127,464.5428571428565
2026-01-14 13:00:00,95079.7,95240.2,94892.3,94997.0,149.57372963,14220389.020690293,14220389.020690293,1,347.8999999999942,160.5,187.39999999999418,347.8999999999942,416.03571428571325
2026-01-14 14:00:00,94997.0,96820.5,94983.9,96481.3,1151.60693601,110640089.842372494,110640089.842372494,1,1836.6000000000058,1823.5,13.10000000000582,1836.6000000000058,512.1714285714271
2026-01-14 15:00:00,96481.3,97088.0,96186.1,96755.6,1109.24876434,107253261.470403092,107253261.470403092,1,901.8999999999942,606.6999999999971,295.1999999999971,901.8999999999942,545.2285714285701
2026-01-14 16:00:00,96755.5,97696.7,96732.0,97285.5,1524.90198265,148331590.323989601,148331590.323989601,1,964.6999999999971,941.0999999999913,23.60000000000582,964.6999999999971,589.0999999999985
2026-01-14 17:00:00,97285.5,97776.0,96766.0,96953.2,1043.78772161,101639219.00311798,101639219.00311798,1,1010.0,490.5,519.5,1010.0,629.864285714284
2026-01-14 18:00:00,96953.1,97109.5,96229.5,96806.3,834.83314115,80706449.02842337,80706449.02842337,1,880.0,156.3000000000029,723.6999999999971,880.0,652.2571428571412
2026-01-10 15:00:00,90589.9,90667.0,90580.0,90661.2,28.08074322,2544698.668203441,2544698.668203441,1,87.0,,,87.0,87.0
2026-01-10 16:00:00,90661.1,90727.3,90601.7,90678.0,22.05498105,1999614.6084995,1999614.6084995,1,125.60000000000582,66.10000000000582,59.5,125.60000000000582,106.30000000000291
2026-01-10 17:00:00,90678.0,90742.0,90536.9,90542.0,36.01980307,3265183.400115375,3265183.400115375,1,205.10000000000582,64.0,141.10000000000582,205.10000000000582,139.2333333333372
2026-01-10 18:00:00,90541.9,90605.1,90511.3,90593.0,56.2344261,5092431.457278569,5092431.457278569,1,93.80000000000291,63.10000000000582,30.69999999999709,93.80000000000291,127.87500000000364
2026-01-10 19:00:00,90593.1,90625.7,90581.4,90621.3,19.05548206,1726441.466269505,1726441.466269505,1,44.30000000000291,32.69999999999709,11.60000000000582,44.30000000000291,111.16000000000349
2026-01-10 20:00:00,90621.2,90654.7,90549.8,90568.6,38.83663912,3517924.481580892,3517924.481580892,1,104.89999999999418,33.39999999999418,71.5,104.89999999999418,110.1166666666686
2026-01-10 21:00:00,90568.7,90568.7,90504.2,90505.0,28.37184261,2568509.524114916,2568509.524114916,1,64.5,0.09999999999126885,64.40000000000873,64.5,103.60000000000166
2026-01-10 22:00:00,90505.1,90591.2,90396.3,90424.4,171.97670891,15558636.64197512,15558636.64197512,1,194.89999999999418,86.19999999999709,108.69999999999709,194.89999999999418,115.01250000000073
2026-01-10 23:00:00,90424.4,90567.0,90424.1,90504.9,33.63895727,3044529.460805052,3044529.460805052,1,142.89999999999418,142.60000000000582,0.29999999998835847,142.89999999999418,118.11111111111111
2026-01-11 00:00:00,90504.9,90646.9,90449.3,90629.0,29.20374612,2644946.18469037,2644946.18469037,1,197.59999999999127,142.0,55.59999999999127,197.59999999999127,126.05999999999912
2026-01-11 01:00:00,90629.1,90674.0,90557.0,90625.7,24.50238031,2220230.312985146,2220230.312985146,1,117.0,45.0,72.0,117.0,125.23636363636284
2026-01-11 02:00:00,90625.8,90727.9,90610.0,90692.1,31.70904088,2875378.849020879,2875378.849020879,1,117.89999999999418,102.19999999999709,15.69999999999709,117.89999999999418,124.62499999999879
2026-01-11 03:00:00,90692.1,90733.1,90635.0,90733.0,43.57694718,3952300.140079397,3952300.140079397,1,98.10000000000582,41.0,57.10000000000582,98.10000000000582,122.58461538461471
2026-01-11 04:00:00,90733.1,90809.9,90659.6,90799.1,81.37199858,7383526.067885081,7383526.067885081,1,150.29999999998836,76.89999999999418,73.39999999999418,150.29999999998836,124.56428571428425
2026-01-11 05:00:00,90799.1,90859.9,90736.1,90777.8,42.06634215,3819146.055124129,3819146.055124129,1,123.79999999998836,60.79999999998836,63.0,123.79999999998836,127.19285714285486
2026-01-11 06:00:00,90777.8,90800.0,90586.3,90743.0,47.13946115,4274172.139015539,4274172.139015539,1,213.6999999999971,22.19999999999709,191.5,213.6999999999971,133.48571428571137
2026-01-11 07:00:00,90743.0,90765.0,90672.0,90713.0,51.55423959,4676645.596118151,4676645.596118151,1,93.0,22.0,71.0,93.0,125.4785714285681
2026-01-11 08:00:00,90712.9,90806.3,90620.0,90787.3,276.10927202,25050357.843093298,25050357.843093298,1,186.3000000000029,93.30000000000291,93.0,186.3000000000029,132.08571428571096
2026-01-11 09:00:00,90788.2,90816.4,90653.5,90739.1,421.88545174,38284506.588491439,38284506.588491439,1,162.89999999999418,29.09999999999127,133.8000000000029,162.89999999999418,140.5571428571389
2026-01-11 10:00:00,90739.1,90761.4,90689.0,90728.9,28.76752492,2609893.360729086,2609893.360729086,1,72.39999999999418,22.29999999998836,50.10000000000582,72.39999999999418,138.23571428571034
2026-01-11 11:00:00,90729.0,90752.0,90696.0,90751.8,31.45814483,2854004.417289197,2854004.417289197,1,56.0,23.10000000000582,32.89999999999418,56.0,137.62857142856748
2026-01-11 12:00:00,90751.9,91033.0,90723.0,90938.1,93.10870438,8465374.372857881,8465374.372857881,1,310.0,281.1999999999971,28.80000000000291,310.0,145.84999999999647
2026-01-11 13:00:00,90938.1,90972.7,90822.5,90854.0,82.39697913,7489753.888060639,7489753.888060639,1,150.1999999999971,34.59999999999127,115.60000000000582,150.1999999999971,146.37142857142524
2026-01-11 14:00:00,90854.1,91199.8,90854.0,91126.1,101.61169412,9252875.591584268,9252875.591584268,1,345.8000000000029,345.8000000000029,0.0,345.8000000000029,156.95714285714035
2026-01-11 15:00:00,91126.1,91157.9,90711.4,90875.0,137.06704753,12462014.722218521,12462014.722218521,1,446.5,31.79999999998836,414.70000000001164,446.5,180.49285714285466
2026-01-11 16:00:00,90875.0,91284.6,90875.0,91041.9,118.59822454,10802603.972880225,10802603.972880225,1,409.6000000000058,409.6000000000058,0.0,409.6000000000058,201.32857142856977
2026-01-11 17:00:00,91042.0,91138.0,90912.0,90991.0,48.32468048,4399107.45772465,4399107.45772465,1,226.0,96.10000000000582,129.89999999999418,226.0,210.46428571428365
2026-01-11 18:00:00,90991.1,90991.1,90800.0,90882.9,45.99045951,4179679.064958694,4179679.064958694,1,191.10000000000582,0.10000000000582077,191.0,191.10000000000582,213.3785714285706
2026-01-11 19:00:00,90882.9,90932.0,90680.0,90693.1,31.54357856,2863853.48985495,2863853.48985495,1,252.0,49.10000000000582,202.89999999999418,252.0,222.53571428571428
2026-01-11 20:00:00,90693.1,90740.5,90424.3,90709.0,148.94350958,13487078.106036308,13487078.106036308,1,316.1999999999971,47.39999999999418,268.8000000000029,316.1999999999971,229.85714285714286
2026-01-11 21:00:00,90709.1,90836.3,90600.0,90759.0,44.86306926,4069682.831175137,4069682.831175137,1,236.3000000000029,127.30000000000291,109.0,236.3000000000029,240.09285714285735
2026-01-11 22:00:00,90759.1,90759.1,90455.8,90534.5,82.35397267,7461799.777861724,7461799.777861724,1,303.3000000000029,0.10000000000582077,303.1999999999971,303.3000000000029,248.45000000000022
2026-01-11 23:00:00,90534.4,91039.8,90230.3,91012.0,214.07575229,19410994.105751093,19410994.105751093,1,809.5,505.3000000000029,304.1999999999971,809.5,294.6357142857149
2026-01-12 00:00:00,91008.3,91255.6,90697.7,91255.6,222.78259444,20280453.860268811,20280453.860268811,1,557.9000000000087,243.60000000000582,314.3000000000029,557.9000000000087,329.3142857142874
2026-01-12 01:00:00,91255.7,91800.0,91099.4,91410.9,335.61197399,30695396.152784587,30695396.152784587,1,700.6000000000058,544.3999999999942,156.20000000001164,700.6000000000058,375.35714285714494
2026-01-12 02:00:00,91411.0,92396.4,91376.1,92210.1,422.74899793,38889167.118724004,38889167.118724004,1,1020.2999999999884,985.5,34.79999999998836,1020.2999999999884,426.0928571428584
2026-01-12 03:00:00,92211.8,92520.6,91805.4,91805.4,319.01275403,29421244.098548241,29421244.098548241,1,715.2000000000116,310.5,404.70000000001164,715.2000000000116,466.45000000000226
2026-01-12 04:00:00,91805.5,92281.7,91755.6,92160.0,124.53717313,11461377.423098606,11461377.423098606,1,526.0999999999913,476.3000000000029,49.79999999998836,526.0999999999913,479.3285714285729
2026-01-12 05:00:00,92160.1,92264.9,92048.4,92115.0,96.42016732,8884770.713873671,8884770.713873671,1,216.5,104.89999999999418,111.60000000000582,216.5,462.90000000000146
2026-01-12 06:00:00,92114.9,92208.0,91820.0,91839.1,136.64802883,12568283.497438013,12568283.497438013,1,388.0,93.0,295.0,388.0,461.3571428571439
2026-01-12 07:00:00,91839.1,91962.1,91400.0,91415.1,528.490474,48442857.175033613,48442857.175033613,1,562.1000000000058,123.0,439.1000000000058,562.1000000000058,485.3642857142872
2026-01-12 08:00:00,91415.1,91628.9,90400.0,90749.1,580.69904075,52778256.402353271,52778256.402353271,1,1228.8999999999942,213.79999999998836,1015.1000000000058,1228.8999999999942,559.4928571428578
2026-01-12 09:00:00,90749.1,90933.3,90646.1,90692.2,180.95933636,16433008.334714364,16433008.334714364,1,287.1999999999971,184.1999999999971,103.0,287.1999999999971,562.0071428571433
2026-01-12 10:00:00,90692.1,90793.0,90375.0,90435.9,149.27260652,13517169.57848921,13517169.57848921,1,418.0,100.80000000000291,317.1999999999971,418.0,569.278571428572
2026-01-12 11:00:00,90434.2,90816.1,90427.0,90630.1,165.21326359,14977035.121454335,14977035.121454335,1,389.1000000000058,380.20000000001164,8.89999999999418,389.1000000000058,580.192857142858
2026-01-12 12:00:00,90630.1,90870.4,90618.0,90789.0,73.0402834,6629157.49050605,6629157.49050605,1,252.39999999999418,240.29999999998836,12.10000000000582,252.39999999999418,576.557142857143
2026-01-12 13:00:00,90789.1,90829.7,90541.6,90632.1,150.14423847,13614122.733121293,13614122.733121293,1,288.09999999999127,40.69999999999709,247.39999999999418,288.09999999999127,539.3142857142853
2026-01-12 14:00:00,90632.1,91122.8,90132.1,90908.1,438.77331825,39757812.271452561,39757812.271452561,1,990.6999999999971,490.6999999999971,500.0,990.6999999999971,570.2285714285701
2026-01-12 15:00:00,90908.0,91679.6,90710.0,91666.9,367.10261225,33517183.940345519,33517183.940345519,1,969.6000000000058,771.5,198.10000000000582,969.6000000000058,589.4428571428559
2026-01-12 16:00:00,91666.0,92316.7,91575.0,92117.8,641.42504829,59003372.251430872,59003372.251430872,1,741.6999999999971,649.8000000000029,91.89999999999418,741.6999999999971,569.5428571428565
2026-01-12 17:00:00,92117.9,92299.1,91007.1,91522.5,510.64948513,46774494.415137832,46774494.415137832,1,1292.0,181.3000000000029,1110.699999999997,1292.0,610.7428571428557
2026-01-12 18:00:00,91522.6,91958.1,91415.1,91689.1,206.60046223,18954521.357794614,18954521.357794614,1,543.0,435.6000000000058,107.39999999999418,543.0,611.9499999999991
2026-01-12 19:00:00,91689.2,91881.3,91437.6,91864.9,131.5242544,12055329.168740881,12055329.168740881,1,443.6999999999971,192.1999999999971,251.5,443.6999999999971,628.1785714285704
2026-01-12 20:00:00,91864.9,92048.4,91416.6,91493.3,212.87155641,19508227.404874415,19508227.404874415,1,631.7999999999884,183.5,448.29999999998836,631.7999999999884,645.5928571428552
2026-01-12 21:00:00,91492.1,91500.0,90948.4,91056.0,158.43788366,14454876.813278923,14454876.813278923,1,551.6000000000058,6.69999999999709,544.9000000000087,551.6000000000058,644.8428571428552
2026-01-12 22:00:00,91056.0,91444.5,91056.0,91243.7,133.99910154,12237943.506216497,12237943.506216497,1,388.5,388.5,0.0,388.5,584.8142857142842
2026-01-12 23:00:00,91243.7,91319.9,91076.5,91304.0,53.12812533,4845658.997270267,4845658.997270267,1,243.39999999999418,76.19999999999709,167.1999999999971,243.39999999999418,581.6857142857126
2026-01-13 00:00:00,91304.0,91548.9,91257.0,91481.1,154.30764832,14104366.854061478,14104366.854061478,1,291.8999999999942,244.89999999999418,47.0,291.8999999999942,572.6785714285694
2026-01-13 01:00:00,91481.1,91548.0,91054.3,91188.0,82.43368771,7525218.467959754,7525218.467959754,1,493.6999999999971,66.89999999999418,426.8000000000029,493.6999999999971,580.1499999999972
2026-01-13 02:00:00,91188.0,91382.1,91102.2,91125.4,118.68310015,10826796.298685635,10826796.298685635,1,279.90000000000873,194.10000000000582,85.80000000000291,279.90000000000873,582.114285714284
2026-01-13 03:00:00,91125.5,91471.2,91125.1,91412.0,120.6913497,11020766.067645064,11020766.067645064,1,346.09999999999127,345.8000000000029,0.29999999998835847,346.09999999999127,586.2571428571412
2026-01-13 04:00:00,91412.1,91647.2,91349.9,91515.9,62.52384798,5718843.73975984,5718843.73975984,1,297.3000000000029,235.1999999999971,62.10000000000582,297.3000000000029,536.7285714285701
2026-01-13 05:00:00,91516.0,92256.9,91480.5,91924.5,273.85033642,25180944.629915467,25180944.629915467,1,776.3999999999942,741.0,35.39999999999418,776.3999999999942,522.9285714285694
2026-01-13 06:00:00,91924.6,92270.8,91811.5,92179.1,186.56114257,17170290.069550624,17170290.069550624,1,459.3000000000029,346.3000000000029,113.0,459.3000000000029,502.7571428571412
2026-01-13 07:00:00,92179.2,92207.0,91882.9,91949.7,672.8691819,61897171.063796031,61897171.063796031,1,324.1000000000058,27.89999999999418,296.20000000001164,324.1000000000058,433.6214285714273
2026-01-13 08:00:00,91949.7,92253.2,91908.4,92170.1,374.1430512,34431893.67532512,34431893.67532512,1,344.8000000000029,303.5,41.30000000000291,344.8000000000029,419.4642857142847
2026-01-13 09:00:00,92170.1,92666.0,91940.7,92264.7,332.88317456,30741790.842557198,30741790.842557198,1,725.3000000000029,495.8999999999942,229.40000000000873,725.3000000000029,439.5785714285708
2026-01-13 10:00:00,92264.7,92338.6,92022.0,92134.4,129.23897115,11916639.506247933,11916639.506247933,1,316.6000000000058,73.90000000000873,242.6999999999971,316.6000000000058,417.0642857142863
2026-01-13 11:00:00,92134.5,92258.6,91970.7,92001.0,128.14715601,11803597.454704142,11803597.454704142,1,287.90000000000873,124.20000000001164,163.6999999999971,287.90000000000873,398.22857142857225
2026-01-13 12:00:00,92001.1,92150.0,91916.2,92104.9,89.96696491,8283363.47262718,8283363.47262718,1,233.8000000000029,149.0,84.80000000000291,233.8000000000029,387.17857142857247
2026-01-13 13:00:00,92105.0,92607.0,91989.1,92074.9,501.55595981,46269176.897322829,46269176.897322829,1,617.8999999999942,502.1000000000058,115.79999999998836,617.8999999999942,413.92857142857247
2026-01-13 14:00:00,92074.9,92922.8,91790.0,92471.1,495.65949432,45819934.662136649,45819934.662136649,1,1132.800000000003,847.9000000000087,284.8999999999942,1132.800000000003,473.9928571428588
2026-01-13 15:00:00,92471.0,93456.0,92134.8,93455.9,595.3351178,55277802.857471831,55277802.857471831,1,1321.199999999997,984.8999999999942,336.3000000000029,1321.199999999997,533.1000000000016
2026-01-13 16:00:00,93455.9,93753.0,93080.7,93392.0,724.56704923,67741381.285219266,67741381.285219266,1,672.3000000000029,297.1000000000058,375.1999999999971,672.3000000000029,561.1285714285726
2026-01-13 17:00:00,93392.1,93494.0,93101.1,93244.0,228.59657494,21335502.105395803,21335502.105395803,1,392.8999999999942,102.0,290.8999999999942,392.8999999999942,564.47142857143
2026-01-13 18:00:00,93243.0,93871.7,93200.1,93629.4,265.82168368,24874386.639117492,24874386.639117492,1,671.5999999999913,627.6999999999971,43.89999999999418,671.5999999999913,591.2071428571435
2026-01-13 19:00:00,93629.4,94243.6,93475.0,94224.1,515.69539456,48401727.33207396,48401727.33207396,1,768.6000000000058,614.2000000000116,154.39999999999418,768.6000000000058,590.6500000000015
2026-01-13 20:00:00,94224.2,94510.1,94117.4,94412.6,723.26348036,68215655.728678229,68215655.728678229,1,392.70000000001164,286.0,106.70000000001164,392.70000000001164,585.8928571428593
2026-01-13 21:00:00,94412.7,94526.3,94060.0,94091.0,235.63804212,22224207.822008248,22224207.822008248,1,466.3000000000029,113.69999999999709,352.6000000000058,466.3000000000029,596.0500000000019
2026-01-13 22:00:00,94091.1,96543.0,94091.1,95755.0,1836.33443741,175410090.848696499,175410090.848696499,1,2451.899999999994,2452.0,0.10000000000582077,2452.0,746.5642857142874
2026-01-13 23:00:00,95758.0,96097.0,95070.0,95411.8,613.68722289,58722702.769467386,58722702.769467386,1,1027.0,342.0,685.0,1027.0,768.1142857142871
2026-01-14 00:00:00,95411.8,95664.6,95173.9,95241.0,239.37544371,22838621.298915929,22838621.298915929,1,490.70000000001164,252.8000000000029,237.90000000000873,490.70000000001164,780.5500000000019
2026-01-14 01:00:00,95241.0,95581.9,95142.8,95245.0,360.14014907,34341293.024147042,34341293.024147042,1,439.09999999999127,340.8999999999942,98.19999999999709,439.09999999999127,791.3500000000006
2026-01-14 02:00:00,95245.1,95561.9,95211.4,95349.0,242.3064343,23116803.563988516,23116803.563988516,1,350.5,316.8999999999942,33.60000000000582,350.5,799.6857142857147
2026-01-14 03:00:00,95349.0,95722.5,95283.2,95722.3,181.53390932,17336931.500101907,17336931.500101907,1,439.3000000000029,373.5,65.80000000000291,439.3000000000029,786.9285714285725
2026-01-14 04:00:00,95722.3,95796.8,95230.3,95246.0,218.86185582,20892686.580770568,20892686.580770568,1,566.5,74.5,492.0,566.5,746.4785714285723
2026-01-14 05:00:00,95246.1,95280.7,94957.7,95012.5,350.08250115,33289114.721341727,33289114.721341727,1,323.0,34.69999999999709,288.3000000000029,323.0,675.1785714285725
2026-01-14 06:00:00,95012.5,95037.4,94521.7,95037.3,399.21719965,37856848.162749052,37856848.162749052,1,515.6999999999971,24.89999999999418,490.8000000000029,515.6999999999971,663.9928571428578
2026-01-14 07:00:00,95037.4,95230.0,94844.0,95201.9,499.48489874,47483651.4391048,47483651.4391048,1,386.0,192.6999999999971,193.3000000000029,386.0,663.500000000001
2026-01-14 08:00:00,95201.9,95310.5,94866.6,94901.2,220.24319921,20947533.396039713,20947533.396039713,1,443.8999999999942,108.60000000000582,335.29999999998836,443.8999999999942,647.2357142857155
2026-01-14 09:00:00,94901.2,95181.0,94883.1,95091.1,376.50842309,35788483.386772632,35788483.386772632,1,297.8999999999942,279.8000000000029,18.09999999999127,297.8999999999942,613.6142857142861
2026-01-14 10:00:00,95091.0,95297.5,94895.4,95094.3,282.47880667,26870751.028143531,26870751.028143531,1,402.1000000000058,206.39999999999418,195.70000000001164,402.1000000000058,614.2857142857143
2026-01-14 11:00:00,95093.8,95093.8,94750.0,94797.7,220.8793008,20970190.949464199,20970190.949464199,1,343.8000000000029,0.5,344.3000000000029,344.3000000000029,605.5714285714286
2026-01-14 12:00:00,94797.7,95165.7,94688.1,95079.7,188.18468783,17878194.387617177,17878194.387617177,1,477.59999999999127,368.0,109.59999999999127,477.59999999999127,464.5428571428565
2026-01-14 13:00:00,95079.7,95240.2,94892.3,94997.0,149.57372963,14220389.020690293,14220389.020690293,1,347.8999999999942,160.5,187.39999999999418,347.8999999999942,416.03571428571325
2026-01-14 14:00:00,94997.0,96820.5,94983.9,96481.3,1151.60693601,110640089.842372494,110640089.842372494,1,1836.6000000000058,1823.5,13.10000000000582,1836.6000000000058,512.1714285714271
2026-01-14 15:00:00,96481.3,97088.0,96186.1,96755.6,1109.24876434,107253261.470403092,107253261.470403092,1,901.8999999999942,606.6999999999971,295.1999999999971,901.8999999999942,545.2285714285701
2026-01-14 16:00:00,96755.5,97696.7,96732.0,97285.5,1524.90198265,148331590.323989601,148331590.323989601,1,964.6999999999971,941.0999999999913,23.60000000000582,964.6999999999971,589.0999999999985
2026-01-14 17:00:00,97285.5,97776.0,96766.0,96953.2,1043.78772161,101639219.00311798,101639219.00311798,1,1010.0,490.5,519.5,1010.0,629.864285714284
2026-01-14 18:00:00,96953.1,97109.5,96229.5,96806.3,834.83314115,80706449.02842337,80706449.02842337,1,880.0,156.3000000000029,723.6999999999971,880.0,652.2571428571412
2026-01-10 15:00:00,90589.9,90667.0,90580.0,90661.2,28.08074322,2544698.668203441,2544698.668203441,1,87.0,,,87.0,87.0
2026-01-10 16:00:00,90661.1,90727.3,90601.7,90678.0,22.05498105,1999614.6084995,1999614.6084995,1,125.60000000000582,66.10000000000582,59.5,125.60000000000582,106.30000000000291
2026-01-10 17:00:00,90678.0,90742.0,90536.9,90542.0,36.01980307,3265183.400115375,3265183.400115375,1,205.10000000000582,64.0,141.10000000000582,205.10000000000582,139.2333333333372
2026-01-10 18:00:00,90541.9,90605.1,90511.3,90593.0,56.2344261,5092431.457278569,5092431.457278569,1,93.80000000000291,63.10000000000582,30.69999999999709,93.80000000000291,127.87500000000364
2026-01-10 19:00:00,90593.1,90625.7,90581.4,90621.3,19.05548206,1726441.466269505,1726441.466269505,1,44.30000000000291,32.69999999999709,11.60000000000582,44.30000000000291,111.16000000000349
2026-01-10 20:00:00,90621.2,90654.7,90549.8,90568.6,38.83663912,3517924.481580892,3517924.481580892,1,104.89999999999418,33.39999999999418,71.5,104.89999999999418,110.1166666666686
2026-01-10 21:00:00,90568.7,90568.7,90504.2,90505.0,28.37184261,2568509.524114916,2568509.524114916,1,64.5,0.09999999999126885,64.40000000000873,64.5,103.60000000000166
2026-01-10 22:00:00,90505.1,90591.2,90396.3,90424.4,171.97670891,15558636.64197512,15558636.64197512,1,194.89999999999418,86.19999999999709,108.69999999999709,194.89999999999418,115.01250000000073
2026-01-10 23:00:00,90424.4,90567.0,90424.1,90504.9,33.63895727,3044529.460805052,3044529.460805052,1,142.89999999999418,142.60000000000582,0.29999999998835847,142.89999999999418,118.11111111111111
2026-01-11 00:00:00,90504.9,90646.9,90449.3,90629.0,29.20374612,2644946.18469037,2644946.18469037,1,197.59999999999127,142.0,55.59999999999127,197.59999999999127,126.05999999999912
2026-01-11 01:00:00,90629.1,90674.0,90557.0,90625.7,24.50238031,2220230.312985146,2220230.312985146,1,117.0,45.0,72.0,117.0,125.23636363636284
2026-01-11 02:00:00,90625.8,90727.9,90610.0,90692.1,31.70904088,2875378.849020879,2875378.849020879,1,117.89999999999418,102.19999999999709,15.69999999999709,117.89999999999418,124.62499999999879
2026-01-11 03:00:00,90692.1,90733.1,90635.0,90733.0,43.57694718,3952300.140079397,3952300.140079397,1,98.10000000000582,41.0,57.10000000000582,98.10000000000582,122.58461538461471
2026-01-11 04:00:00,90733.1,90809.9,90659.6,90799.1,81.37199858,7383526.067885081,7383526.067885081,1,150.29999999998836,76.89999999999418,73.39999999999418,150.29999999998836,124.56428571428425
2026-01-11 05:00:00,90799.1,90859.9,90736.1,90777.8,42.06634215,3819146.055124129,3819146.055124129,1,123.79999999998836,60.79999999998836,63.0,123.79999999998836,127.19285714285486
2026-01-11 06:00:00,90777.8,90800.0,90586.3,90743.0,47.13946115,4274172.139015539,4274172.139015539,1,213.6999999999971,22.19999999999709,191.5,213.6999999999971,133.48571428571137
2026-01-11 07:00:00,90743.0,90765.0,90672.0,90713.0,51.55423959,4676645.596118151,4676645.596118151,1,93.0,22.0,71.0,93.0,125.4785714285681
2026-01-11 08:00:00,90712.9,90806.3,90620.0,90787.3,276.10927202,25050357.843093298,25050357.843093298,1,186.3000000000029,93.30000000000291,93.0,186.3000000000029,132.08571428571096
2026-01-11 09:00:00,90788.2,90816.4,90653.5,90739.1,421.88545174,38284506.588491439,38284506.588491439,1,162.89999999999418,29.09999999999127,133.8000000000029,162.89999999999418,140.5571428571389
2026-01-11 10:00:00,90739.1,90761.4,90689.0,90728.9,28.76752492,2609893.360729086,2609893.360729086,1,72.39999999999418,22.29999999998836,50.10000000000582,72.39999999999418,138.23571428571034
2026-01-11 11:00:00,90729.0,90752.0,90696.0,90751.8,31.45814483,2854004.417289197,2854004.417289197,1,56.0,23.10000000000582,32.89999999999418,56.0,137.62857142856748
2026-01-11 12:00:00,90751.9,91033.0,90723.0,90938.1,93.10870438,8465374.372857881,8465374.372857881,1,310.0,281.1999999999971,28.80000000000291,310.0,145.84999999999647
2026-01-11 13:00:00,90938.1,90972.7,90822.5,90854.0,82.39697913,7489753.888060639,7489753.888060639,1,150.1999999999971,34.59999999999127,115.60000000000582,150.1999999999971,146.37142857142524
2026-01-11 14:00:00,90854.1,91199.8,90854.0,91126.1,101.61169412,9252875.591584268,9252875.591584268,1,345.8000000000029,345.8000000000029,0.0,345.8000000000029,156.95714285714035
2026-01-11 15:00:00,91126.1,91157.9,90711.4,90875.0,137.06704753,12462014.722218521,12462014.722218521,1,446.5,31.79999999998836,414.70000000001164,446.5,180.49285714285466
2026-01-11 16:00:00,90875.0,91284.6,90875.0,91041.9,118.59822454,10802603.972880225,10802603.972880225,1,409.6000000000058,409.6000000000058,0.0,409.6000000000058,201.32857142856977
2026-01-11 17:00:00,91042.0,91138.0,90912.0,90991.0,48.32468048,4399107.45772465,4399107.45772465,1,226.0,96.10000000000582,129.89999999999418,226.0,210.46428571428365
2026-01-11 18:00:00,90991.1,90991.1,90800.0,90882.9,45.99045951,4179679.064958694,4179679.064958694,1,191.10000000000582,0.10000000000582077,191.0,191.10000000000582,213.3785714285706
2026-01-11 19:00:00,90882.9,90932.0,90680.0,90693.1,31.54357856,2863853.48985495,2863853.48985495,1,252.0,49.10000000000582,202.89999999999418,252.0,222.53571428571428
2026-01-11 20:00:00,90693.1,90740.5,90424.3,90709.0,148.94350958,13487078.106036308,13487078.106036308,1,316.1999999999971,47.39999999999418,268.8000000000029,316.1999999999971,229.85714285714286
2026-01-11 21:00:00,90709.1,90836.3,90600.0,90759.0,44.86306926,4069682.831175137,4069682.831175137,1,236.3000000000029,127.30000000000291,109.0,236.3000000000029,240.09285714285735
2026-01-11 22:00:00,90759.1,90759.1,90455.8,90534.5,82.35397267,7461799.777861724,7461799.777861724,1,303.3000000000029,0.10000000000582077,303.1999999999971,303.3000000000029,248.45000000000022
2026-01-11 23:00:00,90534.4,91039.8,90230.3,91012.0,214.07575229,19410994.105751093,19410994.105751093,1,809.5,505.3000000000029,304.1999999999971,809.5,294.6357142857149
2026-01-12 00:00:00,91008.3,91255.6,90697.7,91255.6,222.78259444,20280453.860268811,20280453.860268811,1,557.9000000000087,243.60000000000582,314.3000000000029,557.9000000000087,329.3142857142874
2026-01-12 01:00:00,91255.7,91800.0,91099.4,91410.9,335.61197399,30695396.152784587,30695396.152784587,1,700.6000000000058,544.3999999999942,156.20000000001164,700.6000000000058,375.35714285714494
2026-01-12 02:00:00,91411.0,92396.4,91376.1,92210.1,422.74899793,38889167.118724004,38889167.118724004,1,1020.2999999999884,985.5,34.79999999998836,1020.2999999999884,426.0928571428584
2026-01-12 03:00:00,92211.8,92520.6,91805.4,91805.4,319.01275403,29421244.098548241,29421244.098548241,1,715.2000000000116,310.5,404.70000000001164,715.2000000000116,466.45000000000226
2026-01-12 04:00:00,91805.5,92281.7,91755.6,92160.0,124.53717313,11461377.423098606,11461377.423098606,1,526.0999999999913,476.3000000000029,49.79999999998836,526.0999999999913,479.3285714285729
2026-01-12 05:00:00,92160.1,92264.9,92048.4,92115.0,96.42016732,8884770.713873671,8884770.713873671,1,216.5,104.89999999999418,111.60000000000582,216.5,462.90000000000146
2026-01-12 06:00:00,92114.9,92208.0,91820.0,91839.1,136.64802883,12568283.497438013,12568283.497438013,1,388.0,93.0,295.0,388.0,461.3571428571439
2026-01-12 07:00:00,91839.1,91962.1,91400.0,91415.1,528.490474,48442857.175033613,48442857.175033613,1,562.1000000000058,123.0,439.1000000000058,562.1000000000058,485.3642857142872
2026-01-12 08:00:00,91415.1,91628.9,90400.0,90749.1,580.69904075,52778256.402353271,52778256.402353271,1,1228.8999999999942,213.79999999998836,1015.1000000000058,1228.8999999999942,559.4928571428578
2026-01-12 09:00:00,90749.1,90933.3,90646.1,90692.2,180.95933636,16433008.334714364,16433008.334714364,1,287.1999999999971,184.1999999999971,103.0,287.1999999999971,562.0071428571433
2026-01-12 10:00:00,90692.1,90793.0,90375.0,90435.9,149.27260652,13517169.57848921,13517169.57848921,1,418.0,100.80000000000291,317.1999999999971,418.0,569.278571428572
2026-01-12 11:00:00,90434.2,90816.1,90427.0,90630.1,165.21326359,14977035.121454335,14977035.121454335,1,389.1000000000058,380.20000000001164,8.89999999999418,389.1000000000058,580.192857142858
2026-01-12 12:00:00,90630.1,90870.4,90618.0,90789.0,73.0402834,6629157.49050605,6629157.49050605,1,252.39999999999418,240.29999999998836,12.10000000000582,252.39999999999418,576.557142857143
2026-01-12 13:00:00,90789.1,90829.7,90541.6,90632.1,150.14423847,13614122.733121293,13614122.733121293,1,288.09999999999127,40.69999999999709,247.39999999999418,288.09999999999127,539.3142857142853
2026-01-12 14:00:00,90632.1,91122.8,90132.1,90908.1,438.77331825,39757812.271452561,39757812.271452561,1,990.6999999999971,490.6999999999971,500.0,990.6999999999971,570.2285714285701
2026-01-12 15:00:00,90908.0,91679.6,90710.0,91666.9,367.10261225,33517183.940345519,33517183.940345519,1,969.6000000000058,771.5,198.10000000000582,969.6000000000058,589.4428571428559
2026-01-12 16:00:00,91666.0,92316.7,91575.0,92117.8,641.42504829,59003372.251430872,59003372.251430872,1,741.6999999999971,649.8000000000029,91.89999999999418,741.6999999999971,569.5428571428565
2026-01-12 17:00:00,92117.9,92299.1,91007.1,91522.5,510.64948513,46774494.415137832,46774494.415137832,1,1292.0,181.3000000000029,1110.699999999997,1292.0,610.7428571428557
2026-01-12 18:00:00,91522.6,91958.1,91415.1,91689.1,206.60046223,18954521.357794614,18954521.357794614,1,543.0,435.6000000000058,107.39999999999418,543.0,611.9499999999991
2026-01-12 19:00:00,91689.2,91881.3,91437.6,91864.9,131.5242544,12055329.168740881,12055329.168740881,1,443.6999999999971,192.1999999999971,251.5,443.6999999999971,628.1785714285704
2026-01-12 20:00:00,91864.9,92048.4,91416.6,91493.3,212.87155641,19508227.404874415,19508227.404874415,1,631.7999999999884,183.5,448.29999999998836,631.7999999999884,645.5928571428552
2026-01-12 21:00:00,91492.1,91500.0,90948.4,91056.0,158.43788366,14454876.813278923,14454876.813278923,1,551.6000000000058,6.69999999999709,544.9000000000087,551.6000000000058,644.8428571428552
2026-01-12 22:00:00,91056.0,91444.5,91056.0,91243.7,133.99910154,12237943.506216497,12237943.506216497,1,388.5,388.5,0.0,388.5,584.8142857142842
2026-01-12 23:00:00,91243.7,91319.9,91076.5,91304.0,53.12812533,4845658.997270267,4845658.997270267,1,243.39999999999418,76.19999999999709,167.1999999999971,243.39999999999418,581.6857142857126
2026-01-13 00:00:00,91304.0,91548.9,91257.0,91481.1,154.30764832,14104366.854061478,14104366.854061478,1,291.8999999999942,244.89999999999418,47.0,291.8999999999942,572.6785714285694
2026-01-13 01:00:00,91481.1,91548.0,91054.3,91188.0,82.43368771,7525218.467959754,7525218.467959754,1,493.6999999999971,66.89999999999418,426.8000000000029,493.6999999999971,580.1499999999972
2026-01-13 02:00:00,91188.0,91382.1,91102.2,91125.4,118.68310015,10826796.298685635,10826796.298685635,1,279.90000000000873,194.10000000000582,85.80000000000291,279.90000000000873,582.114285714284
2026-01-13 03:00:00,91125.5,91471.2,91125.1,91412.0,120.6913497,11020766.067645064,11020766.067645064,1,346.09999999999127,345.8000000000029,0.29999999998835847,346.09999999999127,586.2571428571412
2026-01-13 04:00:00,91412.1,91647.2,91349.9,91515.9,62.52384798,5718843.73975984,5718843.73975984,1,297.3000000000029,235.1999999999971,62.10000000000582,297.3000000000029,536.7285714285701
2026-01-13 05:00:00,91516.0,92256.9,91480.5,91924.5,273.85033642,25180944.629915467,25180944.629915467,1,776.3999999999942,741.0,35.39999999999418,776.3999999999942,522.9285714285694
2026-01-13 06:00:00,91924.6,92270.8,91811.5,92179.1,186.56114257,17170290.069550624,17170290.069550624,1,459.3000000000029,346.3000000000029,113.0,459.3000000000029,502.7571428571412
2026-01-13 07:00:00,92179.2,92207.0,91882.9,91949.7,672.8691819,61897171.063796031,61897171.063796031,1,324.1000000000058,27.89999999999418,296.20000000001164,324.1000000000058,433.6214285714273
2026-01-13 08:00:00,91949.7,92253.2,91908.4,92170.1,374.1430512,34431893.67532512,34431893.67532512,1,344.8000000000029,303.5,41.30000000000291,344.8000000000029,419.4642857142847
2026-01-13 09:00:00,92170.1,92666.0,91940.7,92264.7,332.88317456,30741790.842557198,30741790.842557198,1,725.3000000000029,495.8999999999942,229.40000000000873,725.3000000000029,439.5785714285708
2026-01-13 10:00:00,92264.7,92338.6,92022.0,92134.4,129.23897115,11916639.506247933,11916639.506247933,1,316.6000000000058,73.90000000000873,242.6999999999971,316.6000000000058,417.0642857142863
2026-01-13 11:00:00,92134.5,92258.6,91970.7,92001.0,128.14715601,11803597.454704142,11803597.454704142,1,287.90000000000873,124.20000000001164,163.6999999999971,287.90000000000873,398.22857142857225
2026-01-13 12:00:00,92001.1,92150.0,91916.2,92104.9,89.96696491,8283363.47262718,8283363.47262718,1,233.8000000000029,149.0,84.80000000000291,233.8000000000029,387.17857142857247
2026-01-13 13:00:00,92105.0,92607.0,91989.1,92074.9,501.55595981,46269176.897322829,46269176.897322829,1,617.8999999999942,502.1000000000058,115.79999999998836,617.8999999999942,413.92857142857247
2026-01-13 14:00:00,92074.9,92922.8,91790.0,92471.1,495.65949432,45819934.662136649,45819934.662136649,1,1132.800000000003,847.9000000000087,284.8999999999942,1132.800000000003,473.9928571428588
2026-01-13 15:00:00,92471.0,93456.0,92134.8,93455.9,595.3351178,55277802.857471831,55277802.857471831,1,1321.199999999997,984.8999999999942,336.3000000000029,1321.199999999997,533.1000000000016
2026-01-13 16:00:00,93455.9,93753.0,93080.7,93392.0,724.56704923,67741381.285219266,67741381.285219266,1,672.3000000000029,297.1000000000058,375.1999999999971,672.3000000000029,561.1285714285726
2026-01-13 17:00:00,93392.1,93494.0,93101.1,93244.0,228.59657494,21335502.105395803,21335502.105395803,1,392.8999999999942,102.0,290.8999999999942,392.8999999999942,564.47142857143
2026-01-13 18:00:00,93243.0,93871.7,93200.1,93629.4,265.82168368,24874386.639117492,24874386.639117492,1,671.5999999999913,627.6999999999971,43.89999999999418,671.5999999999913,591.2071428571435
2026-01-13 19:00:00,93629.4,94243.6,93475.0,94224.1,515.69539456,48401727.33207396,48401727.33207396,1,768.6000000000058,614.2000000000116,154.39999999999418,768.6000000000058,590.6500000000015
2026-01-13 20:00:00,94224.2,94510.1,94117.4,94412.6,723.26348036,68215655.728678229,68215655.728678229,1,392.70000000001164,286.0,106.70000000001164,392.70000000001164,585.8928571428593
2026-01-13 21:00:00,94412.7,94526.3,94060.0,94091.0,235.63804212,22224207.822008248,22224207.822008248,1,466.3000000000029,113.69999999999709,352.6000000000058,466.3000000000029,596.0500000000019
2026-01-13 22:00:00,94091.1,96543.0,94091.1,95755.0,1836.33443741,175410090.848696499,175410090.848696499,1,2451.899999999994,2452.0,0.10000000000582077,2452.0,746.5642857142874
2026-01-13 23:00:00,95758.0,96097.0,95070.0,95411.8,613.68722289,58722702.769467386,58722702.769467386,1,1027.0,342.0,685.0,1027.0,768.1142857142871
2026-01-14 00:00:00,95411.8,95664.6,95173.9,95241.0,239.37544371,22838621.298915929,22838621.298915929,1,490.70000000001164,252.8000000000029,237.90000000000873,490.70000000001164,780.5500000000019
2026-01-14 01:00:00,95241.0,95581.9,95142.8,95245.0,360.14014907,34341293.024147042,34341293.024147042,1,439.09999999999127,340.8999999999942,98.19999999999709,439.09999999999127,791.3500000000006
2026-01-14 02:00:00,95245.1,95561.9,95211.4,95349.0,242.3064343,23116803.563988516,23116803.563988516,1,350.5,316.8999999999942,33.60000000000582,350.5,799.6857142857147
2026-01-14 03:00:00,95349.0,95722.5,95283.2,95722.3,181.53390932,17336931.500101907,17336931.500101907,1,439.3000000000029,373.5,65.80000000000291,439.3000000000029,786.9285714285725
2026-01-14 04:00:00,95722.3,95796.8,95230.3,95246.0,218.86185582,20892686.580770568,20892686.580770568,1,566.5,74.5,492.0,566.5,746.4785714285723
2026-01-14 05:00:00,95246.1,95280.7,94957.7,95012.5,350.08250115,33289114.721341727,33289114.721341727,1,323.0,34.69999999999709,288.3000000000029,323.0,675.1785714285725
2026-01-14 06:00:00,95012.5,95037.4,94521.7,95037.3,399.21719965,37856848.162749052,37856848.162749052,1,515.6999999999971,24.89999999999418,490.8000000000029,515.6999999999971,663.9928571428578
2026-01-14 07:00:00,95037.4,95230.0,94844.0,95201.9,499.48489874,47483651.4391048,47483651.4391048,1,386.0,192.6999999999971,193.3000000000029,386.0,663.500000000001
2026-01-14 08:00:00,95201.9,95310.5,94866.6,94901.2,220.24319921,20947533.396039713,20947533.396039713,1,443.8999999999942,108.60000000000582,335.29999999998836,443.8999999999942,647.2357142857155
2026-01-14 09:00:00,94901.2,95181.0,94883.1,95091.1,376.50842309,35788483.386772632,35788483.386772632,1,297.8999999999942,279.8000000000029,18.09999999999127,297.8999999999942,613.6142857142861
2026-01-14 10:00:00,95091.0,95297.5,94895.4,95094.3,282.47880667,26870751.028143531,26870751.028143531,1,402.1000000000058,206.39999999999418,195.70000000001164,402.1000000000058,614.2857142857143
2026-01-14 11:00:00,95093.8,95093.8,94750.0,94797.7,220.8793008,20970190.949464199,20970190.949464199,1,343.8000000000029,0.5,344.3000000000029,344.3000000000029,605.5714285714286
2026-01-14 12:00:00,94797.7,95165.7,94688.1,95079.7,188.18468783,17878194.387617177,17878194.387617177,1,477.59999999999127,368.0,109.59999999999127,477.59999999999127,464.5428571428565
2026-01-14 13:00:00,95079.7,95240.2,94892.3,94997.0,149.57372963,14220389.020690293,14220389.020690293,1,347.8999999999942,160.5,187.39999999999418,347.8999999999942,416.03571428571325
2026-01-14 14:00:00,94997.0,96820.5,94983.9,96481.3,1151.60693601,110640089.842372494,110640089.842372494,1,1836.6000000000058,1823.5,13.10000000000582,1836.6000000000058,512.1714285714271
2026-01-14 15:00:00,96481.3,97088.0,96186.1,96755.6,1109.24876434,107253261.470403092,107253261.470403092,1,901.8999999999942,606.6999999999971,295.1999999999971,901.8999999999942,545.2285714285701
2026-01-14 16:00:00,96755.5,97696.7,96732.0,97285.5,1524.90198265,148331590.323989601,148331590.323989601,1,964.6999999999971,941.0999999999913,23.60000000000582,964.6999999999971,589.0999999999985
2026-01-14 17:00:00,97285.5,97776.0,96766.0,96953.2,1043.78772161,101639219.00311798,101639219.00311798,1,1010.0,490.5,519.5,1010.0,629.864285714284
2026-01-14 18:00:00,96953.1,97109.5,96229.5,96806.3,834.83314115,80706449.02842337,80706449.02842337,1,880.0,156.3000000000029,723.6999999999971,880.0,652.2571428571412
2026-01-10 16:00:00,90661.1,90727.3,90601.7,90678.0,22.05498105,1999614.6084995,1999614.6084995,1,125.60000000000582,,,125.60000000000582,125.60000000000582
2026-01-10 17:00:00,90678.0,90742.0,90536.9,90542.0,36.01980307,3265183.400115375,3265183.400115375,1,205.10000000000582,64.0,141.10000000000582,205.10000000000582,165.35000000000582
2026-01-10 18:00:00,90541.9,90605.1,90511.3,90593.0,56.2344261,5092431.457278569,5092431.457278569,1,93.80000000000291,63.10000000000582,30.69999999999709,93.80000000000291,141.50000000000486
2026-01-10 19:00:00,90593.1,90625.7,90581.4,90621.3,19.05548206,1726441.466269505,1726441.466269505,1,44.30000000000291,32.69999999999709,11.60000000000582,44.30000000000291,117.20000000000437
2026-01-10 20:00:00,90621.2,90654.7,90549.8,90568.6,38.83663912,3517924.481580892,3517924.481580892,1,104.89999999999418,33.39999999999418,71.5,104.89999999999418,114.74000000000233
2026-01-10 21:00:00,90568.7,90568.7,90504.2,90505.0,28.37184261,2568509.524114916,2568509.524114916,1,64.5,0.09999999999126885,64.40000000000873,64.5,106.3666666666686
2026-01-10 22:00:00,90505.1,90591.2,90396.3,90424.4,171.97670891,15558636.64197512,15558636.64197512,1,194.89999999999418,86.19999999999709,108.69999999999709,194.89999999999418,119.01428571428654
2026-01-10 23:00:00,90424.4,90567.0,90424.1,90504.9,33.63895727,3044529.460805052,3044529.460805052,1,142.89999999999418,142.60000000000582,0.29999999998835847,142.89999999999418,122.0
2026-01-11 00:00:00,90504.9,90646.9,90449.3,90629.0,29.20374612,2644946.18469037,2644946.18469037,1,197.59999999999127,142.0,55.59999999999127,197.59999999999127,130.39999999999904
2026-01-11 01:00:00,90629.1,90674.0,90557.0,90625.7,24.50238031,2220230.312985146,2220230.312985146,1,117.0,45.0,72.0,117.0,129.05999999999912
2026-01-11 02:00:00,90625.8,90727.9,90610.0,90692.1,31.70904088,2875378.849020879,2875378.849020879,1,117.89999999999418,102.19999999999709,15.69999999999709,117.89999999999418,128.04545454545323
2026-01-11 03:00:00,90692.1,90733.1,90635.0,90733.0,43.57694718,3952300.140079397,3952300.140079397,1,98.10000000000582,41.0,57.10000000000582,98.10000000000582,125.54999999999927
2026-01-11 04:00:00,90733.1,90809.9,90659.6,90799.1,81.37199858,7383526.067885081,7383526.067885081,1,150.29999999998836,76.89999999999418,73.39999999999418,150.29999999998836,127.45384615384458
2026-01-11 05:00:00,90799.1,90859.9,90736.1,90777.8,42.06634215,3819146.055124129,3819146.055124129,1,123.79999999998836,60.79999999998836,63.0,123.79999999998836,127.19285714285486
2026-01-11 06:00:00,90777.8,90800.0,90586.3,90743.0,47.13946115,4274172.139015539,4274172.139015539,1,213.6999999999971,22.19999999999709,191.5,213.6999999999971,133.48571428571137
2026-01-11 07:00:00,90743.0,90765.0,90672.0,90713.0,51.55423959,4676645.596118151,4676645.596118151,1,93.0,22.0,71.0,93.0,125.4785714285681
2026-01-11 08:00:00,90712.9,90806.3,90620.0,90787.3,276.10927202,25050357.843093298,25050357.843093298,1,186.3000000000029,93.30000000000291,93.0,186.3000000000029,132.08571428571096
2026-01-11 09:00:00,90788.2,90816.4,90653.5,90739.1,421.88545174,38284506.588491439,38284506.588491439,1,162.89999999999418,29.09999999999127,133.8000000000029,162.89999999999418,140.5571428571389
2026-01-11 10:00:00,90739.1,90761.4,90689.0,90728.9,28.76752492,2609893.360729086,2609893.360729086,1,72.39999999999418,22.29999999998836,50.10000000000582,72.39999999999418,138.23571428571034
2026-01-11 11:00:00,90729.0,90752.0,90696.0,90751.8,31.45814483,2854004.417289197,2854004.417289197,1,56.0,23.10000000000582,32.89999999999418,56.0,137.62857142856748
2026-01-11 12:00:00,90751.9,91033.0,90723.0,90938.1,93.10870438,8465374.372857881,8465374.372857881,1,310.0,281.1999999999971,28.80000000000291,310.0,145.84999999999647
2026-01-11 13:00:00,90938.1,90972.7,90822.5,90854.0,82.39697913,7489753.888060639,7489753.888060639,1,150.1999999999971,34.59999999999127,115.60000000000582,150.1999999999971,146.37142857142524
2026-01-11 14:00:00,90854.1,91199.8,90854.0,91126.1,101.61169412,9252875.591584268,9252875.591584268,1,345.8000000000029,345.8000000000029,0.0,345.8000000000029,156.95714285714035
2026-01-11 15:00:00,91126.1,91157.9,90711.4,90875.0,137.06704753,12462014.722218521,12462014.722218521,1,446.5,31.79999999998836,414.70000000001164,446.5,180.49285714285466
2026-01-11 16:00:00,90875.0,91284.6,90875.0,91041.9,118.59822454,10802603.972880225,10802603.972880225,1,409.6000000000058,409.6000000000058,0.0,409.6000000000058,201.32857142856977
2026-01-11 17:00:00,91042.0,91138.0,90912.0,90991.0,48.32468048,4399107.45772465,4399107.45772465,1,226.0,96.10000000000582,129.89999999999418,226.0,210.46428571428365
2026-01-11 18:00:00,90991.1,90991.1,90800.0,90882.9,45.99045951,4179679.064958694,4179679.064958694,1,191.10000000000582,0.10000000000582077,191.0,191.10000000000582,213.3785714285706
2026-01-11 19:00:00,90882.9,90932.0,90680.0,90693.1,31.54357856,2863853.48985495,2863853.48985495,1,252.0,49.10000000000582,202.89999999999418,252.0,222.53571428571428
2026-01-11 20:00:00,90693.1,90740.5,90424.3,90709.0,148.94350958,13487078.106036308,13487078.106036308,1,316.1999999999971,47.39999999999418,268.8000000000029,316.1999999999971,229.85714285714286
2026-01-11 21:00:00,90709.1,90836.3,90600.0,90759.0,44.86306926,4069682.831175137,4069682.831175137,1,236.3000000000029,127.30000000000291,109.0,236.3000000000029,240.09285714285735
2026-01-11 22:00:00,90759.1,90759.1,90455.8,90534.5,82.35397267,7461799.777861724,7461799.777861724,1,303.3000000000029,0.10000000000582077,303.1999999999971,303.3000000000029,248.45000000000022
2026-01-11 23:00:00,90534.4,91039.8,90230.3,91012.0,214.07575229,19410994.105751093,19410994.105751093,1,809.5,505.3000000000029,304.1999999999971,809.5,294.6357142857149
2026-01-12 00:00:00,91008.3,91255.6,90697.7,91255.6,222.78259444,20280453.860268811,20280453.860268811,1,557.9000000000087,243.60000000000582,314.3000000000029,557.9000000000087,329.3142857142874
2026-01-12 01:00:00,91255.7,91800.0,91099.4,91410.9,335.61197399,30695396.152784587,30695396.152784587,1,700.6000000000058,544.3999999999942,156.20000000001164,700.6000000000058,375.35714285714494
2026-01-12 02:00:00,91411.0,92396.4,91376.1,92210.1,422.74899793,38889167.118724004,38889167.118724004,1,1020.2999999999884,985.5,34.79999999998836,1020.2999999999884,426.0928571428584
2026-01-12 03:00:00,92211.8,92520.6,91805.4,91805.4,319.01275403,29421244.098548241,29421244.098548241,1,715.2000000000116,310.5,404.70000000001164,715.2000000000116,466.45000000000226
2026-01-12 04:00:00,91805.5,92281.7,91755.6,92160.0,124.53717313,11461377.423098606,11461377.423098606,1,526.0999999999913,476.3000000000029,49.79999999998836,526.0999999999913,479.3285714285729
2026-01-12 05:00:00,92160.1,92264.9,92048.4,92115.0,96.42016732,8884770.713873671,8884770.713873671,1,216.5,104.89999999999418,111.60000000000582,216.5,462.90000000000146
2026-01-12 06:00:00,92114.9,92208.0,91820.0,91839.1,136.64802883,12568283.497438013,12568283.497438013,1,388.0,93.0,295.0,388.0,461.3571428571439
2026-01-12 07:00:00,91839.1,91962.1,91400.0,91415.1,528.490474,48442857.175033613,48442857.175033613,1,562.1000000000058,123.0,439.1000000000058,562.1000000000058,485.3642857142872
2026-01-12 08:00:00,91415.1,91628.9,90400.0,90749.1,580.69904075,52778256.402353271,52778256.402353271,1,1228.8999999999942,213.79999999998836,1015.1000000000058,1228.8999999999942,559.4928571428578
2026-01-12 09:00:00,90749.1,90933.3,90646.1,90692.2,180.95933636,16433008.334714364,16433008.334714364,1,287.1999999999971,184.1999999999971,103.0,287.1999999999971,562.0071428571433
2026-01-12 10:00:00,90692.1,90793.0,90375.0,90435.9,149.27260652,13517169.57848921,13517169.57848921,1,418.0,100.80000000000291,317.1999999999971,418.0,569.278571428572
2026-01-12 11:00:00,90434.2,90816.1,90427.0,90630.1,165.21326359,14977035.121454335,14977035.121454335,1,389.1000000000058,380.20000000001164,8.89999999999418,389.1000000000058,580.192857142858
2026-01-12 12:00:00,90630.1,90870.4,90618.0,90789.0,73.0402834,6629157.49050605,6629157.49050605,1,252.39999999999418,240.29999999998836,12.10000000000582,252.39999999999418,576.557142857143
2026-01-12 13:00:00,90789.1,90829.7,90541.6,90632.1,150.14423847,13614122.733121293,13614122.733121293,1,288.09999999999127,40.69999999999709,247.39999999999418,288.09999999999127,539.3142857142853
2026-01-12 14:00:00,90632.1,91122.8,90132.1,90908.1,438.77331825,39757812.271452561,39757812.271452561,1,990.6999999999971,490.6999999999971,500.0,990.6999999999971,570.2285714285701
2026-01-12 15:00:00,90908.0,91679.6,90710.0,91666.9,367.10261225,33517183.940345519,33517183.940345519,1,969.6000000000058,771.5,198.10000000000582,969.6000000000058,589.4428571428559
2026-01-12 16:00:00,91666.0,92316.7,91575.0,92117.8,641.42504829,59003372.251430872,59003372.251430872,1,741.6999999999971,649.8000000000029,91.89999999999418,741.6999999999971,569.5428571428565
2026-01-12 17:00:00,92117.9,92299.1,91007.1,91522.5,510.64948513,46774494.415137832,46774494.415137832,1,1292.0,181.3000000000029,1110.699999999997,1292.0,610.7428571428557
2026-01-12 18:00:00,91522.6,91958.1,91415.1,91689.1,206.60046223,18954521.357794614,18954521.357794614,1,543.0,435.6000000000058,107.39999999999418,543.0,611.9499999999991
2026-01-12 19:00:00,91689.2,91881.3,91437.6,91864.9,131.5242544,12055329.168740881,12055329.168740881,1,443.6999999999971,192.1999999999971,251.5,443.6999999999971,628.1785714285704
2026-01-12 20:00:00,91864.9,92048.4,91416.6,91493.3,212.87155641,19508227.404874415,19508227.404874415,1,631.7999999999884,183.5,448.29999999998836,631.7999999999884,645.5928571428552
2026-01-12 21:00:00,91492.1,91500.0,90948.4,91056.0,158.43788366,14454876.813278923,14454876.813278923,1,551.6000000000058,6.69999999999709,544.9000000000087,551.6000000000058,644.8428571428552
2026-01-12 22:00:00,91056.0,91444.5,91056.0,91243.7,133.99910154,12237943.506216497,12237943.506216497,1,388.5,388.5,0.0,388.5,584.8142857142842
2026-01-12 23:00:00,91243.7,91319.9,91076.5,91304.0,53.12812533,4845658.997270267,4845658.997270267,1,243.39999999999418,76.19999999999709,167.1999999999971,243.39999999999418,581.6857142857126
2026-01-13 00:00:00,91304.0,91548.9,91257.0,91481.1,154.30764832,14104366.854061478,14104366.854061478,1,291.8999999999942,244.89999999999418,47.0,291.8999999999942,572.6785714285694
2026-01-13 01:00:00,91481.1,91548.0,91054.3,91188.0,82.43368771,7525218.467959754,7525218.467959754,1,493.6999999999971,66.89999999999418,426.8000000000029,493.6999999999971,580.1499999999972
2026-01-13 02:00:00,91188.0,91382.1,91102.2,91125.4,118.68310015,10826796.298685635,10826796.298685635,1,279.90000000000873,194.10000000000582,85.80000000000291,279.90000000000873,582.114285714284
2026-01-13 03:00:00,91125.5,91471.2,91125.1,91412.0,120.6913497,11020766.067645064,11020766.067645064,1,346.09999999999127,345.8000000000029,0.29999999998835847,346.09999999999127,586.2571428571412
2026-01-13 04:00:00,91412.1,91647.2,91349.9,91515.9,62.52384798,5718843.73975984,5718843.73975984,1,297.3000000000029,235.1999999999971,62.10000000000582,297.3000000000029,536.7285714285701
2026-01-13 05:00:00,91516.0,92256.9,91480.5,91924.5,273.85033642,25180944.629915467,25180944.629915467,1,776.3999999999942,741.0,35.39999999999418,776.3999999999942,522.9285714285694
2026-01-13 06:00:00,91924.6,92270.8,91811.5,92179.1,186.56114257,17170290.069550624,17170290.069550624,1,459.3000000000029,346.3000000000029,113.0,459.3000000000029,502.7571428571412
2026-01-13 07:00:00,92179.2,92207.0,91882.9,91949.7,672.8691819,61897171.063796031,61897171.063796031,1,324.1000000000058,27.89999999999418,296.20000000001164,324.1000000000058,433.6214285714273
2026-01-13 08:00:00,91949.7,92253.2,91908.4,92170.1,374.1430512,34431893.67532512,34431893.67532512,1,344.8000000000029,303.5,41.30000000000291,344.8000000000029,419.4642857142847
2026-01-13 09:00:00,92170.1,92666.0,91940.7,92264.7,332.88317456,30741790.842557198,30741790.842557198,1,725.3000000000029,495.8999999999942,229.40000000000873,725.3000000000029,439.5785714285708
2026-01-13 10:00:00,92264.7,92338.6,92022.0,92134.4,129.23897115,11916639.506247933,11916639.506247933,1,316.6000000000058,73.90000000000873,242.6999999999971,316.6000000000058,417.0642857142863
2026-01-13 11:00:00,92134.5,92258.6,91970.7,92001.0,128.14715601,11803597.454704142,11803597.454704142,1,287.90000000000873,124.20000000001164,163.6999999999971,287.90000000000873,398.22857142857225
2026-01-13 12:00:00,92001.1,92150.0,91916.2,92104.9,89.96696491,8283363.47262718,8283363.47262718,1,233.8000000000029,149.0,84.80000000000291,233.8000000000029,387.17857142857247
2026-01-13 13:00:00,92105.0,92607.0,91989.1,92074.9,501.55595981,46269176.897322829,46269176.897322829,1,617.8999999999942,502.1000000000058,115.79999999998836,617.8999999999942,413.92857142857247
2026-01-13 14:00:00,92074.9,92922.8,91790.0,92471.1,495.65949432,45819934.662136649,45819934.662136649,1,1132.800000000003,847.9000000000087,284.8999999999942,1132.800000000003,473.9928571428588
2026-01-13 15:00:00,92471.0,93456.0,92134.8,93455.9,595.3351178,55277802.857471831,55277802.857471831,1,1321.199999999997,984.8999999999942,336.3000000000029,1321.199999999997,533.1000000000016
2026-01-13 16:00:00,93455.9,93753.0,93080.7,93392.0,724.56704923,67741381.285219266,67741381.285219266,1,672.3000000000029,297.1000000000058,375.1999999999971,672.3000000000029,561.1285714285726
2026-01-13 17:00:00,93392.1,93494.0,93101.1,93244.0,228.59657494,21335502.105395803,21335502.105395803,1,392.8999999999942,102.0,290.8999999999942,392.8999999999942,564.47142857143
2026-01-13 18:00:00,93243.0,93871.7,93200.1,93629.4,265.82168368,24874386.639117492,24874386.639117492,1,671.5999999999913,627.6999999999971,43.89999999999418,671.5999999999913,591.2071428571435
2026-01-13 19:00:00,93629.4,94243.6,93475.0,94224.1,515.69539456,48401727.33207396,48401727.33207396,1,768.6000000000058,614.2000000000116,154.39999999999418,768.6000000000058,590.6500000000015
2026-01-13 20:00:00,94224.2,94510.1,94117.4,94412.6,723.26348036,68215655.728678229,68215655.728678229,1,392.70000000001164,286.0,106.70000000001164,392.70000000001164,585.8928571428593
2026-01-13 21:00:00,94412.7,94526.3,94060.0,94091.0,235.63804212,22224207.822008248,22224207.822008248,1,466.3000000000029,113.69999999999709,352.6000000000058,466.3000000000029,596.0500000000019
2026-01-13 22:00:00,94091.1,96543.0,94091.1,95755.0,1836.33443741,175410090.848696499,175410090.848696499,1,2451.899999999994,2452.0,0.10000000000582077,2452.0,746.5642857142874
2026-01-13 23:00:00,95758.0,96097.0,95070.0,95411.8,613.68722289,58722702.769467386,58722702.769467386,1,1027.0,342.0,685.0,1027.0,768.1142857142871
2026-01-14 00:00:00,95411.8,95664.6,95173.9,95241.0,239.37544371,22838621.298915929,22838621.298915929,1,490.70000000001164,252.8000000000029,237.90000000000873,490.70000000001164,780.5500000000019
2026-01-14 01:00:00,95241.0,95581.9,95142.8,95245.0,360.14014907,34341293.024147042,34341293.024147042,1,439.09999999999127,340.8999999999942,98.19999999999709,439.09999999999127,791.3500000000006
2026-01-14 02:00:00,95245.1,95561.9,95211.4,95349.0,242.3064343,23116803.563988516,23116803.563988516,1,350.5,316.8999999999942,33.60000000000582,350.5,799.6857142857147
2026-01-14 03:00:00,95349.0,95722.5,95283.2,95722.3,181.53390932,17336931.500101907,17336931.500101907,1,439.3000000000029,373.5,65.80000000000291,439.3000000000029,786.9285714285725
2026-01-14 04:00:00,95722.3,95796.8,95230.3,95246.0,218.86185582,20892686.580770568,20892686.580770568,1,566.5,74.5,492.0,566.5,746.4785714285723
2026-01-14 05:00:00,95246.1,95280.7,94957.7,95012.5,350.08250115,33289114.721341727,33289114.721341727,1,323.0,34.69999999999709,288.3000000000029,323.0,675.1785714285725
2026-01-14 06:00:00,95012.5,95037.4,94521.7,95037.3,399.21719965,37856848.162749052,37856848.162749052,1,515.6999999999971,24.89999999999418,490.8000000000029,515.6999999999971,663.9928571428578
2026-01-14 07:00:00,95037.4,95230.0,94844.0,95201.9,499.48489874,47483651.4391048,47483651.4391048,1,386.0,192.6999999999971,193.3000000000029,386.0,663.500000000001
2026-01-14 08:00:00,95201.9,95310.5,94866.6,94901.2,220.24319921,20947533.396039713,20947533.396039713,1,443.8999999999942,108.60000000000582,335.29999999998836,443.8999999999942,647.2357142857155
2026-01-14 09:00:00,94901.2,95181.0,94883.1,95091.1,376.50842309,35788483.386772632,35788483.386772632,1,297.8999999999942,279.8000000000029,18.09999999999127,297.8999999999942,613.6142857142861
2026-01-14 10:00:00,95091.0,95297.5,94895.4,95094.3,282.47880667,26870751.028143531,26870751.028143531,1,402.1000000000058,206.39999999999418,195.70000000001164,402.1000000000058,614.2857142857143
2026-01-14 11:00:00,95093.8,95093.8,94750.0,94797.7,220.8793008,20970190.949464199,20970190.949464199,1,343.8000000000029,0.5,344.3000000000029,344.3000000000029,605.5714285714286
2026-01-14 12:00:00,94797.7,95165.7,94688.1,95079.7,188.18468783,17878194.387617177,17878194.387617177,1,477.59999999999127,368.0,109.59999999999127,477.59999999999127,464.5428571428565
2026-01-14 13:00:00,95079.7,95240.2,94892.3,94997.0,149.57372963,14220389.020690293,14220389.020690293,1,347.8999999999942,160.5,187.39999999999418,347.8999999999942,416.03571428571325
2026-01-14 14:00:00,94997.0,96820.5,94983.9,96481.3,1151.60693601,110640089.842372494,110640089.842372494,1,1836.6000000000058,1823.5,13.10000000000582,1836.6000000000058,512.1714285714271
2026-01-14 15:00:00,96481.3,97088.0,96186.1,96755.6,1109.24876434,107253261.470403092,107253261.470403092,1,901.8999999999942,606.6999999999971,295.1999999999971,901.8999999999942,545.2285714285701
2026-01-14 16:00:00,96755.5,97696.7,96732.0,97285.5,1524.90198265,148331590.323989601,148331590.323989601,1,964.6999999999971,941.0999999999913,23.60000000000582,964.6999999999971,589.0999999999985
2026-01-14 17:00:00,97285.5,97776.0,96766.0,96953.2,1043.78772161,101639219.00311798,101639219.00311798,1,1010.0,490.5,519.5,1010.0,629.864285714284
2026-01-14 18:00:00,96953.1,97109.5,96229.5,96806.3,834.83314115,80706449.02842337,80706449.02842337,1,880.0,156.3000000000029,723.6999999999971,880.0,652.2571428571412
2026-01-14 19:00:00,96806.3,97648.6,96685.7,97257.8,512.45694584,49819584.544188107,49819584.544188107,1,962.9000000000087,842.3000000000029,120.60000000000582,962.9000000000087,697.9642857142846
2026-01-10 16:00:00,90661.1,90727.3,90601.7,90678.0,22.05498105,1999614.6084995,1999614.6084995,1,125.60000000000582,,,125.60000000000582,125.60000000000582
2026-01-10 17:00:00,90678.0,90742.0,90536.9,90542.0,36.01980307,3265183.400115375,3265183.400115375,1,205.10000000000582,64.0,141.10000000000582,205.10000000000582,165.35000000000582
2026-01-10 18:00:00,90541.9,90605.1,90511.3,90593.0,56.2344261,5092431.457278569,5092431.457278569,1,93.80000000000291,63.10000000000582,30.69999999999709,93.80000000000291,141.50000000000486
2026-01-10 19:00:00,90593.1,90625.7,90581.4,90621.3,19.05548206,1726441.466269505,1726441.466269505,1,44.30000000000291,32.69999999999709,11.60000000000582,44.30000000000291,117.20000000000437
2026-01-10 20:00:00,90621.2,90654.7,90549.8,90568.6,38.83663912,3517924.481580892,3517924.481580892,1,104.89999999999418,33.39999999999418,71.5,104.89999999999418,114.74000000000233
2026-01-10 21:00:00,90568.7,90568.7,90504.2,90505.0,28.37184261,2568509.524114916,2568509.524114916,1,64.5,0.09999999999126885,64.40000000000873,64.5,106.3666666666686
2026-01-10 22:00:00,90505.1,90591.2,90396.3,90424.4,171.97670891,15558636.64197512,15558636.64197512,1,194.89999999999418,86.19999999999709,108.69999999999709,194.89999999999418,119.01428571428654
2026-01-10 23:00:00,90424.4,90567.0,90424.1,90504.9,33.63895727,3044529.460805052,3044529.460805052,1,142.89999999999418,142.60000000000582,0.29999999998835847,142.89999999999418,122.0
2026-01-11 00:00:00,90504.9,90646.9,90449.3,90629.0,29.20374612,2644946.18469037,2644946.18469037,1,197.59999999999127,142.0,55.59999999999127,197.59999999999127,130.39999999999904
2026-01-11 01:00:00,90629.1,90674.0,90557.0,90625.7,24.50238031,2220230.312985146,2220230.312985146,1,117.0,45.0,72.0,117.0,129.05999999999912
2026-01-11 02:00:00,90625.8,90727.9,90610.0,90692.1,31.70904088,2875378.849020879,2875378.849020879,1,117.89999999999418,102.19999999999709,15.69999999999709,117.89999999999418,128.04545454545323
2026-01-11 03:00:00,90692.1,90733.1,90635.0,90733.0,43.57694718,3952300.140079397,3952300.140079397,1,98.10000000000582,41.0,57.10000000000582,98.10000000000582,125.54999999999927
2026-01-11 04:00:00,90733.1,90809.9,90659.6,90799.1,81.37199858,7383526.067885081,7383526.067885081,1,150.29999999998836,76.89999999999418,73.39999999999418,150.29999999998836,127.45384615384458
2026-01-11 05:00:00,90799.1,90859.9,90736.1,90777.8,42.06634215,3819146.055124129,3819146.055124129,1,123.79999999998836,60.79999999998836,63.0,123.79999999998836,127.19285714285486
2026-01-11 06:00:00,90777.8,90800.0,90586.3,90743.0,47.13946115,4274172.139015539,4274172.139015539,1,213.6999999999971,22.19999999999709,191.5,213.6999999999971,133.48571428571137
2026-01-11 07:00:00,90743.0,90765.0,90672.0,90713.0,51.55423959,4676645.596118151,4676645.596118151,1,93.0,22.0,71.0,93.0,125.4785714285681
2026-01-11 08:00:00,90712.9,90806.3,90620.0,90787.3,276.10927202,25050357.843093298,25050357.843093298,1,186.3000000000029,93.30000000000291,93.0,186.3000000000029,132.08571428571096
2026-01-11 09:00:00,90788.2,90816.4,90653.5,90739.1,421.88545174,38284506.588491439,38284506.588491439,1,162.89999999999418,29.09999999999127,133.8000000000029,162.89999999999418,140.5571428571389
2026-01-11 10:00:00,90739.1,90761.4,90689.0,90728.9,28.76752492,2609893.360729086,2609893.360729086,1,72.39999999999418,22.29999999998836,50.10000000000582,72.39999999999418,138.23571428571034
2026-01-11 11:00:00,90729.0,90752.0,90696.0,90751.8,31.45814483,2854004.417289197,2854004.417289197,1,56.0,23.10000000000582,32.89999999999418,56.0,137.62857142856748
2026-01-11 12:00:00,90751.9,91033.0,90723.0,90938.1,93.10870438,8465374.372857881,8465374.372857881,1,310.0,281.1999999999971,28.80000000000291,310.0,145.84999999999647
2026-01-11 13:00:00,90938.1,90972.7,90822.5,90854.0,82.39697913,7489753.888060639,7489753.888060639,1,150.1999999999971,34.59999999999127,115.60000000000582,150.1999999999971,146.37142857142524
2026-01-11 14:00:00,90854.1,91199.8,90854.0,91126.1,101.61169412,9252875.591584268,9252875.591584268,1,345.8000000000029,345.8000000000029,0.0,345.8000000000029,156.95714285714035
2026-01-11 15:00:00,91126.1,91157.9,90711.4,90875.0,137.06704753,12462014.722218521,12462014.722218521,1,446.5,31.79999999998836,414.70000000001164,446.5,180.49285714285466
2026-01-11 16:00:00,90875.0,91284.6,90875.0,91041.9,118.59822454,10802603.972880225,10802603.972880225,1,409.6000000000058,409.6000000000058,0.0,409.6000000000058,201.32857142856977
2026-01-11 17:00:00,91042.0,91138.0,90912.0,90991.0,48.32468048,4399107.45772465,4399107.45772465,1,226.0,96.10000000000582,129.89999999999418,226.0,210.46428571428365
2026-01-11 18:00:00,90991.1,90991.1,90800.0,90882.9,45.99045951,4179679.064958694,4179679.064958694,1,191.10000000000582,0.10000000000582077,191.0,191.10000000000582,213.3785714285706
2026-01-11 19:00:00,90882.9,90932.0,90680.0,90693.1,31.54357856,2863853.48985495,2863853.48985495,1,252.0,49.10000000000582,202.89999999999418,252.0,222.53571428571428
2026-01-11 20:00:00,90693.1,90740.5,90424.3,90709.0,148.94350958,13487078.106036308,13487078.106036308,1,316.1999999999971,47.39999999999418,268.8000000000029,316.1999999999971,229.85714285714286
2026-01-11 21:00:00,90709.1,90836.3,90600.0,90759.0,44.86306926,4069682.831175137,4069682.831175137,1,236.3000000000029,127.30000000000291,109.0,236.3000000000029,240.09285714285735
2026-01-11 22:00:00,90759.1,90759.1,90455.8,90534.5,82.35397267,7461799.777861724,7461799.777861724,1,303.3000000000029,0.10000000000582077,303.1999999999971,303.3000000000029,248.45000000000022
2026-01-11 23:00:00,90534.4,91039.8,90230.3,91012.0,214.07575229,19410994.105751093,19410994.105751093,1,809.5,505.3000000000029,304.1999999999971,809.5,294.6357142857149
2026-01-12 00:00:00,91008.3,91255.6,90697.7,91255.6,222.78259444,20280453.860268811,20280453.860268811,1,557.9000000000087,243.60000000000582,314.3000000000029,557.9000000000087,329.3142857142874
2026-01-12 01:00:00,91255.7,91800.0,91099.4,91410.9,335.61197399,30695396.152784587,30695396.152784587,1,700.6000000000058,544.3999999999942,156.20000000001164,700.6000000000058,375.35714285714494
2026-01-12 02:00:00,91411.0,92396.4,91376.1,92210.1,422.74899793,38889167.118724004,38889167.118724004,1,1020.2999999999884,985.5,34.79999999998836,1020.2999999999884,426.0928571428584
2026-01-12 03:00:00,92211.8,92520.6,91805.4,91805.4,319.01275403,29421244.098548241,29421244.098548241,1,715.2000000000116,310.5,404.70000000001164,715.2000000000116,466.45000000000226
2026-01-12 04:00:00,91805.5,92281.7,91755.6,92160.0,124.53717313,11461377.423098606,11461377.423098606,1,526.0999999999913,476.3000000000029,49.79999999998836,526.0999999999913,479.3285714285729
2026-01-12 05:00:00,92160.1,92264.9,92048.4,92115.0,96.42016732,8884770.713873671,8884770.713873671,1,216.5,104.89999999999418,111.60000000000582,216.5,462.90000000000146
2026-01-12 06:00:00,92114.9,92208.0,91820.0,91839.1,136.64802883,12568283.497438013,12568283.497438013,1,388.0,93.0,295.0,388.0,461.3571428571439
2026-01-12 07:00:00,91839.1,91962.1,91400.0,91415.1,528.490474,48442857.175033613,48442857.175033613,1,562.1000000000058,123.0,439.1000000000058,562.1000000000058,485.3642857142872
2026-01-12 08:00:00,91415.1,91628.9,90400.0,90749.1,580.69904075,52778256.402353271,52778256.402353271,1,1228.8999999999942,213.79999999998836,1015.1000000000058,1228.8999999999942,559.4928571428578
2026-01-12 09:00:00,90749.1,90933.3,90646.1,90692.2,180.95933636,16433008.334714364,16433008.334714364,1,287.1999999999971,184.1999999999971,103.0,287.1999999999971,562.0071428571433
2026-01-12 10:00:00,90692.1,90793.0,90375.0,90435.9,149.27260652,13517169.57848921,13517169.57848921,1,418.0,100.80000000000291,317.1999999999971,418.0,569.278571428572
2026-01-12 11:00:00,90434.2,90816.1,90427.0,90630.1,165.21326359,14977035.121454335,14977035.121454335,1,389.1000000000058,380.20000000001164,8.89999999999418,389.1000000000058,580.192857142858
2026-01-12 12:00:00,90630.1,90870.4,90618.0,90789.0,73.0402834,6629157.49050605,6629157.49050605,1,252.39999999999418,240.29999999998836,12.10000000000582,252.39999999999418,576.557142857143
2026-01-12 13:00:00,90789.1,90829.7,90541.6,90632.1,150.14423847,13614122.733121293,13614122.733121293,1,288.09999999999127,40.69999999999709,247.39999999999418,288.09999999999127,539.3142857142853
2026-01-12 14:00:00,90632.1,91122.8,90132.1,90908.1,438.77331825,39757812.271452561,39757812.271452561,1,990.6999999999971,490.6999999999971,500.0,990.6999999999971,570.2285714285701
2026-01-12 15:00:00,90908.0,91679.6,90710.0,91666.9,367.10261225,33517183.940345519,33517183.940345519,1,969.6000000000058,771.5,198.10000000000582,969.6000000000058,589.4428571428559
2026-01-12 16:00:00,91666.0,92316.7,91575.0,92117.8,641.42504829,59003372.251430872,59003372.251430872,1,741.6999999999971,649.8000000000029,91.89999999999418,741.6999999999971,569.5428571428565
2026-01-12 17:00:00,92117.9,92299.1,91007.1,91522.5,510.64948513,46774494.415137832,46774494.415137832,1,1292.0,181.3000000000029,1110.699999999997,1292.0,610.7428571428557
2026-01-12 18:00:00,91522.6,91958.1,91415.1,91689.1,206.60046223,18954521.357794614,18954521.357794614,1,543.0,435.6000000000058,107.39999999999418,543.0,611.9499999999991
2026-01-12 19:00:00,91689.2,91881.3,91437.6,91864.9,131.5242544,12055329.168740881,12055329.168740881,1,443.6999999999971,192.1999999999971,251.5,443.6999999999971,628.1785714285704
2026-01-12 20:00:00,91864.9,92048.4,91416.6,91493.3,212.87155641,19508227.404874415,19508227.404874415,1,631.7999999999884,183.5,448.29999999998836,631.7999999999884,645.5928571428552
2026-01-12 21:00:00,91492.1,91500.0,90948.4,91056.0,158.43788366,14454876.813278923,14454876.813278923,1,551.6000000000058,6.69999999999709,544.9000000000087,551.6000000000058,644.8428571428552
2026-01-12 22:00:00,91056.0,91444.5,91056.0,91243.7,133.99910154,12237943.506216497,12237943.506216497,1,388.5,388.5,0.0,388.5,584.8142857142842
2026-01-12 23:00:00,91243.7,91319.9,91076.5,91304.0,53.12812533,4845658.997270267,4845658.997270267,1,243.39999999999418,76.19999999999709,167.1999999999971,243.39999999999418,581.6857142857126
2026-01-13 00:00:00,91304.0,91548.9,91257.0,91481.1,154.30764832,14104366.854061478,14104366.854061478,1,291.8999999999942,244.89999999999418,47.0,291.8999999999942,572.6785714285694
2026-01-13 01:00:00,91481.1,91548.0,91054.3,91188.0,82.43368771,7525218.467959754,7525218.467959754,1,493.6999999999971,66.89999999999418,426.8000000000029,493.6999999999971,580.1499999999972
2026-01-13 02:00:00,91188.0,91382.1,91102.2,91125.4,118.68310015,10826796.298685635,10826796.298685635,1,279.90000000000873,194.10000000000582,85.80000000000291,279.90000000000873,582.114285714284
2026-01-13 03:00:00,91125.5,91471.2,91125.1,91412.0,120.6913497,11020766.067645064,11020766.067645064,1,346.09999999999127,345.8000000000029,0.29999999998835847,346.09999999999127,586.2571428571412
2026-01-13 04:00:00,91412.1,91647.2,91349.9,91515.9,62.52384798,5718843.73975984,5718843.73975984,1,297.3000000000029,235.1999999999971,62.10000000000582,297.3000000000029,536.7285714285701
2026-01-13 05:00:00,91516.0,92256.9,91480.5,91924.5,273.85033642,25180944.629915467,25180944.629915467,1,776.3999999999942,741.0,35.39999999999418,776.3999999999942,522.9285714285694
2026-01-13 06:00:00,91924.6,92270.8,91811.5,92179.1,186.56114257,17170290.069550624,17170290.069550624,1,459.3000000000029,346.3000000000029,113.0,459.3000000000029,502.7571428571412
2026-01-13 07:00:00,92179.2,92207.0,91882.9,91949.7,672.8691819,61897171.063796031,61897171.063796031,1,324.1000000000058,27.89999999999418,296.20000000001164,324.1000000000058,433.6214285714273
2026-01-13 08:00:00,91949.7,92253.2,91908.4,92170.1,374.1430512,34431893.67532512,34431893.67532512,1,344.8000000000029,303.5,41.30000000000291,344.8000000000029,419.4642857142847
2026-01-13 09:00:00,92170.1,92666.0,91940.7,92264.7,332.88317456,30741790.842557198,30741790.842557198,1,725.3000000000029,495.8999999999942,229.40000000000873,725.3000000000029,439.5785714285708
2026-01-13 10:00:00,92264.7,92338.6,92022.0,92134.4,129.23897115,11916639.506247933,11916639.506247933,1,316.6000000000058,73.90000000000873,242.6999999999971,316.6000000000058,417.0642857142863
2026-01-13 11:00:00,92134.5,92258.6,91970.7,92001.0,128.14715601,11803597.454704142,11803597.454704142,1,287.90000000000873,124.20000000001164,163.6999999999971,287.90000000000873,398.22857142857225
2026-01-13 12:00:00,92001.1,92150.0,91916.2,92104.9,89.96696491,8283363.47262718,8283363.47262718,1,233.8000000000029,149.0,84.80000000000291,233.8000000000029,387.17857142857247
2026-01-13 13:00:00,92105.0,92607.0,91989.1,92074.9,501.55595981,46269176.897322829,46269176.897322829,1,617.8999999999942,502.1000000000058,115.79999999998836,617.8999999999942,413.92857142857247
2026-01-13 14:00:00,92074.9,92922.8,91790.0,92471.1,495.65949432,45819934.662136649,45819934.662136649,1,1132.800000000003,847.9000000000087,284.8999999999942,1132.800000000003,473.9928571428588
2026-01-13 15:00:00,92471.0,93456.0,92134.8,93455.9,595.3351178,55277802.857471831,55277802.857471831,1,1321.199999999997,984.8999999999942,336.3000000000029,1321.199999999997,533.1000000000016
2026-01-13 16:00:00,93455.9,93753.0,93080.7,93392.0,724.56704923,67741381.285219266,67741381.285219266,1,672.3000000000029,297.1000000000058,375.1999999999971,672.3000000000029,561.1285714285726
2026-01-13 17:00:00,93392.1,93494.0,93101.1,93244.0,228.59657494,21335502.105395803,21335502.105395803,1,392.8999999999942,102.0,290.8999999999942,392.8999999999942,564.47142857143
2026-01-13 18:00:00,93243.0,93871.7,93200.1,93629.4,265.82168368,24874386.639117492,24874386.639117492,1,671.5999999999913,627.6999999999971,43.89999999999418,671.5999999999913,591.2071428571435
2026-01-13 19:00:00,93629.4,94243.6,93475.0,94224.1,515.69539456,48401727.33207396,48401727.33207396,1,768.6000000000058,614.2000000000116,154.39999999999418,768.6000000000058,590.6500000000015
2026-01-13 20:00:00,94224.2,94510.1,94117.4,94412.6,723.26348036,68215655.728678229,68215655.728678229,1,392.70000000001164,286.0,106.70000000001164,392.70000000001164,585.8928571428593
2026-01-13 21:00:00,94412.7,94526.3,94060.0,94091.0,235.63804212,22224207.822008248,22224207.822008248,1,466.3000000000029,113.69999999999709,352.6000000000058,466.3000000000029,596.0500000000019
2026-01-13 22:00:00,94091.1,96543.0,94091.1,95755.0,1836.33443741,175410090.848696499,175410090.848696499,1,2451.899999999994,2452.0,0.10000000000582077,2452.0,746.5642857142874
2026-01-13 23:00:00,95758.0,96097.0,95070.0,95411.8,613.68722289,58722702.769467386,58722702.769467386,1,1027.0,342.0,685.0,1027.0,768.1142857142871
2026-01-14 00:00:00,95411.8,95664.6,95173.9,95241.0,239.37544371,22838621.298915929,22838621.298915929,1,490.70000000001164,252.8000000000029,237.90000000000873,490.70000000001164,780.5500000000019
2026-01-14 01:00:00,95241.0,95581.9,95142.8,95245.0,360.14014907,34341293.024147042,34341293.024147042,1,439.09999999999127,340.8999999999942,98.19999999999709,439.09999999999127,791.3500000000006
2026-01-14 02:00:00,95245.1,95561.9,95211.4,95349.0,242.3064343,23116803.563988516,23116803.563988516,1,350.5,316.8999999999942,33.60000000000582,350.5,799.6857142857147
2026-01-14 03:00:00,95349.0,95722.5,95283.2,95722.3,181.53390932,17336931.500101907,17336931.500101907,1,439.3000000000029,373.5,65.80000000000291,439.3000000000029,786.9285714285725
2026-01-14 04:00:00,95722.3,95796.8,95230.3,95246.0,218.86185582,20892686.580770568,20892686.580770568,1,566.5,74.5,492.0,566.5,746.4785714285723
2026-01-14 05:00:00,95246.1,95280.7,94957.7,95012.5,350.08250115,33289114.721341727,33289114.721341727,1,323.0,34.69999999999709,288.3000000000029,323.0,675.1785714285725
2026-01-14 06:00:00,95012.5,95037.4,94521.7,95037.3,399.21719965,37856848.162749052,37856848.162749052,1,515.6999999999971,24.89999999999418,490.8000000000029,515.6999999999971,663.9928571428578
2026-01-14 07:00:00,95037.4,95230.0,94844.0,95201.9,499.48489874,47483651.4391048,47483651.4391048,1,386.0,192.6999999999971,193.3000000000029,386.0,663.500000000001
2026-01-14 08:00:00,95201.9,95310.5,94866.6,94901.2,220.24319921,20947533.396039713,20947533.396039713,1,443.8999999999942,108.60000000000582,335.29999999998836,443.8999999999942,647.2357142857155
2026-01-14 09:00:00,94901.2,95181.0,94883.1,95091.1,376.50842309,35788483.386772632,35788483.386772632,1,297.8999999999942,279.8000000000029,18.09999999999127,297.8999999999942,613.6142857142861
2026-01-14 10:00:00,95091.0,95297.5,94895.4,95094.3,282.47880667,26870751.028143531,26870751.028143531,1,402.1000000000058,206.39999999999418,195.70000000001164,402.1000000000058,614.2857142857143
2026-01-14 11:00:00,95093.8,95093.8,94750.0,94797.7,220.8793008,20970190.949464199,20970190.949464199,1,343.8000000000029,0.5,344.3000000000029,344.3000000000029,605.5714285714286
2026-01-14 12:00:00,94797.7,95165.7,94688.1,95079.7,188.18468783,17878194.387617177,17878194.387617177,1,477.59999999999127,368.0,109.59999999999127,477.59999999999127,464.5428571428565
2026-01-14 13:00:00,95079.7,95240.2,94892.3,94997.0,149.57372963,14220389.020690293,14220389.020690293,1,347.8999999999942,160.5,187.39999999999418,347.8999999999942,416.03571428571325
2026-01-14 14:00:00,94997.0,96820.5,94983.9,96481.3,1151.60693601,110640089.842372494,110640089.842372494,1,1836.6000000000058,1823.5,13.10000000000582,1836.6000000000058,512.1714285714271
2026-01-14 15:00:00,96481.3,97088.0,96186.1,96755.6,1109.24876434,107253261.470403092,107253261.470403092,1,901.8999999999942,606.6999999999971,295.1999999999971,901.8999999999942,545.2285714285701
2026-01-14 16:00:00,96755.5,97696.7,96732.0,97285.5,1524.90198265,148331590.323989601,148331590.323989601,1,964.6999999999971,941.0999999999913,23.60000000000582,964.6999999999971,589.0999999999985
2026-01-14 17:00:00,97285.5,97776.0,96766.0,96953.2,1043.78772161,101639219.00311798,101639219.00311798,1,1010.0,490.5,519.5,1010.0,629.864285714284
2026-01-14 18:00:00,96953.1,97109.5,96229.5,96806.3,834.83314115,80706449.02842337,80706449.02842337,1,880.0,156.3000000000029,723.6999999999971,880.0,652.2571428571412
2026-01-14 19:00:00,96806.3,97648.6,96685.7,97257.8,512.45694584,49819584.544188107,49819584.544188107,1,962.9000000000087,842.3000000000029,120.60000000000582,962.9000000000087,697.9642857142846
2026-01-10 16:00:00,90661.1,90727.3,90601.7,90678.0,22.05498105,1999614.6084995,1999614.6084995,1,125.60000000000582,,,125.60000000000582,125.60000000000582
2026-01-10 17:00:00,90678.0,90742.0,90536.9,90542.0,36.01980307,3265183.400115375,3265183.400115375,1,205.10000000000582,64.0,141.10000000000582,205.10000000000582,165.35000000000582
2026-01-10 18:00:00,90541.9,90605.1,90511.3,90593.0,56.2344261,5092431.457278569,5092431.457278569,1,93.80000000000291,63.10000000000582,30.69999999999709,93.80000000000291,141.50000000000486
2026-01-10 19:00:00,90593.1,90625.7,90581.4,90621.3,19.05548206,1726441.466269505,1726441.466269505,1,44.30000000000291,32.69999999999709,11.60000000000582,44.30000000000291,117.20000000000437
2026-01-10 20:00:00,90621.2,90654.7,90549.8,90568.6,38.83663912,3517924.481580892,3517924.481580892,1,104.89999999999418,33.39999999999418,71.5,104.89999999999418,114.74000000000233
2026-01-10 21:00:00,90568.7,90568.7,90504.2,90505.0,28.37184261,2568509.524114916,2568509.524114916,1,64.5,0.09999999999126885,64.40000000000873,64.5,106.3666666666686
2026-01-10 22:00:00,90505.1,90591.2,90396.3,90424.4,171.97670891,15558636.64197512,15558636.64197512,1,194.89999999999418,86.19999999999709,108.69999999999709,194.89999999999418,119.01428571428654
2026-01-10 23:00:00,90424.4,90567.0,90424.1,90504.9,33.63895727,3044529.460805052,3044529.460805052,1,142.89999999999418,142.60000000000582,0.29999999998835847,142.89999999999418,122.0
2026-01-11 00:00:00,90504.9,90646.9,90449.3,90629.0,29.20374612,2644946.18469037,2644946.18469037,1,197.59999999999127,142.0,55.59999999999127,197.59999999999127,130.39999999999904
2026-01-11 01:00:00,90629.1,90674.0,90557.0,90625.7,24.50238031,2220230.312985146,2220230.312985146,1,117.0,45.0,72.0,117.0,129.05999999999912
2026-01-11 02:00:00,90625.8,90727.9,90610.0,90692.1,31.70904088,2875378.849020879,2875378.849020879,1,117.89999999999418,102.19999999999709,15.69999999999709,117.89999999999418,128.04545454545323
2026-01-11 03:00:00,90692.1,90733.1,90635.0,90733.0,43.57694718,3952300.140079397,3952300.140079397,1,98.10000000000582,41.0,57.10000000000582,98.10000000000582,125.54999999999927
2026-01-11 04:00:00,90733.1,90809.9,90659.6,90799.1,81.37199858,7383526.067885081,7383526.067885081,1,150.29999999998836,76.89999999999418,73.39999999999418,150.29999999998836,127.45384615384458
2026-01-11 05:00:00,90799.1,90859.9,90736.1,90777.8,42.06634215,3819146.055124129,3819146.055124129,1,123.79999999998836,60.79999999998836,63.0,123.79999999998836,127.19285714285486
2026-01-11 06:00:00,90777.8,90800.0,90586.3,90743.0,47.13946115,4274172.139015539,4274172.139015539,1,213.6999999999971,22.19999999999709,191.5,213.6999999999971,133.48571428571137
2026-01-11 07:00:00,90743.0,90765.0,90672.0,90713.0,51.55423959,4676645.596118151,4676645.596118151,1,93.0,22.0,71.0,93.0,125.4785714285681
2026-01-11 08:00:00,90712.9,90806.3,90620.0,90787.3,276.10927202,25050357.843093298,25050357.843093298,1,186.3000000000029,93.30000000000291,93.0,186.3000000000029,132.08571428571096
2026-01-11 09:00:00,90788.2,90816.4,90653.5,90739.1,421.88545174,38284506.588491439,38284506.588491439,1,162.89999999999418,29.09999999999127,133.8000000000029,162.89999999999418,140.5571428571389
2026-01-11 10:00:00,90739.1,90761.4,90689.0,90728.9,28.76752492,2609893.360729086,2609893.360729086,1,72.39999999999418,22.29999999998836,50.10000000000582,72.39999999999418,138.23571428571034
2026-01-11 11:00:00,90729.0,90752.0,90696.0,90751.8,31.45814483,2854004.417289197,2854004.417289197,1,56.0,23.10000000000582,32.89999999999418,56.0,137.62857142856748
2026-01-11 12:00:00,90751.9,91033.0,90723.0,90938.1,93.10870438,8465374.372857881,8465374.372857881,1,310.0,281.1999999999971,28.80000000000291,310.0,145.84999999999647
2026-01-11 13:00:00,90938.1,90972.7,90822.5,90854.0,82.39697913,7489753.888060639,7489753.888060639,1,150.1999999999971,34.59999999999127,115.60000000000582,150.1999999999971,146.37142857142524
2026-01-11 14:00:00,90854.1,91199.8,90854.0,91126.1,101.61169412,9252875.591584268,9252875.591584268,1,345.8000000000029,345.8000000000029,0.0,345.8000000000029,156.95714285714035
2026-01-11 15:00:00,91126.1,91157.9,90711.4,90875.0,137.06704753,12462014.722218521,12462014.722218521,1,446.5,31.79999999998836,414.70000000001164,446.5,180.49285714285466
2026-01-11 16:00:00,90875.0,91284.6,90875.0,91041.9,118.59822454,10802603.972880225,10802603.972880225,1,409.6000000000058,409.6000000000058,0.0,409.6000000000058,201.32857142856977
2026-01-11 17:00:00,91042.0,91138.0,90912.0,90991.0,48.32468048,4399107.45772465,4399107.45772465,1,226.0,96.10000000000582,129.89999999999418,226.0,210.46428571428365
2026-01-11 18:00:00,90991.1,90991.1,90800.0,90882.9,45.99045951,4179679.064958694,4179679.064958694,1,191.10000000000582,0.10000000000582077,191.0,191.10000000000582,213.3785714285706
2026-01-11 19:00:00,90882.9,90932.0,90680.0,90693.1,31.54357856,2863853.48985495,2863853.48985495,1,252.0,49.10000000000582,202.89999999999418,252.0,222.53571428571428
2026-01-11 20:00:00,90693.1,90740.5,90424.3,90709.0,148.94350958,13487078.106036308,13487078.106036308,1,316.1999999999971,47.39999999999418,268.8000000000029,316.1999999999971,229.85714285714286
2026-01-11 21:00:00,90709.1,90836.3,90600.0,90759.0,44.86306926,4069682.831175137,4069682.831175137,1,236.3000000000029,127.30000000000291,109.0,236.3000000000029,240.09285714285735
2026-01-11 22:00:00,90759.1,90759.1,90455.8,90534.5,82.35397267,7461799.777861724,7461799.777861724,1,303.3000000000029,0.10000000000582077,303.1999999999971,303.3000000000029,248.45000000000022
2026-01-11 23:00:00,90534.4,91039.8,90230.3,91012.0,214.07575229,19410994.105751093,19410994.105751093,1,809.5,505.3000000000029,304.1999999999971,809.5,294.6357142857149
2026-01-12 00:00:00,91008.3,91255.6,90697.7,91255.6,222.78259444,20280453.860268811,20280453.860268811,1,557.9000000000087,243.60000000000582,314.3000000000029,557.9000000000087,329.3142857142874
2026-01-12 01:00:00,91255.7,91800.0,91099.4,91410.9,335.61197399,30695396.152784587,30695396.152784587,1,700.6000000000058,544.3999999999942,156.20000000001164,700.6000000000058,375.35714285714494
2026-01-12 02:00:00,91411.0,92396.4,91376.1,92210.1,422.74899793,38889167.118724004,38889167.118724004,1,1020.2999999999884,985.5,34.79999999998836,1020.2999999999884,426.0928571428584
2026-01-12 03:00:00,92211.8,92520.6,91805.4,91805.4,319.01275403,29421244.098548241,29421244.098548241,1,715.2000000000116,310.5,404.70000000001164,715.2000000000116,466.45000000000226
2026-01-12 04:00:00,91805.5,92281.7,91755.6,92160.0,124.53717313,11461377.423098606,11461377.423098606,1,526.0999999999913,476.3000000000029,49.79999999998836,526.0999999999913,479.3285714285729
2026-01-12 05:00:00,92160.1,92264.9,92048.4,92115.0,96.42016732,8884770.713873671,8884770.713873671,1,216.5,104.89999999999418,111.60000000000582,216.5,462.90000000000146
2026-01-12 06:00:00,92114.9,92208.0,91820.0,91839.1,136.64802883,12568283.497438013,12568283.497438013,1,388.0,93.0,295.0,388.0,461.3571428571439
2026-01-12 07:00:00,91839.1,91962.1,91400.0,91415.1,528.490474,48442857.175033613,48442857.175033613,1,562.1000000000058,123.0,439.1000000000058,562.1000000000058,485.3642857142872
2026-01-12 08:00:00,91415.1,91628.9,90400.0,90749.1,580.69904075,52778256.402353271,52778256.402353271,1,1228.8999999999942,213.79999999998836,1015.1000000000058,1228.8999999999942,559.4928571428578
2026-01-12 09:00:00,90749.1,90933.3,90646.1,90692.2,180.95933636,16433008.334714364,16433008.334714364,1,287.1999999999971,184.1999999999971,103.0,287.1999999999971,562.0071428571433
2026-01-12 10:00:00,90692.1,90793.0,90375.0,90435.9,149.27260652,13517169.57848921,13517169.57848921,1,418.0,100.80000000000291,317.1999999999971,418.0,569.278571428572
2026-01-12 11:00:00,90434.2,90816.1,90427.0,90630.1,165.21326359,14977035.121454335,14977035.121454335,1,389.1000000000058,380.20000000001164,8.89999999999418,389.1000000000058,580.192857142858
2026-01-12 12:00:00,90630.1,90870.4,90618.0,90789.0,73.0402834,6629157.49050605,6629157.49050605,1,252.39999999999418,240.29999999998836,12.10000000000582,252.39999999999418,576.557142857143
2026-01-12 13:00:00,90789.1,90829.7,90541.6,90632.1,150.14423847,13614122.733121293,13614122.733121293,1,288.09999999999127,40.69999999999709,247.39999999999418,288.09999999999127,539.3142857142853
2026-01-12 14:00:00,90632.1,91122.8,90132.1,90908.1,438.77331825,39757812.271452561,39757812.271452561,1,990.6999999999971,490.6999999999971,500.0,990.6999999999971,570.2285714285701
2026-01-12 15:00:00,90908.0,91679.6,90710.0,91666.9,367.10261225,33517183.940345519,33517183.940345519,1,969.6000000000058,771.5,198.10000000000582,969.6000000000058,589.4428571428559
2026-01-12 16:00:00,91666.0,92316.7,91575.0,92117.8,641.42504829,59003372.251430872,59003372.251430872,1,741.6999999999971,649.8000000000029,91.89999999999418,741.6999999999971,569.5428571428565
2026-01-12 17:00:00,92117.9,92299.1,91007.1,91522.5,510.64948513,46774494.415137832,46774494.415137832,1,1292.0,181.3000000000029,1110.699999999997,1292.0,610.7428571428557
2026-01-12 18:00:00,91522.6,91958.1,91415.1,91689.1,206.60046223,18954521.357794614,18954521.357794614,1,543.0,435.6000000000058,107.39999999999418,543.0,611.9499999999991
2026-01-12 19:00:00,91689.2,91881.3,91437.6,91864.9,131.5242544,12055329.168740881,12055329.168740881,1,443.6999999999971,192.1999999999971,251.5,443.6999999999971,628.1785714285704
2026-01-12 20:00:00,91864.9,92048.4,91416.6,91493.3,212.87155641,19508227.404874415,19508227.404874415,1,631.7999999999884,183.5,448.29999999998836,631.7999999999884,645.5928571428552
2026-01-12 21:00:00,91492.1,91500.0,90948.4,91056.0,158.43788366,14454876.813278923,14454876.813278923,1,551.6000000000058,6.69999999999709,544.9000000000087,551.6000000000058,644.8428571428552
2026-01-12 22:00:00,91056.0,91444.5,91056.0,91243.7,133.99910154,12237943.506216497,12237943.506216497,1,388.5,388.5,0.0,388.5,584.8142857142842
2026-01-12 23:00:00,91243.7,91319.9,91076.5,91304.0,53.12812533,4845658.997270267,4845658.997270267,1,243.39999999999418,76.19999999999709,167.1999999999971,243.39999999999418,581.6857142857126
2026-01-13 00:00:00,91304.0,91548.9,91257.0,91481.1,154.30764832,14104366.854061478,14104366.854061478,1,291.8999999999942,244.89999999999418,47.0,291.8999999999942,572.6785714285694
2026-01-13 01:00:00,91481.1,91548.0,91054.3,91188.0,82.43368771,7525218.467959754,7525218.467959754,1,493.6999999999971,66.89999999999418,426.8000000000029,493.6999999999971,580.1499999999972
2026-01-13 02:00:00,91188.0,91382.1,91102.2,91125.4,118.68310015,10826796.298685635,10826796.298685635,1,279.90000000000873,194.10000000000582,85.80000000000291,279.90000000000873,582.114285714284
2026-01-13 03:00:00,91125.5,91471.2,91125.1,91412.0,120.6913497,11020766.067645064,11020766.067645064,1,346.09999999999127,345.8000000000029,0.29999999998835847,346.09999999999127,586.2571428571412
2026-01-13 04:00:00,91412.1,91647.2,91349.9,91515.9,62.52384798,5718843.73975984,5718843.73975984,1,297.3000000000029,235.1999999999971,62.10000000000582,297.3000000000029,536.7285714285701
2026-01-13 05:00:00,91516.0,92256.9,91480.5,91924.5,273.85033642,25180944.629915467,25180944.629915467,1,776.3999999999942,741.0,35.39999999999418,776.3999999999942,522.9285714285694
2026-01-13 06:00:00,91924.6,92270.8,91811.5,92179.1,186.56114257,17170290.069550624,17170290.069550624,1,459.3000000000029,346.3000000000029,113.0,459.3000000000029,502.7571428571412
2026-01-13 07:00:00,92179.2,92207.0,91882.9,91949.7,672.8691819,61897171.063796031,61897171.063796031,1,324.1000000000058,27.89999999999418,296.20000000001164,324.1000000000058,433.6214285714273
2026-01-13 08:00:00,91949.7,92253.2,91908.4,92170.1,374.1430512,34431893.67532512,34431893.67532512,1,344.8000000000029,303.5,41.30000000000291,344.8000000000029,419.4642857142847
2026-01-13 09:00:00,92170.1,92666.0,91940.7,92264.7,332.88317456,30741790.842557198,30741790.842557198,1,725.3000000000029,495.8999999999942,229.40000000000873,725.3000000000029,439.5785714285708
2026-01-13 10:00:00,92264.7,92338.6,92022.0,92134.4,129.23897115,11916639.506247933,11916639.506247933,1,316.6000000000058,73.90000000000873,242.6999999999971,316.6000000000058,417.0642857142863
2026-01-13 11:00:00,92134.5,92258.6,91970.7,92001.0,128.14715601,11803597.454704142,11803597.454704142,1,287.90000000000873,124.20000000001164,163.6999999999971,287.90000000000873,398.22857142857225
2026-01-13 12:00:00,92001.1,92150.0,91916.2,92104.9,89.96696491,8283363.47262718,8283363.47262718,1,233.8000000000029,149.0,84.80000000000291,233.8000000000029,387.17857142857247
2026-01-13 13:00:00,92105.0,92607.0,91989.1,92074.9,501.55595981,46269176.897322829,46269176.897322829,1,617.8999999999942,502.1000000000058,115.79999999998836,617.8999999999942,413.92857142857247
2026-01-13 14:00:00,92074.9,92922.8,91790.0,92471.1,495.65949432,45819934.662136649,45819934.662136649,1,1132.800000000003,847.9000000000087,284.8999999999942,1132.800000000003,473.9928571428588
2026-01-13 15:00:00,92471.0,93456.0,92134.8,93455.9,595.3351178,55277802.857471831,55277802.857471831,1,1321.199999999997,984.8999999999942,336.3000000000029,1321.199999999997,533.1000000000016
2026-01-13 16:00:00,93455.9,93753.0,93080.7,93392.0,724.56704923,67741381.285219266,67741381.285219266,1,672.3000000000029,297.1000000000058,375.1999999999971,672.3000000000029,561.1285714285726
2026-01-13 17:00:00,93392.1,93494.0,93101.1,93244.0,228.59657494,21335502.105395803,21335502.105395803,1,392.8999999999942,102.0,290.8999999999942,392.8999999999942,564.47142857143
2026-01-13 18:00:00,93243.0,93871.7,93200.1,93629.4,265.82168368,24874386.639117492,24874386.639117492,1,671.5999999999913,627.6999999999971,43.89999999999418,671.5999999999913,591.2071428571435
2026-01-13 19:00:00,93629.4,94243.6,93475.0,94224.1,515.69539456,48401727.33207396,48401727.33207396,1,768.6000000000058,614.2000000000116,154.39999999999418,768.6000000000058,590.6500000000015
2026-01-13 20:00:00,94224.2,94510.1,94117.4,94412.6,723.26348036,68215655.728678229,68215655.728678229,1,392.70000000001164,286.0,106.70000000001164,392.70000000001164,585.8928571428593
2026-01-13 21:00:00,94412.7,94526.3,94060.0,94091.0,235.63804212,22224207.822008248,22224207.822008248,1,466.3000000000029,113.69999999999709,352.6000000000058,466.3000000000029,596.0500000000019
2026-01-13 22:00:00,94091.1,96543.0,94091.1,95755.0,1836.33443741,175410090.848696499,175410090.848696499,1,2451.899999999994,2452.0,0.10000000000582077,2452.0,746.5642857142874
2026-01-13 23:00:00,95758.0,96097.0,95070.0,95411.8,613.68722289,58722702.769467386,58722702.769467386,1,1027.0,342.0,685.0,1027.0,768.1142857142871
2026-01-14 00:00:00,95411.8,95664.6,95173.9,95241.0,239.37544371,22838621.298915929,22838621.298915929,1,490.70000000001164,252.8000000000029,237.90000000000873,490.70000000001164,780.5500000000019
2026-01-14 01:00:00,95241.0,95581.9,95142.8,95245.0,360.14014907,34341293.024147042,34341293.024147042,1,439.09999999999127,340.8999999999942,98.19999999999709,439.09999999999127,791.3500000000006
2026-01-14 02:00:00,95245.1,95561.9,95211.4,95349.0,242.3064343,23116803.563988516,23116803.563988516,1,350.5,316.8999999999942,33.60000000000582,350.5,799.6857142857147
2026-01-14 03:00:00,95349.0,95722.5,95283.2,95722.3,181.53390932,17336931.500101907,17336931.500101907,1,439.3000000000029,373.5,65.80000000000291,439.3000000000029,786.9285714285725
2026-01-14 04:00:00,95722.3,95796.8,95230.3,95246.0,218.86185582,20892686.580770568,20892686.580770568,1,566.5,74.5,492.0,566.5,746.4785714285723
2026-01-14 05:00:00,95246.1,95280.7,94957.7,95012.5,350.08250115,33289114.721341727,33289114.721341727,1,323.0,34.69999999999709,288.3000000000029,323.0,675.1785714285725
2026-01-14 06:00:00,95012.5,95037.4,94521.7,95037.3,399.21719965,37856848.162749052,37856848.162749052,1,515.6999999999971,24.89999999999418,490.8000000000029,515.6999999999971,663.9928571428578
2026-01-14 07:00:00,95037.4,95230.0,94844.0,95201.9,499.48489874,47483651.4391048,47483651.4391048,1,386.0,192.6999999999971,193.3000000000029,386.0,663.500000000001
2026-01-14 08:00:00,95201.9,95310.5,94866.6,94901.2,220.24319921,20947533.396039713,20947533.396039713,1,443.8999999999942,108.60000000000582,335.29999999998836,443.8999999999942,647.2357142857155
2026-01-14 09:00:00,94901.2,95181.0,94883.1,95091.1,376.50842309,35788483.386772632,35788483.386772632,1,297.8999999999942,279.8000000000029,18.09999999999127,297.8999999999942,613.6142857142861
2026-01-14 10:00:00,95091.0,95297.5,94895.4,95094.3,282.47880667,26870751.028143531,26870751.028143531,1,402.1000000000058,206.39999999999418,195.70000000001164,402.1000000000058,614.2857142857143
2026-01-14 11:00:00,95093.8,95093.8,94750.0,94797.7,220.8793008,20970190.949464199,20970190.949464199,1,343.8000000000029,0.5,344.3000000000029,344.3000000000029,605.5714285714286
2026-01-14 12:00:00,94797.7,95165.7,94688.1,95079.7,188.18468783,17878194.387617177,17878194.387617177,1,477.59999999999127,368.0,109.59999999999127,477.59999999999127,464.5428571428565
2026-01-14 13:00:00,95079.7,95240.2,94892.3,94997.0,149.57372963,14220389.020690293,14220389.020690293,1,347.8999999999942,160.5,187.39999999999418,347.8999999999942,416.03571428571325
2026-01-14 14:00:00,94997.0,96820.5,94983.9,96481.3,1151.60693601,110640089.842372494,110640089.842372494,1,1836.6000000000058,1823.5,13.10000000000582,1836.6000000000058,512.1714285714271
2026-01-14 15:00:00,96481.3,97088.0,96186.1,96755.6,1109.24876434,107253261.470403092,107253261.470403092,1,901.8999999999942,606.6999999999971,295.1999999999971,901.8999999999942,545.2285714285701
2026-01-14 16:00:00,96755.5,97696.7,96732.0,97285.5,1524.90198265,148331590.323989601,148331590.323989601,1,964.6999999999971,941.0999999999913,23.60000000000582,964.6999999999971,589.0999999999985
2026-01-14 17:00:00,97285.5,97776.0,96766.0,96953.2,1043.78772161,101639219.00311798,101639219.00311798,1,1010.0,490.5,519.5,1010.0,629.864285714284
2026-01-14 18:00:00,96953.1,97109.5,96229.5,96806.3,834.83314115,80706449.02842337,80706449.02842337,1,880.0,156.3000000000029,723.6999999999971,880.0,652.2571428571412
2026-01-14 19:00:00,96806.3,97648.6,96685.7,97257.8,512.45694584,49819584.544188107,49819584.544188107,1,962.9000000000087,842.3000000000029,120.60000000000582,962.9000000000087,697.9642857142846
2026-01-10 17:00:00,90678.0,90742.0,90536.9,90542.0,36.01980307,3265183.400115375,3265183.400115375,1,205.10000000000582,,,205.10000000000582,205.10000000000582
2026-01-10 18:00:00,90541.9,90605.1,90511.3,90593.0,56.2344261,5092431.457278569,5092431.457278569,1,93.80000000000291,63.10000000000582,30.69999999999709,93.80000000000291,149.45000000000437
2026-01-10 19:00:00,90593.1,90625.7,90581.4,90621.3,19.05548206,1726441.466269505,1726441.466269505,1,44.30000000000291,32.69999999999709,11.60000000000582,44.30000000000291,114.40000000000389
2026-01-10 20:00:00,90621.2,90654.7,90549.8,90568.6,38.83663912,3517924.481580892,3517924.481580892,1,104.89999999999418,33.39999999999418,71.5,104.89999999999418,112.02500000000146
2026-01-10 21:00:00,90568.7,90568.7,90504.2,90505.0,28.37184261,2568509.524114916,2568509.524114916,1,64.5,0.09999999999126885,64.40000000000873,64.5,102.52000000000116
2026-01-10 22:00:00,90505.1,90591.2,90396.3,90424.4,171.97670891,15558636.64197512,15558636.64197512,1,194.89999999999418,86.19999999999709,108.69999999999709,194.89999999999418,117.91666666666667
2026-01-10 23:00:00,90424.4,90567.0,90424.1,90504.9,33.63895727,3044529.460805052,3044529.460805052,1,142.89999999999418,142.60000000000582,0.29999999998835847,142.89999999999418,121.48571428571346
2026-01-11 00:00:00,90504.9,90646.9,90449.3,90629.0,29.20374612,2644946.18469037,2644946.18469037,1,197.59999999999127,142.0,55.59999999999127,197.59999999999127,130.99999999999818
2026-01-11 01:00:00,90629.1,90674.0,90557.0,90625.7,24.50238031,2220230.312985146,2220230.312985146,1,117.0,45.0,72.0,117.0,129.44444444444284
2026-01-11 02:00:00,90625.8,90727.9,90610.0,90692.1,31.70904088,2875378.849020879,2875378.849020879,1,117.89999999999418,102.19999999999709,15.69999999999709,117.89999999999418,128.28999999999797
2026-01-11 03:00:00,90692.1,90733.1,90635.0,90733.0,43.57694718,3952300.140079397,3952300.140079397,1,98.10000000000582,41.0,57.10000000000582,98.10000000000582,125.54545454545323
2026-01-11 04:00:00,90733.1,90809.9,90659.6,90799.1,81.37199858,7383526.067885081,7383526.067885081,1,150.29999999998836,76.89999999999418,73.39999999999418,150.29999999998836,127.60833333333115
2026-01-11 05:00:00,90799.1,90859.9,90736.1,90777.8,42.06634215,3819146.055124129,3819146.055124129,1,123.79999999998836,60.79999999998836,63.0,123.79999999998836,127.3153846153817
2026-01-11 06:00:00,90777.8,90800.0,90586.3,90743.0,47.13946115,4274172.139015539,4274172.139015539,1,213.6999999999971,22.19999999999709,191.5,213.6999999999971,133.48571428571137
2026-01-11 07:00:00,90743.0,90765.0,90672.0,90713.0,51.55423959,4676645.596118151,4676645.596118151,1,93.0,22.0,71.0,93.0,125.4785714285681
2026-01-11 08:00:00,90712.9,90806.3,90620.0,90787.3,276.10927202,25050357.843093298,25050357.843093298,1,186.3000000000029,93.30000000000291,93.0,186.3000000000029,132.08571428571096
2026-01-11 09:00:00,90788.2,90816.4,90653.5,90739.1,421.88545174,38284506.588491439,38284506.588491439,1,162.89999999999418,29.09999999999127,133.8000000000029,162.89999999999418,140.5571428571389
2026-01-11 10:00:00,90739.1,90761.4,90689.0,90728.9,28.76752492,2609893.360729086,2609893.360729086,1,72.39999999999418,22.29999999998836,50.10000000000582,72.39999999999418,138.23571428571034
2026-01-11 11:00:00,90729.0,90752.0,90696.0,90751.8,31.45814483,2854004.417289197,2854004.417289197,1,56.0,23.10000000000582,32.89999999999418,56.0,137.62857142856748
2026-01-11 12:00:00,90751.9,91033.0,90723.0,90938.1,93.10870438,8465374.372857881,8465374.372857881,1,310.0,281.1999999999971,28.80000000000291,310.0,145.84999999999647
2026-01-11 13:00:00,90938.1,90972.7,90822.5,90854.0,82.39697913,7489753.888060639,7489753.888060639,1,150.1999999999971,34.59999999999127,115.60000000000582,150.1999999999971,146.37142857142524
2026-01-11 14:00:00,90854.1,91199.8,90854.0,91126.1,101.61169412,9252875.591584268,9252875.591584268,1,345.8000000000029,345.8000000000029,0.0,345.8000000000029,156.95714285714035
2026-01-11 15:00:00,91126.1,91157.9,90711.4,90875.0,137.06704753,12462014.722218521,12462014.722218521,1,446.5,31.79999999998836,414.70000000001164,446.5,180.49285714285466
2026-01-11 16:00:00,90875.0,91284.6,90875.0,91041.9,118.59822454,10802603.972880225,10802603.972880225,1,409.6000000000058,409.6000000000058,0.0,409.6000000000058,201.32857142856977
2026-01-11 17:00:00,91042.0,91138.0,90912.0,90991.0,48.32468048,4399107.45772465,4399107.45772465,1,226.0,96.10000000000582,129.89999999999418,226.0,210.46428571428365
2026-01-11 18:00:00,90991.1,90991.1,90800.0,90882.9,45.99045951,4179679.064958694,4179679.064958694,1,191.10000000000582,0.10000000000582077,191.0,191.10000000000582,213.3785714285706
2026-01-11 19:00:00,90882.9,90932.0,90680.0,90693.1,31.54357856,2863853.48985495,2863853.48985495,1,252.0,49.10000000000582,202.89999999999418,252.0,222.53571428571428
2026-01-11 20:00:00,90693.1,90740.5,90424.3,90709.0,148.94350958,13487078.106036308,13487078.106036308,1,316.1999999999971,47.39999999999418,268.8000000000029,316.1999999999971,229.85714285714286
2026-01-11 21:00:00,90709.1,90836.3,90600.0,90759.0,44.86306926,4069682.831175137,4069682.831175137,1,236.3000000000029,127.30000000000291,109.0,236.3000000000029,240.09285714285735
2026-01-11 22:00:00,90759.1,90759.1,90455.8,90534.5,82.35397267,7461799.777861724,7461799.777861724,1,303.3000000000029,0.10000000000582077,303.1999999999971,303.3000000000029,248.45000000000022
2026-01-11 23:00:00,90534.4,91039.8,90230.3,91012.0,214.07575229,19410994.105751093,19410994.105751093,1,809.5,505.3000000000029,304.1999999999971,809.5,294.6357142857149
2026-01-12 00:00:00,91008.3,91255.6,90697.7,91255.6,222.78259444,20280453.860268811,20280453.860268811,1,557.9000000000087,243.60000000000582,314.3000000000029,557.9000000000087,329.3142857142874
2026-01-12 01:00:00,91255.7,91800.0,91099.4,91410.9,335.61197399,30695396.152784587,30695396.152784587,1,700.6000000000058,544.3999999999942,156.20000000001164,700.6000000000058,375.35714285714494
2026-01-12 02:00:00,91411.0,92396.4,91376.1,92210.1,422.74899793,38889167.118724004,38889167.118724004,1,1020.2999999999884,985.5,34.79999999998836,1020.2999999999884,426.0928571428584
2026-01-12 03:00:00,92211.8,92520.6,91805.4,91805.4,319.01275403,29421244.098548241,29421244.098548241,1,715.2000000000116,310.5,404.70000000001164,715.2000000000116,466.45000000000226
2026-01-12 04:00:00,91805.5,92281.7,91755.6,92160.0,124.53717313,11461377.423098606,11461377.423098606,1,526.0999999999913,476.3000000000029,49.79999999998836,526.0999999999913,479.3285714285729
2026-01-12 05:00:00,92160.1,92264.9,92048.4,92115.0,96.42016732,8884770.713873671,8884770.713873671,1,216.5,104.89999999999418,111.60000000000582,216.5,462.90000000000146
2026-01-12 06:00:00,92114.9,92208.0,91820.0,91839.1,136.64802883,12568283.497438013,12568283.497438013,1,388.0,93.0,295.0,388.0,461.3571428571439
2026-01-12 07:00:00,91839.1,91962.1,91400.0,91415.1,528.490474,48442857.175033613,48442857.175033613,1,562.1000000000058,123.0,439.1000000000058,562.1000000000058,485.3642857142872
2026-01-12 08:00:00,91415.1,91628.9,90400.0,90749.1,580.69904075,52778256.402353271,52778256.402353271,1,1228.8999999999942,213.79999999998836,1015.1000000000058,1228.8999999999942,559.4928571428578
2026-01-12 09:00:00,90749.1,90933.3,90646.1,90692.2,180.95933636,16433008.334714364,16433008.334714364,1,287.1999999999971,184.1999999999971,103.0,287.1999999999971,562.0071428571433
2026-01-12 10:00:00,90692.1,90793.0,90375.0,90435.9,149.27260652,13517169.57848921,13517169.57848921,1,418.0,100.80000000000291,317.1999999999971,418.0,569.278571428572
2026-01-12 11:00:00,90434.2,90816.1,90427.0,90630.1,165.21326359,14977035.121454335,14977035.121454335,1,389.1000000000058,380.20000000001164,8.89999999999418,389.1000000000058,580.192857142858
2026-01-12 12:00:00,90630.1,90870.4,90618.0,90789.0,73.0402834,6629157.49050605,6629157.49050605,1,252.39999999999418,240.29999999998836,12.10000000000582,252.39999999999418,576.557142857143
2026-01-12 13:00:00,90789.1,90829.7,90541.6,90632.1,150.14423847,13614122.733121293,13614122.733121293,1,288.09999999999127,40.69999999999709,247.39999999999418,288.09999999999127,539.3142857142853
2026-01-12 14:00:00,90632.1,91122.8,90132.1,90908.1,438.77331825,39757812.271452561,39757812.271452561,1,990.6999999999971,490.6999999999971,500.0,990.6999999999971,570.2285714285701
2026-01-12 15:00:00,90908.0,91679.6,90710.0,91666.9,367.10261225,33517183.940345519,33517183.940345519,1,969.6000000000058,771.5,198.10000000000582,969.6000000000058,589.4428571428559
2026-01-12 16:00:00,91666.0,92316.7,91575.0,92117.8,641.42504829,59003372.251430872,59003372.251430872,1,741.6999999999971,649.8000000000029,91.89999999999418,741.6999999999971,569.5428571428565
2026-01-12 17:00:00,92117.9,92299.1,91007.1,91522.5,510.64948513,46774494.415137832,46774494.415137832,1,1292.0,181.3000000000029,1110.699999999997,1292.0,610.7428571428557
2026-01-12 18:00:00,91522.6,91958.1,91415.1,91689.1,206.60046223,18954521.357794614,18954521.357794614,1,543.0,435.6000000000058,107.39999999999418,543.0,611.9499999999991
2026-01-12 19:00:00,91689.2,91881.3,91437.6,91864.9,131.5242544,12055329.168740881,12055329.168740881,1,443.6999999999971,192.1999999999971,251.5,443.6999999999971,628.1785714285704
2026-01-12 20:00:00,91864.9,92048.4,91416.6,91493.3,212.87155641,19508227.404874415,19508227.404874415,1,631.7999999999884,183.5,448.29999999998836,631.7999999999884,645.5928571428552
2026-01-12 21:00:00,91492.1,91500.0,90948.4,91056.0,158.43788366,14454876.813278923,14454876.813278923,1,551.6000000000058,6.69999999999709,544.9000000000087,551.6000000000058,644.8428571428552
2026-01-12 22:00:00,91056.0,91444.5,91056.0,91243.7,133.99910154,12237943.506216497,12237943.506216497,1,388.5,388.5,0.0,388.5,584.8142857142842
2026-01-12 23:00:00,91243.7,91319.9,91076.5,91304.0,53.12812533,4845658.997270267,4845658.997270267,1,243.39999999999418,76.19999999999709,167.1999999999971,243.39999999999418,581.6857142857126
2026-01-13 00:00:00,91304.0,91548.9,91257.0,91481.1,154.30764832,14104366.854061478,14104366.854061478,1,291.8999999999942,244.89999999999418,47.0,291.8999999999942,572.6785714285694
2026-01-13 01:00:00,91481.1,91548.0,91054.3,91188.0,82.43368771,7525218.467959754,7525218.467959754,1,493.6999999999971,66.89999999999418,426.8000000000029,493.6999999999971,580.1499999999972
2026-01-13 02:00:00,91188.0,91382.1,91102.2,91125.4,118.68310015,10826796.298685635,10826796.298685635,1,279.90000000000873,194.10000000000582,85.80000000000291,279.90000000000873,582.114285714284
2026-01-13 03:00:00,91125.5,91471.2,91125.1,91412.0,120.6913497,11020766.067645064,11020766.067645064,1,346.09999999999127,345.8000000000029,0.29999999998835847,346.09999999999127,586.2571428571412
2026-01-13 04:00:00,91412.1,91647.2,91349.9,91515.9,62.52384798,5718843.73975984,5718843.73975984,1,297.3000000000029,235.1999999999971,62.10000000000582,297.3000000000029,536.7285714285701
2026-01-13 05:00:00,91516.0,92256.9,91480.5,91924.5,273.85033642,25180944.629915467,25180944.629915467,1,776.3999999999942,741.0,35.39999999999418,776.3999999999942,522.9285714285694
2026-01-13 06:00:00,91924.6,92270.8,91811.5,92179.1,186.56114257,17170290.069550624,17170290.069550624,1,459.3000000000029,346.3000000000029,113.0,459.3000000000029,502.7571428571412
2026-01-13 07:00:00,92179.2,92207.0,91882.9,91949.7,672.8691819,61897171.063796031,61897171.063796031,1,324.1000000000058,27.89999999999418,296.20000000001164,324.1000000000058,433.6214285714273
2026-01-13 08:00:00,91949.7,92253.2,91908.4,92170.1,374.1430512,34431893.67532512,34431893.67532512,1,344.8000000000029,303.5,41.30000000000291,344.8000000000029,419.4642857142847
2026-01-13 09:00:00,92170.1,92666.0,91940.7,92264.7,332.88317456,30741790.842557198,30741790.842557198,1,725.3000000000029,495.8999999999942,229.40000000000873,725.3000000000029,439.5785714285708
2026-01-13 10:00:00,92264.7,92338.6,92022.0,92134.4,129.23897115,11916639.506247933,11916639.506247933,1,316.6000000000058,73.90000000000873,242.6999999999971,316.6000000000058,417.0642857142863
2026-01-13 11:00:00,92134.5,92258.6,91970.7,92001.0,128.14715601,11803597.454704142,11803597.454704142,1,287.90000000000873,124.20000000001164,163.6999999999971,287.90000000000873,398.22857142857225
2026-01-13 12:00:00,92001.1,92150.0,91916.2,92104.9,89.96696491,8283363.47262718,8283363.47262718,1,233.8000000000029,149.0,84.80000000000291,233.8000000000029,387.17857142857247
2026-01-13 13:00:00,92105.0,92607.0,91989.1,92074.9,501.55595981,46269176.897322829,46269176.897322829,1,617.8999999999942,502.1000000000058,115.79999999998836,617.8999999999942,413.92857142857247
2026-01-13 14:00:00,92074.9,92922.8,91790.0,92471.1,495.65949432,45819934.662136649,45819934.662136649,1,1132.800000000003,847.9000000000087,284.8999999999942,1132.800000000003,473.9928571428588
2026-01-13 15:00:00,92471.0,93456.0,92134.8,93455.9,595.3351178,55277802.857471831,55277802.857471831,1,1321.199999999997,984.8999999999942,336.3000000000029,1321.199999999997,533.1000000000016
2026-01-13 16:00:00,93455.9,93753.0,93080.7,93392.0,724.56704923,67741381.285219266,67741381.285219266,1,672.3000000000029,297.1000000000058,375.1999999999971,672.3000000000029,561.1285714285726
2026-01-13 17:00:00,93392.1,93494.0,93101.1,93244.0,228.59657494,21335502.105395803,21335502.105395803,1,392.8999999999942,102.0,290.8999999999942,392.8999999999942,564.47142857143
2026-01-13 18:00:00,93243.0,93871.7,93200.1,93629.4,265.82168368,24874386.639117492,24874386.639117492,1,671.5999999999913,627.6999999999971,43.89999999999418,671.5999999999913,591.2071428571435
2026-01-13 19:00:00,93629.4,94243.6,93475.0,94224.1,515.69539456,48401727.33207396,48401727.33207396,1,768.6000000000058,614.2000000000116,154.39999999999418,768.6000000000058,590.6500000000015
2026-01-13 20:00:00,94224.2,94510.1,94117.4,94412.6,723.26348036,68215655.728678229,68215655.728678229,1,392.70000000001164,286.0,106.70000000001164,392.70000000001164,585.8928571428593
2026-01-13 21:00:00,94412.7,94526.3,94060.0,94091.0,235.63804212,22224207.822008248,22224207.822008248,1,466.3000000000029,113.69999999999709,352.6000000000058,466.3000000000029,596.0500000000019
2026-01-13 22:00:00,94091.1,96543.0,94091.1,95755.0,1836.33443741,175410090.848696499,175410090.848696499,1,2451.899999999994,2452.0,0.10000000000582077,2452.0,746.5642857142874
2026-01-13 23:00:00,95758.0,96097.0,95070.0,95411.8,613.68722289,58722702.769467386,58722702.769467386,1,1027.0,342.0,685.0,1027.0,768.1142857142871
2026-01-14 00:00:00,95411.8,95664.6,95173.9,95241.0,239.37544371,22838621.298915929,22838621.298915929,1,490.70000000001164,252.8000000000029,237.90000000000873,490.70000000001164,780.5500000000019
2026-01-14 01:00:00,95241.0,95581.9,95142.8,95245.0,360.14014907,34341293.024147042,34341293.024147042,1,439.09999999999127,340.8999999999942,98.19999999999709,439.09999999999127,791.3500000000006
2026-01-14 02:00:00,95245.1,95561.9,95211.4,95349.0,242.3064343,23116803.563988516,23116803.563988516,1,350.5,316.8999999999942,33.60000000000582,350.5,799.6857142857147
2026-01-14 03:00:00,95349.0,95722.5,95283.2,95722.3,181.53390932,17336931.500101907,17336931.500101907,1,439.3000000000029,373.5,65.80000000000291,439.3000000000029,786.9285714285725
2026-01-14 04:00:00,95722.3,95796.8,95230.3,95246.0,218.86185582,20892686.580770568,20892686.580770568,1,566.5,74.5,492.0,566.5,746.4785714285723
2026-01-14 05:00:00,95246.1,95280.7,94957.7,95012.5,350.08250115,33289114.721341727,33289114.721341727,1,323.0,34.69999999999709,288.3000000000029,323.0,675.1785714285725
2026-01-14 06:00:00,95012.5,95037.4,94521.7,95037.3,399.21719965,37856848.162749052,37856848.162749052,1,515.6999999999971,24.89999999999418,490.8000000000029,515.6999999999971,663.9928571428578
2026-01-14 07:00:00,95037.4,95230.0,94844.0,95201.9,499.48489874,47483651.4391048,47483651.4391048,1,386.0,192.6999999999971,193.3000000000029,386.0,663.500000000001
2026-01-14 08:00:00,95201.9,95310.5,94866.6,94901.2,220.24319921,20947533.396039713,20947533.396039713,1,443.8999999999942,108.60000000000582,335.29999999998836,443.8999999999942,647.2357142857155
2026-01-14 09:00:00,94901.2,95181.0,94883.1,95091.1,376.50842309,35788483.386772632,35788483.386772632,1,297.8999999999942,279.8000000000029,18.09999999999127,297.8999999999942,613.6142857142861
2026-01-14 10:00:00,95091.0,95297.5,94895.4,95094.3,282.47880667,26870751.028143531,26870751.028143531,1,402.1000000000058,206.39999999999418,195.70000000001164,402.1000000000058,614.2857142857143
2026-01-14 11:00:00,95093.8,95093.8,94750.0,94797.7,220.8793008,20970190.949464199,20970190.949464199,1,343.8000000000029,0.5,344.3000000000029,344.3000000000029,605.5714285714286
2026-01-14 12:00:00,94797.7,95165.7,94688.1,95079.7,188.18468783,17878194.387617177,17878194.387617177,1,477.59999999999127,368.0,109.59999999999127,477.59999999999127,464.5428571428565
2026-01-14 13:00:00,95079.7,95240.2,94892.3,94997.0,149.57372963,14220389.020690293,14220389.020690293,1,347.8999999999942,160.5,187.39999999999418,347.8999999999942,416.03571428571325
2026-01-14 14:00:00,94997.0,96820.5,94983.9,96481.3,1151.60693601,110640089.842372494,110640089.842372494,1,1836.6000000000058,1823.5,13.10000000000582,1836.6000000000058,512.1714285714271
2026-01-14 15:00:00,96481.3,97088.0,96186.1,96755.6,1109.24876434,107253261.470403092,107253261.470403092,1,901.8999999999942,606.6999999999971,295.1999999999971,901.8999999999942,545.2285714285701
2026-01-14 16:00:00,96755.5,97696.7,96732.0,97285.5,1524.90198265,148331590.323989601,148331590.323989601,1,964.6999999999971,941.0999999999913,23.60000000000582,964.6999999999971,589.0999999999985
2026-01-14 17:00:00,97285.5,97776.0,96766.0,96953.2,1043.78772161,101639219.00311798,101639219.00311798,1,1010.0,490.5,519.5,1010.0,629.864285714284
2026-01-14 18:00:00,96953.1,97109.5,96229.5,96806.3,834.83314115,80706449.02842337,80706449.02842337,1,880.0,156.3000000000029,723.6999999999971,880.0,652.2571428571412
2026-01-14 19:00:00,96806.3,97648.6,96685.7,97257.8,512.45694584,49819584.544188107,49819584.544188107,1,962.9000000000087,842.3000000000029,120.60000000000582,962.9000000000087,697.9642857142846
2026-01-14 20:00:00,97257.8,97925.4,97207.7,97656.2,604.26613274,58953216.753090134,58953216.753090134,1,717.6999999999971,667.5999999999913,50.10000000000582,717.6999999999971,712.3928571428561
2026-01-10 17:00:00,90678.0,90742.0,90536.9,90542.0,36.01980307,3265183.400115375,3265183.400115375,1,205.10000000000582,,,205.10000000000582,205.10000000000582
2026-01-10 18:00:00,90541.9,90605.1,90511.3,90593.0,56.2344261,5092431.457278569,5092431.457278569,1,93.80000000000291,63.10000000000582,30.69999999999709,93.80000000000291,149.45000000000437
2026-01-10 19:00:00,90593.1,90625.7,90581.4,90621.3,19.05548206,1726441.466269505,1726441.466269505,1,44.30000000000291,32.69999999999709,11.60000000000582,44.30000000000291,114.40000000000389
2026-01-10 20:00:00,90621.2,90654.7,90549.8,90568.6,38.83663912,3517924.481580892,3517924.481580892,1,104.89999999999418,33.39999999999418,71.5,104.89999999999418,112.02500000000146
2026-01-10 21:00:00,90568.7,90568.7,90504.2,90505.0,28.37184261,2568509.524114916,2568509.524114916,1,64.5,0.09999999999126885,64.40000000000873,64.5,102.52000000000116
2026-01-10 22:00:00,90505.1,90591.2,90396.3,90424.4,171.97670891,15558636.64197512,15558636.64197512,1,194.89999999999418,86.19999999999709,108.69999999999709,194.89999999999418,117.91666666666667
2026-01-10 23:00:00,90424.4,90567.0,90424.1,90504.9,33.63895727,3044529.460805052,3044529.460805052,1,142.89999999999418,142.60000000000582,0.29999999998835847,142.89999999999418,121.48571428571346
2026-01-11 00:00:00,90504.9,90646.9,90449.3,90629.0,29.20374612,2644946.18469037,2644946.18469037,1,197.59999999999127,142.0,55.59999999999127,197.59999999999127,130.99999999999818
2026-01-11 01:00:00,90629.1,90674.0,90557.0,90625.7,24.50238031,2220230.312985146,2220230.312985146,1,117.0,45.0,72.0,117.0,129.44444444444284
2026-01-11 02:00:00,90625.8,90727.9,90610.0,90692.1,31.70904088,2875378.849020879,2875378.849020879,1,117.89999999999418,102.19999999999709,15.69999999999709,117.89999999999418,128.28999999999797
2026-01-11 03:00:00,90692.1,90733.1,90635.0,90733.0,43.57694718,3952300.140079397,3952300.140079397,1,98.10000000000582,41.0,57.10000000000582,98.10000000000582,125.54545454545323
2026-01-11 04:00:00,90733.1,90809.9,90659.6,90799.1,81.37199858,7383526.067885081,7383526.067885081,1,150.29999999998836,76.89999999999418,73.39999999999418,150.29999999998836,127.60833333333115
2026-01-11 05:00:00,90799.1,90859.9,90736.1,90777.8,42.06634215,3819146.055124129,3819146.055124129,1,123.79999999998836,60.79999999998836,63.0,123.79999999998836,127.3153846153817
2026-01-11 06:00:00,90777.8,90800.0,90586.3,90743.0,47.13946115,4274172.139015539,4274172.139015539,1,213.6999999999971,22.19999999999709,191.5,213.6999999999971,133.48571428571137
2026-01-11 07:00:00,90743.0,90765.0,90672.0,90713.0,51.55423959,4676645.596118151,4676645.596118151,1,93.0,22.0,71.0,93.0,125.4785714285681
2026-01-11 08:00:00,90712.9,90806.3,90620.0,90787.3,276.10927202,25050357.843093298,25050357.843093298,1,186.3000000000029,93.30000000000291,93.0,186.3000000000029,132.08571428571096
2026-01-11 09:00:00,90788.2,90816.4,90653.5,90739.1,421.88545174,38284506.588491439,38284506.588491439,1,162.89999999999418,29.09999999999127,133.8000000000029,162.89999999999418,140.5571428571389
2026-01-11 10:00:00,90739.1,90761.4,90689.0,90728.9,28.76752492,2609893.360729086,2609893.360729086,1,72.39999999999418,22.29999999998836,50.10000000000582,72.39999999999418,138.23571428571034
2026-01-11 11:00:00,90729.0,90752.0,90696.0,90751.8,31.45814483,2854004.417289197,2854004.417289197,1,56.0,23.10000000000582,32.89999999999418,56.0,137.62857142856748
2026-01-11 12:00:00,90751.9,91033.0,90723.0,90938.1,93.10870438,8465374.372857881,8465374.372857881,1,310.0,281.1999999999971,28.80000000000291,310.0,145.84999999999647
2026-01-11 13:00:00,90938.1,90972.7,90822.5,90854.0,82.39697913,7489753.888060639,7489753.888060639,1,150.1999999999971,34.59999999999127,115.60000000000582,150.1999999999971,146.37142857142524
2026-01-11 14:00:00,90854.1,91199.8,90854.0,91126.1,101.61169412,9252875.591584268,9252875.591584268,1,345.8000000000029,345.8000000000029,0.0,345.8000000000029,156.95714285714035
2026-01-11 15:00:00,91126.1,91157.9,90711.4,90875.0,137.06704753,12462014.722218521,12462014.722218521,1,446.5,31.79999999998836,414.70000000001164,446.5,180.49285714285466
2026-01-11 16:00:00,90875.0,91284.6,90875.0,91041.9,118.59822454,10802603.972880225,10802603.972880225,1,409.6000000000058,409.6000000000058,0.0,409.6000000000058,201.32857142856977
2026-01-11 17:00:00,91042.0,91138.0,90912.0,90991.0,48.32468048,4399107.45772465,4399107.45772465,1,226.0,96.10000000000582,129.89999999999418,226.0,210.46428571428365
2026-01-11 18:00:00,90991.1,90991.1,90800.0,90882.9,45.99045951,4179679.064958694,4179679.064958694,1,191.10000000000582,0.10000000000582077,191.0,191.10000000000582,213.3785714285706
2026-01-11 19:00:00,90882.9,90932.0,90680.0,90693.1,31.54357856,2863853.48985495,2863853.48985495,1,252.0,49.10000000000582,202.89999999999418,252.0,222.53571428571428
2026-01-11 20:00:00,90693.1,90740.5,90424.3,90709.0,148.94350958,13487078.106036308,13487078.106036308,1,316.1999999999971,47.39999999999418,268.8000000000029,316.1999999999971,229.85714285714286
2026-01-11 21:00:00,90709.1,90836.3,90600.0,90759.0,44.86306926,4069682.831175137,4069682.831175137,1,236.3000000000029,127.30000000000291,109.0,236.3000000000029,240.09285714285735
2026-01-11 22:00:00,90759.1,90759.1,90455.8,90534.5,82.35397267,7461799.777861724,7461799.777861724,1,303.3000000000029,0.10000000000582077,303.1999999999971,303.3000000000029,248.45000000000022
2026-01-11 23:00:00,90534.4,91039.8,90230.3,91012.0,214.07575229,19410994.105751093,19410994.105751093,1,809.5,505.3000000000029,304.1999999999971,809.5,294.6357142857149
2026-01-12 00:00:00,91008.3,91255.6,90697.7,91255.6,222.78259444,20280453.860268811,20280453.860268811,1,557.9000000000087,243.60000000000582,314.3000000000029,557.9000000000087,329.3142857142874
2026-01-12 01:00:00,91255.7,91800.0,91099.4,91410.9,335.61197399,30695396.152784587,30695396.152784587,1,700.6000000000058,544.3999999999942,156.20000000001164,700.6000000000058,375.35714285714494
2026-01-12 02:00:00,91411.0,92396.4,91376.1,92210.1,422.74899793,38889167.118724004,38889167.118724004,1,1020.2999999999884,985.5,34.79999999998836,1020.2999999999884,426.0928571428584
2026-01-12 03:00:00,92211.8,92520.6,91805.4,91805.4,319.01275403,29421244.098548241,29421244.098548241,1,715.2000000000116,310.5,404.70000000001164,715.2000000000116,466.45000000000226
2026-01-12 04:00:00,91805.5,92281.7,91755.6,92160.0,124.53717313,11461377.423098606,11461377.423098606,1,526.0999999999913,476.3000000000029,49.79999999998836,526.0999999999913,479.3285714285729
2026-01-12 05:00:00,92160.1,92264.9,92048.4,92115.0,96.42016732,8884770.713873671,8884770.713873671,1,216.5,104.89999999999418,111.60000000000582,216.5,462.90000000000146
2026-01-12 06:00:00,92114.9,92208.0,91820.0,91839.1,136.64802883,12568283.497438013,12568283.497438013,1,388.0,93.0,295.0,388.0,461.3571428571439
2026-01-12 07:00:00,91839.1,91962.1,91400.0,91415.1,528.490474,48442857.175033613,48442857.175033613,1,562.1000000000058,123.0,439.1000000000058,562.1000000000058,485.3642857142872
2026-01-12 08:00:00,91415.1,91628.9,90400.0,90749.1,580.69904075,52778256.402353271,52778256.402353271,1,1228.8999999999942,213.79999999998836,1015.1000000000058,1228.8999999999942,559.4928571428578
2026-01-12 09:00:00,90749.1,90933.3,90646.1,90692.2,180.95933636,16433008.334714364,16433008.334714364,1,287.1999999999971,184.1999999999971,103.0,287.1999999999971,562.0071428571433
2026-01-12 10:00:00,90692.1,90793.0,90375.0,90435.9,149.27260652,13517169.57848921,13517169.57848921,1,418.0,100.80000000000291,317.1999999999971,418.0,569.278571428572
2026-01-12 11:00:00,90434.2,90816.1,90427.0,90630.1,165.21326359,14977035.121454335,14977035.121454335,1,389.1000000000058,380.20000000001164,8.89999999999418,389.1000000000058,580.192857142858
2026-01-12 12:00:00,90630.1,90870.4,90618.0,90789.0,73.0402834,6629157.49050605,6629157.49050605,1,252.39999999999418,240.29999999998836,12.10000000000582,252.39999999999418,576.557142857143
2026-01-12 13:00:00,90789.1,90829.7,90541.6,90632.1,150.14423847,13614122.733121293,13614122.733121293,1,288.09999999999127,40.69999999999709,247.39999999999418,288.09999999999127,539.3142857142853
2026-01-12 14:00:00,90632.1,91122.8,90132.1,90908.1,438.77331825,39757812.271452561,39757812.271452561,1,990.6999999999971,490.6999999999971,500.0,990.6999999999971,570.2285714285701
2026-01-12 15:00:00,90908.0,91679.6,90710.0,91666.9,367.10261225,33517183.940345519,33517183.940345519,1,969.6000000000058,771.5,198.10000000000582,969.6000000000058,589.4428571428559
2026-01-12 16:00:00,91666.0,92316.7,91575.0,92117.8,641.42504829,59003372.251430872,59003372.251430872,1,741.6999999999971,649.8000000000029,91.89999999999418,741.6999999999971,569.5428571428565
2026-01-12 17:00:00,92117.9,92299.1,91007.1,91522.5,510.64948513,46774494.415137832,46774494.415137832,1,1292.0,181.3000000000029,1110.699999999997,1292.0,610.7428571428557
2026-01-12 18:00:00,91522.6,91958.1,91415.1,91689.1,206.60046223,18954521.357794614,18954521.357794614,1,543.0,435.6000000000058,107.39999999999418,543.0,611.9499999999991
2026-01-12 19:00:00,91689.2,91881.3,91437.6,91864.9,131.5242544,12055329.168740881,12055329.168740881,1,443.6999999999971,192.1999999999971,251.5,443.6999999999971,628.1785714285704
2026-01-12 20:00:00,91864.9,92048.4,91416.6,91493.3,212.87155641,19508227.404874415,19508227.404874415,1,631.7999999999884,183.5,448.29999999998836,631.7999999999884,645.5928571428552
2026-01-12 21:00:00,91492.1,91500.0,90948.4,91056.0,158.43788366,14454876.813278923,14454876.813278923,1,551.6000000000058,6.69999999999709,544.9000000000087,551.6000000000058,644.8428571428552
2026-01-12 22:00:00,91056.0,91444.5,91056.0,91243.7,133.99910154,12237943.506216497,12237943.506216497,1,388.5,388.5,0.0,388.5,584.8142857142842
2026-01-12 23:00:00,91243.7,91319.9,91076.5,91304.0,53.12812533,4845658.997270267,4845658.997270267,1,243.39999999999418,76.19999999999709,167.1999999999971,243.39999999999418,581.6857142857126
2026-01-13 00:00:00,91304.0,91548.9,91257.0,91481.1,154.30764832,14104366.854061478,14104366.854061478,1,291.8999999999942,244.89999999999418,47.0,291.8999999999942,572.6785714285694
2026-01-13 01:00:00,91481.1,91548.0,91054.3,91188.0,82.43368771,7525218.467959754,7525218.467959754,1,493.6999999999971,66.89999999999418,426.8000000000029,493.6999999999971,580.1499999999972
2026-01-13 02:00:00,91188.0,91382.1,91102.2,91125.4,118.68310015,10826796.298685635,10826796.298685635,1,279.90000000000873,194.10000000000582,85.80000000000291,279.90000000000873,582.114285714284
2026-01-13 03:00:00,91125.5,91471.2,91125.1,91412.0,120.6913497,11020766.067645064,11020766.067645064,1,346.09999999999127,345.8000000000029,0.29999999998835847,346.09999999999127,586.2571428571412
2026-01-13 04:00:00,91412.1,91647.2,91349.9,91515.9,62.52384798,5718843.73975984,5718843.73975984,1,297.3000000000029,235.1999999999971,62.10000000000582,297.3000000000029,536.7285714285701
2026-01-13 05:00:00,91516.0,92256.9,91480.5,91924.5,273.85033642,25180944.629915467,25180944.629915467,1,776.3999999999942,741.0,35.39999999999418,776.3999999999942,522.9285714285694
2026-01-13 06:00:00,91924.6,92270.8,91811.5,92179.1,186.56114257,17170290.069550624,17170290.069550624,1,459.3000000000029,346.3000000000029,113.0,459.3000000000029,502.7571428571412
2026-01-13 07:00:00,92179.2,92207.0,91882.9,91949.7,672.8691819,61897171.063796031,61897171.063796031,1,324.1000000000058,27.89999999999418,296.20000000001164,324.1000000000058,433.6214285714273
2026-01-13 08:00:00,91949.7,92253.2,91908.4,92170.1,374.1430512,34431893.67532512,34431893.67532512,1,344.8000000000029,303.5,41.30000000000291,344.8000000000029,419.4642857142847
2026-01-13 09:00:00,92170.1,92666.0,91940.7,92264.7,332.88317456,30741790.842557198,30741790.842557198,1,725.3000000000029,495.8999999999942,229.40000000000873,725.3000000000029,439.5785714285708
2026-01-13 10:00:00,92264.7,92338.6,92022.0,92134.4,129.23897115,11916639.506247933,11916639.506247933,1,316.6000000000058,73.90000000000873,242.6999999999971,316.6000000000058,417.0642857142863
2026-01-13 11:00:00,92134.5,92258.6,91970.7,92001.0,128.14715601,11803597.454704142,11803597.454704142,1,287.90000000000873,124.20000000001164,163.6999999999971,287.90000000000873,398.22857142857225
2026-01-13 12:00:00,92001.1,92150.0,91916.2,92104.9,89.96696491,8283363.47262718,8283363.47262718,1,233.8000000000029,149.0,84.80000000000291,233.8000000000029,387.17857142857247
2026-01-13 13:00:00,92105.0,92607.0,91989.1,92074.9,501.55595981,46269176.897322829,46269176.897322829,1,617.8999999999942,502.1000000000058,115.79999999998836,617.8999999999942,413.92857142857247
2026-01-13 14:00:00,92074.9,92922.8,91790.0,92471.1,495.65949432,45819934.662136649,45819934.662136649,1,1132.800000000003,847.9000000000087,284.8999999999942,1132.800000000003,473.9928571428588
2026-01-13 15:00:00,92471.0,93456.0,92134.8,93455.9,595.3351178,55277802.857471831,55277802.857471831,1,1321.199999999997,984.8999999999942,336.3000000000029,1321.199999999997,533.1000000000016
2026-01-13 16:00:00,93455.9,93753.0,93080.7,93392.0,724.56704923,67741381.285219266,67741381.285219266,1,672.3000000000029,297.1000000000058,375.1999999999971,672.3000000000029,561.1285714285726
2026-01-13 17:00:00,93392.1,93494.0,93101.1,93244.0,228.59657494,21335502.105395803,21335502.105395803,1,392.8999999999942,102.0,290.8999999999942,392.8999999999942,564.47142857143
2026-01-13 18:00:00,93243.0,93871.7,93200.1,93629.4,265.82168368,24874386.639117492,24874386.639117492,1,671.5999999999913,627.6999999999971,43.89999999999418,671.5999999999913,591.2071428571435
2026-01-13 19:00:00,93629.4,94243.6,93475.0,94224.1,515.69539456,48401727.33207396,48401727.33207396,1,768.6000000000058,614.2000000000116,154.39999999999418,768.6000000000058,590.6500000000015
2026-01-13 20:00:00,94224.2,94510.1,94117.4,94412.6,723.26348036,68215655.728678229,68215655.728678229,1,392.70000000001164,286.0,106.70000000001164,392.70000000001164,585.8928571428593
2026-01-13 21:00:00,94412.7,94526.3,94060.0,94091.0,235.63804212,22224207.822008248,22224207.822008248,1,466.3000000000029,113.69999999999709,352.6000000000058,466.3000000000029,596.0500000000019
2026-01-13 22:00:00,94091.1,96543.0,94091.1,95755.0,1836.33443741,175410090.848696499,175410090.848696499,1,2451.899999999994,2452.0,0.10000000000582077,2452.0,746.5642857142874
2026-01-13 23:00:00,95758.0,96097.0,95070.0,95411.8,613.68722289,58722702.769467386,58722702.769467386,1,1027.0,342.0,685.0,1027.0,768.1142857142871
2026-01-14 00:00:00,95411.8,95664.6,95173.9,95241.0,239.37544371,22838621.298915929,22838621.298915929,1,490.70000000001164,252.8000000000029,237.90000000000873,490.70000000001164,780.5500000000019
2026-01-14 01:00:00,95241.0,95581.9,95142.8,95245.0,360.14014907,34341293.024147042,34341293.024147042,1,439.09999999999127,340.8999999999942,98.19999999999709,439.09999999999127,791.3500000000006
2026-01-14 02:00:00,95245.1,95561.9,95211.4,95349.0,242.3064343,23116803.563988516,23116803.563988516,1,350.5,316.8999999999942,33.60000000000582,350.5,799.6857142857147
2026-01-14 03:00:00,95349.0,95722.5,95283.2,95722.3,181.53390932,17336931.500101907,17336931.500101907,1,439.3000000000029,373.5,65.80000000000291,439.3000000000029,786.9285714285725
2026-01-14 04:00:00,95722.3,95796.8,95230.3,95246.0,218.86185582,20892686.580770568,20892686.580770568,1,566.5,74.5,492.0,566.5,746.4785714285723
2026-01-14 05:00:00,95246.1,95280.7,94957.7,95012.5,350.08250115,33289114.721341727,33289114.721341727,1,323.0,34.69999999999709,288.3000000000029,323.0,675.1785714285725
2026-01-14 06:00:00,95012.5,95037.4,94521.7,95037.3,399.21719965,37856848.162749052,37856848.162749052,1,515.6999999999971,24.89999999999418,490.8000000000029,515.6999999999971,663.9928571428578
2026-01-14 07:00:00,95037.4,95230.0,94844.0,95201.9,499.48489874,47483651.4391048,47483651.4391048,1,386.0,192.6999999999971,193.3000000000029,386.0,663.500000000001
2026-01-14 08:00:00,95201.9,95310.5,94866.6,94901.2,220.24319921,20947533.396039713,20947533.396039713,1,443.8999999999942,108.60000000000582,335.29999999998836,443.8999999999942,647.2357142857155
2026-01-14 09:00:00,94901.2,95181.0,94883.1,95091.1,376.50842309,35788483.386772632,35788483.386772632,1,297.8999999999942,279.8000000000029,18.09999999999127,297.8999999999942,613.6142857142861
2026-01-14 10:00:00,95091.0,95297.5,94895.4,95094.3,282.47880667,26870751.028143531,26870751.028143531,1,402.1000000000058,206.39999999999418,195.70000000001164,402.1000000000058,614.2857142857143
2026-01-14 11:00:00,95093.8,95093.8,94750.0,94797.7,220.8793008,20970190.949464199,20970190.949464199,1,343.8000000000029,0.5,344.3000000000029,344.3000000000029,605.5714285714286
2026-01-14 12:00:00,94797.7,95165.7,94688.1,95079.7,188.18468783,17878194.387617177,17878194.387617177,1,477.59999999999127,368.0,109.59999999999127,477.59999999999127,464.5428571428565
2026-01-14 13:00:00,95079.7,95240.2,94892.3,94997.0,149.57372963,14220389.020690293,14220389.020690293,1,347.8999999999942,160.5,187.39999999999418,347.8999999999942,416.03571428571325
2026-01-14 14:00:00,94997.0,96820.5,94983.9,96481.3,1151.60693601,110640089.842372494,110640089.842372494,1,1836.6000000000058,1823.5,13.10000000000582,1836.6000000000058,512.1714285714271
2026-01-14 15:00:00,96481.3,97088.0,96186.1,96755.6,1109.24876434,107253261.470403092,107253261.470403092,1,901.8999999999942,606.6999999999971,295.1999999999971,901.8999999999942,545.2285714285701
2026-01-14 16:00:00,96755.5,97696.7,96732.0,97285.5,1524.90198265,148331590.323989601,148331590.323989601,1,964.6999999999971,941.0999999999913,23.60000000000582,964.6999999999971,589.0999999999985
2026-01-14 17:00:00,97285.5,97776.0,96766.0,96953.2,1043.78772161,101639219.00311798,101639219.00311798,1,1010.0,490.5,519.5,1010.0,629.864285714284
2026-01-14 18:00:00,96953.1,97109.5,96229.5,96806.3,834.83314115,80706449.02842337,80706449.02842337,1,880.0,156.3000000000029,723.6999999999971,880.0,652.2571428571412
2026-01-14 19:00:00,96806.3,97648.6,96685.7,97257.8,512.45694584,49819584.544188107,49819584.544188107,1,962.9000000000087,842.3000000000029,120.60000000000582,962.9000000000087,697.9642857142846
2026-01-14 20:00:00,97257.8,97925.4,97207.7,97656.2,604.26613274,58953216.753090134,58953216.753090134,1,717.6999999999971,667.5999999999913,50.10000000000582,717.6999999999971,712.3928571428561
2026-01-10 18:00:00,90541.9,90605.1,90511.3,90593.0,56.2344261,5092431.457278569,5092431.457278569,1,93.80000000000291,,,93.80000000000291,93.80000000000291
2026-01-10 19:00:00,90593.1,90625.7,90581.4,90621.3,19.05548206,1726441.466269505,1726441.466269505,1,44.30000000000291,32.69999999999709,11.60000000000582,44.30000000000291,69.05000000000291
2026-01-10 20:00:00,90621.2,90654.7,90549.8,90568.6,38.83663912,3517924.481580892,3517924.481580892,1,104.89999999999418,33.39999999999418,71.5,104.89999999999418,81.0
2026-01-10 21:00:00,90568.7,90568.7,90504.2,90505.0,28.37184261,2568509.524114916,2568509.524114916,1,64.5,0.09999999999126885,64.40000000000873,64.5,76.875
2026-01-10 22:00:00,90505.1,90591.2,90396.3,90424.4,171.97670891,15558636.64197512,15558636.64197512,1,194.89999999999418,86.19999999999709,108.69999999999709,194.89999999999418,100.47999999999884
2026-01-10 23:00:00,90424.4,90567.0,90424.1,90504.9,33.63895727,3044529.460805052,3044529.460805052,1,142.89999999999418,142.60000000000582,0.29999999998835847,142.89999999999418,107.54999999999806
2026-01-11 00:00:00,90504.9,90646.9,90449.3,90629.0,29.20374612,2644946.18469037,2644946.18469037,1,197.59999999999127,142.0,55.59999999999127,197.59999999999127,120.4142857142828
2026-01-11 01:00:00,90629.1,90674.0,90557.0,90625.7,24.50238031,2220230.312985146,2220230.312985146,1,117.0,45.0,72.0,117.0,119.98749999999745
2026-01-11 02:00:00,90625.8,90727.9,90610.0,90692.1,31.70904088,2875378.849020879,2875378.849020879,1,117.89999999999418,102.19999999999709,15.69999999999709,117.89999999999418,119.75555555555265
2026-01-11 03:00:00,90692.1,90733.1,90635.0,90733.0,43.57694718,3952300.140079397,3952300.140079397,1,98.10000000000582,41.0,57.10000000000582,98.10000000000582,117.58999999999796
2026-01-11 04:00:00,90733.1,90809.9,90659.6,90799.1,81.37199858,7383526.067885081,7383526.067885081,1,150.29999999998836,76.89999999999418,73.39999999999418,150.29999999998836,120.56363636363345
2026-01-11 05:00:00,90799.1,90859.9,90736.1,90777.8,42.06634215,3819146.055124129,3819146.055124129,1,123.79999999998836,60.79999999998836,63.0,123.79999999998836,120.83333333332969
2026-01-11 06:00:00,90777.8,90800.0,90586.3,90743.0,47.13946115,4274172.139015539,4274172.139015539,1,213.6999999999971,22.19999999999709,191.5,213.6999999999971,127.97692307691949
2026-01-11 07:00:00,90743.0,90765.0,90672.0,90713.0,51.55423959,4676645.596118151,4676645.596118151,1,93.0,22.0,71.0,93.0,125.4785714285681
2026-01-11 08:00:00,90712.9,90806.3,90620.0,90787.3,276.10927202,25050357.843093298,25050357.843093298,1,186.3000000000029,93.30000000000291,93.0,186.3000000000029,132.08571428571096
2026-01-11 09:00:00,90788.2,90816.4,90653.5,90739.1,421.88545174,38284506.588491439,38284506.588491439,1,162.89999999999418,29.09999999999127,133.8000000000029,162.89999999999418,140.5571428571389
2026-01-11 10:00:00,90739.1,90761.4,90689.0,90728.9,28.76752492,2609893.360729086,2609893.360729086,1,72.39999999999418,22.29999999998836,50.10000000000582,72.39999999999418,138.23571428571034
2026-01-11 11:00:00,90729.0,90752.0,90696.0,90751.8,31.45814483,2854004.417289197,2854004.417289197,1,56.0,23.10000000000582,32.89999999999418,56.0,137.62857142856748
2026-01-11 12:00:00,90751.9,91033.0,90723.0,90938.1,93.10870438,8465374.372857881,8465374.372857881,1,310.0,281.1999999999971,28.80000000000291,310.0,145.84999999999647
2026-01-11 13:00:00,90938.1,90972.7,90822.5,90854.0,82.39697913,7489753.888060639,7489753.888060639,1,150.1999999999971,34.59999999999127,115.60000000000582,150.1999999999971,146.37142857142524
2026-01-11 14:00:00,90854.1,91199.8,90854.0,91126.1,101.61169412,9252875.591584268,9252875.591584268,1,345.8000000000029,345.8000000000029,0.0,345.8000000000029,156.95714285714035
2026-01-11 15:00:00,91126.1,91157.9,90711.4,90875.0,137.06704753,12462014.722218521,12462014.722218521,1,446.5,31.79999999998836,414.70000000001164,446.5,180.49285714285466
2026-01-11 16:00:00,90875.0,91284.6,90875.0,91041.9,118.59822454,10802603.972880225,10802603.972880225,1,409.6000000000058,409.6000000000058,0.0,409.6000000000058,201.32857142856977
2026-01-11 17:00:00,91042.0,91138.0,90912.0,90991.0,48.32468048,4399107.45772465,4399107.45772465,1,226.0,96.10000000000582,129.89999999999418,226.0,210.46428571428365
2026-01-11 18:00:00,90991.1,90991.1,90800.0,90882.9,45.99045951,4179679.064958694,4179679.064958694,1,191.10000000000582,0.10000000000582077,191.0,191.10000000000582,213.3785714285706
2026-01-11 19:00:00,90882.9,90932.0,90680.0,90693.1,31.54357856,2863853.48985495,2863853.48985495,1,252.0,49.10000000000582,202.89999999999418,252.0,222.53571428571428
2026-01-11 20:00:00,90693.1,90740.5,90424.3,90709.0,148.94350958,13487078.106036308,13487078.106036308,1,316.1999999999971,47.39999999999418,268.8000000000029,316.1999999999971,229.85714285714286
2026-01-11 21:00:00,90709.1,90836.3,90600.0,90759.0,44.86306926,4069682.831175137,4069682.831175137,1,236.3000000000029,127.30000000000291,109.0,236.3000000000029,240.09285714285735
2026-01-11 22:00:00,90759.1,90759.1,90455.8,90534.5,82.35397267,7461799.777861724,7461799.777861724,1,303.3000000000029,0.10000000000582077,303.1999999999971,303.3000000000029,248.45000000000022
2026-01-11 23:00:00,90534.4,91039.8,90230.3,91012.0,214.07575229,19410994.105751093,19410994.105751093,1,809.5,505.3000000000029,304.1999999999971,809.5,294.6357142857149
2026-01-12 00:00:00,91008.3,91255.6,90697.7,91255.6,222.78259444,20280453.860268811,20280453.860268811,1,557.9000000000087,243.60000000000582,314.3000000000029,557.9000000000087,329.3142857142874
2026-01-12 01:00:00,91255.7,91800.0,91099.4,91410.9,335.61197399,30695396.152784587,30695396.152784587,1,700.6000000000058,544.3999999999942,156.20000000001164,700.6000000000058,375.35714285714494
2026-01-12 02:00:00,91411.0,92396.4,91376.1,92210.1,422.74899793,38889167.118724004,38889167.118724004,1,1020.2999999999884,985.5,34.79999999998836,1020.2999999999884,426.0928571428584
2026-01-12 03:00:00,92211.8,92520.6,91805.4,91805.4,319.01275403,29421244.098548241,29421244.098548241,1,715.2000000000116,310.5,404.70000000001164,715.2000000000116,466.45000000000226
2026-01-12 04:00:00,91805.5,92281.7,91755.6,92160.0,124.53717313,11461377.423098606,11461377.423098606,1,526.0999999999913,476.3000000000029,49.79999999998836,526.0999999999913,479.3285714285729
2026-01-12 05:00:00,92160.1,92264.9,92048.4,92115.0,96.42016732,8884770.713873671,8884770.713873671,1,216.5,104.89999999999418,111.60000000000582,216.5,462.90000000000146
2026-01-12 06:00:00,92114.9,92208.0,91820.0,91839.1,136.64802883,12568283.497438013,12568283.497438013,1,388.0,93.0,295.0,388.0,461.3571428571439
2026-01-12 07:00:00,91839.1,91962.1,91400.0,91415.1,528.490474,48442857.175033613,48442857.175033613,1,562.1000000000058,123.0,439.1000000000058,562.1000000000058,485.3642857142872
2026-01-12 08:00:00,91415.1,91628.9,90400.0,90749.1,580.69904075,52778256.402353271,52778256.402353271,1,1228.8999999999942,213.79999999998836,1015.1000000000058,1228.8999999999942,559.4928571428578
2026-01-12 09:00:00,90749.1,90933.3,90646.1,90692.2,180.95933636,16433008.334714364,16433008.334714364,1,287.1999999999971,184.1999999999971,103.0,287.1999999999971,562.0071428571433
2026-01-12 10:00:00,90692.1,90793.0,90375.0,90435.9,149.27260652,13517169.57848921,13517169.57848921,1,418.0,100.80000000000291,317.1999999999971,418.0,569.278571428572
2026-01-12 11:00:00,90434.2,90816.1,90427.0,90630.1,165.21326359,14977035.121454335,14977035.121454335,1,389.1000000000058,380.20000000001164,8.89999999999418,389.1000000000058,580.192857142858
2026-01-12 12:00:00,90630.1,90870.4,90618.0,90789.0,73.0402834,6629157.49050605,6629157.49050605,1,252.39999999999418,240.29999999998836,12.10000000000582,252.39999999999418,576.557142857143
2026-01-12 13:00:00,90789.1,90829.7,90541.6,90632.1,150.14423847,13614122.733121293,13614122.733121293,1,288.09999999999127,40.69999999999709,247.39999999999418,288.09999999999127,539.3142857142853
2026-01-12 14:00:00,90632.1,91122.8,90132.1,90908.1,438.77331825,39757812.271452561,39757812.271452561,1,990.6999999999971,490.6999999999971,500.0,990.6999999999971,570.2285714285701
2026-01-12 15:00:00,90908.0,91679.6,90710.0,91666.9,367.10261225,33517183.940345519,33517183.940345519,1,969.6000000000058,771.5,198.10000000000582,969.6000000000058,589.4428571428559
2026-01-12 16:00:00,91666.0,92316.7,91575.0,92117.8,641.42504829,59003372.251430872,59003372.251430872,1,741.6999999999971,649.8000000000029,91.89999999999418,741.6999999999971,569.5428571428565
2026-01-12 17:00:00,92117.9,92299.1,91007.1,91522.5,510.64948513,46774494.415137832,46774494.415137832,1,1292.0,181.3000000000029,1110.699999999997,1292.0,610.7428571428557
2026-01-12 18:00:00,91522.6,91958.1,91415.1,91689.1,206.60046223,18954521.357794614,18954521.357794614,1,543.0,435.6000000000058,107.39999999999418,543.0,611.9499999999991
2026-01-12 19:00:00,91689.2,91881.3,91437.6,91864.9,131.5242544,12055329.168740881,12055329.168740881,1,443.6999999999971,192.1999999999971,251.5,443.6999999999971,628.1785714285704
2026-01-12 20:00:00,91864.9,92048.4,91416.6,91493.3,212.87155641,19508227.404874415,19508227.404874415,1,631.7999999999884,183.5,448.29999999998836,631.7999999999884,645.5928571428552
2026-01-12 21:00:00,91492.1,91500.0,90948.4,91056.0,158.43788366,14454876.813278923,14454876.813278923,1,551.6000000000058,6.69999999999709,544.9000000000087,551.6000000000058,644.8428571428552
2026-01-12 22:00:00,91056.0,91444.5,91056.0,91243.7,133.99910154,12237943.506216497,12237943.506216497,1,388.5,388.5,0.0,388.5,584.8142857142842
2026-01-12 23:00:00,91243.7,91319.9,91076.5,91304.0,53.12812533,4845658.997270267,4845658.997270267,1,243.39999999999418,76.19999999999709,167.1999999999971,243.39999999999418,581.6857142857126
2026-01-13 00:00:00,91304.0,91548.9,91257.0,91481.1,154.30764832,14104366.854061478,14104366.854061478,1,291.8999999999942,244.89999999999418,47.0,291.8999999999942,572.6785714285694
2026-01-13 01:00:00,91481.1,91548.0,91054.3,91188.0,82.43368771,7525218.467959754,7525218.467959754,1,493.6999999999971,66.89999999999418,426.8000000000029,493.6999999999971,580.1499999999972
2026-01-13 02:00:00,91188.0,91382.1,91102.2,91125.4,118.68310015,10826796.298685635,10826796.298685635,1,279.90000000000873,194.10000000000582,85.80000000000291,279.90000000000873,582.114285714284
2026-01-13 03:00:00,91125.5,91471.2,91125.1,91412.0,120.6913497,11020766.067645064,11020766.067645064,1,346.09999999999127,345.8000000000029,0.29999999998835847,346.09999999999127,586.2571428571412
2026-01-13 04:00:00,91412.1,91647.2,91349.9,91515.9,62.52384798,5718843.73975984,5718843.73975984,1,297.3000000000029,235.1999999999971,62.10000000000582,297.3000000000029,536.7285714285701
2026-01-13 05:00:00,91516.0,92256.9,91480.5,91924.5,273.85033642,25180944.629915467,25180944.629915467,1,776.3999999999942,741.0,35.39999999999418,776.3999999999942,522.9285714285694
2026-01-13 06:00:00,91924.6,92270.8,91811.5,92179.1,186.56114257,17170290.069550624,17170290.069550624,1,459.3000000000029,346.3000000000029,113.0,459.3000000000029,502.7571428571412
2026-01-13 07:00:00,92179.2,92207.0,91882.9,91949.7,672.8691819,61897171.063796031,61897171.063796031,1,324.1000000000058,27.89999999999418,296.20000000001164,324.1000000000058,433.6214285714273
2026-01-13 08:00:00,91949.7,92253.2,91908.4,92170.1,374.1430512,34431893.67532512,34431893.67532512,1,344.8000000000029,303.5,41.30000000000291,344.8000000000029,419.4642857142847
2026-01-13 09:00:00,92170.1,92666.0,91940.7,92264.7,332.88317456,30741790.842557198,30741790.842557198,1,725.3000000000029,495.8999999999942,229.40000000000873,725.3000000000029,439.5785714285708
2026-01-13 10:00:00,92264.7,92338.6,92022.0,92134.4,129.23897115,11916639.506247933,11916639.506247933,1,316.6000000000058,73.90000000000873,242.6999999999971,316.6000000000058,417.0642857142863
2026-01-13 11:00:00,92134.5,92258.6,91970.7,92001.0,128.14715601,11803597.454704142,11803597.454704142,1,287.90000000000873,124.20000000001164,163.6999999999971,287.90000000000873,398.22857142857225
2026-01-13 12:00:00,92001.1,92150.0,91916.2,92104.9,89.96696491,8283363.47262718,8283363.47262718,1,233.8000000000029,149.0,84.80000000000291,233.8000000000029,387.17857142857247
2026-01-13 13:00:00,92105.0,92607.0,91989.1,92074.9,501.55595981,46269176.897322829,46269176.897322829,1,617.8999999999942,502.1000000000058,115.79999999998836,617.8999999999942,413.92857142857247
2026-01-13 14:00:00,92074.9,92922.8,91790.0,92471.1,495.65949432,45819934.662136649,45819934.662136649,1,1132.800000000003,847.9000000000087,284.8999999999942,1132.800000000003,473.9928571428588
2026-01-13 15:00:00,92471.0,93456.0,92134.8,93455.9,595.3351178,55277802.857471831,55277802.857471831,1,1321.199999999997,984.8999999999942,336.3000000000029,1321.199999999997,533.1000000000016
2026-01-13 16:00:00,93455.9,93753.0,93080.7,93392.0,724.56704923,67741381.285219266,67741381.285219266,1,672.3000000000029,297.1000000000058,375.1999999999971,672.3000000000029,561.1285714285726
2026-01-13 17:00:00,93392.1,93494.0,93101.1,93244.0,228.59657494,21335502.105395803,21335502.105395803,1,392.8999999999942,102.0,290.8999999999942,392.8999999999942,564.47142857143
2026-01-13 18:00:00,93243.0,93871.7,93200.1,93629.4,265.82168368,24874386.639117492,24874386.639117492,1,671.5999999999913,627.6999999999971,43.89999999999418,671.5999999999913,591.2071428571435
2026-01-13 19:00:00,93629.4,94243.6,93475.0,94224.1,515.69539456,48401727.33207396,48401727.33207396,1,768.6000000000058,614.2000000000116,154.39999999999418,768.6000000000058,590.6500000000015
2026-01-13 20:00:00,94224.2,94510.1,94117.4,94412.6,723.26348036,68215655.728678229,68215655.728678229,1,392.70000000001164,286.0,106.70000000001164,392.70000000001164,585.8928571428593
2026-01-13 21:00:00,94412.7,94526.3,94060.0,94091.0,235.63804212,22224207.822008248,22224207.822008248,1,466.3000000000029,113.69999999999709,352.6000000000058,466.3000000000029,596.0500000000019
2026-01-13 22:00:00,94091.1,96543.0,94091.1,95755.0,1836.33443741,175410090.848696499,175410090.848696499,1,2451.899999999994,2452.0,0.10000000000582077,2452.0,746.5642857142874
2026-01-13 23:00:00,95758.0,96097.0,95070.0,95411.8,613.68722289,58722702.769467386,58722702.769467386,1,1027.0,342.0,685.0,1027.0,768.1142857142871
2026-01-14 00:00:00,95411.8,95664.6,95173.9,95241.0,239.37544371,22838621.298915929,22838621.298915929,1,490.70000000001164,252.8000000000029,237.90000000000873,490.70000000001164,780.5500000000019
2026-01-14 01:00:00,95241.0,95581.9,95142.8,95245.0,360.14014907,34341293.024147042,34341293.024147042,1,439.09999999999127,340.8999999999942,98.19999999999709,439.09999999999127,791.3500000000006
2026-01-14 02:00:00,95245.1,95561.9,95211.4,95349.0,242.3064343,23116803.563988516,23116803.563988516,1,350.5,316.8999999999942,33.60000000000582,350.5,799.6857142857147
2026-01-14 03:00:00,95349.0,95722.5,95283.2,95722.3,181.53390932,17336931.500101907,17336931.500101907,1,439.3000000000029,373.5,65.80000000000291,439.3000000000029,786.9285714285725
2026-01-14 04:00:00,95722.3,95796.8,95230.3,95246.0,218.86185582,20892686.580770568,20892686.580770568,1,566.5,74.5,492.0,566.5,746.4785714285723
2026-01-14 05:00:00,95246.1,95280.7,94957.7,95012.5,350.08250115,33289114.721341727,33289114.721341727,1,323.0,34.69999999999709,288.3000000000029,323.0,675.1785714285725
2026-01-14 06:00:00,95012.5,95037.4,94521.7,95037.3,399.21719965,37856848.162749052,37856848.162749052,1,515.6999999999971,24.89999999999418,490.8000000000029,515.6999999999971,663.9928571428578
2026-01-14 07:00:00,95037.4,95230.0,94844.0,95201.9,499.48489874,47483651.4391048,47483651.4391048,1,386.0,192.6999999999971,193.3000000000029,386.0,663.500000000001
2026-01-14 08:00:00,95201.9,95310.5,94866.6,94901.2,220.24319921,20947533.396039713,20947533.396039713,1,443.8999999999942,108.60000000000582,335.29999999998836,443.8999999999942,647.2357142857155
2026-01-14 09:00:00,94901.2,95181.0,94883.1,95091.1,376.50842309,35788483.386772632,35788483.386772632,1,297.8999999999942,279.8000000000029,18.09999999999127,297.8999999999942,613.6142857142861
2026-01-14 10:00:00,95091.0,95297.5,94895.4,95094.3,282.47880667,26870751.028143531,26870751.028143531,1,402.1000000000058,206.39999999999418,195.70000000001164,402.1000000000058,614.2857142857143
2026-01-14 11:00:00,95093.8,95093.8,94750.0,94797.7,220.8793008,20970190.949464199,20970190.949464199,1,343.8000000000029,0.5,344.3000000000029,344.3000000000029,605.5714285714286
2026-01-14 12:00:00,94797.7,95165.7,94688.1,95079.7,188.18468783,17878194.387617177,17878194.387617177,1,477.59999999999127,368.0,109.59999999999127,477.59999999999127,464.5428571428565
2026-01-14 13:00:00,95079.7,95240.2,94892.3,94997.0,149.57372963,14220389.020690293,14220389.020690293,1,347.8999999999942,160.5,187.39999999999418,347.8999999999942,416.03571428571325
2026-01-14 14:00:00,94997.0,96820.5,94983.9,96481.3,1151.60693601,110640089.842372494,110640089.842372494,1,1836.6000000000058,1823.5,13.10000000000582,1836.6000000000058,512.1714285714271
2026-01-14 15:00:00,96481.3,97088.0,96186.1,96755.6,1109.24876434,107253261.470403092,107253261.470403092,1,901.8999999999942,606.6999999999971,295.1999999999971,901.8999999999942,545.2285714285701
2026-01-14 16:00:00,96755.5,97696.7,96732.0,97285.5,1524.90198265,148331590.323989601,148331590.323989601,1,964.6999999999971,941.0999999999913,23.60000000000582,964.6999999999971,589.0999999999985
2026-01-14 17:00:00,97285.5,97776.0,96766.0,96953.2,1043.78772161,101639219.00311798,101639219.00311798,1,1010.0,490.5,519.5,1010.0,629.864285714284
2026-01-14 18:00:00,96953.1,97109.5,96229.5,96806.3,834.83314115,80706449.02842337,80706449.02842337,1,880.0,156.3000000000029,723.6999999999971,880.0,652.2571428571412
2026-01-14 19:00:00,96806.3,97648.6,96685.7,97257.8,512.45694584,49819584.544188107,49819584.544188107,1,962.9000000000087,842.3000000000029,120.60000000000582,962.9000000000087,697.9642857142846
2026-01-14 20:00:00,97257.8,97925.4,97207.7,97656.2,604.26613274,58953216.753090134,58953216.753090134,1,717.6999999999971,667.5999999999913,50.10000000000582,717.6999999999971,712.3928571428561
2026-01-14 21:00:00,97656.2,97714.9,97376.1,97560.8,247.19876154,24109681.693470967,24109681.693470967,1,338.79999999998836,58.69999999999709,280.09999999999127,338.79999999998836,709.0214285714267
2026-01-10 18:00:00,90541.9,90605.1,90511.3,90593.0,56.2344261,5092431.457278569,5092431.457278569,1,93.80000000000291,,,93.80000000000291,93.80000000000291
2026-01-10 19:00:00,90593.1,90625.7,90581.4,90621.3,19.05548206,1726441.466269505,1726441.466269505,1,44.30000000000291,32.69999999999709,11.60000000000582,44.30000000000291,69.05000000000291
2026-01-10 20:00:00,90621.2,90654.7,90549.8,90568.6,38.83663912,3517924.481580892,3517924.481580892,1,104.89999999999418,33.39999999999418,71.5,104.89999999999418,81.0
2026-01-10 21:00:00,90568.7,90568.7,90504.2,90505.0,28.37184261,2568509.524114916,2568509.524114916,1,64.5,0.09999999999126885,64.40000000000873,64.5,76.875
2026-01-10 22:00:00,90505.1,90591.2,90396.3,90424.4,171.97670891,15558636.64197512,15558636.64197512,1,194.89999999999418,86.19999999999709,108.69999999999709,194.89999999999418,100.47999999999884
2026-01-10 23:00:00,90424.4,90567.0,90424.1,90504.9,33.63895727,3044529.460805052,3044529.460805052,1,142.89999999999418,142.60000000000582,0.29999999998835847,142.89999999999418,107.54999999999806
2026-01-11 00:00:00,90504.9,90646.9,90449.3,90629.0,29.20374612,2644946.18469037,2644946.18469037,1,197.59999999999127,142.0,55.59999999999127,197.59999999999127,120.4142857142828
2026-01-11 01:00:00,90629.1,90674.0,90557.0,90625.7,24.50238031,2220230.312985146,2220230.312985146,1,117.0,45.0,72.0,117.0,119.98749999999745
2026-01-11 02:00:00,90625.8,90727.9,90610.0,90692.1,31.70904088,2875378.849020879,2875378.849020879,1,117.89999999999418,102.19999999999709,15.69999999999709,117.89999999999418,119.75555555555265
2026-01-11 03:00:00,90692.1,90733.1,90635.0,90733.0,43.57694718,3952300.140079397,3952300.140079397,1,98.10000000000582,41.0,57.10000000000582,98.10000000000582,117.58999999999796
2026-01-11 04:00:00,90733.1,90809.9,90659.6,90799.1,81.37199858,7383526.067885081,7383526.067885081,1,150.29999999998836,76.89999999999418,73.39999999999418,150.29999999998836,120.56363636363345
2026-01-11 05:00:00,90799.1,90859.9,90736.1,90777.8,42.06634215,3819146.055124129,3819146.055124129,1,123.79999999998836,60.79999999998836,63.0,123.79999999998836,120.83333333332969
2026-01-11 06:00:00,90777.8,90800.0,90586.3,90743.0,47.13946115,4274172.139015539,4274172.139015539,1,213.6999999999971,22.19999999999709,191.5,213.6999999999971,127.97692307691949
2026-01-11 07:00:00,90743.0,90765.0,90672.0,90713.0,51.55423959,4676645.596118151,4676645.596118151,1,93.0,22.0,71.0,93.0,125.4785714285681
2026-01-11 08:00:00,90712.9,90806.3,90620.0,90787.3,276.10927202,25050357.843093298,25050357.843093298,1,186.3000000000029,93.30000000000291,93.0,186.3000000000029,132.08571428571096
2026-01-11 09:00:00,90788.2,90816.4,90653.5,90739.1,421.88545174,38284506.588491439,38284506.588491439,1,162.89999999999418,29.09999999999127,133.8000000000029,162.89999999999418,140.5571428571389
2026-01-11 10:00:00,90739.1,90761.4,90689.0,90728.9,28.76752492,2609893.360729086,2609893.360729086,1,72.39999999999418,22.29999999998836,50.10000000000582,72.39999999999418,138.23571428571034
2026-01-11 11:00:00,90729.0,90752.0,90696.0,90751.8,31.45814483,2854004.417289197,2854004.417289197,1,56.0,23.10000000000582,32.89999999999418,56.0,137.62857142856748
2026-01-11 12:00:00,90751.9,91033.0,90723.0,90938.1,93.10870438,8465374.372857881,8465374.372857881,1,310.0,281.1999999999971,28.80000000000291,310.0,145.84999999999647
2026-01-11 13:00:00,90938.1,90972.7,90822.5,90854.0,82.39697913,7489753.888060639,7489753.888060639,1,150.1999999999971,34.59999999999127,115.60000000000582,150.1999999999971,146.37142857142524
2026-01-11 14:00:00,90854.1,91199.8,90854.0,91126.1,101.61169412,9252875.591584268,9252875.591584268,1,345.8000000000029,345.8000000000029,0.0,345.8000000000029,156.95714285714035
2026-01-11 15:00:00,91126.1,91157.9,90711.4,90875.0,137.06704753,12462014.722218521,12462014.722218521,1,446.5,31.79999999998836,414.70000000001164,446.5,180.49285714285466
2026-01-11 16:00:00,90875.0,91284.6,90875.0,91041.9,118.59822454,10802603.972880225,10802603.972880225,1,409.6000000000058,409.6000000000058,0.0,409.6000000000058,201.32857142856977
2026-01-11 17:00:00,91042.0,91138.0,90912.0,90991.0,48.32468048,4399107.45772465,4399107.45772465,1,226.0,96.10000000000582,129.89999999999418,226.0,210.46428571428365
2026-01-11 18:00:00,90991.1,90991.1,90800.0,90882.9,45.99045951,4179679.064958694,4179679.064958694,1,191.10000000000582,0.10000000000582077,191.0,191.10000000000582,213.3785714285706
2026-01-11 19:00:00,90882.9,90932.0,90680.0,90693.1,31.54357856,2863853.48985495,2863853.48985495,1,252.0,49.10000000000582,202.89999999999418,252.0,222.53571428571428
2026-01-11 20:00:00,90693.1,90740.5,90424.3,90709.0,148.94350958,13487078.106036308,13487078.106036308,1,316.1999999999971,47.39999999999418,268.8000000000029,316.1999999999971,229.85714285714286
2026-01-11 21:00:00,90709.1,90836.3,90600.0,90759.0,44.86306926,4069682.831175137,4069682.831175137,1,236.3000000000029,127.30000000000291,109.0,236.3000000000029,240.09285714285735
2026-01-11 22:00:00,90759.1,90759.1,90455.8,90534.5,82.35397267,7461799.777861724,7461799.777861724,1,303.3000000000029,0.10000000000582077,303.1999999999971,303.3000000000029,248.45000000000022
2026-01-11 23:00:00,90534.4,91039.8,90230.3,91012.0,214.07575229,19410994.105751093,19410994.105751093,1,809.5,505.3000000000029,304.1999999999971,809.5,294.6357142857149
2026-01-12 00:00:00,91008.3,91255.6,90697.7,91255.6,222.78259444,20280453.860268811,20280453.860268811,1,557.9000000000087,243.60000000000582,314.3000000000029,557.9000000000087,329.3142857142874
2026-01-12 01:00:00,91255.7,91800.0,91099.4,91410.9,335.61197399,30695396.152784587,30695396.152784587,1,700.6000000000058,544.3999999999942,156.20000000001164,700.6000000000058,375.35714285714494
2026-01-12 02:00:00,91411.0,92396.4,91376.1,92210.1,422.74899793,38889167.118724004,38889167.118724004,1,1020.2999999999884,985.5,34.79999999998836,1020.2999999999884,426.0928571428584
2026-01-12 03:00:00,92211.8,92520.6,91805.4,91805.4,319.01275403,29421244.098548241,29421244.098548241,1,715.2000000000116,310.5,404.70000000001164,715.2000000000116,466.45000000000226
2026-01-12 04:00:00,91805.5,92281.7,91755.6,92160.0,124.53717313,11461377.423098606,11461377.423098606,1,526.0999999999913,476.3000000000029,49.79999999998836,526.0999999999913,479.3285714285729
2026-01-12 05:00:00,92160.1,92264.9,92048.4,92115.0,96.42016732,8884770.713873671,8884770.713873671,1,216.5,104.89999999999418,111.60000000000582,216.5,462.90000000000146
2026-01-12 06:00:00,92114.9,92208.0,91820.0,91839.1,136.64802883,12568283.497438013,12568283.497438013,1,388.0,93.0,295.0,388.0,461.3571428571439
2026-01-12 07:00:00,91839.1,91962.1,91400.0,91415.1,528.490474,48442857.175033613,48442857.175033613,1,562.1000000000058,123.0,439.1000000000058,562.1000000000058,485.3642857142872
2026-01-12 08:00:00,91415.1,91628.9,90400.0,90749.1,580.69904075,52778256.402353271,52778256.402353271,1,1228.8999999999942,213.79999999998836,1015.1000000000058,1228.8999999999942,559.4928571428578
2026-01-12 09:00:00,90749.1,90933.3,90646.1,90692.2,180.95933636,16433008.334714364,16433008.334714364,1,287.1999999999971,184.1999999999971,103.0,287.1999999999971,562.0071428571433
2026-01-12 10:00:00,90692.1,90793.0,90375.0,90435.9,149.27260652,13517169.57848921,13517169.57848921,1,418.0,100.80000000000291,317.1999999999971,418.0,569.278571428572
2026-01-12 11:00:00,90434.2,90816.1,90427.0,90630.1,165.21326359,14977035.121454335,14977035.121454335,1,389.1000000000058,380.20000000001164,8.89999999999418,389.1000000000058,580.192857142858
2026-01-12 12:00:00,90630.1,90870.4,90618.0,90789.0,73.0402834,6629157.49050605,6629157.49050605,1,252.39999999999418,240.29999999998836,12.10000000000582,252.39999999999418,576.557142857143
2026-01-12 13:00:00,90789.1,90829.7,90541.6,90632.1,150.14423847,13614122.733121293,13614122.733121293,1,288.09999999999127,40.69999999999709,247.39999999999418,288.09999999999127,539.3142857142853
2026-01-12 14:00:00,90632.1,91122.8,90132.1,90908.1,438.77331825,39757812.271452561,39757812.271452561,1,990.6999999999971,490.6999999999971,500.0,990.6999999999971,570.2285714285701
2026-01-12 15:00:00,90908.0,91679.6,90710.0,91666.9,367.10261225,33517183.940345519,33517183.940345519,1,969.6000000000058,771.5,198.10000000000582,969.6000000000058,589.4428571428559
2026-01-12 16:00:00,91666.0,92316.7,91575.0,92117.8,641.42504829,59003372.251430872,59003372.251430872,1,741.6999999999971,649.8000000000029,91.89999999999418,741.6999999999971,569.5428571428565
2026-01-12 17:00:00,92117.9,92299.1,91007.1,91522.5,510.64948513,46774494.415137832,46774494.415137832,1,1292.0,181.3000000000029,1110.699999999997,1292.0,610.7428571428557
2026-01-12 18:00:00,91522.6,91958.1,91415.1,91689.1,206.60046223,18954521.357794614,18954521.357794614,1,543.0,435.6000000000058,107.39999999999418,543.0,611.9499999999991
2026-01-12 19:00:00,91689.2,91881.3,91437.6,91864.9,131.5242544,12055329.168740881,12055329.168740881,1,443.6999999999971,192.1999999999971,251.5,443.6999999999971,628.1785714285704
2026-01-12 20:00:00,91864.9,92048.4,91416.6,91493.3,212.87155641,19508227.404874415,19508227.404874415,1,631.7999999999884,183.5,448.29999999998836,631.7999999999884,645.5928571428552
2026-01-12 21:00:00,91492.1,91500.0,90948.4,91056.0,158.43788366,14454876.813278923,14454876.813278923,1,551.6000000000058,6.69999999999709,544.9000000000087,551.6000000000058,644.8428571428552
2026-01-12 22:00:00,91056.0,91444.5,91056.0,91243.7,133.99910154,12237943.506216497,12237943.506216497,1,388.5,388.5,0.0,388.5,584.8142857142842
2026-01-12 23:00:00,91243.7,91319.9,91076.5,91304.0,53.12812533,4845658.997270267,4845658.997270267,1,243.39999999999418,76.19999999999709,167.1999999999971,243.39999999999418,581.6857142857126
2026-01-13 00:00:00,91304.0,91548.9,91257.0,91481.1,154.30764832,14104366.854061478,14104366.854061478,1,291.8999999999942,244.89999999999418,47.0,291.8999999999942,572.6785714285694
2026-01-13 01:00:00,91481.1,91548.0,91054.3,91188.0,82.43368771,7525218.467959754,7525218.467959754,1,493.6999999999971,66.89999999999418,426.8000000000029,493.6999999999971,580.1499999999972
2026-01-13 02:00:00,91188.0,91382.1,91102.2,91125.4,118.68310015,10826796.298685635,10826796.298685635,1,279.90000000000873,194.10000000000582,85.80000000000291,279.90000000000873,582.114285714284
2026-01-13 03:00:00,91125.5,91471.2,91125.1,91412.0,120.6913497,11020766.067645064,11020766.067645064,1,346.09999999999127,345.8000000000029,0.29999999998835847,346.09999999999127,586.2571428571412
2026-01-13 04:00:00,91412.1,91647.2,91349.9,91515.9,62.52384798,5718843.73975984,5718843.73975984,1,297.3000000000029,235.1999999999971,62.10000000000582,297.3000000000029,536.7285714285701
2026-01-13 05:00:00,91516.0,92256.9,91480.5,91924.5,273.85033642,25180944.629915467,25180944.629915467,1,776.3999999999942,741.0,35.39999999999418,776.3999999999942,522.9285714285694
2026-01-13 06:00:00,91924.6,92270.8,91811.5,92179.1,186.56114257,17170290.069550624,17170290.069550624,1,459.3000000000029,346.3000000000029,113.0,459.3000000000029,502.7571428571412
2026-01-13 07:00:00,92179.2,92207.0,91882.9,91949.7,672.8691819,61897171.063796031,61897171.063796031,1,324.1000000000058,27.89999999999418,296.20000000001164,324.1000000000058,433.6214285714273
2026-01-13 08:00:00,91949.7,92253.2,91908.4,92170.1,374.1430512,34431893.67532512,34431893.67532512,1,344.8000000000029,303.5,41.30000000000291,344.8000000000029,419.4642857142847
2026-01-13 09:00:00,92170.1,92666.0,91940.7,92264.7,332.88317456,30741790.842557198,30741790.842557198,1,725.3000000000029,495.8999999999942,229.40000000000873,725.3000000000029,439.5785714285708
2026-01-13 10:00:00,92264.7,92338.6,92022.0,92134.4,129.23897115,11916639.506247933,11916639.506247933,1,316.6000000000058,73.90000000000873,242.6999999999971,316.6000000000058,417.0642857142863
2026-01-13 11:00:00,92134.5,92258.6,91970.7,92001.0,128.14715601,11803597.454704142,11803597.454704142,1,287.90000000000873,124.20000000001164,163.6999999999971,287.90000000000873,398.22857142857225
2026-01-13 12:00:00,92001.1,92150.0,91916.2,92104.9,89.96696491,8283363.47262718,8283363.47262718,1,233.8000000000029,149.0,84.80000000000291,233.8000000000029,387.17857142857247
2026-01-13 13:00:00,92105.0,92607.0,91989.1,92074.9,501.55595981,46269176.897322829,46269176.897322829,1,617.8999999999942,502.1000000000058,115.79999999998836,617.8999999999942,413.92857142857247
2026-01-13 14:00:00,92074.9,92922.8,91790.0,92471.1,495.65949432,45819934.662136649,45819934.662136649,1,1132.800000000003,847.9000000000087,284.8999999999942,1132.800000000003,473.9928571428588
2026-01-13 15:00:00,92471.0,93456.0,92134.8,93455.9,595.3351178,55277802.857471831,55277802.857471831,1,1321.199999999997,984.8999999999942,336.3000000000029,1321.199999999997,533.1000000000016
2026-01-13 16:00:00,93455.9,93753.0,93080.7,93392.0,724.56704923,67741381.285219266,67741381.285219266,1,672.3000000000029,297.1000000000058,375.1999999999971,672.3000000000029,561.1285714285726
2026-01-13 17:00:00,93392.1,93494.0,93101.1,93244.0,228.59657494,21335502.105395803,21335502.105395803,1,392.8999999999942,102.0,290.8999999999942,392.8999999999942,564.47142857143
2026-01-13 18:00:00,93243.0,93871.7,93200.1,93629.4,265.82168368,24874386.639117492,24874386.639117492,1,671.5999999999913,627.6999999999971,43.89999999999418,671.5999999999913,591.2071428571435
2026-01-13 19:00:00,93629.4,94243.6,93475.0,94224.1,515.69539456,48401727.33207396,48401727.33207396,1,768.6000000000058,614.2000000000116,154.39999999999418,768.6000000000058,590.6500000000015
2026-01-13 20:00:00,94224.2,94510.1,94117.4,94412.6,723.26348036,68215655.728678229,68215655.728678229,1,392.70000000001164,286.0,106.70000000001164,392.70000000001164,585.8928571428593
2026-01-13 21:00:00,94412.7,94526.3,94060.0,94091.0,235.63804212,22224207.822008248,22224207.822008248,1,466.3000000000029,113.69999999999709,352.6000000000058,466.3000000000029,596.0500000000019
2026-01-13 22:00:00,94091.1,96543.0,94091.1,95755.0,1836.33443741,175410090.848696499,175410090.848696499,1,2451.899999999994,2452.0,0.10000000000582077,2452.0,746.5642857142874
2026-01-13 23:00:00,95758.0,96097.0,95070.0,95411.8,613.68722289,58722702.769467386,58722702.769467386,1,1027.0,342.0,685.0,1027.0,768.1142857142871
2026-01-14 00:00:00,95411.8,95664.6,95173.9,95241.0,239.37544371,22838621.298915929,22838621.298915929,1,490.70000000001164,252.8000000000029,237.90000000000873,490.70000000001164,780.5500000000019
2026-01-14 01:00:00,95241.0,95581.9,95142.8,95245.0,360.14014907,34341293.024147042,34341293.024147042,1,439.09999999999127,340.8999999999942,98.19999999999709,439.09999999999127,791.3500000000006
2026-01-14 02:00:00,95245.1,95561.9,95211.4,95349.0,242.3064343,23116803.563988516,23116803.563988516,1,350.5,316.8999999999942,33.60000000000582,350.5,799.6857142857147
2026-01-14 03:00:00,95349.0,95722.5,95283.2,95722.3,181.53390932,17336931.500101907,17336931.500101907,1,439.3000000000029,373.5,65.80000000000291,439.3000000000029,786.9285714285725
2026-01-14 04:00:00,95722.3,95796.8,95230.3,95246.0,218.86185582,20892686.580770568,20892686.580770568,1,566.5,74.5,492.0,566.5,746.4785714285723
2026-01-14 05:00:00,95246.1,95280.7,94957.7,95012.5,350.08250115,33289114.721341727,33289114.721341727,1,323.0,34.69999999999709,288.3000000000029,323.0,675.1785714285725
2026-01-14 06:00:00,95012.5,95037.4,94521.7,95037.3,399.21719965,37856848.162749052,37856848.162749052,1,515.6999999999971,24.89999999999418,490.8000000000029,515.6999999999971,663.9928571428578
2026-01-14 07:00:00,95037.4,95230.0,94844.0,95201.9,499.48489874,47483651.4391048,47483651.4391048,1,386.0,192.6999999999971,193.3000000000029,386.0,663.500000000001
2026-01-14 08:00:00,95201.9,95310.5,94866.6,94901.2,220.24319921,20947533.396039713,20947533.396039713,1,443.8999999999942,108.60000000000582,335.29999999998836,443.8999999999942,647.2357142857155
2026-01-14 09:00:00,94901.2,95181.0,94883.1,95091.1,376.50842309,35788483.386772632,35788483.386772632,1,297.8999999999942,279.8000000000029,18.09999999999127,297.8999999999942,613.6142857142861
2026-01-14 10:00:00,95091.0,95297.5,94895.4,95094.3,282.47880667,26870751.028143531,26870751.028143531,1,402.1000000000058,206.39999999999418,195.70000000001164,402.1000000000058,614.2857142857143
2026-01-14 11:00:00,95093.8,95093.8,94750.0,94797.7,220.8793008,20970190.949464199,20970190.949464199,1,343.8000000000029,0.5,344.3000000000029,344.3000000000029,605.5714285714286
2026-01-14 12:00:00,94797.7,95165.7,94688.1,95079.7,188.18468783,17878194.387617177,17878194.387617177,1,477.59999999999127,368.0,109.59999999999127,477.59999999999127,464.5428571428565
2026-01-14 13:00:00,95079.7,95240.2,94892.3,94997.0,149.57372963,14220389.020690293,14220389.020690293,1,347.8999999999942,160.5,187.39999999999418,347.8999999999942,416.03571428571325
2026-01-14 14:00:00,94997.0,96820.5,94983.9,96481.3,1151.60693601,110640089.842372494,110640089.842372494,1,1836.6000000000058,1823.5,13.10000000000582,1836.6000000000058,512.1714285714271
2026-01-14 15:00:00,96481.3,97088.0,96186.1,96755.6,1109.24876434,107253261.470403092,107253261.470403092,1,901.8999999999942,606.6999999999971,295.1999999999971,901.8999999999942,545.2285714285701
2026-01-14 16:00:00,96755.5,97696.7,96732.0,97285.5,1524.90198265,148331590.323989601,148331590.323989601,1,964.6999999999971,941.0999999999913,23.60000000000582,964.6999999999971,589.0999999999985
2026-01-14 17:00:00,97285.5,97776.0,96766.0,96953.2,1043.78772161,101639219.00311798,101639219.00311798,1,1010.0,490.5,519.5,1010.0,629.864285714284
2026-01-14 18:00:00,96953.1,97109.5,96229.5,96806.3,834.83314115,80706449.02842337,80706449.02842337,1,880.0,156.3000000000029,723.6999999999971,880.0,652.2571428571412
2026-01-14 19:00:00,96806.3,97648.6,96685.7,97257.8,512.45694584,49819584.544188107,49819584.544188107,1,962.9000000000087,842.3000000000029,120.60000000000582,962.9000000000087,697.9642857142846
2026-01-14 20:00:00,97257.8,97925.4,97207.7,97656.2,604.26613274,58953216.753090134,58953216.753090134,1,717.6999999999971,667.5999999999913,50.10000000000582,717.6999999999971,712.3928571428561
2026-01-14 21:00:00,97656.2,97714.9,97376.1,97560.8,247.19876154,24109681.693470967,24109681.693470967,1,338.79999999998836,58.69999999999709,280.09999999999127,338.79999999998836,709.0214285714267
2026-01-10 19:00:00,90593.1,90625.7,90581.4,90621.3,19.05548206,1726441.466269505,1726441.466269505,1,44.30000000000291,,,44.30000000000291,44.30000000000291
2026-01-10 20:00:00,90621.2,90654.7,90549.8,90568.6,38.83663912,3517924.481580892,3517924.481580892,1,104.89999999999418,33.39999999999418,71.5,104.89999999999418,74.59999999999854
2026-01-10 21:00:00,90568.7,90568.7,90504.2,90505.0,28.37184261,2568509.524114916,2568509.524114916,1,64.5,0.09999999999126885,64.40000000000873,64.5,71.23333333333237
2026-01-10 22:00:00,90505.1,90591.2,90396.3,90424.4,171.97670891,15558636.64197512,15558636.64197512,1,194.89999999999418,86.19999999999709,108.69999999999709,194.89999999999418,102.14999999999782
2026-01-10 23:00:00,90424.4,90567.0,90424.1,90504.9,33.63895727,3044529.460805052,3044529.460805052,1,142.89999999999418,142.60000000000582,0.29999999998835847,142.89999999999418,110.29999999999708
2026-01-11 00:00:00,90504.9,90646.9,90449.3,90629.0,29.20374612,2644946.18469037,2644946.18469037,1,197.59999999999127,142.0,55.59999999999127,197.59999999999127,124.84999999999611
2026-01-11 01:00:00,90629.1,90674.0,90557.0,90625.7,24.50238031,2220230.312985146,2220230.312985146,1,117.0,45.0,72.0,117.0,123.7285714285681
2026-01-11 02:00:00,90625.8,90727.9,90610.0,90692.1,31.70904088,2875378.849020879,2875378.849020879,1,117.89999999999418,102.19999999999709,15.69999999999709,117.89999999999418,122.99999999999636
2026-01-11 03:00:00,90692.1,90733.1,90635.0,90733.0,43.57694718,3952300.140079397,3952300.140079397,1,98.10000000000582,41.0,57.10000000000582,98.10000000000582,120.23333333333075
2026-01-11 04:00:00,90733.1,90809.9,90659.6,90799.1,81.37199858,7383526.067885081,7383526.067885081,1,150.29999999998836,76.89999999999418,73.39999999999418,150.29999999998836,123.23999999999651
2026-01-11 05:00:00,90799.1,90859.9,90736.1,90777.8,42.06634215,3819146.055124129,3819146.055124129,1,123.79999999998836,60.79999999998836,63.0,123.79999999998836,123.29090909090486
2026-01-11 06:00:00,90777.8,90800.0,90586.3,90743.0,47.13946115,4274172.139015539,4274172.139015539,1,213.6999999999971,22.19999999999709,191.5,213.6999999999971,130.82499999999587
2026-01-11 07:00:00,90743.0,90765.0,90672.0,90713.0,51.55423959,4676645.596118151,4676645.596118151,1,93.0,22.0,71.0,93.0,127.91538461538082
2026-01-11 08:00:00,90712.9,90806.3,90620.0,90787.3,276.10927202,25050357.843093298,25050357.843093298,1,186.3000000000029,93.30000000000291,93.0,186.3000000000029,132.08571428571096
2026-01-11 09:00:00,90788.2,90816.4,90653.5,90739.1,421.88545174,38284506.588491439,38284506.588491439,1,162.89999999999418,29.09999999999127,133.8000000000029,162.89999999999418,140.5571428571389
2026-01-11 10:00:00,90739.1,90761.4,90689.0,90728.9,28.76752492,2609893.360729086,2609893.360729086,1,72.39999999999418,22.29999999998836,50.10000000000582,72.39999999999418,138.23571428571034
2026-01-11 11:00:00,90729.0,90752.0,90696.0,90751.8,31.45814483,2854004.417289197,2854004.417289197,1,56.0,23.10000000000582,32.89999999999418,56.0,137.62857142856748
2026-01-11 12:00:00,90751.9,91033.0,90723.0,90938.1,93.10870438,8465374.372857881,8465374.372857881,1,310.0,281.1999999999971,28.80000000000291,310.0,145.84999999999647
2026-01-11 13:00:00,90938.1,90972.7,90822.5,90854.0,82.39697913,7489753.888060639,7489753.888060639,1,150.1999999999971,34.59999999999127,115.60000000000582,150.1999999999971,146.37142857142524
2026-01-11 14:00:00,90854.1,91199.8,90854.0,91126.1,101.61169412,9252875.591584268,9252875.591584268,1,345.8000000000029,345.8000000000029,0.0,345.8000000000029,156.95714285714035
2026-01-11 15:00:00,91126.1,91157.9,90711.4,90875.0,137.06704753,12462014.722218521,12462014.722218521,1,446.5,31.79999999998836,414.70000000001164,446.5,180.49285714285466
2026-01-11 16:00:00,90875.0,91284.6,90875.0,91041.9,118.59822454,10802603.972880225,10802603.972880225,1,409.6000000000058,409.6000000000058,0.0,409.6000000000058,201.32857142856977
2026-01-11 17:00:00,91042.0,91138.0,90912.0,90991.0,48.32468048,4399107.45772465,4399107.45772465,1,226.0,96.10000000000582,129.89999999999418,226.0,210.46428571428365
2026-01-11 18:00:00,90991.1,90991.1,90800.0,90882.9,45.99045951,4179679.064958694,4179679.064958694,1,191.10000000000582,0.10000000000582077,191.0,191.10000000000582,213.3785714285706
2026-01-11 19:00:00,90882.9,90932.0,90680.0,90693.1,31.54357856,2863853.48985495,2863853.48985495,1,252.0,49.10000000000582,202.89999999999418,252.0,222.53571428571428
2026-01-11 20:00:00,90693.1,90740.5,90424.3,90709.0,148.94350958,13487078.106036308,13487078.106036308,1,316.1999999999971,47.39999999999418,268.8000000000029,316.1999999999971,229.85714285714286
2026-01-11 21:00:00,90709.1,90836.3,90600.0,90759.0,44.86306926,4069682.831175137,4069682.831175137,1,236.3000000000029,127.30000000000291,109.0,236.3000000000029,240.09285714285735
2026-01-11 22:00:00,90759.1,90759.1,90455.8,90534.5,82.35397267,7461799.777861724,7461799.777861724,1,303.3000000000029,0.10000000000582077,303.1999999999971,303.3000000000029,248.45000000000022
2026-01-11 23:00:00,90534.4,91039.8,90230.3,91012.0,214.07575229,19410994.105751093,19410994.105751093,1,809.5,505.3000000000029,304.1999999999971,809.5,294.6357142857149
2026-01-12 00:00:00,91008.3,91255.6,90697.7,91255.6,222.78259444,20280453.860268811,20280453.860268811,1,557.9000000000087,243.60000000000582,314.3000000000029,557.9000000000087,329.3142857142874
2026-01-12 01:00:00,91255.7,91800.0,91099.4,91410.9,335.61197399,30695396.152784587,30695396.152784587,1,700.6000000000058,544.3999999999942,156.20000000001164,700.6000000000058,375.35714285714494
2026-01-12 02:00:00,91411.0,92396.4,91376.1,92210.1,422.74899793,38889167.118724004,38889167.118724004,1,1020.2999999999884,985.5,34.79999999998836,1020.2999999999884,426.0928571428584
2026-01-12 03:00:00,92211.8,92520.6,91805.4,91805.4,319.01275403,29421244.098548241,29421244.098548241,1,715.2000000000116,310.5,404.70000000001164,715.2000000000116,466.45000000000226
2026-01-12 04:00:00,91805.5,92281.7,91755.6,92160.0,124.53717313,11461377.423098606,11461377.423098606,1,526.0999999999913,476.3000000000029,49.79999999998836,526.0999999999913,479.3285714285729
2026-01-12 05:00:00,92160.1,92264.9,92048.4,92115.0,96.42016732,8884770.713873671,8884770.713873671,1,216.5,104.89999999999418,111.60000000000582,216.5,462.90000000000146
2026-01-12 06:00:00,92114.9,92208.0,91820.0,91839.1,136.64802883,12568283.497438013,12568283.497438013,1,388.0,93.0,295.0,388.0,461.3571428571439
2026-01-12 07:00:00,91839.1,91962.1,91400.0,91415.1,528.490474,48442857.175033613,48442857.175033613,1,562.1000000000058,123.0,439.1000000000058,562.1000000000058,485.3642857142872
2026-01-12 08:00:00,91415.1,91628.9,90400.0,90749.1,580.69904075,52778256.402353271,52778256.402353271,1,1228.8999999999942,213.79999999998836,1015.1000000000058,1228.8999999999942,559.4928571428578
2026-01-12 09:00:00,90749.1,90933.3,90646.1,90692.2,180.95933636,16433008.334714364,16433008.334714364,1,287.1999999999971,184.1999999999971,103.0,287.1999999999971,562.0071428571433
2026-01-12 10:00:00,90692.1,90793.0,90375.0,90435.9,149.27260652,13517169.57848921,13517169.57848921,1,418.0,100.80000000000291,317.1999999999971,418.0,569.278571428572
2026-01-12 11:00:00,90434.2,90816.1,90427.0,90630.1,165.21326359,14977035.121454335,14977035.121454335,1,389.1000000000058,380.20000000001164,8.89999999999418,389.1000000000058,580.192857142858
2026-01-12 12:00:00,90630.1,90870.4,90618.0,90789.0,73.0402834,6629157.49050605,6629157.49050605,1,252.39999999999418,240.29999999998836,12.10000000000582,252.39999999999418,576.557142857143
2026-01-12 13:00:00,90789.1,90829.7,90541.6,90632.1,150.14423847,13614122.733121293,13614122.733121293,1,288.09999999999127,40.69999999999709,247.39999999999418,288.09999999999127,539.3142857142853
2026-01-12 14:00:00,90632.1,91122.8,90132.1,90908.1,438.77331825,39757812.271452561,39757812.271452561,1,990.6999999999971,490.6999999999971,500.0,990.6999999999971,570.2285714285701
2026-01-12 15:00:00,90908.0,91679.6,90710.0,91666.9,367.10261225,33517183.940345519,33517183.940345519,1,969.6000000000058,771.5,198.10000000000582,969.6000000000058,589.4428571428559
2026-01-12 16:00:00,91666.0,92316.7,91575.0,92117.8,641.42504829,59003372.251430872,59003372.251430872,1,741.6999999999971,649.8000000000029,91.89999999999418,741.6999999999971,569.5428571428565
2026-01-12 17:00:00,92117.9,92299.1,91007.1,91522.5,510.64948513,46774494.415137832,46774494.415137832,1,1292.0,181.3000000000029,1110.699999999997,1292.0,610.7428571428557
2026-01-12 18:00:00,91522.6,91958.1,91415.1,91689.1,206.60046223,18954521.357794614,18954521.357794614,1,543.0,435.6000000000058,107.39999999999418,543.0,611.9499999999991
2026-01-12 19:00:00,91689.2,91881.3,91437.6,91864.9,131.5242544,12055329.168740881,12055329.168740881,1,443.6999999999971,192.1999999999971,251.5,443.6999999999971,628.1785714285704
2026-01-12 20:00:00,91864.9,92048.4,91416.6,91493.3,212.87155641,19508227.404874415,19508227.404874415,1,631.7999999999884,183.5,448.29999999998836,631.7999999999884,645.5928571428552
2026-01-12 21:00:00,91492.1,91500.0,90948.4,91056.0,158.43788366,14454876.813278923,14454876.813278923,1,551.6000000000058,6.69999999999709,544.9000000000087,551.6000000000058,644.8428571428552
2026-01-12 22:00:00,91056.0,91444.5,91056.0,91243.7,133.99910154,12237943.506216497,12237943.506216497,1,388.5,388.5,0.0,388.5,584.8142857142842
2026-01-12 23:00:00,91243.7,91319.9,91076.5,91304.0,53.12812533,4845658.997270267,4845658.997270267,1,243.39999999999418,76.19999999999709,167.1999999999971,243.39999999999418,581.6857142857126
2026-01-13 00:00:00,91304.0,91548.9,91257.0,91481.1,154.30764832,14104366.854061478,14104366.854061478,1,291.8999999999942,244.89999999999418,47.0,291.8999999999942,572.6785714285694
2026-01-13 01:00:00,91481.1,91548.0,91054.3,91188.0,82.43368771,7525218.467959754,7525218.467959754,1,493.6999999999971,66.89999999999418,426.8000000000029,493.6999999999971,580.1499999999972
2026-01-13 02:00:00,91188.0,91382.1,91102.2,91125.4,118.68310015,10826796.298685635,10826796.298685635,1,279.90000000000873,194.10000000000582,85.80000000000291,279.90000000000873,582.114285714284
2026-01-13 03:00:00,91125.5,91471.2,91125.1,91412.0,120.6913497,11020766.067645064,11020766.067645064,1,346.09999999999127,345.8000000000029,0.29999999998835847,346.09999999999127,586.2571428571412
2026-01-13 04:00:00,91412.1,91647.2,91349.9,91515.9,62.52384798,5718843.73975984,5718843.73975984,1,297.3000000000029,235.1999999999971,62.10000000000582,297.3000000000029,536.7285714285701
2026-01-13 05:00:00,91516.0,92256.9,91480.5,91924.5,273.85033642,25180944.629915467,25180944.629915467,1,776.3999999999942,741.0,35.39999999999418,776.3999999999942,522.9285714285694
2026-01-13 06:00:00,91924.6,92270.8,91811.5,92179.1,186.56114257,17170290.069550624,17170290.069550624,1,459.3000000000029,346.3000000000029,113.0,459.3000000000029,502.7571428571412
2026-01-13 07:00:00,92179.2,92207.0,91882.9,91949.7,672.8691819,61897171.063796031,61897171.063796031,1,324.1000000000058,27.89999999999418,296.20000000001164,324.1000000000058,433.6214285714273
2026-01-13 08:00:00,91949.7,92253.2,91908.4,92170.1,374.1430512,34431893.67532512,34431893.67532512,1,344.8000000000029,303.5,41.30000000000291,344.8000000000029,419.4642857142847
2026-01-13 09:00:00,92170.1,92666.0,91940.7,92264.7,332.88317456,30741790.842557198,30741790.842557198,1,725.3000000000029,495.8999999999942,229.40000000000873,725.3000000000029,439.5785714285708
2026-01-13 10:00:00,92264.7,92338.6,92022.0,92134.4,129.23897115,11916639.506247933,11916639.506247933,1,316.6000000000058,73.90000000000873,242.6999999999971,316.6000000000058,417.0642857142863
2026-01-13 11:00:00,92134.5,92258.6,91970.7,92001.0,128.14715601,11803597.454704142,11803597.454704142,1,287.90000000000873,124.20000000001164,163.6999999999971,287.90000000000873,398.22857142857225
2026-01-13 12:00:00,92001.1,92150.0,91916.2,92104.9,89.96696491,8283363.47262718,8283363.47262718,1,233.8000000000029,149.0,84.80000000000291,233.8000000000029,387.17857142857247
2026-01-13 13:00:00,92105.0,92607.0,91989.1,92074.9,501.55595981,46269176.897322829,46269176.897322829,1,617.8999999999942,502.1000000000058,115.79999999998836,617.8999999999942,413.92857142857247
2026-01-13 14:00:00,92074.9,92922.8,91790.0,92471.1,495.65949432,45819934.662136649,45819934.662136649,1,1132.800000000003,847.9000000000087,284.8999999999942,1132.800000000003,473.9928571428588
2026-01-13 15:00:00,92471.0,93456.0,92134.8,93455.9,595.3351178,55277802.857471831,55277802.857471831,1,1321.199999999997,984.8999999999942,336.3000000000029,1321.199999999997,533.1000000000016
2026-01-13 16:00:00,93455.9,93753.0,93080.7,93392.0,724.56704923,67741381.285219266,67741381.285219266,1,672.3000000000029,297.1000000000058,375.1999999999971,672.3000000000029,561.1285714285726
2026-01-13 17:00:00,93392.1,93494.0,93101.1,93244.0,228.59657494,21335502.105395803,21335502.105395803,1,392.8999999999942,102.0,290.8999999999942,392.8999999999942,564.47142857143
2026-01-13 18:00:00,93243.0,93871.7,93200.1,93629.4,265.82168368,24874386.639117492,24874386.639117492,1,671.5999999999913,627.6999999999971,43.89999999999418,671.5999999999913,591.2071428571435
2026-01-13 19:00:00,93629.4,94243.6,93475.0,94224.1,515.69539456,48401727.33207396,48401727.33207396,1,768.6000000000058,614.2000000000116,154.39999999999418,768.6000000000058,590.6500000000015
2026-01-13 20:00:00,94224.2,94510.1,94117.4,94412.6,723.26348036,68215655.728678229,68215655.728678229,1,392.70000000001164,286.0,106.70000000001164,392.70000000001164,585.8928571428593
2026-01-13 21:00:00,94412.7,94526.3,94060.0,94091.0,235.63804212,22224207.822008248,22224207.822008248,1,466.3000000000029,113.69999999999709,352.6000000000058,466.3000000000029,596.0500000000019
2026-01-13 22:00:00,94091.1,96543.0,94091.1,95755.0,1836.33443741,175410090.848696499,175410090.848696499,1,2451.899999999994,2452.0,0.10000000000582077,2452.0,746.5642857142874
2026-01-13 23:00:00,95758.0,96097.0,95070.0,95411.8,613.68722289,58722702.769467386,58722702.769467386,1,1027.0,342.0,685.0,1027.0,768.1142857142871
2026-01-14 00:00:00,95411.8,95664.6,95173.9,95241.0,239.37544371,22838621.298915929,22838621.298915929,1,490.70000000001164,252.8000000000029,237.90000000000873,490.70000000001164,780.5500000000019
2026-01-14 01:00:00,95241.0,95581.9,95142.8,95245.0,360.14014907,34341293.024147042,34341293.024147042,1,439.09999999999127,340.8999999999942,98.19999999999709,439.09999999999127,791.3500000000006
2026-01-14 02:00:00,95245.1,95561.9,95211.4,95349.0,242.3064343,23116803.563988516,23116803.563988516,1,350.5,316.8999999999942,33.60000000000582,350.5,799.6857142857147
2026-01-14 03:00:00,95349.0,95722.5,95283.2,95722.3,181.53390932,17336931.500101907,17336931.500101907,1,439.3000000000029,373.5,65.80000000000291,439.3000000000029,786.9285714285725
2026-01-14 04:00:00,95722.3,95796.8,95230.3,95246.0,218.86185582,20892686.580770568,20892686.580770568,1,566.5,74.5,492.0,566.5,746.4785714285723
2026-01-14 05:00:00,95246.1,95280.7,94957.7,95012.5,350.08250115,33289114.721341727,33289114.721341727,1,323.0,34.69999999999709,288.3000000000029,323.0,675.1785714285725
2026-01-14 06:00:00,95012.5,95037.4,94521.7,95037.3,399.21719965,37856848.162749052,37856848.162749052,1,515.6999999999971,24.89999999999418,490.8000000000029,515.6999999999971,663.9928571428578
2026-01-14 07:00:00,95037.4,95230.0,94844.0,95201.9,499.48489874,47483651.4391048,47483651.4391048,1,386.0,192.6999999999971,193.3000000000029,386.0,663.500000000001
2026-01-14 08:00:00,95201.9,95310.5,94866.6,94901.2,220.24319921,20947533.396039713,20947533.396039713,1,443.8999999999942,108.60000000000582,335.29999999998836,443.8999999999942,647.2357142857155
2026-01-14 09:00:00,94901.2,95181.0,94883.1,95091.1,376.50842309,35788483.386772632,35788483.386772632,1,297.8999999999942,279.8000000000029,18.09999999999127,297.8999999999942,613.6142857142861
2026-01-14 10:00:00,95091.0,95297.5,94895.4,95094.3,282.47880667,26870751.028143531,26870751.028143531,1,402.1000000000058,206.39999999999418,195.70000000001164,402.1000000000058,614.2857142857143
2026-01-14 11:00:00,95093.8,95093.8,94750.0,94797.7,220.8793008,20970190.949464199,20970190.949464199,1,343.8000000000029,0.5,344.3000000000029,344.3000000000029,605.5714285714286
2026-01-14 12:00:00,94797.7,95165.7,94688.1,95079.7,188.18468783,17878194.387617177,17878194.387617177,1,477.59999999999127,368.0,109.59999999999127,477.59999999999127,464.5428571428565
2026-01-14 13:00:00,95079.7,95240.2,94892.3,94997.0,149.57372963,14220389.020690293,14220389.020690293,1,347.8999999999942,160.5,187.39999999999418,347.8999999999942,416.03571428571325
2026-01-14 14:00:00,94997.0,96820.5,94983.9,96481.3,1151.60693601,110640089.842372494,110640089.842372494,1,1836.6000000000058,1823.5,13.10000000000582,1836.6000000000058,512.1714285714271
2026-01-14 15:00:00,96481.3,97088.0,96186.1,96755.6,1109.24876434,107253261.470403092,107253261.470403092,1,901.8999999999942,606.6999999999971,295.1999999999971,901.8999999999942,545.2285714285701
2026-01-14 16:00:00,96755.5,97696.7,96732.0,97285.5,1524.90198265,148331590.323989601,148331590.323989601,1,964.6999999999971,941.0999999999913,23.60000000000582,964.6999999999971,589.0999999999985
2026-01-14 17:00:00,97285.5,97776.0,96766.0,96953.2,1043.78772161,101639219.00311798,101639219.00311798,1,1010.0,490.5,519.5,1010.0,629.864285714284
2026-01-14 18:00:00,96953.1,97109.5,96229.5,96806.3,834.83314115,80706449.02842337,80706449.02842337,1,880.0,156.3000000000029,723.6999999999971,880.0,652.2571428571412
2026-01-14 19:00:00,96806.3,97648.6,96685.7,97257.8,512.45694584,49819584.544188107,49819584.544188107,1,962.9000000000087,842.3000000000029,120.60000000000582,962.9000000000087,697.9642857142846
2026-01-14 20:00:00,97257.8,97925.4,97207.7,97656.2,604.26613274,58953216.753090134,58953216.753090134,1,717.6999999999971,667.5999999999913,50.10000000000582,717.6999999999971,712.3928571428561
2026-01-14 21:00:00,97656.2,97714.9,97376.1,97560.8,247.19876154,24109681.693470967,24109681.693470967,1,338.79999999998836,58.69999999999709,280.09999999999127,338.79999999998836,709.0214285714267
2026-01-14 22:00:00,97560.9,97581.3,96758.1,96886.9,306.83909196,29825402.807419902,29825402.807419902,1,823.1999999999971,20.5,802.6999999999971,823.1999999999971,736.114285714284
2026-01-10 19:00:00,90593.1,90625.7,90581.4,90621.3,19.05548206,1726441.466269505,1726441.466269505,1,44.30000000000291,,,44.30000000000291,44.30000000000291
2026-01-10 20:00:00,90621.2,90654.7,90549.8,90568.6,38.83663912,3517924.481580892,3517924.481580892,1,104.89999999999418,33.39999999999418,71.5,104.89999999999418,74.59999999999854
2026-01-10 21:00:00,90568.7,90568.7,90504.2,90505.0,28.37184261,2568509.524114916,2568509.524114916,1,64.5,0.09999999999126885,64.40000000000873,64.5,71.23333333333237
2026-01-10 22:00:00,90505.1,90591.2,90396.3,90424.4,171.97670891,15558636.64197512,15558636.64197512,1,194.89999999999418,86.19999999999709,108.69999999999709,194.89999999999418,102.14999999999782
2026-01-10 23:00:00,90424.4,90567.0,90424.1,90504.9,33.63895727,3044529.460805052,3044529.460805052,1,142.89999999999418,142.60000000000582,0.29999999998835847,142.89999999999418,110.29999999999708
2026-01-11 00:00:00,90504.9,90646.9,90449.3,90629.0,29.20374612,2644946.18469037,2644946.18469037,1,197.59999999999127,142.0,55.59999999999127,197.59999999999127,124.84999999999611
2026-01-11 01:00:00,90629.1,90674.0,90557.0,90625.7,24.50238031,2220230.312985146,2220230.312985146,1,117.0,45.0,72.0,117.0,123.7285714285681
2026-01-11 02:00:00,90625.8,90727.9,90610.0,90692.1,31.70904088,2875378.849020879,2875378.849020879,1,117.89999999999418,102.19999999999709,15.69999999999709,117.89999999999418,122.99999999999636
2026-01-11 03:00:00,90692.1,90733.1,90635.0,90733.0,43.57694718,3952300.140079397,3952300.140079397,1,98.10000000000582,41.0,57.10000000000582,98.10000000000582,120.23333333333075
2026-01-11 04:00:00,90733.1,90809.9,90659.6,90799.1,81.37199858,7383526.067885081,7383526.067885081,1,150.29999999998836,76.89999999999418,73.39999999999418,150.29999999998836,123.23999999999651
2026-01-11 05:00:00,90799.1,90859.9,90736.1,90777.8,42.06634215,3819146.055124129,3819146.055124129,1,123.79999999998836,60.79999999998836,63.0,123.79999999998836,123.29090909090486
2026-01-11 06:00:00,90777.8,90800.0,90586.3,90743.0,47.13946115,4274172.139015539,4274172.139015539,1,213.6999999999971,22.19999999999709,191.5,213.6999999999971,130.82499999999587
2026-01-11 07:00:00,90743.0,90765.0,90672.0,90713.0,51.55423959,4676645.596118151,4676645.596118151,1,93.0,22.0,71.0,93.0,127.91538461538082
2026-01-11 08:00:00,90712.9,90806.3,90620.0,90787.3,276.10927202,25050357.843093298,25050357.843093298,1,186.3000000000029,93.30000000000291,93.0,186.3000000000029,132.08571428571096
2026-01-11 09:00:00,90788.2,90816.4,90653.5,90739.1,421.88545174,38284506.588491439,38284506.588491439,1,162.89999999999418,29.09999999999127,133.8000000000029,162.89999999999418,140.5571428571389
2026-01-11 10:00:00,90739.1,90761.4,90689.0,90728.9,28.76752492,2609893.360729086,2609893.360729086,1,72.39999999999418,22.29999999998836,50.10000000000582,72.39999999999418,138.23571428571034
2026-01-11 11:00:00,90729.0,90752.0,90696.0,90751.8,31.45814483,2854004.417289197,2854004.417289197,1,56.0,23.10000000000582,32.89999999999418,56.0,137.62857142856748
2026-01-11 12:00:00,90751.9,91033.0,90723.0,90938.1,93.10870438,8465374.372857881,8465374.372857881,1,310.0,281.1999999999971,28.80000000000291,310.0,145.84999999999647
2026-01-11 13:00:00,90938.1,90972.7,90822.5,90854.0,82.39697913,7489753.888060639,7489753.888060639,1,150.1999999999971,34.59999999999127,115.60000000000582,150.1999999999971,146.37142857142524
2026-01-11 14:00:00,90854.1,91199.8,90854.0,91126.1,101.61169412,9252875.591584268,9252875.591584268,1,345.8000000000029,345.8000000000029,0.0,345.8000000000029,156.95714285714035
2026-01-11 15:00:00,91126.1,91157.9,90711.4,90875.0,137.06704753,12462014.722218521,12462014.722218521,1,446.5,31.79999999998836,414.70000000001164,446.5,180.49285714285466
2026-01-11 16:00:00,90875.0,91284.6,90875.0,91041.9,118.59822454,10802603.972880225,10802603.972880225,1,409.6000000000058,409.6000000000058,0.0,409.6000000000058,201.32857142856977
2026-01-11 17:00:00,91042.0,91138.0,90912.0,90991.0,48.32468048,4399107.45772465,4399107.45772465,1,226.0,96.10000000000582,129.89999999999418,226.0,210.46428571428365
2026-01-11 18:00:00,90991.1,90991.1,90800.0,90882.9,45.99045951,4179679.064958694,4179679.064958694,1,191.10000000000582,0.10000000000582077,191.0,191.10000000000582,213.3785714285706
2026-01-11 19:00:00,90882.9,90932.0,90680.0,90693.1,31.54357856,2863853.48985495,2863853.48985495,1,252.0,49.10000000000582,202.89999999999418,252.0,222.53571428571428
2026-01-11 20:00:00,90693.1,90740.5,90424.3,90709.0,148.94350958,13487078.106036308,13487078.106036308,1,316.1999999999971,47.39999999999418,268.8000000000029,316.1999999999971,229.85714285714286
2026-01-11 21:00:00,90709.1,90836.3,90600.0,90759.0,44.86306926,4069682.831175137,4069682.831175137,1,236.3000000000029,127.30000000000291,109.0,236.3000000000029,240.09285714285735
2026-01-11 22:00:00,90759.1,90759.1,90455.8,90534.5,82.35397267,7461799.777861724,7461799.777861724,1,303.3000000000029,0.10000000000582077,303.1999999999971,303.3000000000029,248.45000000000022
2026-01-11 23:00:00,90534.4,91039.8,90230.3,91012.0,214.07575229,19410994.105751093,19410994.105751093,1,809.5,505.3000000000029,304.1999999999971,809.5,294.6357142857149
2026-01-12 00:00:00,91008.3,91255.6,90697.7,91255.6,222.78259444,20280453.860268811,20280453.860268811,1,557.9000000000087,243.60000000000582,314.3000000000029,557.9000000000087,329.3142857142874
2026-01-12 01:00:00,91255.7,91800.0,91099.4,91410.9,335.61197399,30695396.152784587,30695396.152784587,1,700.6000000000058,544.3999999999942,156.20000000001164,700.6000000000058,375.35714285714494
2026-01-12 02:00:00,91411.0,92396.4,91376.1,92210.1,422.74899793,38889167.118724004,38889167.118724004,1,1020.2999999999884,985.5,34.79999999998836,1020.2999999999884,426.0928571428584
2026-01-12 03:00:00,92211.8,92520.6,91805.4,91805.4,319.01275403,29421244.098548241,29421244.098548241,1,715.2000000000116,310.5,404.70000000001164,715.2000000000116,466.45000000000226
2026-01-12 04:00:00,91805.5,92281.7,91755.6,92160.0,124.53717313,11461377.423098606,11461377.423098606,1,526.0999999999913,476.3000000000029,49.79999999998836,526.0999999999913,479.3285714285729
2026-01-12 05:00:00,92160.1,92264.9,92048.4,92115.0,96.42016732,8884770.713873671,8884770.713873671,1,216.5,104.89999999999418,111.60000000000582,216.5,462.90000000000146
2026-01-12 06:00:00,92114.9,92208.0,91820.0,91839.1,136.64802883,12568283.497438013,12568283.497438013,1,388.0,93.0,295.0,388.0,461.3571428571439
2026-01-12 07:00:00,91839.1,91962.1,91400.0,91415.1,528.490474,48442857.175033613,48442857.175033613,1,562.1000000000058,123.0,439.1000000000058,562.1000000000058,485.3642857142872
2026-01-12 08:00:00,91415.1,91628.9,90400.0,90749.1,580.69904075,52778256.402353271,52778256.402353271,1,1228.8999999999942,213.79999999998836,1015.1000000000058,1228.8999999999942,559.4928571428578
2026-01-12 09:00:00,90749.1,90933.3,90646.1,90692.2,180.95933636,16433008.334714364,16433008.334714364,1,287.1999999999971,184.1999999999971,103.0,287.1999999999971,562.0071428571433
2026-01-12 10:00:00,90692.1,90793.0,90375.0,90435.9,149.27260652,13517169.57848921,13517169.57848921,1,418.0,100.80000000000291,317.1999999999971,418.0,569.278571428572
2026-01-12 11:00:00,90434.2,90816.1,90427.0,90630.1,165.21326359,14977035.121454335,14977035.121454335,1,389.1000000000058,380.20000000001164,8.89999999999418,389.1000000000058,580.192857142858
2026-01-12 12:00:00,90630.1,90870.4,90618.0,90789.0,73.0402834,6629157.49050605,6629157.49050605,1,252.39999999999418,240.29999999998836,12.10000000000582,252.39999999999418,576.557142857143
2026-01-12 13:00:00,90789.1,90829.7,90541.6,90632.1,150.14423847,13614122.733121293,13614122.733121293,1,288.09999999999127,40.69999999999709,247.39999999999418,288.09999999999127,539.3142857142853
2026-01-12 14:00:00,90632.1,91122.8,90132.1,90908.1,438.77331825,39757812.271452561,39757812.271452561,1,990.6999999999971,490.6999999999971,500.0,990.6999999999971,570.2285714285701
2026-01-12 15:00:00,90908.0,91679.6,90710.0,91666.9,367.10261225,33517183.940345519,33517183.940345519,1,969.6000000000058,771.5,198.10000000000582,969.6000000000058,589.4428571428559
2026-01-12 16:00:00,91666.0,92316.7,91575.0,92117.8,641.42504829,59003372.251430872,59003372.251430872,1,741.6999999999971,649.8000000000029,91.89999999999418,741.6999999999971,569.5428571428565
2026-01-12 17:00:00,92117.9,92299.1,91007.1,91522.5,510.64948513,46774494.415137832,46774494.415137832,1,1292.0,181.3000000000029,1110.699999999997,1292.0,610.7428571428557
2026-01-12 18:00:00,91522.6,91958.1,91415.1,91689.1,206.60046223,18954521.357794614,18954521.357794614,1,543.0,435.6000000000058,107.39999999999418,543.0,611.9499999999991
2026-01-12 19:00:00,91689.2,91881.3,91437.6,91864.9,131.5242544,12055329.168740881,12055329.168740881,1,443.6999999999971,192.1999999999971,251.5,443.6999999999971,628.1785714285704
2026-01-12 20:00:00,91864.9,92048.4,91416.6,91493.3,212.87155641,19508227.404874415,19508227.404874415,1,631.7999999999884,183.5,448.29999999998836,631.7999999999884,645.5928571428552
2026-01-12 21:00:00,91492.1,91500.0,90948.4,91056.0,158.43788366,14454876.813278923,14454876.813278923,1,551.6000000000058,6.69999999999709,544.9000000000087,551.6000000000058,644.8428571428552
2026-01-12 22:00:00,91056.0,91444.5,91056.0,91243.7,133.99910154,12237943.506216497,12237943.506216497,1,388.5,388.5,0.0,388.5,584.8142857142842
2026-01-12 23:00:00,91243.7,91319.9,91076.5,91304.0,53.12812533,4845658.997270267,4845658.997270267,1,243.39999999999418,76.19999999999709,167.1999999999971,243.39999999999418,581.6857142857126
2026-01-13 00:00:00,91304.0,91548.9,91257.0,91481.1,154.30764832,14104366.854061478,14104366.854061478,1,291.8999999999942,244.89999999999418,47.0,291.8999999999942,572.6785714285694
2026-01-13 01:00:00,91481.1,91548.0,91054.3,91188.0,82.43368771,7525218.467959754,7525218.467959754,1,493.6999999999971,66.89999999999418,426.8000000000029,493.6999999999971,580.1499999999972
2026-01-13 02:00:00,91188.0,91382.1,91102.2,91125.4,118.68310015,10826796.298685635,10826796.298685635,1,279.90000000000873,194.10000000000582,85.80000000000291,279.90000000000873,582.114285714284
2026-01-13 03:00:00,91125.5,91471.2,91125.1,91412.0,120.6913497,11020766.067645064,11020766.067645064,1,346.09999999999127,345.8000000000029,0.29999999998835847,346.09999999999127,586.2571428571412
2026-01-13 04:00:00,91412.1,91647.2,91349.9,91515.9,62.52384798,5718843.73975984,5718843.73975984,1,297.3000000000029,235.1999999999971,62.10000000000582,297.3000000000029,536.7285714285701
2026-01-13 05:00:00,91516.0,92256.9,91480.5,91924.5,273.85033642,25180944.629915467,25180944.629915467,1,776.3999999999942,741.0,35.39999999999418,776.3999999999942,522.9285714285694
2026-01-13 06:00:00,91924.6,92270.8,91811.5,92179.1,186.56114257,17170290.069550624,17170290.069550624,1,459.3000000000029,346.3000000000029,113.0,459.3000000000029,502.7571428571412
2026-01-13 07:00:00,92179.2,92207.0,91882.9,91949.7,672.8691819,61897171.063796031,61897171.063796031,1,324.1000000000058,27.89999999999418,296.20000000001164,324.1000000000058,433.6214285714273
2026-01-13 08:00:00,91949.7,92253.2,91908.4,92170.1,374.1430512,34431893.67532512,34431893.67532512,1,344.8000000000029,303.5,41.30000000000291,344.8000000000029,419.4642857142847
2026-01-13 09:00:00,92170.1,92666.0,91940.7,92264.7,332.88317456,30741790.842557198,30741790.842557198,1,725.3000000000029,495.8999999999942,229.40000000000873,725.3000000000029,439.5785714285708
2026-01-13 10:00:00,92264.7,92338.6,92022.0,92134.4,129.23897115,11916639.506247933,11916639.506247933,1,316.6000000000058,73.90000000000873,242.6999999999971,316.6000000000058,417.0642857142863
2026-01-13 11:00:00,92134.5,92258.6,91970.7,92001.0,128.14715601,11803597.454704142,11803597.454704142,1,287.90000000000873,124.20000000001164,163.6999999999971,287.90000000000873,398.22857142857225
2026-01-13 12:00:00,92001.1,92150.0,91916.2,92104.9,89.96696491,8283363.47262718,8283363.47262718,1,233.8000000000029,149.0,84.80000000000291,233.8000000000029,387.17857142857247
2026-01-13 13:00:00,92105.0,92607.0,91989.1,92074.9,501.55595981,46269176.897322829,46269176.897322829,1,617.8999999999942,502.1000000000058,115.79999999998836,617.8999999999942,413.92857142857247
2026-01-13 14:00:00,92074.9,92922.8,91790.0,92471.1,495.65949432,45819934.662136649,45819934.662136649,1,1132.800000000003,847.9000000000087,284.8999999999942,1132.800000000003,473.9928571428588
2026-01-13 15:00:00,92471.0,93456.0,92134.8,93455.9,595.3351178,55277802.857471831,55277802.857471831,1,1321.199999999997,984.8999999999942,336.3000000000029,1321.199999999997,533.1000000000016
2026-01-13 16:00:00,93455.9,93753.0,93080.7,93392.0,724.56704923,67741381.285219266,67741381.285219266,1,672.3000000000029,297.1000000000058,375.1999999999971,672.3000000000029,561.1285714285726
2026-01-13 17:00:00,93392.1,93494.0,93101.1,93244.0,228.59657494,21335502.105395803,21335502.105395803,1,392.8999999999942,102.0,290.8999999999942,392.8999999999942,564.47142857143
2026-01-13 18:00:00,93243.0,93871.7,93200.1,93629.4,265.82168368,24874386.639117492,24874386.639117492,1,671.5999999999913,627.6999999999971,43.89999999999418,671.5999999999913,591.2071428571435
2026-01-13 19:00:00,93629.4,94243.6,93475.0,94224.1,515.69539456,48401727.33207396,48401727.33207396,1,768.6000000000058,614.2000000000116,154.39999999999418,768.6000000000058,590.6500000000015
2026-01-13 20:00:00,94224.2,94510.1,94117.4,94412.6,723.26348036,68215655.728678229,68215655.728678229,1,392.70000000001164,286.0,106.70000000001164,392.70000000001164,585.8928571428593
2026-01-13 21:00:00,94412.7,94526.3,94060.0,94091.0,235.63804212,22224207.822008248,22224207.822008248,1,466.3000000000029,113.69999999999709,352.6000000000058,466.3000000000029,596.0500000000019
2026-01-13 22:00:00,94091.1,96543.0,94091.1,95755.0,1836.33443741,175410090.848696499,175410090.848696499,1,2451.899999999994,2452.0,0.10000000000582077,2452.0,746.5642857142874
2026-01-13 23:00:00,95758.0,96097.0,95070.0,95411.8,613.68722289,58722702.769467386,58722702.769467386,1,1027.0,342.0,685.0,1027.0,768.1142857142871
2026-01-14 00:00:00,95411.8,95664.6,95173.9,95241.0,239.37544371,22838621.298915929,22838621.298915929,1,490.70000000001164,252.8000000000029,237.90000000000873,490.70000000001164,780.5500000000019
2026-01-14 01:00:00,95241.0,95581.9,95142.8,95245.0,360.14014907,34341293.024147042,34341293.024147042,1,439.09999999999127,340.8999999999942,98.19999999999709,439.09999999999127,791.3500000000006
2026-01-14 02:00:00,95245.1,95561.9,95211.4,95349.0,242.3064343,23116803.563988516,23116803.563988516,1,350.5,316.8999999999942,33.60000000000582,350.5,799.6857142857147
2026-01-14 03:00:00,95349.0,95722.5,95283.2,95722.3,181.53390932,17336931.500101907,17336931.500101907,1,439.3000000000029,373.5,65.80000000000291,439.3000000000029,786.9285714285725
2026-01-14 04:00:00,95722.3,95796.8,95230.3,95246.0,218.86185582,20892686.580770568,20892686.580770568,1,566.5,74.5,492.0,566.5,746.4785714285723
2026-01-14 05:00:00,95246.1,95280.7,94957.7,95012.5,350.08250115,33289114.721341727,33289114.721341727,1,323.0,34.69999999999709,288.3000000000029,323.0,675.1785714285725
2026-01-14 06:00:00,95012.5,95037.4,94521.7,95037.3,399.21719965,37856848.162749052,37856848.162749052,1,515.6999999999971,24.89999999999418,490.8000000000029,515.6999999999971,663.9928571428578
2026-01-14 07:00:00,95037.4,95230.0,94844.0,95201.9,499.48489874,47483651.4391048,47483651.4391048,1,386.0,192.6999999999971,193.3000000000029,386.0,663.500000000001
2026-01-14 08:00:00,95201.9,95310.5,94866.6,94901.2,220.24319921,20947533.396039713,20947533.396039713,1,443.8999999999942,108.60000000000582,335.29999999998836,443.8999999999942,647.2357142857155
2026-01-14 09:00:00,94901.2,95181.0,94883.1,95091.1,376.50842309,35788483.386772632,35788483.386772632,1,297.8999999999942,279.8000000000029,18.09999999999127,297.8999999999942,613.6142857142861
2026-01-14 10:00:00,95091.0,95297.5,94895.4,95094.3,282.47880667,26870751.028143531,26870751.028143531,1,402.1000000000058,206.39999999999418,195.70000000001164,402.1000000000058,614.2857142857143
2026-01-14 11:00:00,95093.8,95093.8,94750.0,94797.7,220.8793008,20970190.949464199,20970190.949464199,1,343.8000000000029,0.5,344.3000000000029,344.3000000000029,605.5714285714286
2026-01-14 12:00:00,94797.7,95165.7,94688.1,95079.7,188.18468783,17878194.387617177,17878194.387617177,1,477.59999999999127,368.0,109.59999999999127,477.59999999999127,464.5428571428565
2026-01-14 13:00:00,95079.7,95240.2,94892.3,94997.0,149.57372963,14220389.020690293,14220389.020690293,1,347.8999999999942,160.5,187.39999999999418,347.8999999999942,416.03571428571325
2026-01-14 14:00:00,94997.0,96820.5,94983.9,96481.3,1151.60693601,110640089.842372494,110640089.842372494,1,1836.6000000000058,1823.5,13.10000000000582,1836.6000000000058,512.1714285714271
2026-01-14 15:00:00,96481.3,97088.0,96186.1,96755.6,1109.24876434,107253261.470403092,107253261.470403092,1,901.8999999999942,606.6999999999971,295.1999999999971,901.8999999999942,545.2285714285701
2026-01-14 16:00:00,96755.5,97696.7,96732.0,97285.5,1524.90198265,148331590.323989601,148331590.323989601,1,964.6999999999971,941.0999999999913,23.60000000000582,964.6999999999971,589.0999999999985
2026-01-14 17:00:00,97285.5,97776.0,96766.0,96953.2,1043.78772161,101639219.00311798,101639219.00311798,1,1010.0,490.5,519.5,1010.0,629.864285714284
2026-01-14 18:00:00,96953.1,97109.5,96229.5,96806.3,834.83314115,80706449.02842337,80706449.02842337,1,880.0,156.3000000000029,723.6999999999971,880.0,652.2571428571412
2026-01-14 19:00:00,96806.3,97648.6,96685.7,97257.8,512.45694584,49819584.544188107,49819584.544188107,1,962.9000000000087,842.3000000000029,120.60000000000582,962.9000000000087,697.9642857142846
2026-01-14 20:00:00,97257.8,97925.4,97207.7,97656.2,604.26613274,58953216.753090134,58953216.753090134,1,717.6999999999971,667.5999999999913,50.10000000000582,717.6999999999971,712.3928571428561
2026-01-14 21:00:00,97656.2,97714.9,97376.1,97560.8,247.19876154,24109681.693470967,24109681.693470967,1,338.79999999998836,58.69999999999709,280.09999999999127,338.79999999998836,709.0214285714267
2026-01-14 22:00:00,97560.9,97581.3,96758.1,96886.9,306.83909196,29825402.807419902,29825402.807419902,1,823.1999999999971,20.5,802.6999999999971,823.1999999999971,736.114285714284
2026-01-10 19:00:00,90593.1,90625.7,90581.4,90621.3,19.05548206,1726441.466269505,1726441.466269505,1,44.30000000000291,,,44.30000000000291,44.30000000000291
2026-01-10 20:00:00,90621.2,90654.7,90549.8,90568.6,38.83663912,3517924.481580892,3517924.481580892,1,104.89999999999418,33.39999999999418,71.5,104.89999999999418,74.59999999999854
2026-01-10 21:00:00,90568.7,90568.7,90504.2,90505.0,28.37184261,2568509.524114916,2568509.524114916,1,64.5,0.09999999999126885,64.40000000000873,64.5,71.23333333333237
2026-01-10 22:00:00,90505.1,90591.2,90396.3,90424.4,171.97670891,15558636.64197512,15558636.64197512,1,194.89999999999418,86.19999999999709,108.69999999999709,194.89999999999418,102.14999999999782
2026-01-10 23:00:00,90424.4,90567.0,90424.1,90504.9,33.63895727,3044529.460805052,3044529.460805052,1,142.89999999999418,142.60000000000582,0.29999999998835847,142.89999999999418,110.29999999999708
2026-01-11 00:00:00,90504.9,90646.9,90449.3,90629.0,29.20374612,2644946.18469037,2644946.18469037,1,197.59999999999127,142.0,55.59999999999127,197.59999999999127,124.84999999999611
2026-01-11 01:00:00,90629.1,90674.0,90557.0,90625.7,24.50238031,2220230.312985146,2220230.312985146,1,117.0,45.0,72.0,117.0,123.7285714285681
2026-01-11 02:00:00,90625.8,90727.9,90610.0,90692.1,31.70904088,2875378.849020879,2875378.849020879,1,117.89999999999418,102.19999999999709,15.69999999999709,117.89999999999418,122.99999999999636
2026-01-11 03:00:00,90692.1,90733.1,90635.0,90733.0,43.57694718,3952300.140079397,3952300.140079397,1,98.10000000000582,41.0,57.10000000000582,98.10000000000582,120.23333333333075
2026-01-11 04:00:00,90733.1,90809.9,90659.6,90799.1,81.37199858,7383526.067885081,7383526.067885081,1,150.29999999998836,76.89999999999418,73.39999999999418,150.29999999998836,123.23999999999651
2026-01-11 05:00:00,90799.1,90859.9,90736.1,90777.8,42.06634215,3819146.055124129,3819146.055124129,1,123.79999999998836,60.79999999998836,63.0,123.79999999998836,123.29090909090486
2026-01-11 06:00:00,90777.8,90800.0,90586.3,90743.0,47.13946115,4274172.139015539,4274172.139015539,1,213.6999999999971,22.19999999999709,191.5,213.6999999999971,130.82499999999587
2026-01-11 07:00:00,90743.0,90765.0,90672.0,90713.0,51.55423959,4676645.596118151,4676645.596118151,1,93.0,22.0,71.0,93.0,127.91538461538082
2026-01-11 08:00:00,90712.9,90806.3,90620.0,90787.3,276.10927202,25050357.843093298,25050357.843093298,1,186.3000000000029,93.30000000000291,93.0,186.3000000000029,132.08571428571096
2026-01-11 09:00:00,90788.2,90816.4,90653.5,90739.1,421.88545174,38284506.588491439,38284506.588491439,1,162.89999999999418,29.09999999999127,133.8000000000029,162.89999999999418,140.5571428571389
2026-01-11 10:00:00,90739.1,90761.4,90689.0,90728.9,28.76752492,2609893.360729086,2609893.360729086,1,72.39999999999418,22.29999999998836,50.10000000000582,72.39999999999418,138.23571428571034
2026-01-11 11:00:00,90729.0,90752.0,90696.0,90751.8,31.45814483,2854004.417289197,2854004.417289197,1,56.0,23.10000000000582,32.89999999999418,56.0,137.62857142856748
2026-01-11 12:00:00,90751.9,91033.0,90723.0,90938.1,93.10870438,8465374.372857881,8465374.372857881,1,310.0,281.1999999999971,28.80000000000291,310.0,145.84999999999647
2026-01-11 13:00:00,90938.1,90972.7,90822.5,90854.0,82.39697913,7489753.888060639,7489753.888060639,1,150.1999999999971,34.59999999999127,115.60000000000582,150.1999999999971,146.37142857142524
2026-01-11 14:00:00,90854.1,91199.8,90854.0,91126.1,101.61169412,9252875.591584268,9252875.591584268,1,345.8000000000029,345.8000000000029,0.0,345.8000000000029,156.95714285714035
2026-01-11 15:00:00,91126.1,91157.9,90711.4,90875.0,137.06704753,12462014.722218521,12462014.722218521,1,446.5,31.79999999998836,414.70000000001164,446.5,180.49285714285466
2026-01-11 16:00:00,90875.0,91284.6,90875.0,91041.9,118.59822454,10802603.972880225,10802603.972880225,1,409.6000000000058,409.6000000000058,0.0,409.6000000000058,201.32857142856977
2026-01-11 17:00:00,91042.0,91138.0,90912.0,90991.0,48.32468048,4399107.45772465,4399107.45772465,1,226.0,96.10000000000582,129.89999999999418,226.0,210.46428571428365
2026-01-11 18:00:00,90991.1,90991.1,90800.0,90882.9,45.99045951,4179679.064958694,4179679.064958694,1,191.10000000000582,0.10000000000582077,191.0,191.10000000000582,213.3785714285706
2026-01-11 19:00:00,90882.9,90932.0,90680.0,90693.1,31.54357856,2863853.48985495,2863853.48985495,1,252.0,49.10000000000582,202.89999999999418,252.0,222.53571428571428
2026-01-11 20:00:00,90693.1,90740.5,90424.3,90709.0,148.94350958,13487078.106036308,13487078.106036308,1,316.1999999999971,47.39999999999418,268.8000000000029,316.1999999999971,229.85714285714286
2026-01-11 21:00:00,90709.1,90836.3,90600.0,90759.0,44.86306926,4069682.831175137,4069682.831175137,1,236.3000000000029,127.30000000000291,109.0,236.3000000000029,240.09285714285735
2026-01-11 22:00:00,90759.1,90759.1,90455.8,90534.5,82.35397267,7461799.777861724,7461799.777861724,1,303.3000000000029,0.10000000000582077,303.1999999999971,303.3000000000029,248.45000000000022
2026-01-11 23:00:00,90534.4,91039.8,90230.3,91012.0,214.07575229,19410994.105751093,19410994.105751093,1,809.5,505.3000000000029,304.1999999999971,809.5,294.6357142857149
2026-01-12 00:00:00,91008.3,91255.6,90697.7,91255.6,222.78259444,20280453.860268811,20280453.860268811,1,557.9000000000087,243.60000000000582,314.3000000000029,557.9000000000087,329.3142857142874
2026-01-12 01:00:00,91255.7,91800.0,91099.4,91410.9,335.61197399,30695396.152784587,30695396.152784587,1,700.6000000000058,544.3999999999942,156.20000000001164,700.6000000000058,375.35714285714494
2026-01-12 02:00:00,91411.0,92396.4,91376.1,92210.1,422.74899793,38889167.118724004,38889167.118724004,1,1020.2999999999884,985.5,34.79999999998836,1020.2999999999884,426.0928571428584
2026-01-12 03:00:00,92211.8,92520.6,91805.4,91805.4,319.01275403,29421244.098548241,29421244.098548241,1,715.2000000000116,310.5,404.70000000001164,715.2000000000116,466.45000000000226
2026-01-12 04:00:00,91805.5,92281.7,91755.6,92160.0,124.53717313,11461377.423098606,11461377.423098606,1,526.0999999999913,476.3000000000029,49.79999999998836,526.0999999999913,479.3285714285729
2026-01-12 05:00:00,92160.1,92264.9,92048.4,92115.0,96.42016732,8884770.713873671,8884770.713873671,1,216.5,104.89999999999418,111.60000000000582,216.5,462.90000000000146
2026-01-12 06:00:00,92114.9,92208.0,91820.0,91839.1,136.64802883,12568283.497438013,12568283.497438013,1,388.0,93.0,295.0,388.0,461.3571428571439
2026-01-12 07:00:00,91839.1,91962.1,91400.0,91415.1,528.490474,48442857.175033613,48442857.175033613,1,562.1000000000058,123.0,439.1000000000058,562.1000000000058,485.3642857142872
2026-01-12 08:00:00,91415.1,91628.9,90400.0,90749.1,580.69904075,52778256.402353271,52778256.402353271,1,1228.8999999999942,213.79999999998836,1015.1000000000058,1228.8999999999942,559.4928571428578
2026-01-12 09:00:00,90749.1,90933.3,90646.1,90692.2,180.95933636,16433008.334714364,16433008.334714364,1,287.1999999999971,184.1999999999971,103.0,287.1999999999971,562.0071428571433
2026-01-12 10:00:00,90692.1,90793.0,90375.0,90435.9,149.27260652,13517169.57848921,13517169.57848921,1,418.0,100.80000000000291,317.1999999999971,418.0,569.278571428572
2026-01-12 11:00:00,90434.2,90816.1,90427.0,90630.1,165.21326359,14977035.121454335,14977035.121454335,1,389.1000000000058,380.20000000001164,8.89999999999418,389.1000000000058,580.192857142858
2026-01-12 12:00:00,90630.1,90870.4,90618.0,90789.0,73.0402834,6629157.49050605,6629157.49050605,1,252.39999999999418,240.29999999998836,12.10000000000582,252.39999999999418,576.557142857143
2026-01-12 13:00:00,90789.1,90829.7,90541.6,90632.1,150.14423847,13614122.733121293,13614122.733121293,1,288.09999999999127,40.69999999999709,247.39999999999418,288.09999999999127,539.3142857142853
2026-01-12 14:00:00,90632.1,91122.8,90132.1,90908.1,438.77331825,39757812.271452561,39757812.271452561,1,990.6999999999971,490.6999999999971,500.0,990.6999999999971,570.2285714285701
2026-01-12 15:00:00,90908.0,91679.6,90710.0,91666.9,367.10261225,33517183.940345519,33517183.940345519,1,969.6000000000058,771.5,198.10000000000582,969.6000000000058,589.4428571428559
2026-01-12 16:00:00,91666.0,92316.7,91575.0,92117.8,641.42504829,59003372.251430872,59003372.251430872,1,741.6999999999971,649.8000000000029,91.89999999999418,741.6999999999971,569.5428571428565
2026-01-12 17:00:00,92117.9,92299.1,91007.1,91522.5,510.64948513,46774494.415137832,46774494.415137832,1,1292.0,181.3000000000029,1110.699999999997,1292.0,610.7428571428557
2026-01-12 18:00:00,91522.6,91958.1,91415.1,91689.1,206.60046223,18954521.357794614,18954521.357794614,1,543.0,435.6000000000058,107.39999999999418,543.0,611.9499999999991
2026-01-12 19:00:00,91689.2,91881.3,91437.6,91864.9,131.5242544,12055329.168740881,12055329.168740881,1,443.6999999999971,192.1999999999971,251.5,443.6999999999971,628.1785714285704
2026-01-12 20:00:00,91864.9,92048.4,91416.6,91493.3,212.87155641,19508227.404874415,19508227.404874415,1,631.7999999999884,183.5,448.29999999998836,631.7999999999884,645.5928571428552
2026-01-12 21:00:00,91492.1,91500.0,90948.4,91056.0,158.43788366,14454876.813278923,14454876.813278923,1,551.6000000000058,6.69999999999709,544.9000000000087,551.6000000000058,644.8428571428552
2026-01-12 22:00:00,91056.0,91444.5,91056.0,91243.7,133.99910154,12237943.506216497,12237943.506216497,1,388.5,388.5,0.0,388.5,584.8142857142842
2026-01-12 23:00:00,91243.7,91319.9,91076.5,91304.0,53.12812533,4845658.997270267,4845658.997270267,1,243.39999999999418,76.19999999999709,167.1999999999971,243.39999999999418,581.6857142857126
2026-01-13 00:00:00,91304.0,91548.9,91257.0,91481.1,154.30764832,14104366.854061478,14104366.854061478,1,291.8999999999942,244.89999999999418,47.0,291.8999999999942,572.6785714285694
2026-01-13 01:00:00,91481.1,91548.0,91054.3,91188.0,82.43368771,7525218.467959754,7525218.467959754,1,493.6999999999971,66.89999999999418,426.8000000000029,493.6999999999971,580.1499999999972
2026-01-13 02:00:00,91188.0,91382.1,91102.2,91125.4,118.68310015,10826796.298685635,10826796.298685635,1,279.90000000000873,194.10000000000582,85.80000000000291,279.90000000000873,582.114285714284
2026-01-13 03:00:00,91125.5,91471.2,91125.1,91412.0,120.6913497,11020766.067645064,11020766.067645064,1,346.09999999999127,345.8000000000029,0.29999999998835847,346.09999999999127,586.2571428571412
2026-01-13 04:00:00,91412.1,91647.2,91349.9,91515.9,62.52384798,5718843.73975984,5718843.73975984,1,297.3000000000029,235.1999999999971,62.10000000000582,297.3000000000029,536.7285714285701
2026-01-13 05:00:00,91516.0,92256.9,91480.5,91924.5,273.85033642,25180944.629915467,25180944.629915467,1,776.3999999999942,741.0,35.39999999999418,776.3999999999942,522.9285714285694
2026-01-13 06:00:00,91924.6,92270.8,91811.5,92179.1,186.56114257,17170290.069550624,17170290.069550624,1,459.3000000000029,346.3000000000029,113.0,459.3000000000029,502.7571428571412
2026-01-13 07:00:00,92179.2,92207.0,91882.9,91949.7,672.8691819,61897171.063796031,61897171.063796031,1,324.1000000000058,27.89999999999418,296.20000000001164,324.1000000000058,433.6214285714273
2026-01-13 08:00:00,91949.7,92253.2,91908.4,92170.1,374.1430512,34431893.67532512,34431893.67532512,1,344.8000000000029,303.5,41.30000000000291,344.8000000000029,419.4642857142847
2026-01-13 09:00:00,92170.1,92666.0,91940.7,92264.7,332.88317456,30741790.842557198,30741790.842557198,1,725.3000000000029,495.8999999999942,229.40000000000873,725.3000000000029,439.5785714285708
2026-01-13 10:00:00,92264.7,92338.6,92022.0,92134.4,129.23897115,11916639.506247933,11916639.506247933,1,316.6000000000058,73.90000000000873,242.6999999999971,316.6000000000058,417.0642857142863
2026-01-13 11:00:00,92134.5,92258.6,91970.7,92001.0,128.14715601,11803597.454704142,11803597.454704142,1,287.90000000000873,124.20000000001164,163.6999999999971,287.90000000000873,398.22857142857225
2026-01-13 12:00:00,92001.1,92150.0,91916.2,92104.9,89.96696491,8283363.47262718,8283363.47262718,1,233.8000000000029,149.0,84.80000000000291,233.8000000000029,387.17857142857247
2026-01-13 13:00:00,92105.0,92607.0,91989.1,92074.9,501.55595981,46269176.897322829,46269176.897322829,1,617.8999999999942,502.1000000000058,115.79999999998836,617.8999999999942,413.92857142857247
2026-01-13 14:00:00,92074.9,92922.8,91790.0,92471.1,495.65949432,45819934.662136649,45819934.662136649,1,1132.800000000003,847.9000000000087,284.8999999999942,1132.800000000003,473.9928571428588
2026-01-13 15:00:00,92471.0,93456.0,92134.8,93455.9,595.3351178,55277802.857471831,55277802.857471831,1,1321.199999999997,984.8999999999942,336.3000000000029,1321.199999999997,533.1000000000016
2026-01-13 16:00:00,93455.9,93753.0,93080.7,93392.0,724.56704923,67741381.285219266,67741381.285219266,1,672.3000000000029,297.1000000000058,375.1999999999971,672.3000000000029,561.1285714285726
2026-01-13 17:00:00,93392.1,93494.0,93101.1,93244.0,228.59657494,21335502.105395803,21335502.105395803,1,392.8999999999942,102.0,290.8999999999942,392.8999999999942,564.47142857143
2026-01-13 18:00:00,93243.0,93871.7,93200.1,93629.4,265.82168368,24874386.639117492,24874386.639117492,1,671.5999999999913,627.6999999999971,43.89999999999418,671.5999999999913,591.2071428571435
2026-01-13 19:00:00,93629.4,94243.6,93475.0,94224.1,515.69539456,48401727.33207396,48401727.33207396,1,768.6000000000058,614.2000000000116,154.39999999999418,768.6000000000058,590.6500000000015
2026-01-13 20:00:00,94224.2,94510.1,94117.4,94412.6,723.26348036,68215655.728678229,68215655.728678229,1,392.70000000001164,286.0,106.70000000001164,392.70000000001164,585.8928571428593
2026-01-13 21:00:00,94412.7,94526.3,94060.0,94091.0,235.63804212,22224207.822008248,22224207.822008248,1,466.3000000000029,113.69999999999709,352.6000000000058,466.3000000000029,596.0500000000019
2026-01-13 22:00:00,94091.1,96543.0,94091.1,95755.0,1836.33443741,175410090.848696499,175410090.848696499,1,2451.899999999994,2452.0,0.10000000000582077,2452.0,746.5642857142874
2026-01-13 23:00:00,95758.0,96097.0,95070.0,95411.8,613.68722289,58722702.769467386,58722702.769467386,1,1027.0,342.0,685.0,1027.0,768.1142857142871
2026-01-14 00:00:00,95411.8,95664.6,95173.9,95241.0,239.37544371,22838621.298915929,22838621.298915929,1,490.70000000001164,252.8000000000029,237.90000000000873,490.70000000001164,780.5500000000019
2026-01-14 01:00:00,95241.0,95581.9,95142.8,95245.0,360.14014907,34341293.024147042,34341293.024147042,1,439.09999999999127,340.8999999999942,98.19999999999709,439.09999999999127,791.3500000000006
2026-01-14 02:00:00,95245.1,95561.9,95211.4,95349.0,242.3064343,23116803.563988516,23116803.563988516,1,350.5,316.8999999999942,33.60000000000582,350.5,799.6857142857147
2026-01-14 03:00:00,95349.0,95722.5,95283.2,95722.3,181.53390932,17336931.500101907,17336931.500101907,1,439.3000000000029,373.5,65.80000000000291,439.3000000000029,786.9285714285725
2026-01-14 04:00:00,95722.3,95796.8,95230.3,95246.0,218.86185582,20892686.580770568,20892686.580770568,1,566.5,74.5,492.0,566.5,746.4785714285723
2026-01-14 05:00:00,95246.1,95280.7,94957.7,95012.5,350.08250115,33289114.721341727,33289114.721341727,1,323.0,34.69999999999709,288.3000000000029,323.0,675.1785714285725
2026-01-14 06:00:00,95012.5,95037.4,94521.7,95037.3,399.21719965,37856848.162749052,37856848.162749052,1,515.6999999999971,24.89999999999418,490.8000000000029,515.6999999999971,663.9928571428578
2026-01-14 07:00:00,95037.4,95230.0,94844.0,95201.9,499.48489874,47483651.4391048,47483651.4391048,1,386.0,192.6999999999971,193.3000000000029,386.0,663.500000000001
2026-01-14 08:00:00,95201.9,95310.5,94866.6,94901.2,220.24319921,20947533.396039713,20947533.396039713,1,443.8999999999942,108.60000000000582,335.29999999998836,443.8999999999942,647.2357142857155
2026-01-14 09:00:00,94901.2,95181.0,94883.1,95091.1,376.50842309,35788483.386772632,35788483.386772632,1,297.8999999999942,279.8000000000029,18.09999999999127,297.8999999999942,613.6142857142861
2026-01-14 10:00:00,95091.0,95297.5,94895.4,95094.3,282.47880667,26870751.028143531,26870751.028143531,1,402.1000000000058,206.39999999999418,195.70000000001164,402.1000000000058,614.2857142857143
2026-01-14 11:00:00,95093.8,95093.8,94750.0,94797.7,220.8793008,20970190.949464199,20970190.949464199,1,343.8000000000029,0.5,344.3000000000029,344.3000000000029,605.5714285714286
2026-01-14 12:00:00,94797.7,95165.7,94688.1,95079.7,188.18468783,17878194.387617177,17878194.387617177,1,477.59999999999127,368.0,109.59999999999127,477.59999999999127,464.5428571428565
2026-01-14 13:00:00,95079.7,95240.2,94892.3,94997.0,149.57372963,14220389.020690293,14220389.020690293,1,347.8999999999942,160.5,187.39999999999418,347.8999999999942,416.03571428571325
2026-01-14 14:00:00,94997.0,96820.5,94983.9,96481.3,1151.60693601,110640089.842372494,110640089.842372494,1,1836.6000000000058,1823.5,13.10000000000582,1836.6000000000058,512.1714285714271
2026-01-14 15:00:00,96481.3,97088.0,96186.1,96755.6,1109.24876434,107253261.470403092,107253261.470403092,1,901.8999999999942,606.6999999999971,295.1999999999971,901.8999999999942,545.2285714285701
2026-01-14 16:00:00,96755.5,97696.7,96732.0,97285.5,1524.90198265,148331590.323989601,148331590.323989601,1,964.6999999999971,941.0999999999913,23.60000000000582,964.6999999999971,589.0999999999985
2026-01-14 17:00:00,97285.5,97776.0,96766.0,96953.2,1043.78772161,101639219.00311798,101639219.00311798,1,1010.0,490.5,519.5,1010.0,629.864285714284
2026-01-14 18:00:00,96953.1,97109.5,96229.5,96806.3,834.83314115,80706449.02842337,80706449.02842337,1,880.0,156.3000000000029,723.6999999999971,880.0,652.2571428571412
2026-01-14 19:00:00,96806.3,97648.6,96685.7,97257.8,512.45694584,49819584.544188107,49819584.544188107,1,962.9000000000087,842.3000000000029,120.60000000000582,962.9000000000087,697.9642857142846
2026-01-14 20:00:00,97257.8,97925.4,97207.7,97656.2,604.26613274,58953216.753090134,58953216.753090134,1,717.6999999999971,667.5999999999913,50.10000000000582,717.6999999999971,712.3928571428561
2026-01-14 21:00:00,97656.2,97714.9,97376.1,97560.8,247.19876154,24109681.693470967,24109681.693470967,1,338.79999999998836,58.69999999999709,280.09999999999127,338.79999999998836,709.0214285714267
2026-01-14 22:00:00,97560.9,97581.3,96758.1,96886.9,306.83909196,29825402.807419902,29825402.807419902,1,823.1999999999971,20.5,802.6999999999971,823.1999999999971,736.114285714284
2026-01-10 21:00:00,90568.7,90568.7,90504.2,90505.0,28.37184261,2568509.524114916,2568509.524114916,1,64.5,,,64.5,64.5
2026-01-10 22:00:00,90505.1,90591.2,90396.3,90424.4,171.97670891,15558636.64197512,15558636.64197512,1,194.89999999999418,86.19999999999709,108.69999999999709,194.89999999999418,129.6999999999971
2026-01-10 23:00:00,90424.4,90567.0,90424.1,90504.9,33.63895727,3044529.460805052,3044529.460805052,1,142.89999999999418,142.60000000000582,0.29999999998835847,142.89999999999418,134.09999999999613
2026-01-11 00:00:00,90504.9,90646.9,90449.3,90629.0,29.20374612,2644946.18469037,2644946.18469037,1,197.59999999999127,142.0,55.59999999999127,197.59999999999127,149.9749999999949
2026-01-11 01:00:00,90629.1,90674.0,90557.0,90625.7,24.50238031,2220230.312985146,2220230.312985146,1,117.0,45.0,72.0,117.0,143.37999999999593
2026-01-11 02:00:00,90625.8,90727.9,90610.0,90692.1,31.70904088,2875378.849020879,2875378.849020879,1,117.89999999999418,102.19999999999709,15.69999999999709,117.89999999999418,139.13333333332898
2026-01-11 03:00:00,90692.1,90733.1,90635.0,90733.0,43.57694718,3952300.140079397,3952300.140079397,1,98.10000000000582,41.0,57.10000000000582,98.10000000000582,133.27142857142567
2026-01-11 04:00:00,90733.1,90809.9,90659.6,90799.1,81.37199858,7383526.067885081,7383526.067885081,1,150.29999999998836,76.89999999999418,73.39999999999418,150.29999999998836,135.399999999996
2026-01-11 05:00:00,90799.1,90859.9,90736.1,90777.8,42.06634215,3819146.055124129,3819146.055124129,1,123.79999999998836,60.79999999998836,63.0,123.79999999998836,134.11111111110625
2026-01-11 06:00:00,90777.8,90800.0,90586.3,90743.0,47.13946115,4274172.139015539,4274172.139015539,1,213.6999999999971,22.19999999999709,191.5,213.6999999999971,142.06999999999533
2026-01-11 07:00:00,90743.0,90765.0,90672.0,90713.0,51.55423959,4676645.596118151,4676645.596118151,1,93.0,22.0,71.0,93.0,137.6090909090867
2026-01-11 08:00:00,90712.9,90806.3,90620.0,90787.3,276.10927202,25050357.843093298,25050357.843093298,1,186.3000000000029,93.30000000000291,93.0,186.3000000000029,141.66666666666302
2026-01-11 09:00:00,90788.2,90816.4,90653.5,90739.1,421.88545174,38284506.588491439,38284506.588491439,1,162.89999999999418,29.09999999999127,133.8000000000029,162.89999999999418,143.2999999999962
2026-01-11 10:00:00,90739.1,90761.4,90689.0,90728.9,28.76752492,2609893.360729086,2609893.360729086,1,72.39999999999418,22.29999999998836,50.10000000000582,72.39999999999418,138.23571428571034
2026-01-11 11:00:00,90729.0,90752.0,90696.0,90751.8,31.45814483,2854004.417289197,2854004.417289197,1,56.0,23.10000000000582,32.89999999999418,56.0,137.62857142856748
2026-01-11 12:00:00,90751.9,91033.0,90723.0,90938.1,93.10870438,8465374.372857881,8465374.372857881,1,310.0,281.1999999999971,28.80000000000291,310.0,145.84999999999647
2026-01-11 13:00:00,90938.1,90972.7,90822.5,90854.0,82.39697913,7489753.888060639,7489753.888060639,1,150.1999999999971,34.59999999999127,115.60000000000582,150.1999999999971,146.37142857142524
2026-01-11 14:00:00,90854.1,91199.8,90854.0,91126.1,101.61169412,9252875.591584268,9252875.591584268,1,345.8000000000029,345.8000000000029,0.0,345.8000000000029,156.95714285714035
2026-01-11 15:00:00,91126.1,91157.9,90711.4,90875.0,137.06704753,12462014.722218521,12462014.722218521,1,446.5,31.79999999998836,414.70000000001164,446.5,180.49285714285466
2026-01-11 16:00:00,90875.0,91284.6,90875.0,91041.9,118.59822454,10802603.972880225,10802603.972880225,1,409.6000000000058,409.6000000000058,0.0,409.6000000000058,201.32857142856977
2026-01-11 17:00:00,91042.0,91138.0,90912.0,90991.0,48.32468048,4399107.45772465,4399107.45772465,1,226.0,96.10000000000582,129.89999999999418,226.0,210.46428571428365
2026-01-11 18:00:00,90991.1,90991.1,90800.0,90882.9,45.99045951,4179679.064958694,4179679.064958694,1,191.10000000000582,0.10000000000582077,191.0,191.10000000000582,213.3785714285706
2026-01-11 19:00:00,90882.9,90932.0,90680.0,90693.1,31.54357856,2863853.48985495,2863853.48985495,1,252.0,49.10000000000582,202.89999999999418,252.0,222.53571428571428
2026-01-11 20:00:00,90693.1,90740.5,90424.3,90709.0,148.94350958,13487078.106036308,13487078.106036308,1,316.1999999999971,47.39999999999418,268.8000000000029,316.1999999999971,229.85714285714286
2026-01-11 21:00:00,90709.1,90836.3,90600.0,90759.0,44.86306926,4069682.831175137,4069682.831175137,1,236.3000000000029,127.30000000000291,109.0,236.3000000000029,240.09285714285735
2026-01-11 22:00:00,90759.1,90759.1,90455.8,90534.5,82.35397267,7461799.777861724,7461799.777861724,1,303.3000000000029,0.10000000000582077,303.1999999999971,303.3000000000029,248.45000000000022
2026-01-11 23:00:00,90534.4,91039.8,90230.3,91012.0,214.07575229,19410994.105751093,19410994.105751093,1,809.5,505.3000000000029,304.1999999999971,809.5,294.6357142857149
2026-01-12 00:00:00,91008.3,91255.6,90697.7,91255.6,222.78259444,20280453.860268811,20280453.860268811,1,557.9000000000087,243.60000000000582,314.3000000000029,557.9000000000087,329.3142857142874
2026-01-12 01:00:00,91255.7,91800.0,91099.4,91410.9,335.61197399,30695396.152784587,30695396.152784587,1,700.6000000000058,544.3999999999942,156.20000000001164,700.6000000000058,375.35714285714494
2026-01-12 02:00:00,91411.0,92396.4,91376.1,92210.1,422.74899793,38889167.118724004,38889167.118724004,1,1020.2999999999884,985.5,34.79999999998836,1020.2999999999884,426.0928571428584
2026-01-12 03:00:00,92211.8,92520.6,91805.4,91805.4,319.01275403,29421244.098548241,29421244.098548241,1,715.2000000000116,310.5,404.70000000001164,715.2000000000116,466.45000000000226
2026-01-12 04:00:00,91805.5,92281.7,91755.6,92160.0,124.53717313,11461377.423098606,11461377.423098606,1,526.0999999999913,476.3000000000029,49.79999999998836,526.0999999999913,479.3285714285729
2026-01-12 05:00:00,92160.1,92264.9,92048.4,92115.0,96.42016732,8884770.713873671,8884770.713873671,1,216.5,104.89999999999418,111.60000000000582,216.5,462.90000000000146
2026-01-12 06:00:00,92114.9,92208.0,91820.0,91839.1,136.64802883,12568283.497438013,12568283.497438013,1,388.0,93.0,295.0,388.0,461.3571428571439
2026-01-12 07:00:00,91839.1,91962.1,91400.0,91415.1,528.490474,48442857.175033613,48442857.175033613,1,562.1000000000058,123.0,439.1000000000058,562.1000000000058,485.3642857142872
2026-01-12 08:00:00,91415.1,91628.9,90400.0,90749.1,580.69904075,52778256.402353271,52778256.402353271,1,1228.8999999999942,213.79999999998836,1015.1000000000058,1228.8999999999942,559.4928571428578
2026-01-12 09:00:00,90749.1,90933.3,90646.1,90692.2,180.95933636,16433008.334714364,16433008.334714364,1,287.1999999999971,184.1999999999971,103.0,287.1999999999971,562.0071428571433
2026-01-12 10:00:00,90692.1,90793.0,90375.0,90435.9,149.27260652,13517169.57848921,13517169.57848921,1,418.0,100.80000000000291,317.1999999999971,418.0,569.278571428572
2026-01-12 11:00:00,90434.2,90816.1,90427.0,90630.1,165.21326359,14977035.121454335,14977035.121454335,1,389.1000000000058,380.20000000001164,8.89999999999418,389.1000000000058,580.192857142858
2026-01-12 12:00:00,90630.1,90870.4,90618.0,90789.0,73.0402834,6629157.49050605,6629157.49050605,1,252.39999999999418,240.29999999998836,12.10000000000582,252.39999999999418,576.557142857143
2026-01-12 13:00:00,90789.1,90829.7,90541.6,90632.1,150.14423847,13614122.733121293,13614122.733121293,1,288.09999999999127,40.69999999999709,247.39999999999418,288.09999999999127,539.3142857142853
2026-01-12 14:00:00,90632.1,91122.8,90132.1,90908.1,438.77331825,39757812.271452561,39757812.271452561,1,990.6999999999971,490.6999999999971,500.0,990.6999999999971,570.2285714285701
2026-01-12 15:00:00,90908.0,91679.6,90710.0,91666.9,367.10261225,33517183.940345519,33517183.940345519,1,969.6000000000058,771.5,198.10000000000582,969.6000000000058,589.4428571428559
2026-01-12 16:00:00,91666.0,92316.7,91575.0,92117.8,641.42504829,59003372.251430872,59003372.251430872,1,741.6999999999971,649.8000000000029,91.89999999999418,741.6999999999971,569.5428571428565
2026-01-12 17:00:00,92117.9,92299.1,91007.1,91522.5,510.64948513,46774494.415137832,46774494.415137832,1,1292.0,181.3000000000029,1110.699999999997,1292.0,610.7428571428557
2026-01-12 18:00:00,91522.6,91958.1,91415.1,91689.1,206.60046223,18954521.357794614,18954521.357794614,1,543.0,435.6000000000058,107.39999999999418,543.0,611.9499999999991
2026-01-12 19:00:00,91689.2,91881.3,91437.6,91864.9,131.5242544,12055329.168740881,12055329.168740881,1,443.6999999999971,192.1999999999971,251.5,443.6999999999971,628.1785714285704
2026-01-12 20:00:00,91864.9,92048.4,91416.6,91493.3,212.87155641,19508227.404874415,19508227.404874415,1,631.7999999999884,183.5,448.29999999998836,631.7999999999884,645.5928571428552
2026-01-12 21:00:00,91492.1,91500.0,90948.4,91056.0,158.43788366,14454876.813278923,14454876.813278923,1,551.6000000000058,6.69999999999709,544.9000000000087,551.6000000000058,644.8428571428552
2026-01-12 22:00:00,91056.0,91444.5,91056.0,91243.7,133.99910154,12237943.506216497,12237943.506216497,1,388.5,388.5,0.0,388.5,584.8142857142842
2026-01-12 23:00:00,91243.7,91319.9,91076.5,91304.0,53.12812533,4845658.997270267,4845658.997270267,1,243.39999999999418,76.19999999999709,167.1999999999971,243.39999999999418,581.6857142857126
2026-01-13 00:00:00,91304.0,91548.9,91257.0,91481.1,154.30764832,14104366.854061478,14104366.854061478,1,291.8999999999942,244.89999999999418,47.0,291.8999999999942,572.6785714285694
2026-01-13 01:00:00,91481.1,91548.0,91054.3,91188.0,82.43368771,7525218.467959754,7525218.467959754,1,493.6999999999971,66.89999999999418,426.8000000000029,493.6999999999971,580.1499999999972
2026-01-13 02:00:00,91188.0,91382.1,91102.2,91125.4,118.68310015,10826796.298685635,10826796.298685635,1,279.90000000000873,194.10000000000582,85.80000000000291,279.90000000000873,582.114285714284
2026-01-13 03:00:00,91125.5,91471.2,91125.1,91412.0,120.6913497,11020766.067645064,11020766.067645064,1,346.09999999999127,345.8000000000029,0.29999999998835847,346.09999999999127,586.2571428571412
2026-01-13 04:00:00,91412.1,91647.2,91349.9,91515.9,62.52384798,5718843.73975984,5718843.73975984,1,297.3000000000029,235.1999999999971,62.10000000000582,297.3000000000029,536.7285714285701
2026-01-13 05:00:00,91516.0,92256.9,91480.5,91924.5,273.85033642,25180944.629915467,25180944.629915467,1,776.3999999999942,741.0,35.39999999999418,776.3999999999942,522.9285714285694
2026-01-13 06:00:00,91924.6,92270.8,91811.5,92179.1,186.56114257,17170290.069550624,17170290.069550624,1,459.3000000000029,346.3000000000029,113.0,459.3000000000029,502.7571428571412
2026-01-13 07:00:00,92179.2,92207.0,91882.9,91949.7,672.8691819,61897171.063796031,61897171.063796031,1,324.1000000000058,27.89999999999418,296.20000000001164,324.1000000000058,433.6214285714273
2026-01-13 08:00:00,91949.7,92253.2,91908.4,92170.1,374.1430512,34431893.67532512,34431893.67532512,1,344.8000000000029,303.5,41.30000000000291,344.8000000000029,419.4642857142847
2026-01-13 09:00:00,92170.1,92666.0,91940.7,92264.7,332.88317456,30741790.842557198,30741790.842557198,1,725.3000000000029,495.8999999999942,229.40000000000873,725.3000000000029,439.5785714285708
2026-01-13 10:00:00,92264.7,92338.6,92022.0,92134.4,129.23897115,11916639.506247933,11916639.506247933,1,316.6000000000058,73.90000000000873,242.6999999999971,316.6000000000058,417.0642857142863
2026-01-13 11:00:00,92134.5,92258.6,91970.7,92001.0,128.14715601,11803597.454704142,11803597.454704142,1,287.90000000000873,124.20000000001164,163.6999999999971,287.90000000000873,398.22857142857225
2026-01-13 12:00:00,92001.1,92150.0,91916.2,92104.9,89.96696491,8283363.47262718,8283363.47262718,1,233.8000000000029,149.0,84.80000000000291,233.8000000000029,387.17857142857247
2026-01-13 13:00:00,92105.0,92607.0,91989.1,92074.9,501.55595981,46269176.897322829,46269176.897322829,1,617.8999999999942,502.1000000000058,115.79999999998836,617.8999999999942,413.92857142857247
2026-01-13 14:00:00,92074.9,92922.8,91790.0,92471.1,495.65949432,45819934.662136649,45819934.662136649,1,1132.800000000003,847.9000000000087,284.8999999999942,1132.800000000003,473.9928571428588
2026-01-13 15:00:00,92471.0,93456.0,92134.8,93455.9,595.3351178,55277802.857471831,55277802.857471831,1,1321.199999999997,984.8999999999942,336.3000000000029,1321.199999999997,533.1000000000016
2026-01-13 16:00:00,93455.9,93753.0,93080.7,93392.0,724.56704923,67741381.285219266,67741381.285219266,1,672.3000000000029,297.1000000000058,375.1999999999971,672.3000000000029,561.1285714285726
2026-01-13 17:00:00,93392.1,93494.0,93101.1,93244.0,228.59657494,21335502.105395803,21335502.105395803,1,392.8999999999942,102.0,290.8999999999942,392.8999999999942,564.47142857143
2026-01-13 18:00:00,93243.0,93871.7,93200.1,93629.4,265.82168368,24874386.639117492,24874386.639117492,1,671.5999999999913,627.6999999999971,43.89999999999418,671.5999999999913,591.2071428571435
2026-01-13 19:00:00,93629.4,94243.6,93475.0,94224.1,515.69539456,48401727.33207396,48401727.33207396,1,768.6000000000058,614.2000000000116,154.39999999999418,768.6000000000058,590.6500000000015
2026-01-13 20:00:00,94224.2,94510.1,94117.4,94412.6,723.26348036,68215655.728678229,68215655.728678229,1,392.70000000001164,286.0,106.70000000001164,392.70000000001164,585.8928571428593
2026-01-13 21:00:00,94412.7,94526.3,94060.0,94091.0,235.63804212,22224207.822008248,22224207.822008248,1,466.3000000000029,113.69999999999709,352.6000000000058,466.3000000000029,596.0500000000019
2026-01-13 22:00:00,94091.1,96543.0,94091.1,95755.0,1836.33443741,175410090.848696499,175410090.848696499,1,2451.899999999994,2452.0,0.10000000000582077,2452.0,746.5642857142874
2026-01-13 23:00:00,95758.0,96097.0,95070.0,95411.8,613.68722289,58722702.769467386,58722702.769467386,1,1027.0,342.0,685.0,1027.0,768.1142857142871
2026-01-14 00:00:00,95411.8,95664.6,95173.9,95241.0,239.37544371,22838621.298915929,22838621.298915929,1,490.70000000001164,252.8000000000029,237.90000000000873,490.70000000001164,780.5500000000019
2026-01-14 01:00:00,95241.0,95581.9,95142.8,95245.0,360.14014907,34341293.024147042,34341293.024147042,1,439.09999999999127,340.8999999999942,98.19999999999709,439.09999999999127,791.3500000000006
2026-01-14 02:00:00,95245.1,95561.9,95211.4,95349.0,242.3064343,23116803.563988516,23116803.563988516,1,350.5,316.8999999999942,33.60000000000582,350.5,799.6857142857147
2026-01-14 03:00:00,95349.0,95722.5,95283.2,95722.3,181.53390932,17336931.500101907,17336931.500101907,1,439.3000000000029,373.5,65.80000000000291,439.3000000000029,786.9285714285725
2026-01-14 04:00:00,95722.3,95796.8,95230.3,95246.0,218.86185582,20892686.580770568,20892686.580770568,1,566.5,74.5,492.0,566.5,746.4785714285723
2026-01-14 05:00:00,95246.1,95280.7,94957.7,95012.5,350.08250115,33289114.721341727,33289114.721341727,1,323.0,34.69999999999709,288.3000000000029,323.0,675.1785714285725
2026-01-14 06:00:00,95012.5,95037.4,94521.7,95037.3,399.21719965,37856848.162749052,37856848.162749052,1,515.6999999999971,24.89999999999418,490.8000000000029,515.6999999999971,663.9928571428578
2026-01-14 07:00:00,95037.4,95230.0,94844.0,95201.9,499.48489874,47483651.4391048,47483651.4391048,1,386.0,192.6999999999971,193.3000000000029,386.0,663.500000000001
2026-01-14 08:00:00,95201.9,95310.5,94866.6,94901.2,220.24319921,20947533.396039713,20947533.396039713,1,443.8999999999942,108.60000000000582,335.29999999998836,443.8999999999942,647.2357142857155
2026-01-14 09:00:00,94901.2,95181.0,94883.1,95091.1,376.50842309,35788483.386772632,35788483.386772632,1,297.8999999999942,279.8000000000029,18.09999999999127,297.8999999999942,613.6142857142861
2026-01-14 10:00:00,95091.0,95297.5,94895.4,95094.3,282.47880667,26870751.028143531,26870751.028143531,1,402.1000000000058,206.39999999999418,195.70000000001164,402.1000000000058,614.2857142857143
2026-01-14 11:00:00,95093.8,95093.8,94750.0,94797.7,220.8793008,20970190.949464199,20970190.949464199,1,343.8000000000029,0.5,344.3000000000029,344.3000000000029,605.5714285714286
2026-01-14 12:00:00,94797.7,95165.7,94688.1,95079.7,188.18468783,17878194.387617177,17878194.387617177,1,477.59999999999127,368.0,109.59999999999127,477.59999999999127,464.5428571428565
2026-01-14 13:00:00,95079.7,95240.2,94892.3,94997.0,149.57372963,14220389.020690293,14220389.020690293,1,347.8999999999942,160.5,187.39999999999418,347.8999999999942,416.03571428571325
2026-01-14 14:00:00,94997.0,96820.5,94983.9,96481.3,1151.60693601,110640089.842372494,110640089.842372494,1,1836.6000000000058,1823.5,13.10000000000582,1836.6000000000058,512.1714285714271
2026-01-14 15:00:00,96481.3,97088.0,96186.1,96755.6,1109.24876434,107253261.470403092,107253261.470403092,1,901.8999999999942,606.6999999999971,295.1999999999971,901.8999999999942,545.2285714285701
2026-01-14 16:00:00,96755.5,97696.7,96732.0,97285.5,1524.90198265,148331590.323989601,148331590.323989601,1,964.6999999999971,941.0999999999913,23.60000000000582,964.6999999999971,589.0999999999985
2026-01-14 17:00:00,97285.5,97776.0,96766.0,96953.2,1043.78772161,101639219.00311798,101639219.00311798,1,1010.0,490.5,519.5,1010.0,629.864285714284
2026-01-14 18:00:00,96953.1,97109.5,96229.5,96806.3,834.83314115,80706449.02842337,80706449.02842337,1,880.0,156.3000000000029,723.6999999999971,880.0,652.2571428571412
2026-01-14 19:00:00,96806.3,97648.6,96685.7,97257.8,512.45694584,49819584.544188107,49819584.544188107,1,962.9000000000087,842.3000000000029,120.60000000000582,962.9000000000087,697.9642857142846
2026-01-14 20:00:00,97257.8,97925.4,97207.7,97656.2,604.26613274,58953216.753090134,58953216.753090134,1,717.6999999999971,667.5999999999913,50.10000000000582,717.6999999999971,712.3928571428561
2026-01-14 21:00:00,97656.2,97714.9,97376.1,97560.8,247.19876154,24109681.693470967,24109681.693470967,1,338.79999999998836,58.69999999999709,280.09999999999127,338.79999999998836,709.0214285714267
2026-01-14 22:00:00,97560.9,97581.3,96758.1,96886.9,306.83909196,29825402.807419902,29825402.807419902,1,823.1999999999971,20.5,802.6999999999971,823.1999999999971,736.114285714284
2026-01-14 23:00:00,96886.9,97369.9,96865.0,96945.9,147.39971304,14308969.55277817,14308969.55277817,1,504.8999999999942,483.0,21.89999999999418,504.8999999999942,750.8999999999984
2026-01-15 00:00:00,96946.0,96999.6,96500.0,96653.5,352.2215868,34066774.94506498,34066774.94506498,1,499.6000000000058,53.70000000001164,445.8999999999942,499.6000000000058,757.864285714284
2026-01-10 23:00:00,90424.4,90567.0,90424.1,90504.9,33.63895727,3044529.460805052,3044529.460805052,1,142.89999999999418,,,142.89999999999418,142.89999999999418
2026-01-11 00:00:00,90504.9,90646.9,90449.3,90629.0,29.20374612,2644946.18469037,2644946.18469037,1,197.59999999999127,142.0,55.59999999999127,197.59999999999127,170.24999999999272
2026-01-11 01:00:00,90629.1,90674.0,90557.0,90625.7,24.50238031,2220230.312985146,2220230.312985146,1,117.0,45.0,72.0,117.0,152.49999999999514
2026-01-11 02:00:00,90625.8,90727.9,90610.0,90692.1,31.70904088,2875378.849020879,2875378.849020879,1,117.89999999999418,102.19999999999709,15.69999999999709,117.89999999999418,143.8499999999949
2026-01-11 03:00:00,90692.1,90733.1,90635.0,90733.0,43.57694718,3952300.140079397,3952300.140079397,1,98.10000000000582,41.0,57.10000000000582,98.10000000000582,134.6999999999971
2026-01-11 04:00:00,90733.1,90809.9,90659.6,90799.1,81.37199858,7383526.067885081,7383526.067885081,1,150.29999999998836,76.89999999999418,73.39999999999418,150.29999999998836,137.29999999999563
2026-01-11 05:00:00,90799.1,90859.9,90736.1,90777.8,42.06634215,3819146.055124129,3819146.055124129,1,123.79999999998836,60.79999999998836,63.0,123.79999999998836,135.37142857142317
2026-01-11 06:00:00,90777.8,90800.0,90586.3,90743.0,47.13946115,4274172.139015539,4274172.139015539,1,213.6999999999971,22.19999999999709,191.5,213.6999999999971,145.1624999999949
2026-01-11 07:00:00,90743.0,90765.0,90672.0,90713.0,51.55423959,4676645.596118151,4676645.596118151,1,93.0,22.0,71.0,93.0,139.36666666666213
2026-01-11 08:00:00,90712.9,90806.3,90620.0,90787.3,276.10927202,25050357.843093298,25050357.843093298,1,186.3000000000029,93.30000000000291,93.0,186.3000000000029,144.05999999999622
2026-01-11 09:00:00,90788.2,90816.4,90653.5,90739.1,421.88545174,38284506.588491439,38284506.588491439,1,162.89999999999418,29.09999999999127,133.8000000000029,162.89999999999418,145.7727272727233
2026-01-11 10:00:00,90739.1,90761.4,90689.0,90728.9,28.76752492,2609893.360729086,2609893.360729086,1,72.39999999999418,22.29999999998836,50.10000000000582,72.39999999999418,139.6583333333292
2026-01-11 11:00:00,90729.0,90752.0,90696.0,90751.8,31.45814483,2854004.417289197,2854004.417289197,1,56.0,23.10000000000582,32.89999999999418,56.0,133.2230769230731
2026-01-11 12:00:00,90751.9,91033.0,90723.0,90938.1,93.10870438,8465374.372857881,8465374.372857881,1,310.0,281.1999999999971,28.80000000000291,310.0,145.84999999999647
2026-01-11 13:00:00,90938.1,90972.7,90822.5,90854.0,82.39697913,7489753.888060639,7489753.888060639,1,150.1999999999971,34.59999999999127,115.60000000000582,150.1999999999971,146.37142857142524
2026-01-11 14:00:00,90854.1,91199.8,90854.0,91126.1,101.61169412,9252875.591584268,9252875.591584268,1,345.8000000000029,345.8000000000029,0.0,345.8000000000029,156.95714285714035
2026-01-11 15:00:00,91126.1,91157.9,90711.4,90875.0,137.06704753,12462014.722218521,12462014.722218521,1,446.5,31.79999999998836,414.70000000001164,446.5,180.49285714285466
2026-01-11 16:00:00,90875.0,91284.6,90875.0,91041.9,118.59822454,10802603.972880225,10802603.972880225,1,409.6000000000058,409.6000000000058,0.0,409.6000000000058,201.32857142856977
2026-01-11 17:00:00,91042.0,91138.0,90912.0,90991.0,48.32468048,4399107.45772465,4399107.45772465,1,226.0,96.10000000000582,129.89999999999418,226.0,210.46428571428365
2026-01-11 18:00:00,90991.1,90991.1,90800.0,90882.9,45.99045951,4179679.064958694,4179679.064958694,1,191.10000000000582,0.10000000000582077,191.0,191.10000000000582,213.3785714285706
2026-01-11 19:00:00,90882.9,90932.0,90680.0,90693.1,31.54357856,2863853.48985495,2863853.48985495,1,252.0,49.10000000000582,202.89999999999418,252.0,222.53571428571428
2026-01-11 20:00:00,90693.1,90740.5,90424.3,90709.0,148.94350958,13487078.106036308,13487078.106036308,1,316.1999999999971,47.39999999999418,268.8000000000029,316.1999999999971,229.85714285714286
2026-01-11 21:00:00,90709.1,90836.3,90600.0,90759.0,44.86306926,4069682.831175137,4069682.831175137,1,236.3000000000029,127.30000000000291,109.0,236.3000000000029,240.09285714285735
2026-01-11 22:00:00,90759.1,90759.1,90455.8,90534.5,82.35397267,7461799.777861724,7461799.777861724,1,303.3000000000029,0.10000000000582077,303.1999999999971,303.3000000000029,248.45000000000022
2026-01-11 23:00:00,90534.4,91039.8,90230.3,91012.0,214.07575229,19410994.105751093,19410994.105751093,1,809.5,505.3000000000029,304.1999999999971,809.5,294.6357142857149
2026-01-12 00:00:00,91008.3,91255.6,90697.7,91255.6,222.78259444,20280453.860268811,20280453.860268811,1,557.9000000000087,243.60000000000582,314.3000000000029,557.9000000000087,329.3142857142874
2026-01-12 01:00:00,91255.7,91800.0,91099.4,91410.9,335.61197399,30695396.152784587,30695396.152784587,1,700.6000000000058,544.3999999999942,156.20000000001164,700.6000000000058,375.35714285714494
2026-01-12 02:00:00,91411.0,92396.4,91376.1,92210.1,422.74899793,38889167.118724004,38889167.118724004,1,1020.2999999999884,985.5,34.79999999998836,1020.2999999999884,426.0928571428584
2026-01-12 03:00:00,92211.8,92520.6,91805.4,91805.4,319.01275403,29421244.098548241,29421244.098548241,1,715.2000000000116,310.5,404.70000000001164,715.2000000000116,466.45000000000226
2026-01-12 04:00:00,91805.5,92281.7,91755.6,92160.0,124.53717313,11461377.423098606,11461377.423098606,1,526.0999999999913,476.3000000000029,49.79999999998836,526.0999999999913,479.3285714285729
2026-01-12 05:00:00,92160.1,92264.9,92048.4,92115.0,96.42016732,8884770.713873671,8884770.713873671,1,216.5,104.89999999999418,111.60000000000582,216.5,462.90000000000146
2026-01-12 06:00:00,92114.9,92208.0,91820.0,91839.1,136.64802883,12568283.497438013,12568283.497438013,1,388.0,93.0,295.0,388.0,461.3571428571439
2026-01-12 07:00:00,91839.1,91962.1,91400.0,91415.1,528.490474,48442857.175033613,48442857.175033613,1,562.1000000000058,123.0,439.1000000000058,562.1000000000058,485.3642857142872
2026-01-12 08:00:00,91415.1,91628.9,90400.0,90749.1,580.69904075,52778256.402353271,52778256.402353271,1,1228.8999999999942,213.79999999998836,1015.1000000000058,1228.8999999999942,559.4928571428578
2026-01-12 09:00:00,90749.1,90933.3,90646.1,90692.2,180.95933636,16433008.334714364,16433008.334714364,1,287.1999999999971,184.1999999999971,103.0,287.1999999999971,562.0071428571433
2026-01-12 10:00:00,90692.1,90793.0,90375.0,90435.9,149.27260652,13517169.57848921,13517169.57848921,1,418.0,100.80000000000291,317.1999999999971,418.0,569.278571428572
2026-01-12 11:00:00,90434.2,90816.1,90427.0,90630.1,165.21326359,14977035.121454335,14977035.121454335,1,389.1000000000058,380.20000000001164,8.89999999999418,389.1000000000058,580.192857142858
2026-01-12 12:00:00,90630.1,90870.4,90618.0,90789.0,73.0402834,6629157.49050605,6629157.49050605,1,252.39999999999418,240.29999999998836,12.10000000000582,252.39999999999418,576.557142857143
2026-01-12 13:00:00,90789.1,90829.7,90541.6,90632.1,150.14423847,13614122.733121293,13614122.733121293,1,288.09999999999127,40.69999999999709,247.39999999999418,288.09999999999127,539.3142857142853
2026-01-12 14:00:00,90632.1,91122.8,90132.1,90908.1,438.77331825,39757812.271452561,39757812.271452561,1,990.6999999999971,490.6999999999971,500.0,990.6999999999971,570.2285714285701
2026-01-12 15:00:00,90908.0,91679.6,90710.0,91666.9,367.10261225,33517183.940345519,33517183.940345519,1,969.6000000000058,771.5,198.10000000000582,969.6000000000058,589.4428571428559
2026-01-12 16:00:00,91666.0,92316.7,91575.0,92117.8,641.42504829,59003372.251430872,59003372.251430872,1,741.6999999999971,649.8000000000029,91.89999999999418,741.6999999999971,569.5428571428565
2026-01-12 17:00:00,92117.9,92299.1,91007.1,91522.5,510.64948513,46774494.415137832,46774494.415137832,1,1292.0,181.3000000000029,1110.699999999997,1292.0,610.7428571428557
2026-01-12 18:00:00,91522.6,91958.1,91415.1,91689.1,206.60046223,18954521.357794614,18954521.357794614,1,543.0,435.6000000000058,107.39999999999418,543.0,611.9499999999991
2026-01-12 19:00:00,91689.2,91881.3,91437.6,91864.9,131.5242544,12055329.168740881,12055329.168740881,1,443.6999999999971,192.1999999999971,251.5,443.6999999999971,628.1785714285704
2026-01-12 20:00:00,91864.9,92048.4,91416.6,91493.3,212.87155641,19508227.404874415,19508227.404874415,1,631.7999999999884,183.5,448.29999999998836,631.7999999999884,645.5928571428552
2026-01-12 21:00:00,91492.1,91500.0,90948.4,91056.0,158.43788366,14454876.813278923,14454876.813278923,1,551.6000000000058,6.69999999999709,544.9000000000087,551.6000000000058,644.8428571428552
2026-01-12 22:00:00,91056.0,91444.5,91056.0,91243.7,133.99910154,12237943.506216497,12237943.506216497,1,388.5,388.5,0.0,388.5,584.8142857142842
2026-01-12 23:00:00,91243.7,91319.9,91076.5,91304.0,53.12812533,4845658.997270267,4845658.997270267,1,243.39999999999418,76.19999999999709,167.1999999999971,243.39999999999418,581.6857142857126
2026-01-13 00:00:00,91304.0,91548.9,91257.0,91481.1,154.30764832,14104366.854061478,14104366.854061478,1,291.8999999999942,244.89999999999418,47.0,291.8999999999942,572.6785714285694
2026-01-13 01:00:00,91481.1,91548.0,91054.3,91188.0,82.43368771,7525218.467959754,7525218.467959754,1,493.6999999999971,66.89999999999418,426.8000000000029,493.6999999999971,580.1499999999972
2026-01-13 02:00:00,91188.0,91382.1,91102.2,91125.4,118.68310015,10826796.298685635,10826796.298685635,1,279.90000000000873,194.10000000000582,85.80000000000291,279.90000000000873,582.114285714284
2026-01-13 03:00:00,91125.5,91471.2,91125.1,91412.0,120.6913497,11020766.067645064,11020766.067645064,1,346.09999999999127,345.8000000000029,0.29999999998835847,346.09999999999127,586.2571428571412
2026-01-13 04:00:00,91412.1,91647.2,91349.9,91515.9,62.52384798,5718843.73975984,5718843.73975984,1,297.3000000000029,235.1999999999971,62.10000000000582,297.3000000000029,536.7285714285701
2026-01-13 05:00:00,91516.0,92256.9,91480.5,91924.5,273.85033642,25180944.629915467,25180944.629915467,1,776.3999999999942,741.0,35.39999999999418,776.3999999999942,522.9285714285694
2026-01-13 06:00:00,91924.6,92270.8,91811.5,92179.1,186.56114257,17170290.069550624,17170290.069550624,1,459.3000000000029,346.3000000000029,113.0,459.3000000000029,502.7571428571412
2026-01-13 07:00:00,92179.2,92207.0,91882.9,91949.7,672.8691819,61897171.063796031,61897171.063796031,1,324.1000000000058,27.89999999999418,296.20000000001164,324.1000000000058,433.6214285714273
2026-01-13 08:00:00,91949.7,92253.2,91908.4,92170.1,374.1430512,34431893.67532512,34431893.67532512,1,344.8000000000029,303.5,41.30000000000291,344.8000000000029,419.4642857142847
2026-01-13 09:00:00,92170.1,92666.0,91940.7,92264.7,332.88317456,30741790.842557198,30741790.842557198,1,725.3000000000029,495.8999999999942,229.40000000000873,725.3000000000029,439.5785714285708
2026-01-13 10:00:00,92264.7,92338.6,92022.0,92134.4,129.23897115,11916639.506247933,11916639.506247933,1,316.6000000000058,73.90000000000873,242.6999999999971,316.6000000000058,417.0642857142863
2026-01-13 11:00:00,92134.5,92258.6,91970.7,92001.0,128.14715601,11803597.454704142,11803597.454704142,1,287.90000000000873,124.20000000001164,163.6999999999971,287.90000000000873,398.22857142857225
2026-01-13 12:00:00,92001.1,92150.0,91916.2,92104.9,89.96696491,8283363.47262718,8283363.47262718,1,233.8000000000029,149.0,84.80000000000291,233.8000000000029,387.17857142857247
2026-01-13 13:00:00,92105.0,92607.0,91989.1,92074.9,501.55595981,46269176.897322829,46269176.897322829,1,617.8999999999942,502.1000000000058,115.79999999998836,617.8999999999942,413.92857142857247
2026-01-13 14:00:00,92074.9,92922.8,91790.0,92471.1,495.65949432,45819934.662136649,45819934.662136649,1,1132.800000000003,847.9000000000087,284.8999999999942,1132.800000000003,473.9928571428588
2026-01-13 15:00:00,92471.0,93456.0,92134.8,93455.9,595.3351178,55277802.857471831,55277802.857471831,1,1321.199999999997,984.8999999999942,336.3000000000029,1321.199999999997,533.1000000000016
2026-01-13 16:00:00,93455.9,93753.0,93080.7,93392.0,724.56704923,67741381.285219266,67741381.285219266,1,672.3000000000029,297.1000000000058,375.1999999999971,672.3000000000029,561.1285714285726
2026-01-13 17:00:00,93392.1,93494.0,93101.1,93244.0,228.59657494,21335502.105395803,21335502.105395803,1,392.8999999999942,102.0,290.8999999999942,392.8999999999942,564.47142857143
2026-01-13 18:00:00,93243.0,93871.7,93200.1,93629.4,265.82168368,24874386.639117492,24874386.639117492,1,671.5999999999913,627.6999999999971,43.89999999999418,671.5999999999913,591.2071428571435
2026-01-13 19:00:00,93629.4,94243.6,93475.0,94224.1,515.69539456,48401727.33207396,48401727.33207396,1,768.6000000000058,614.2000000000116,154.39999999999418,768.6000000000058,590.6500000000015
2026-01-13 20:00:00,94224.2,94510.1,94117.4,94412.6,723.26348036,68215655.728678229,68215655.728678229,1,392.70000000001164,286.0,106.70000000001164,392.70000000001164,585.8928571428593
2026-01-13 21:00:00,94412.7,94526.3,94060.0,94091.0,235.63804212,22224207.822008248,22224207.822008248,1,466.3000000000029,113.69999999999709,352.6000000000058,466.3000000000029,596.0500000000019
2026-01-13 22:00:00,94091.1,96543.0,94091.1,95755.0,1836.33443741,175410090.848696499,175410090.848696499,1,2451.899999999994,2452.0,0.10000000000582077,2452.0,746.5642857142874
2026-01-13 23:00:00,95758.0,96097.0,95070.0,95411.8,613.68722289,58722702.769467386,58722702.769467386,1,1027.0,342.0,685.0,1027.0,768.1142857142871
2026-01-14 00:00:00,95411.8,95664.6,95173.9,95241.0,239.37544371,22838621.298915929,22838621.298915929,1,490.70000000001164,252.8000000000029,237.90000000000873,490.70000000001164,780.5500000000019
2026-01-14 01:00:00,95241.0,95581.9,95142.8,95245.0,360.14014907,34341293.024147042,34341293.024147042,1,439.09999999999127,340.8999999999942,98.19999999999709,439.09999999999127,791.3500000000006
2026-01-14 02:00:00,95245.1,95561.9,95211.4,95349.0,242.3064343,23116803.563988516,23116803.563988516,1,350.5,316.8999999999942,33.60000000000582,350.5,799.6857142857147
2026-01-14 03:00:00,95349.0,95722.5,95283.2,95722.3,181.53390932,17336931.500101907,17336931.500101907,1,439.3000000000029,373.5,65.80000000000291,439.3000000000029,786.9285714285725
2026-01-14 04:00:00,95722.3,95796.8,95230.3,95246.0,218.86185582,20892686.580770568,20892686.580770568,1,566.5,74.5,492.0,566.5,746.4785714285723
2026-01-14 05:00:00,95246.1,95280.7,94957.7,95012.5,350.08250115,33289114.721341727,33289114.721341727,1,323.0,34.69999999999709,288.3000000000029,323.0,675.1785714285725
2026-01-14 06:00:00,95012.5,95037.4,94521.7,95037.3,399.21719965,37856848.162749052,37856848.162749052,1,515.6999999999971,24.89999999999418,490.8000000000029,515.6999999999971,663.9928571428578
2026-01-14 07:00:00,95037.4,95230.0,94844.0,95201.9,499.48489874,47483651.4391048,47483651.4391048,1,386.0,192.6999999999971,193.3000000000029,386.0,663.500000000001
2026-01-14 08:00:00,95201.9,95310.5,94866.6,94901.2,220.24319921,20947533.396039713,20947533.396039713,1,443.8999999999942,108.60000000000582,335.29999999998836,443.8999999999942,647.2357142857155
2026-01-14 09:00:00,94901.2,95181.0,94883.1,95091.1,376.50842309,35788483.386772632,35788483.386772632,1,297.8999999999942,279.8000000000029,18.09999999999127,297.8999999999942,613.6142857142861
2026-01-14 10:00:00,95091.0,95297.5,94895.4,95094.3,282.47880667,26870751.028143531,26870751.028143531,1,402.1000000000058,206.39999999999418,195.70000000001164,402.1000000000058,614.2857142857143
2026-01-14 11:00:00,95093.8,95093.8,94750.0,94797.7,220.8793008,20970190.949464199,20970190.949464199,1,343.8000000000029,0.5,344.3000000000029,344.3000000000029,605.5714285714286
2026-01-14 12:00:00,94797.7,95165.7,94688.1,95079.7,188.18468783,17878194.387617177,17878194.387617177,1,477.59999999999127,368.0,109.59999999999127,477.59999999999127,464.5428571428565
2026-01-14 13:00:00,95079.7,95240.2,94892.3,94997.0,149.57372963,14220389.020690293,14220389.020690293,1,347.8999999999942,160.5,187.39999999999418,347.8999999999942,416.03571428571325
2026-01-14 14:00:00,94997.0,96820.5,94983.9,96481.3,1151.60693601,110640089.842372494,110640089.842372494,1,1836.6000000000058,1823.5,13.10000000000582,1836.6000000000058,512.1714285714271
2026-01-14 15:00:00,96481.3,97088.0,96186.1,96755.6,1109.24876434,107253261.470403092,107253261.470403092,1,901.8999999999942,606.6999999999971,295.1999999999971,901.8999999999942,545.2285714285701
2026-01-14 16:00:00,96755.5,97696.7,96732.0,97285.5,1524.90198265,148331590.323989601,148331590.323989601,1,964.6999999999971,941.0999999999913,23.60000000000582,964.6999999999971,589.0999999999985
2026-01-14 17:00:00,97285.5,97776.0,96766.0,96953.2,1043.78772161,101639219.00311798,101639219.00311798,1,1010.0,490.5,519.5,1010.0,629.864285714284
2026-01-14 18:00:00,96953.1,97109.5,96229.5,96806.3,834.83314115,80706449.02842337,80706449.02842337,1,880.0,156.3000000000029,723.6999999999971,880.0,652.2571428571412
2026-01-14 19:00:00,96806.3,97648.6,96685.7,97257.8,512.45694584,49819584.544188107,49819584.544188107,1,962.9000000000087,842.3000000000029,120.60000000000582,962.9000000000087,697.9642857142846
2026-01-14 20:00:00,97257.8,97925.4,97207.7,97656.2,604.26613274,58953216.753090134,58953216.753090134,1,717.6999999999971,667.5999999999913,50.10000000000582,717.6999999999971,712.3928571428561
2026-01-14 21:00:00,97656.2,97714.9,97376.1,97560.8,247.19876154,24109681.693470967,24109681.693470967,1,338.79999999998836,58.69999999999709,280.09999999999127,338.79999999998836,709.0214285714267
2026-01-14 22:00:00,97560.9,97581.3,96758.1,96886.9,306.83909196,29825402.807419902,29825402.807419902,1,823.1999999999971,20.5,802.6999999999971,823.1999999999971,736.114285714284
2026-01-14 23:00:00,96886.9,97369.9,96865.0,96945.9,147.39971304,14308969.55277817,14308969.55277817,1,504.8999999999942,483.0,21.89999999999418,504.8999999999942,750.8999999999984
2026-01-15 00:00:00,96946.0,96999.6,96500.0,96653.5,352.2215868,34066774.94506498,34066774.94506498,1,499.6000000000058,53.70000000001164,445.8999999999942,499.6000000000058,757.864285714284
2026-01-15 01:00:00,96655.4,96961.8,96307.1,96446.2,240.95478859,23274441.267057727,23274441.267057727,1,654.6999999999971,308.3000000000029,346.3999999999942,654.6999999999971,780.0357142857122
2026-01-15 02:00:00,96446.1,96614.5,96100.0,96333.0,177.53382637,17106150.031997597,17106150.031997597,1,514.5,168.3000000000029,346.1999999999971,514.5,782.6714285714271
2026-01-11 00:00:00,90504.9,90646.9,90449.3,90629.0,29.20374612,2644946.18469037,2644946.18469037,1,197.59999999999127,,,197.59999999999127,197.59999999999127
2026-01-11 01:00:00,90629.1,90674.0,90557.0,90625.7,24.50238031,2220230.312985146,2220230.312985146,1,117.0,45.0,72.0,117.0,157.29999999999563
2026-01-11 02:00:00,90625.8,90727.9,90610.0,90692.1,31.70904088,2875378.849020879,2875378.849020879,1,117.89999999999418,102.19999999999709,15.69999999999709,117.89999999999418,144.16666666666183
2026-01-11 03:00:00,90692.1,90733.1,90635.0,90733.0,43.57694718,3952300.140079397,3952300.140079397,1,98.10000000000582,41.0,57.10000000000582,98.10000000000582,132.64999999999782
2026-01-11 04:00:00,90733.1,90809.9,90659.6,90799.1,81.37199858,7383526.067885081,7383526.067885081,1,150.29999999998836,76.89999999999418,73.39999999999418,150.29999999998836,136.1799999999959
2026-01-11 05:00:00,90799.1,90859.9,90736.1,90777.8,42.06634215,3819146.055124129,3819146.055124129,1,123.79999999998836,60.79999999998836,63.0,123.79999999998836,134.11666666666133
2026-01-11 06:00:00,90777.8,90800.0,90586.3,90743.0,47.13946115,4274172.139015539,4274172.139015539,1,213.6999999999971,22.19999999999709,191.5,213.6999999999971,145.4857142857093
2026-01-11 07:00:00,90743.0,90765.0,90672.0,90713.0,51.55423959,4676645.596118151,4676645.596118151,1,93.0,22.0,71.0,93.0,138.92499999999563
2026-01-11 08:00:00,90712.9,90806.3,90620.0,90787.3,276.10927202,25050357.843093298,25050357.843093298,1,186.3000000000029,93.30000000000291,93.0,186.3000000000029,144.18888888888534
2026-01-11 09:00:00,90788.2,90816.4,90653.5,90739.1,421.88545174,38284506.588491439,38284506.588491439,1,162.89999999999418,29.09999999999127,133.8000000000029,162.89999999999418,146.05999999999622
2026-01-11 10:00:00,90739.1,90761.4,90689.0,90728.9,28.76752492,2609893.360729086,2609893.360729086,1,72.39999999999418,22.29999999998836,50.10000000000582,72.39999999999418,139.3636363636324
2026-01-11 11:00:00,90729.0,90752.0,90696.0,90751.8,31.45814483,2854004.417289197,2854004.417289197,1,56.0,23.10000000000582,32.89999999999418,56.0,132.41666666666302
2026-01-11 12:00:00,90751.9,91033.0,90723.0,90938.1,93.10870438,8465374.372857881,8465374.372857881,1,310.0,281.1999999999971,28.80000000000291,310.0,146.0769230769197
2026-01-11 13:00:00,90938.1,90972.7,90822.5,90854.0,82.39697913,7489753.888060639,7489753.888060639,1,150.1999999999971,34.59999999999127,115.60000000000582,150.1999999999971,146.37142857142524
2026-01-11 14:00:00,90854.1,91199.8,90854.0,91126.1,101.61169412,9252875.591584268,9252875.591584268,1,345.8000000000029,345.8000000000029,0.0,345.8000000000029,156.95714285714035
2026-01-11 15:00:00,91126.1,91157.9,90711.4,90875.0,137.06704753,12462014.722218521,12462014.722218521,1,446.5,31.79999999998836,414.70000000001164,446.5,180.49285714285466
2026-01-11 16:00:00,90875.0,91284.6,90875.0,91041.9,118.59822454,10802603.972880225,10802603.972880225,1,409.6000000000058,409.6000000000058,0.0,409.6000000000058,201.32857142856977
2026-01-11 17:00:00,91042.0,91138.0,90912.0,90991.0,48.32468048,4399107.45772465,4399107.45772465,1,226.0,96.10000000000582,129.89999999999418,226.0,210.46428571428365
2026-01-11 18:00:00,90991.1,90991.1,90800.0,90882.9,45.99045951,4179679.064958694,4179679.064958694,1,191.10000000000582,0.10000000000582077,191.0,191.10000000000582,213.3785714285706
2026-01-11 19:00:00,90882.9,90932.0,90680.0,90693.1,31.54357856,2863853.48985495,2863853.48985495,1,252.0,49.10000000000582,202.89999999999418,252.0,222.53571428571428
2026-01-11 20:00:00,90693.1,90740.5,90424.3,90709.0,148.94350958,13487078.106036308,13487078.106036308,1,316.1999999999971,47.39999999999418,268.8000000000029,316.1999999999971,229.85714285714286
2026-01-11 21:00:00,90709.1,90836.3,90600.0,90759.0,44.86306926,4069682.831175137,4069682.831175137,1,236.3000000000029,127.30000000000291,109.0,236.3000000000029,240.09285714285735
2026-01-11 22:00:00,90759.1,90759.1,90455.8,90534.5,82.35397267,7461799.777861724,7461799.777861724,1,303.3000000000029,0.10000000000582077,303.1999999999971,303.3000000000029,248.45000000000022
2026-01-11 23:00:00,90534.4,91039.8,90230.3,91012.0,214.07575229,19410994.105751093,19410994.105751093,1,809.5,505.3000000000029,304.1999999999971,809.5,294.6357142857149
2026-01-12 00:00:00,91008.3,91255.6,90697.7,91255.6,222.78259444,20280453.860268811,20280453.860268811,1,557.9000000000087,243.60000000000582,314.3000000000029,557.9000000000087,329.3142857142874
2026-01-12 01:00:00,91255.7,91800.0,91099.4,91410.9,335.61197399,30695396.152784587,30695396.152784587,1,700.6000000000058,544.3999999999942,156.20000000001164,700.6000000000058,375.35714285714494
2026-01-12 02:00:00,91411.0,92396.4,91376.1,92210.1,422.74899793,38889167.118724004,38889167.118724004,1,1020.2999999999884,985.5,34.79999999998836,1020.2999999999884,426.0928571428584
2026-01-12 03:00:00,92211.8,92520.6,91805.4,91805.4,319.01275403,29421244.098548241,29421244.098548241,1,715.2000000000116,310.5,404.70000000001164,715.2000000000116,466.45000000000226
2026-01-12 04:00:00,91805.5,92281.7,91755.6,92160.0,124.53717313,11461377.423098606,11461377.423098606,1,526.0999999999913,476.3000000000029,49.79999999998836,526.0999999999913,479.3285714285729
2026-01-12 05:00:00,92160.1,92264.9,92048.4,92115.0,96.42016732,8884770.713873671,8884770.713873671,1,216.5,104.89999999999418,111.60000000000582,216.5,462.90000000000146
2026-01-12 06:00:00,92114.9,92208.0,91820.0,91839.1,136.64802883,12568283.497438013,12568283.497438013,1,388.0,93.0,295.0,388.0,461.3571428571439
2026-01-12 07:00:00,91839.1,91962.1,91400.0,91415.1,528.490474,48442857.175033613,48442857.175033613,1,562.1000000000058,123.0,439.1000000000058,562.1000000000058,485.3642857142872
2026-01-12 08:00:00,91415.1,91628.9,90400.0,90749.1,580.69904075,52778256.402353271,52778256.402353271,1,1228.8999999999942,213.79999999998836,1015.1000000000058,1228.8999999999942,559.4928571428578
2026-01-12 09:00:00,90749.1,90933.3,90646.1,90692.2,180.95933636,16433008.334714364,16433008.334714364,1,287.1999999999971,184.1999999999971,103.0,287.1999999999971,562.0071428571433
2026-01-12 10:00:00,90692.1,90793.0,90375.0,90435.9,149.27260652,13517169.57848921,13517169.57848921,1,418.0,100.80000000000291,317.1999999999971,418.0,569.278571428572
2026-01-12 11:00:00,90434.2,90816.1,90427.0,90630.1,165.21326359,14977035.121454335,14977035.121454335,1,389.1000000000058,380.20000000001164,8.89999999999418,389.1000000000058,580.192857142858
2026-01-12 12:00:00,90630.1,90870.4,90618.0,90789.0,73.0402834,6629157.49050605,6629157.49050605,1,252.39999999999418,240.29999999998836,12.10000000000582,252.39999999999418,576.557142857143
2026-01-12 13:00:00,90789.1,90829.7,90541.6,90632.1,150.14423847,13614122.733121293,13614122.733121293,1,288.09999999999127,40.69999999999709,247.39999999999418,288.09999999999127,539.3142857142853
2026-01-12 14:00:00,90632.1,91122.8,90132.1,90908.1,438.77331825,39757812.271452561,39757812.271452561,1,990.6999999999971,490.6999999999971,500.0,990.6999999999971,570.2285714285701
2026-01-12 15:00:00,90908.0,91679.6,90710.0,91666.9,367.10261225,33517183.940345519,33517183.940345519,1,969.6000000000058,771.5,198.10000000000582,969.6000000000058,589.4428571428559
2026-01-12 16:00:00,91666.0,92316.7,91575.0,92117.8,641.42504829,59003372.251430872,59003372.251430872,1,741.6999999999971,649.8000000000029,91.89999999999418,741.6999999999971,569.5428571428565
2026-01-12 17:00:00,92117.9,92299.1,91007.1,91522.5,510.64948513,46774494.415137832,46774494.415137832,1,1292.0,181.3000000000029,1110.699999999997,1292.0,610.7428571428557
2026-01-12 18:00:00,91522.6,91958.1,91415.1,91689.1,206.60046223,18954521.357794614,18954521.357794614,1,543.0,435.6000000000058,107.39999999999418,543.0,611.9499999999991
2026-01-12 19:00:00,91689.2,91881.3,91437.6,91864.9,131.5242544,12055329.168740881,12055329.168740881,1,443.6999999999971,192.1999999999971,251.5,443.6999999999971,628.1785714285704
2026-01-12 20:00:00,91864.9,92048.4,91416.6,91493.3,212.87155641,19508227.404874415,19508227.404874415,1,631.7999999999884,183.5,448.29999999998836,631.7999999999884,645.5928571428552
2026-01-12 21:00:00,91492.1,91500.0,90948.4,91056.0,158.43788366,14454876.813278923,14454876.813278923,1,551.6000000000058,6.69999999999709,544.9000000000087,551.6000000000058,644.8428571428552
2026-01-12 22:00:00,91056.0,91444.5,91056.0,91243.7,133.99910154,12237943.506216497,12237943.506216497,1,388.5,388.5,0.0,388.5,584.8142857142842
2026-01-12 23:00:00,91243.7,91319.9,91076.5,91304.0,53.12812533,4845658.997270267,4845658.997270267,1,243.39999999999418,76.19999999999709,167.1999999999971,243.39999999999418,581.6857142857126
2026-01-13 00:00:00,91304.0,91548.9,91257.0,91481.1,154.30764832,14104366.854061478,14104366.854061478,1,291.8999999999942,244.89999999999418,47.0,291.8999999999942,572.6785714285694
2026-01-13 01:00:00,91481.1,91548.0,91054.3,91188.0,82.43368771,7525218.467959754,7525218.467959754,1,493.6999999999971,66.89999999999418,426.8000000000029,493.6999999999971,580.1499999999972
2026-01-13 02:00:00,91188.0,91382.1,91102.2,91125.4,118.68310015,10826796.298685635,10826796.298685635,1,279.90000000000873,194.10000000000582,85.80000000000291,279.90000000000873,582.114285714284
2026-01-13 03:00:00,91125.5,91471.2,91125.1,91412.0,120.6913497,11020766.067645064,11020766.067645064,1,346.09999999999127,345.8000000000029,0.29999999998835847,346.09999999999127,586.2571428571412
2026-01-13 04:00:00,91412.1,91647.2,91349.9,91515.9,62.52384798,5718843.73975984,5718843.73975984,1,297.3000000000029,235.1999999999971,62.10000000000582,297.3000000000029,536.7285714285701
2026-01-13 05:00:00,91516.0,92256.9,91480.5,91924.5,273.85033642,25180944.629915467,25180944.629915467,1,776.3999999999942,741.0,35.39999999999418,776.3999999999942,522.9285714285694
2026-01-13 06:00:00,91924.6,92270.8,91811.5,92179.1,186.56114257,17170290.069550624,17170290.069550624,1,459.3000000000029,346.3000000000029,113.0,459.3000000000029,502.7571428571412
2026-01-13 07:00:00,92179.2,92207.0,91882.9,91949.7,672.8691819,61897171.063796031,61897171.063796031,1,324.1000000000058,27.89999999999418,296.20000000001164,324.1000000000058,433.6214285714273
2026-01-13 08:00:00,91949.7,92253.2,91908.4,92170.1,374.1430512,34431893.67532512,34431893.67532512,1,344.8000000000029,303.5,41.30000000000291,344.8000000000029,419.4642857142847
2026-01-13 09:00:00,92170.1,92666.0,91940.7,92264.7,332.88317456,30741790.842557198,30741790.842557198,1,725.3000000000029,495.8999999999942,229.40000000000873,725.3000000000029,439.5785714285708
2026-01-13 10:00:00,92264.7,92338.6,92022.0,92134.4,129.23897115,11916639.506247933,11916639.506247933,1,316.6000000000058,73.90000000000873,242.6999999999971,316.6000000000058,417.0642857142863
2026-01-13 11:00:00,92134.5,92258.6,91970.7,92001.0,128.14715601,11803597.454704142,11803597.454704142,1,287.90000000000873,124.20000000001164,163.6999999999971,287.90000000000873,398.22857142857225
2026-01-13 12:00:00,92001.1,92150.0,91916.2,92104.9,89.96696491,8283363.47262718,8283363.47262718,1,233.8000000000029,149.0,84.80000000000291,233.8000000000029,387.17857142857247
2026-01-13 13:00:00,92105.0,92607.0,91989.1,92074.9,501.55595981,46269176.897322829,46269176.897322829,1,617.8999999999942,502.1000000000058,115.79999999998836,617.8999999999942,413.92857142857247
2026-01-13 14:00:00,92074.9,92922.8,91790.0,92471.1,495.65949432,45819934.662136649,45819934.662136649,1,1132.800000000003,847.9000000000087,284.8999999999942,1132.800000000003,473.9928571428588
2026-01-13 15:00:00,92471.0,93456.0,92134.8,93455.9,595.3351178,55277802.857471831,55277802.857471831,1,1321.199999999997,984.8999999999942,336.3000000000029,1321.199999999997,533.1000000000016
2026-01-13 16:00:00,93455.9,93753.0,93080.7,93392.0,724.56704923,67741381.285219266,67741381.285219266,1,672.3000000000029,297.1000000000058,375.1999999999971,672.3000000000029,561.1285714285726
2026-01-13 17:00:00,93392.1,93494.0,93101.1,93244.0,228.59657494,21335502.105395803,21335502.105395803,1,392.8999999999942,102.0,290.8999999999942,392.8999999999942,564.47142857143
2026-01-13 18:00:00,93243.0,93871.7,93200.1,93629.4,265.82168368,24874386.639117492,24874386.639117492,1,671.5999999999913,627.6999999999971,43.89999999999418,671.5999999999913,591.2071428571435
2026-01-13 19:00:00,93629.4,94243.6,93475.0,94224.1,515.69539456,48401727.33207396,48401727.33207396,1,768.6000000000058,614.2000000000116,154.39999999999418,768.6000000000058,590.6500000000015
2026-01-13 20:00:00,94224.2,94510.1,94117.4,94412.6,723.26348036,68215655.728678229,68215655.728678229,1,392.70000000001164,286.0,106.70000000001164,392.70000000001164,585.8928571428593
2026-01-13 21:00:00,94412.7,94526.3,94060.0,94091.0,235.63804212,22224207.822008248,22224207.822008248,1,466.3000000000029,113.69999999999709,352.6000000000058,466.3000000000029,596.0500000000019
2026-01-13 22:00:00,94091.1,96543.0,94091.1,95755.0,1836.33443741,175410090.848696499,175410090.848696499,1,2451.899999999994,2452.0,0.10000000000582077,2452.0,746.5642857142874
2026-01-13 23:00:00,95758.0,96097.0,95070.0,95411.8,613.68722289,58722702.769467386,58722702.769467386,1,1027.0,342.0,685.0,1027.0,768.1142857142871
2026-01-14 00:00:00,95411.8,95664.6,95173.9,95241.0,239.37544371,22838621.298915929,22838621.298915929,1,490.70000000001164,252.8000000000029,237.90000000000873,490.70000000001164,780.5500000000019
2026-01-14 01:00:00,95241.0,95581.9,95142.8,95245.0,360.14014907,34341293.024147042,34341293.024147042,1,439.09999999999127,340.8999999999942,98.19999999999709,439.09999999999127,791.3500000000006
2026-01-14 02:00:00,95245.1,95561.9,95211.4,95349.0,242.3064343,23116803.563988516,23116803.563988516,1,350.5,316.8999999999942,33.60000000000582,350.5,799.6857142857147
2026-01-14 03:00:00,95349.0,95722.5,95283.2,95722.3,181.53390932,17336931.500101907,17336931.500101907,1,439.3000000000029,373.5,65.80000000000291,439.3000000000029,786.9285714285725
2026-01-14 04:00:00,95722.3,95796.8,95230.3,95246.0,218.86185582,20892686.580770568,20892686.580770568,1,566.5,74.5,492.0,566.5,746.4785714285723
2026-01-14 05:00:00,95246.1,95280.7,94957.7,95012.5,350.08250115,33289114.721341727,33289114.721341727,1,323.0,34.69999999999709,288.3000000000029,323.0,675.1785714285725
2026-01-14 06:00:00,95012.5,95037.4,94521.7,95037.3,399.21719965,37856848.162749052,37856848.162749052,1,515.6999999999971,24.89999999999418,490.8000000000029,515.6999999999971,663.9928571428578
2026-01-14 07:00:00,95037.4,95230.0,94844.0,95201.9,499.48489874,47483651.4391048,47483651.4391048,1,386.0,192.6999999999971,193.3000000000029,386.0,663.500000000001
2026-01-14 08:00:00,95201.9,95310.5,94866.6,94901.2,220.24319921,20947533.396039713,20947533.396039713,1,443.8999999999942,108.60000000000582,335.29999999998836,443.8999999999942,647.2357142857155
2026-01-14 09:00:00,94901.2,95181.0,94883.1,95091.1,376.50842309,35788483.386772632,35788483.386772632,1,297.8999999999942,279.8000000000029,18.09999999999127,297.8999999999942,613.6142857142861
2026-01-14 10:00:00,95091.0,95297.5,94895.4,95094.3,282.47880667,26870751.028143531,26870751.028143531,1,402.1000000000058,206.39999999999418,195.70000000001164,402.1000000000058,614.2857142857143
2026-01-14 11:00:00,95093.8,95093.8,94750.0,94797.7,220.8793008,20970190.949464199,20970190.949464199,1,343.8000000000029,0.5,344.3000000000029,344.3000000000029,605.5714285714286
2026-01-14 12:00:00,94797.7,95165.7,94688.1,95079.7,188.18468783,17878194.387617177,17878194.387617177,1,477.59999999999127,368.0,109.59999999999127,477.59999999999127,464.5428571428565
2026-01-14 13:00:00,95079.7,95240.2,94892.3,94997.0,149.57372963,14220389.020690293,14220389.020690293,1,347.8999999999942,160.5,187.39999999999418,347.8999999999942,416.03571428571325
2026-01-14 14:00:00,94997.0,96820.5,94983.9,96481.3,1151.60693601,110640089.842372494,110640089.842372494,1,1836.6000000000058,1823.5,13.10000000000582,1836.6000000000058,512.1714285714271
2026-01-14 15:00:00,96481.3,97088.0,96186.1,96755.6,1109.24876434,107253261.470403092,107253261.470403092,1,901.8999999999942,606.6999999999971,295.1999999999971,901.8999999999942,545.2285714285701
2026-01-14 16:00:00,96755.5,97696.7,96732.0,97285.5,1524.90198265,148331590.323989601,148331590.323989601,1,964.6999999999971,941.0999999999913,23.60000000000582,964.6999999999971,589.0999999999985
2026-01-14 17:00:00,97285.5,97776.0,96766.0,96953.2,1043.78772161,101639219.00311798,101639219.00311798,1,1010.0,490.5,519.5,1010.0,629.864285714284
2026-01-14 18:00:00,96953.1,97109.5,96229.5,96806.3,834.83314115,80706449.02842337,80706449.02842337,1,880.0,156.3000000000029,723.6999999999971,880.0,652.2571428571412
2026-01-14 19:00:00,96806.3,97648.6,96685.7,97257.8,512.45694584,49819584.544188107,49819584.544188107,1,962.9000000000087,842.3000000000029,120.60000000000582,962.9000000000087,697.9642857142846
2026-01-14 20:00:00,97257.8,97925.4,97207.7,97656.2,604.26613274,58953216.753090134,58953216.753090134,1,717.6999999999971,667.5999999999913,50.10000000000582,717.6999999999971,712.3928571428561
2026-01-14 21:00:00,97656.2,97714.9,97376.1,97560.8,247.19876154,24109681.693470967,24109681.693470967,1,338.79999999998836,58.69999999999709,280.09999999999127,338.79999999998836,709.0214285714267
2026-01-14 22:00:00,97560.9,97581.3,96758.1,96886.9,306.83909196,29825402.807419902,29825402.807419902,1,823.1999999999971,20.5,802.6999999999971,823.1999999999971,736.114285714284
2026-01-14 23:00:00,96886.9,97369.9,96865.0,96945.9,147.39971304,14308969.55277817,14308969.55277817,1,504.8999999999942,483.0,21.89999999999418,504.8999999999942,750.8999999999984
2026-01-15 00:00:00,96946.0,96999.6,96500.0,96653.5,352.2215868,34066774.94506498,34066774.94506498,1,499.6000000000058,53.70000000001164,445.8999999999942,499.6000000000058,757.864285714284
2026-01-15 01:00:00,96655.4,96961.8,96307.1,96446.2,240.95478859,23274441.267057727,23274441.267057727,1,654.6999999999971,308.3000000000029,346.3999999999942,654.6999999999971,780.0357142857122
2026-01-15 02:00:00,96446.1,96614.5,96100.0,96333.0,177.53382637,17106150.031997597,17106150.031997597,1,514.5,168.3000000000029,346.1999999999971,514.5,782.6714285714271
2026-01-15 03:00:00,96333.0,96400.0,95780.0,95990.5,358.45345002,34435469.433021335,34435469.433021335,1,620.0,67.0,553.0,620.0,802.1071428571419
2026-01-11 01:00:00,90629.1,90674.0,90557.0,90625.7,24.50238031,2220230.312985146,2220230.312985146,1,117.0,,,117.0,117.0
2026-01-11 02:00:00,90625.8,90727.9,90610.0,90692.1,31.70904088,2875378.849020879,2875378.849020879,1,117.89999999999418,102.19999999999709,15.69999999999709,117.89999999999418,117.44999999999709
2026-01-11 03:00:00,90692.1,90733.1,90635.0,90733.0,43.57694718,3952300.140079397,3952300.140079397,1,98.10000000000582,41.0,57.10000000000582,98.10000000000582,111.0
2026-01-11 04:00:00,90733.1,90809.9,90659.6,90799.1,81.37199858,7383526.067885081,7383526.067885081,1,150.29999999998836,76.89999999999418,73.39999999999418,150.29999999998836,120.82499999999709
2026-01-11 05:00:00,90799.1,90859.9,90736.1,90777.8,42.06634215,3819146.055124129,3819146.055124129,1,123.79999999998836,60.79999999998836,63.0,123.79999999998836,121.41999999999534
2026-01-11 06:00:00,90777.8,90800.0,90586.3,90743.0,47.13946115,4274172.139015539,4274172.139015539,1,213.6999999999971,22.19999999999709,191.5,213.6999999999971,136.79999999999563
2026-01-11 07:00:00,90743.0,90765.0,90672.0,90713.0,51.55423959,4676645.596118151,4676645.596118151,1,93.0,22.0,71.0,93.0,130.5428571428534
2026-01-11 08:00:00,90712.9,90806.3,90620.0,90787.3,276.10927202,25050357.843093298,25050357.843093298,1,186.3000000000029,93.30000000000291,93.0,186.3000000000029,137.5124999999971
2026-01-11 09:00:00,90788.2,90816.4,90653.5,90739.1,421.88545174,38284506.588491439,38284506.588491439,1,162.89999999999418,29.09999999999127,133.8000000000029,162.89999999999418,140.3333333333301
2026-01-11 10:00:00,90739.1,90761.4,90689.0,90728.9,28.76752492,2609893.360729086,2609893.360729086,1,72.39999999999418,22.29999999998836,50.10000000000582,72.39999999999418,133.5399999999965
2026-01-11 11:00:00,90729.0,90752.0,90696.0,90751.8,31.45814483,2854004.417289197,2854004.417289197,1,56.0,23.10000000000582,32.89999999999418,56.0,126.49090909090592
2026-01-11 12:00:00,90751.9,91033.0,90723.0,90938.1,93.10870438,8465374.372857881,8465374.372857881,1,310.0,281.1999999999971,28.80000000000291,310.0,141.78333333333043
2026-01-11 13:00:00,90938.1,90972.7,90822.5,90854.0,82.39697913,7489753.888060639,7489753.888060639,1,150.1999999999971,34.59999999999127,115.60000000000582,150.1999999999971,142.43076923076632
2026-01-11 14:00:00,90854.1,91199.8,90854.0,91126.1,101.61169412,9252875.591584268,9252875.591584268,1,345.8000000000029,345.8000000000029,0.0,345.8000000000029,156.95714285714035
2026-01-11 15:00:00,91126.1,91157.9,90711.4,90875.0,137.06704753,12462014.722218521,12462014.722218521,1,446.5,31.79999999998836,414.70000000001164,446.5,180.49285714285466
2026-01-11 16:00:00,90875.0,91284.6,90875.0,91041.9,118.59822454,10802603.972880225,10802603.972880225,1,409.6000000000058,409.6000000000058,0.0,409.6000000000058,201.32857142856977
2026-01-11 17:00:00,91042.0,91138.0,90912.0,90991.0,48.32468048,4399107.45772465,4399107.45772465,1,226.0,96.10000000000582,129.89999999999418,226.0,210.46428571428365
2026-01-11 18:00:00,90991.1,90991.1,90800.0,90882.9,45.99045951,4179679.064958694,4179679.064958694,1,191.10000000000582,0.10000000000582077,191.0,191.10000000000582,213.3785714285706
2026-01-11 19:00:00,90882.9,90932.0,90680.0,90693.1,31.54357856,2863853.48985495,2863853.48985495,1,252.0,49.10000000000582,202.89999999999418,252.0,222.53571428571428
2026-01-11 20:00:00,90693.1,90740.5,90424.3,90709.0,148.94350958,13487078.106036308,13487078.106036308,1,316.1999999999971,47.39999999999418,268.8000000000029,316.1999999999971,229.85714285714286
2026-01-11 21:00:00,90709.1,90836.3,90600.0,90759.0,44.86306926,4069682.831175137,4069682.831175137,1,236.3000000000029,127.30000000000291,109.0,236.3000000000029,240.09285714285735
2026-01-11 22:00:00,90759.1,90759.1,90455.8,90534.5,82.35397267,7461799.777861724,7461799.777861724,1,303.3000000000029,0.10000000000582077,303.1999999999971,303.3000000000029,248.45000000000022
2026-01-11 23:00:00,90534.4,91039.8,90230.3,91012.0,214.07575229,19410994.105751093,19410994.105751093,1,809.5,505.3000000000029,304.1999999999971,809.5,294.6357142857149
2026-01-12 00:00:00,91008.3,91255.6,90697.7,91255.6,222.78259444,20280453.860268811,20280453.860268811,1,557.9000000000087,243.60000000000582,314.3000000000029,557.9000000000087,329.3142857142874
2026-01-12 01:00:00,91255.7,91800.0,91099.4,91410.9,335.61197399,30695396.152784587,30695396.152784587,1,700.6000000000058,544.3999999999942,156.20000000001164,700.6000000000058,375.35714285714494
2026-01-12 02:00:00,91411.0,92396.4,91376.1,92210.1,422.74899793,38889167.118724004,38889167.118724004,1,1020.2999999999884,985.5,34.79999999998836,1020.2999999999884,426.0928571428584
2026-01-12 03:00:00,92211.8,92520.6,91805.4,91805.4,319.01275403,29421244.098548241,29421244.098548241,1,715.2000000000116,310.5,404.70000000001164,715.2000000000116,466.45000000000226
2026-01-12 04:00:00,91805.5,92281.7,91755.6,92160.0,124.53717313,11461377.423098606,11461377.423098606,1,526.0999999999913,476.3000000000029,49.79999999998836,526.0999999999913,479.3285714285729
2026-01-12 05:00:00,92160.1,92264.9,92048.4,92115.0,96.42016732,8884770.713873671,8884770.713873671,1,216.5,104.89999999999418,111.60000000000582,216.5,462.90000000000146
2026-01-12 06:00:00,92114.9,92208.0,91820.0,91839.1,136.64802883,12568283.497438013,12568283.497438013,1,388.0,93.0,295.0,388.0,461.3571428571439
2026-01-12 07:00:00,91839.1,91962.1,91400.0,91415.1,528.490474,48442857.175033613,48442857.175033613,1,562.1000000000058,123.0,439.1000000000058,562.1000000000058,485.3642857142872
2026-01-12 08:00:00,91415.1,91628.9,90400.0,90749.1,580.69904075,52778256.402353271,52778256.402353271,1,1228.8999999999942,213.79999999998836,1015.1000000000058,1228.8999999999942,559.4928571428578
2026-01-12 09:00:00,90749.1,90933.3,90646.1,90692.2,180.95933636,16433008.334714364,16433008.334714364,1,287.1999999999971,184.1999999999971,103.0,287.1999999999971,562.0071428571433
2026-01-12 10:00:00,90692.1,90793.0,90375.0,90435.9,149.27260652,13517169.57848921,13517169.57848921,1,418.0,100.80000000000291,317.1999999999971,418.0,569.278571428572
2026-01-12 11:00:00,90434.2,90816.1,90427.0,90630.1,165.21326359,14977035.121454335,14977035.121454335,1,389.1000000000058,380.20000000001164,8.89999999999418,389.1000000000058,580.192857142858
2026-01-12 12:00:00,90630.1,90870.4,90618.0,90789.0,73.0402834,6629157.49050605,6629157.49050605,1,252.39999999999418,240.29999999998836,12.10000000000582,252.39999999999418,576.557142857143
2026-01-12 13:00:00,90789.1,90829.7,90541.6,90632.1,150.14423847,13614122.733121293,13614122.733121293,1,288.09999999999127,40.69999999999709,247.39999999999418,288.09999999999127,539.3142857142853
2026-01-12 14:00:00,90632.1,91122.8,90132.1,90908.1,438.77331825,39757812.271452561,39757812.271452561,1,990.6999999999971,490.6999999999971,500.0,990.6999999999971,570.2285714285701
2026-01-12 15:00:00,90908.0,91679.6,90710.0,91666.9,367.10261225,33517183.940345519,33517183.940345519,1,969.6000000000058,771.5,198.10000000000582,969.6000000000058,589.4428571428559
2026-01-12 16:00:00,91666.0,92316.7,91575.0,92117.8,641.42504829,59003372.251430872,59003372.251430872,1,741.6999999999971,649.8000000000029,91.89999999999418,741.6999999999971,569.5428571428565
2026-01-12 17:00:00,92117.9,92299.1,91007.1,91522.5,510.64948513,46774494.415137832,46774494.415137832,1,1292.0,181.3000000000029,1110.699999999997,1292.0,610.7428571428557
2026-01-12 18:00:00,91522.6,91958.1,91415.1,91689.1,206.60046223,18954521.357794614,18954521.357794614,1,543.0,435.6000000000058,107.39999999999418,543.0,611.9499999999991
2026-01-12 19:00:00,91689.2,91881.3,91437.6,91864.9,131.5242544,12055329.168740881,12055329.168740881,1,443.6999999999971,192.1999999999971,251.5,443.6999999999971,628.1785714285704
2026-01-12 20:00:00,91864.9,92048.4,91416.6,91493.3,212.87155641,19508227.404874415,19508227.404874415,1,631.7999999999884,183.5,448.29999999998836,631.7999999999884,645.5928571428552
2026-01-12 21:00:00,91492.1,91500.0,90948.4,91056.0,158.43788366,14454876.813278923,14454876.813278923,1,551.6000000000058,6.69999999999709,544.9000000000087,551.6000000000058,644.8428571428552
2026-01-12 22:00:00,91056.0,91444.5,91056.0,91243.7,133.99910154,12237943.506216497,12237943.506216497,1,388.5,388.5,0.0,388.5,584.8142857142842
2026-01-12 23:00:00,91243.7,91319.9,91076.5,91304.0,53.12812533,4845658.997270267,4845658.997270267,1,243.39999999999418,76.19999999999709,167.1999999999971,243.39999999999418,581.6857142857126
2026-01-13 00:00:00,91304.0,91548.9,91257.0,91481.1,154.30764832,14104366.854061478,14104366.854061478,1,291.8999999999942,244.89999999999418,47.0,291.8999999999942,572.6785714285694
2026-01-13 01:00:00,91481.1,91548.0,91054.3,91188.0,82.43368771,7525218.467959754,7525218.467959754,1,493.6999999999971,66.89999999999418,426.8000000000029,493.6999999999971,580.1499999999972
2026-01-13 02:00:00,91188.0,91382.1,91102.2,91125.4,118.68310015,10826796.298685635,10826796.298685635,1,279.90000000000873,194.10000000000582,85.80000000000291,279.90000000000873,582.114285714284
2026-01-13 03:00:00,91125.5,91471.2,91125.1,91412.0,120.6913497,11020766.067645064,11020766.067645064,1,346.09999999999127,345.8000000000029,0.29999999998835847,346.09999999999127,586.2571428571412
2026-01-13 04:00:00,91412.1,91647.2,91349.9,91515.9,62.52384798,5718843.73975984,5718843.73975984,1,297.3000000000029,235.1999999999971,62.10000000000582,297.3000000000029,536.7285714285701
2026-01-13 05:00:00,91516.0,92256.9,91480.5,91924.5,273.85033642,25180944.629915467,25180944.629915467,1,776.3999999999942,741.0,35.39999999999418,776.3999999999942,522.9285714285694
2026-01-13 06:00:00,91924.6,92270.8,91811.5,92179.1,186.56114257,17170290.069550624,17170290.069550624,1,459.3000000000029,346.3000000000029,113.0,459.3000000000029,502.7571428571412
2026-01-13 07:00:00,92179.2,92207.0,91882.9,91949.7,672.8691819,61897171.063796031,61897171.063796031,1,324.1000000000058,27.89999999999418,296.20000000001164,324.1000000000058,433.6214285714273
2026-01-13 08:00:00,91949.7,92253.2,91908.4,92170.1,374.1430512,34431893.67532512,34431893.67532512,1,344.8000000000029,303.5,41.30000000000291,344.8000000000029,419.4642857142847
2026-01-13 09:00:00,92170.1,92666.0,91940.7,92264.7,332.88317456,30741790.842557198,30741790.842557198,1,725.3000000000029,495.8999999999942,229.40000000000873,725.3000000000029,439.5785714285708
2026-01-13 10:00:00,92264.7,92338.6,92022.0,92134.4,129.23897115,11916639.506247933,11916639.506247933,1,316.6000000000058,73.90000000000873,242.6999999999971,316.6000000000058,417.0642857142863
2026-01-13 11:00:00,92134.5,92258.6,91970.7,92001.0,128.14715601,11803597.454704142,11803597.454704142,1,287.90000000000873,124.20000000001164,163.6999999999971,287.90000000000873,398.22857142857225
2026-01-13 12:00:00,92001.1,92150.0,91916.2,92104.9,89.96696491,8283363.47262718,8283363.47262718,1,233.8000000000029,149.0,84.80000000000291,233.8000000000029,387.17857142857247
2026-01-13 13:00:00,92105.0,92607.0,91989.1,92074.9,501.55595981,46269176.897322829,46269176.897322829,1,617.8999999999942,502.1000000000058,115.79999999998836,617.8999999999942,413.92857142857247
2026-01-13 14:00:00,92074.9,92922.8,91790.0,92471.1,495.65949432,45819934.662136649,45819934.662136649,1,1132.800000000003,847.9000000000087,284.8999999999942,1132.800000000003,473.9928571428588
2026-01-13 15:00:00,92471.0,93456.0,92134.8,93455.9,595.3351178,55277802.857471831,55277802.857471831,1,1321.199999999997,984.8999999999942,336.3000000000029,1321.199999999997,533.1000000000016
2026-01-13 16:00:00,93455.9,93753.0,93080.7,93392.0,724.56704923,67741381.285219266,67741381.285219266,1,672.3000000000029,297.1000000000058,375.1999999999971,672.3000000000029,561.1285714285726
2026-01-13 17:00:00,93392.1,93494.0,93101.1,93244.0,228.59657494,21335502.105395803,21335502.105395803,1,392.8999999999942,102.0,290.8999999999942,392.8999999999942,564.47142857143
2026-01-13 18:00:00,93243.0,93871.7,93200.1,93629.4,265.82168368,24874386.639117492,24874386.639117492,1,671.5999999999913,627.6999999999971,43.89999999999418,671.5999999999913,591.2071428571435
2026-01-13 19:00:00,93629.4,94243.6,93475.0,94224.1,515.69539456,48401727.33207396,48401727.33207396,1,768.6000000000058,614.2000000000116,154.39999999999418,768.6000000000058,590.6500000000015
2026-01-13 20:00:00,94224.2,94510.1,94117.4,94412.6,723.26348036,68215655.728678229,68215655.728678229,1,392.70000000001164,286.0,106.70000000001164,392.70000000001164,585.8928571428593
2026-01-13 21:00:00,94412.7,94526.3,94060.0,94091.0,235.63804212,22224207.822008248,22224207.822008248,1,466.3000000000029,113.69999999999709,352.6000000000058,466.3000000000029,596.0500000000019
2026-01-13 22:00:00,94091.1,96543.0,94091.1,95755.0,1836.33443741,175410090.848696499,175410090.848696499,1,2451.899999999994,2452.0,0.10000000000582077,2452.0,746.5642857142874
2026-01-13 23:00:00,95758.0,96097.0,95070.0,95411.8,613.68722289,58722702.769467386,58722702.769467386,1,1027.0,342.0,685.0,1027.0,768.1142857142871
2026-01-14 00:00:00,95411.8,95664.6,95173.9,95241.0,239.37544371,22838621.298915929,22838621.298915929,1,490.70000000001164,252.8000000000029,237.90000000000873,490.70000000001164,780.5500000000019
2026-01-14 01:00:00,95241.0,95581.9,95142.8,95245.0,360.14014907,34341293.024147042,34341293.024147042,1,439.09999999999127,340.8999999999942,98.19999999999709,439.09999999999127,791.3500000000006
2026-01-14 02:00:00,95245.1,95561.9,95211.4,95349.0,242.3064343,23116803.563988516,23116803.563988516,1,350.5,316.8999999999942,33.60000000000582,350.5,799.6857142857147
2026-01-14 03:00:00,95349.0,95722.5,95283.2,95722.3,181.53390932,17336931.500101907,17336931.500101907,1,439.3000000000029,373.5,65.80000000000291,439.3000000000029,786.9285714285725
2026-01-14 04:00:00,95722.3,95796.8,95230.3,95246.0,218.86185582,20892686.580770568,20892686.580770568,1,566.5,74.5,492.0,566.5,746.4785714285723
2026-01-14 05:00:00,95246.1,95280.7,94957.7,95012.5,350.08250115,33289114.721341727,33289114.721341727,1,323.0,34.69999999999709,288.3000000000029,323.0,675.1785714285725
2026-01-14 06:00:00,95012.5,95037.4,94521.7,95037.3,399.21719965,37856848.162749052,37856848.162749052,1,515.6999999999971,24.89999999999418,490.8000000000029,515.6999999999971,663.9928571428578
2026-01-14 07:00:00,95037.4,95230.0,94844.0,95201.9,499.48489874,47483651.4391048,47483651.4391048,1,386.0,192.6999999999971,193.3000000000029,386.0,663.500000000001
2026-01-14 08:00:00,95201.9,95310.5,94866.6,94901.2,220.24319921,20947533.396039713,20947533.396039713,1,443.8999999999942,108.60000000000582,335.29999999998836,443.8999999999942,647.2357142857155
2026-01-14 09:00:00,94901.2,95181.0,94883.1,95091.1,376.50842309,35788483.386772632,35788483.386772632,1,297.8999999999942,279.8000000000029,18.09999999999127,297.8999999999942,613.6142857142861
2026-01-14 10:00:00,95091.0,95297.5,94895.4,95094.3,282.47880667,26870751.028143531,26870751.028143531,1,402.1000000000058,206.39999999999418,195.70000000001164,402.1000000000058,614.2857142857143
2026-01-14 11:00:00,95093.8,95093.8,94750.0,94797.7,220.8793008,20970190.949464199,20970190.949464199,1,343.8000000000029,0.5,344.3000000000029,344.3000000000029,605.5714285714286
2026-01-14 12:00:00,94797.7,95165.7,94688.1,95079.7,188.18468783,17878194.387617177,17878194.387617177,1,477.59999999999127,368.0,109.59999999999127,477.59999999999127,464.5428571428565
2026-01-14 13:00:00,95079.7,95240.2,94892.3,94997.0,149.57372963,14220389.020690293,14220389.020690293,1,347.8999999999942,160.5,187.39999999999418,347.8999999999942,416.03571428571325
2026-01-14 14:00:00,94997.0,96820.5,94983.9,96481.3,1151.60693601,110640089.842372494,110640089.842372494,1,1836.6000000000058,1823.5,13.10000000000582,1836.6000000000058,512.1714285714271
2026-01-14 15:00:00,96481.3,97088.0,96186.1,96755.6,1109.24876434,107253261.470403092,107253261.470403092,1,901.8999999999942,606.6999999999971,295.1999999999971,901.8999999999942,545.2285714285701
2026-01-14 16:00:00,96755.5,97696.7,96732.0,97285.5,1524.90198265,148331590.323989601,148331590.323989601,1,964.6999999999971,941.0999999999913,23.60000000000582,964.6999999999971,589.0999999999985
2026-01-14 17:00:00,97285.5,97776.0,96766.0,96953.2,1043.78772161,101639219.00311798,101639219.00311798,1,1010.0,490.5,519.5,1010.0,629.864285714284
2026-01-14 18:00:00,96953.1,97109.5,96229.5,96806.3,834.83314115,80706449.02842337,80706449.02842337,1,880.0,156.3000000000029,723.6999999999971,880.0,652.2571428571412
2026-01-14 19:00:00,96806.3,97648.6,96685.7,97257.8,512.45694584,49819584.544188107,49819584.544188107,1,962.9000000000087,842.3000000000029,120.60000000000582,962.9000000000087,697.9642857142846
2026-01-14 20:00:00,97257.8,97925.4,97207.7,97656.2,604.26613274,58953216.753090134,58953216.753090134,1,717.6999999999971,667.5999999999913,50.10000000000582,717.6999999999971,712.3928571428561
2026-01-14 21:00:00,97656.2,97714.9,97376.1,97560.8,247.19876154,24109681.693470967,24109681.693470967,1,338.79999999998836,58.69999999999709,280.09999999999127,338.79999999998836,709.0214285714267
2026-01-14 22:00:00,97560.9,97581.3,96758.1,96886.9,306.83909196,29825402.807419902,29825402.807419902,1,823.1999999999971,20.5,802.6999999999971,823.1999999999971,736.114285714284
2026-01-14 23:00:00,96886.9,97369.9,96865.0,96945.9,147.39971304,14308969.55277817,14308969.55277817,1,504.8999999999942,483.0,21.89999999999418,504.8999999999942,750.8999999999984
2026-01-15 00:00:00,96946.0,96999.6,96500.0,96653.5,352.2215868,34066774.94506498,34066774.94506498,1,499.6000000000058,53.70000000001164,445.8999999999942,499.6000000000058,757.864285714284
2026-01-15 01:00:00,96655.4,96961.8,96307.1,96446.2,240.95478859,23274441.267057727,23274441.267057727,1,654.6999999999971,308.3000000000029,346.3999999999942,654.6999999999971,780.0357142857122
2026-01-15 02:00:00,96446.1,96614.5,96100.0,96333.0,177.53382637,17106150.031997597,17106150.031997597,1,514.5,168.3000000000029,346.1999999999971,514.5,782.6714285714271
2026-01-15 03:00:00,96333.0,96400.0,95780.0,95990.5,358.45345002,34435469.433021335,34435469.433021335,1,620.0,67.0,553.0,620.0,802.1071428571419
2026-01-15 04:00:00,95990.5,96395.0,95965.4,96318.6,230.24339335,22146789.826933085,22146789.826933085,1,429.6000000000058,404.5,25.10000000000582,429.6000000000058,701.6071428571419
2026-01-11 01:00:00,90629.1,90674.0,90557.0,90625.7,24.50238031,2220230.312985146,2220230.312985146,1,117.0,,,117.0,117.0
2026-01-11 02:00:00,90625.8,90727.9,90610.0,90692.1,31.70904088,2875378.849020879,2875378.849020879,1,117.89999999999418,102.19999999999709,15.69999999999709,117.89999999999418,117.44999999999709
2026-01-11 03:00:00,90692.1,90733.1,90635.0,90733.0,43.57694718,3952300.140079397,3952300.140079397,1,98.10000000000582,41.0,57.10000000000582,98.10000000000582,111.0
2026-01-11 04:00:00,90733.1,90809.9,90659.6,90799.1,81.37199858,7383526.067885081,7383526.067885081,1,150.29999999998836,76.89999999999418,73.39999999999418,150.29999999998836,120.82499999999709
2026-01-11 05:00:00,90799.1,90859.9,90736.1,90777.8,42.06634215,3819146.055124129,3819146.055124129,1,123.79999999998836,60.79999999998836,63.0,123.79999999998836,121.41999999999534
2026-01-11 06:00:00,90777.8,90800.0,90586.3,90743.0,47.13946115,4274172.139015539,4274172.139015539,1,213.6999999999971,22.19999999999709,191.5,213.6999999999971,136.79999999999563
2026-01-11 07:00:00,90743.0,90765.0,90672.0,90713.0,51.55423959,4676645.596118151,4676645.596118151,1,93.0,22.0,71.0,93.0,130.5428571428534
2026-01-11 08:00:00,90712.9,90806.3,90620.0,90787.3,276.10927202,25050357.843093298,25050357.843093298,1,186.3000000000029,93.30000000000291,93.0,186.3000000000029,137.5124999999971
2026-01-11 09:00:00,90788.2,90816.4,90653.5,90739.1,421.88545174,38284506.588491439,38284506.588491439,1,162.89999999999418,29.09999999999127,133.8000000000029,162.89999999999418,140.3333333333301
2026-01-11 10:00:00,90739.1,90761.4,90689.0,90728.9,28.76752492,2609893.360729086,2609893.360729086,1,72.39999999999418,22.29999999998836,50.10000000000582,72.39999999999418,133.5399999999965
2026-01-11 11:00:00,90729.0,90752.0,90696.0,90751.8,31.45814483,2854004.417289197,2854004.417289197,1,56.0,23.10000000000582,32.89999999999418,56.0,126.49090909090592
2026-01-11 12:00:00,90751.9,91033.0,90723.0,90938.1,93.10870438,8465374.372857881,8465374.372857881,1,310.0,281.1999999999971,28.80000000000291,310.0,141.78333333333043
2026-01-11 13:00:00,90938.1,90972.7,90822.5,90854.0,82.39697913,7489753.888060639,7489753.888060639,1,150.1999999999971,34.59999999999127,115.60000000000582,150.1999999999971,142.43076923076632
2026-01-11 14:00:00,90854.1,91199.8,90854.0,91126.1,101.61169412,9252875.591584268,9252875.591584268,1,345.8000000000029,345.8000000000029,0.0,345.8000000000029,156.95714285714035
2026-01-11 15:00:00,91126.1,91157.9,90711.4,90875.0,137.06704753,12462014.722218521,12462014.722218521,1,446.5,31.79999999998836,414.70000000001164,446.5,180.49285714285466
2026-01-11 16:00:00,90875.0,91284.6,90875.0,91041.9,118.59822454,10802603.972880225,10802603.972880225,1,409.6000000000058,409.6000000000058,0.0,409.6000000000058,201.32857142856977
2026-01-11 17:00:00,91042.0,91138.0,90912.0,90991.0,48.32468048,4399107.45772465,4399107.45772465,1,226.0,96.10000000000582,129.89999999999418,226.0,210.46428571428365
2026-01-11 18:00:00,90991.1,90991.1,90800.0,90882.9,45.99045951,4179679.064958694,4179679.064958694,1,191.10000000000582,0.10000000000582077,191.0,191.10000000000582,213.3785714285706
2026-01-11 19:00:00,90882.9,90932.0,90680.0,90693.1,31.54357856,2863853.48985495,2863853.48985495,1,252.0,49.10000000000582,202.89999999999418,252.0,222.53571428571428
2026-01-11 20:00:00,90693.1,90740.5,90424.3,90709.0,148.94350958,13487078.106036308,13487078.106036308,1,316.1999999999971,47.39999999999418,268.8000000000029,316.1999999999971,229.85714285714286
2026-01-11 21:00:00,90709.1,90836.3,90600.0,90759.0,44.86306926,4069682.831175137,4069682.831175137,1,236.3000000000029,127.30000000000291,109.0,236.3000000000029,240.09285714285735
2026-01-11 22:00:00,90759.1,90759.1,90455.8,90534.5,82.35397267,7461799.777861724,7461799.777861724,1,303.3000000000029,0.10000000000582077,303.1999999999971,303.3000000000029,248.45000000000022
2026-01-11 23:00:00,90534.4,91039.8,90230.3,91012.0,214.07575229,19410994.105751093,19410994.105751093,1,809.5,505.3000000000029,304.1999999999971,809.5,294.6357142857149
2026-01-12 00:00:00,91008.3,91255.6,90697.7,91255.6,222.78259444,20280453.860268811,20280453.860268811,1,557.9000000000087,243.60000000000582,314.3000000000029,557.9000000000087,329.3142857142874
2026-01-12 01:00:00,91255.7,91800.0,91099.4,91410.9,335.61197399,30695396.152784587,30695396.152784587,1,700.6000000000058,544.3999999999942,156.20000000001164,700.6000000000058,375.35714285714494
2026-01-12 02:00:00,91411.0,92396.4,91376.1,92210.1,422.74899793,38889167.118724004,38889167.118724004,1,1020.2999999999884,985.5,34.79999999998836,1020.2999999999884,426.0928571428584
2026-01-12 03:00:00,92211.8,92520.6,91805.4,91805.4,319.01275403,29421244.098548241,29421244.098548241,1,715.2000000000116,310.5,404.70000000001164,715.2000000000116,466.45000000000226
2026-01-12 04:00:00,91805.5,92281.7,91755.6,92160.0,124.53717313,11461377.423098606,11461377.423098606,1,526.0999999999913,476.3000000000029,49.79999999998836,526.0999999999913,479.3285714285729
2026-01-12 05:00:00,92160.1,92264.9,92048.4,92115.0,96.42016732,8884770.713873671,8884770.713873671,1,216.5,104.89999999999418,111.60000000000582,216.5,462.90000000000146
2026-01-12 06:00:00,92114.9,92208.0,91820.0,91839.1,136.64802883,12568283.497438013,12568283.497438013,1,388.0,93.0,295.0,388.0,461.3571428571439
2026-01-12 07:00:00,91839.1,91962.1,91400.0,91415.1,528.490474,48442857.175033613,48442857.175033613,1,562.1000000000058,123.0,439.1000000000058,562.1000000000058,485.3642857142872
2026-01-12 08:00:00,91415.1,91628.9,90400.0,90749.1,580.69904075,52778256.402353271,52778256.402353271,1,1228.8999999999942,213.79999999998836,1015.1000000000058,1228.8999999999942,559.4928571428578
2026-01-12 09:00:00,90749.1,90933.3,90646.1,90692.2,180.95933636,16433008.334714364,16433008.334714364,1,287.1999999999971,184.1999999999971,103.0,287.1999999999971,562.0071428571433
2026-01-12 10:00:00,90692.1,90793.0,90375.0,90435.9,149.27260652,13517169.57848921,13517169.57848921,1,418.0,100.80000000000291,317.1999999999971,418.0,569.278571428572
2026-01-12 11:00:00,90434.2,90816.1,90427.0,90630.1,165.21326359,14977035.121454335,14977035.121454335,1,389.1000000000058,380.20000000001164,8.89999999999418,389.1000000000058,580.192857142858
2026-01-12 12:00:00,90630.1,90870.4,90618.0,90789.0,73.0402834,6629157.49050605,6629157.49050605,1,252.39999999999418,240.29999999998836,12.10000000000582,252.39999999999418,576.557142857143
2026-01-12 13:00:00,90789.1,90829.7,90541.6,90632.1,150.14423847,13614122.733121293,13614122.733121293,1,288.09999999999127,40.69999999999709,247.39999999999418,288.09999999999127,539.3142857142853
2026-01-12 14:00:00,90632.1,91122.8,90132.1,90908.1,438.77331825,39757812.271452561,39757812.271452561,1,990.6999999999971,490.6999999999971,500.0,990.6999999999971,570.2285714285701
2026-01-12 15:00:00,90908.0,91679.6,90710.0,91666.9,367.10261225,33517183.940345519,33517183.940345519,1,969.6000000000058,771.5,198.10000000000582,969.6000000000058,589.4428571428559
2026-01-12 16:00:00,91666.0,92316.7,91575.0,92117.8,641.42504829,59003372.251430872,59003372.251430872,1,741.6999999999971,649.8000000000029,91.89999999999418,741.6999999999971,569.5428571428565
2026-01-12 17:00:00,92117.9,92299.1,91007.1,91522.5,510.64948513,46774494.415137832,46774494.415137832,1,1292.0,181.3000000000029,1110.699999999997,1292.0,610.7428571428557
2026-01-12 18:00:00,91522.6,91958.1,91415.1,91689.1,206.60046223,18954521.357794614,18954521.357794614,1,543.0,435.6000000000058,107.39999999999418,543.0,611.9499999999991
2026-01-12 19:00:00,91689.2,91881.3,91437.6,91864.9,131.5242544,12055329.168740881,12055329.168740881,1,443.6999999999971,192.1999999999971,251.5,443.6999999999971,628.1785714285704
2026-01-12 20:00:00,91864.9,92048.4,91416.6,91493.3,212.87155641,19508227.404874415,19508227.404874415,1,631.7999999999884,183.5,448.29999999998836,631.7999999999884,645.5928571428552
2026-01-12 21:00:00,91492.1,91500.0,90948.4,91056.0,158.43788366,14454876.813278923,14454876.813278923,1,551.6000000000058,6.69999999999709,544.9000000000087,551.6000000000058,644.8428571428552
2026-01-12 22:00:00,91056.0,91444.5,91056.0,91243.7,133.99910154,12237943.506216497,12237943.506216497,1,388.5,388.5,0.0,388.5,584.8142857142842
2026-01-12 23:00:00,91243.7,91319.9,91076.5,91304.0,53.12812533,4845658.997270267,4845658.997270267,1,243.39999999999418,76.19999999999709,167.1999999999971,243.39999999999418,581.6857142857126
2026-01-13 00:00:00,91304.0,91548.9,91257.0,91481.1,154.30764832,14104366.854061478,14104366.854061478,1,291.8999999999942,244.89999999999418,47.0,291.8999999999942,572.6785714285694
2026-01-13 01:00:00,91481.1,91548.0,91054.3,91188.0,82.43368771,7525218.467959754,7525218.467959754,1,493.6999999999971,66.89999999999418,426.8000000000029,493.6999999999971,580.1499999999972
2026-01-13 02:00:00,91188.0,91382.1,91102.2,91125.4,118.68310015,10826796.298685635,10826796.298685635,1,279.90000000000873,194.10000000000582,85.80000000000291,279.90000000000873,582.114285714284
2026-01-13 03:00:00,91125.5,91471.2,91125.1,91412.0,120.6913497,11020766.067645064,11020766.067645064,1,346.09999999999127,345.8000000000029,0.29999999998835847,346.09999999999127,586.2571428571412
2026-01-13 04:00:00,91412.1,91647.2,91349.9,91515.9,62.52384798,5718843.73975984,5718843.73975984,1,297.3000000000029,235.1999999999971,62.10000000000582,297.3000000000029,536.7285714285701
2026-01-13 05:00:00,91516.0,92256.9,91480.5,91924.5,273.85033642,25180944.629915467,25180944.629915467,1,776.3999999999942,741.0,35.39999999999418,776.3999999999942,522.9285714285694
2026-01-13 06:00:00,91924.6,92270.8,91811.5,92179.1,186.56114257,17170290.069550624,17170290.069550624,1,459.3000000000029,346.3000000000029,113.0,459.3000000000029,502.7571428571412
2026-01-13 07:00:00,92179.2,92207.0,91882.9,91949.7,672.8691819,61897171.063796031,61897171.063796031,1,324.1000000000058,27.89999999999418,296.20000000001164,324.1000000000058,433.6214285714273
2026-01-13 08:00:00,91949.7,92253.2,91908.4,92170.1,374.1430512,34431893.67532512,34431893.67532512,1,344.8000000000029,303.5,41.30000000000291,344.8000000000029,419.4642857142847
2026-01-13 09:00:00,92170.1,92666.0,91940.7,92264.7,332.88317456,30741790.842557198,30741790.842557198,1,725.3000000000029,495.8999999999942,229.40000000000873,725.3000000000029,439.5785714285708
2026-01-13 10:00:00,92264.7,92338.6,92022.0,92134.4,129.23897115,11916639.506247933,11916639.506247933,1,316.6000000000058,73.90000000000873,242.6999999999971,316.6000000000058,417.0642857142863
2026-01-13 11:00:00,92134.5,92258.6,91970.7,92001.0,128.14715601,11803597.454704142,11803597.454704142,1,287.90000000000873,124.20000000001164,163.6999999999971,287.90000000000873,398.22857142857225
2026-01-13 12:00:00,92001.1,92150.0,91916.2,92104.9,89.96696491,8283363.47262718,8283363.47262718,1,233.8000000000029,149.0,84.80000000000291,233.8000000000029,387.17857142857247
2026-01-13 13:00:00,92105.0,92607.0,91989.1,92074.9,501.55595981,46269176.897322829,46269176.897322829,1,617.8999999999942,502.1000000000058,115.79999999998836,617.8999999999942,413.92857142857247
2026-01-13 14:00:00,92074.9,92922.8,91790.0,92471.1,495.65949432,45819934.662136649,45819934.662136649,1,1132.800000000003,847.9000000000087,284.8999999999942,1132.800000000003,473.9928571428588
2026-01-13 15:00:00,92471.0,93456.0,92134.8,93455.9,595.3351178,55277802.857471831,55277802.857471831,1,1321.199999999997,984.8999999999942,336.3000000000029,1321.199999999997,533.1000000000016
2026-01-13 16:00:00,93455.9,93753.0,93080.7,93392.0,724.56704923,67741381.285219266,67741381.285219266,1,672.3000000000029,297.1000000000058,375.1999999999971,672.3000000000029,561.1285714285726
2026-01-13 17:00:00,93392.1,93494.0,93101.1,93244.0,228.59657494,21335502.105395803,21335502.105395803,1,392.8999999999942,102.0,290.8999999999942,392.8999999999942,564.47142857143
2026-01-13 18:00:00,93243.0,93871.7,93200.1,93629.4,265.82168368,24874386.639117492,24874386.639117492,1,671.5999999999913,627.6999999999971,43.89999999999418,671.5999999999913,591.2071428571435
2026-01-13 19:00:00,93629.4,94243.6,93475.0,94224.1,515.69539456,48401727.33207396,48401727.33207396,1,768.6000000000058,614.2000000000116,154.39999999999418,768.6000000000058,590.6500000000015
2026-01-13 20:00:00,94224.2,94510.1,94117.4,94412.6,723.26348036,68215655.728678229,68215655.728678229,1,392.70000000001164,286.0,106.70000000001164,392.70000000001164,585.8928571428593
2026-01-13 21:00:00,94412.7,94526.3,94060.0,94091.0,235.63804212,22224207.822008248,22224207.822008248,1,466.3000000000029,113.69999999999709,352.6000000000058,466.3000000000029,596.0500000000019
2026-01-13 22:00:00,94091.1,96543.0,94091.1,95755.0,1836.33443741,175410090.848696499,175410090.848696499,1,2451.899999999994,2452.0,0.10000000000582077,2452.0,746.5642857142874
2026-01-13 23:00:00,95758.0,96097.0,95070.0,95411.8,613.68722289,58722702.769467386,58722702.769467386,1,1027.0,342.0,685.0,1027.0,768.1142857142871
2026-01-14 00:00:00,95411.8,95664.6,95173.9,95241.0,239.37544371,22838621.298915929,22838621.298915929,1,490.70000000001164,252.8000000000029,237.90000000000873,490.70000000001164,780.5500000000019
2026-01-14 01:00:00,95241.0,95581.9,95142.8,95245.0,360.14014907,34341293.024147042,34341293.024147042,1,439.09999999999127,340.8999999999942,98.19999999999709,439.09999999999127,791.3500000000006
2026-01-14 02:00:00,95245.1,95561.9,95211.4,95349.0,242.3064343,23116803.563988516,23116803.563988516,1,350.5,316.8999999999942,33.60000000000582,350.5,799.6857142857147
2026-01-14 03:00:00,95349.0,95722.5,95283.2,95722.3,181.53390932,17336931.500101907,17336931.500101907,1,439.3000000000029,373.5,65.80000000000291,439.3000000000029,786.9285714285725
2026-01-14 04:00:00,95722.3,95796.8,95230.3,95246.0,218.86185582,20892686.580770568,20892686.580770568,1,566.5,74.5,492.0,566.5,746.4785714285723
2026-01-14 05:00:00,95246.1,95280.7,94957.7,95012.5,350.08250115,33289114.721341727,33289114.721341727,1,323.0,34.69999999999709,288.3000000000029,323.0,675.1785714285725
2026-01-14 06:00:00,95012.5,95037.4,94521.7,95037.3,399.21719965,37856848.162749052,37856848.162749052,1,515.6999999999971,24.89999999999418,490.8000000000029,515.6999999999971,663.9928571428578
2026-01-14 07:00:00,95037.4,95230.0,94844.0,95201.9,499.48489874,47483651.4391048,47483651.4391048,1,386.0,192.6999999999971,193.3000000000029,386.0,663.500000000001
2026-01-14 08:00:00,95201.9,95310.5,94866.6,94901.2,220.24319921,20947533.396039713,20947533.396039713,1,443.8999999999942,108.60000000000582,335.29999999998836,443.8999999999942,647.2357142857155
2026-01-14 09:00:00,94901.2,95181.0,94883.1,95091.1,376.50842309,35788483.386772632,35788483.386772632,1,297.8999999999942,279.8000000000029,18.09999999999127,297.8999999999942,613.6142857142861
2026-01-14 10:00:00,95091.0,95297.5,94895.4,95094.3,282.47880667,26870751.028143531,26870751.028143531,1,402.1000000000058,206.39999999999418,195.70000000001164,402.1000000000058,614.2857142857143
2026-01-14 11:00:00,95093.8,95093.8,94750.0,94797.7,220.8793008,20970190.949464199,20970190.949464199,1,343.8000000000029,0.5,344.3000000000029,344.3000000000029,605.5714285714286
2026-01-14 12:00:00,94797.7,95165.7,94688.1,95079.7,188.18468783,17878194.387617177,17878194.387617177,1,477.59999999999127,368.0,109.59999999999127,477.59999999999127,464.5428571428565
2026-01-14 13:00:00,95079.7,95240.2,94892.3,94997.0,149.57372963,14220389.020690293,14220389.020690293,1,347.8999999999942,160.5,187.39999999999418,347.8999999999942,416.03571428571325
2026-01-14 14:00:00,94997.0,96820.5,94983.9,96481.3,1151.60693601,110640089.842372494,110640089.842372494,1,1836.6000000000058,1823.5,13.10000000000582,1836.6000000000058,512.1714285714271
2026-01-14 15:00:00,96481.3,97088.0,96186.1,96755.6,1109.24876434,107253261.470403092,107253261.470403092,1,901.8999999999942,606.6999999999971,295.1999999999971,901.8999999999942,545.2285714285701
2026-01-14 16:00:00,96755.5,97696.7,96732.0,97285.5,1524.90198265,148331590.323989601,148331590.323989601,1,964.6999999999971,941.0999999999913,23.60000000000582,964.6999999999971,589.0999999999985
2026-01-14 17:00:00,97285.5,97776.0,96766.0,96953.2,1043.78772161,101639219.00311798,101639219.00311798,1,1010.0,490.5,519.5,1010.0,629.864285714284
2026-01-14 18:00:00,96953.1,97109.5,96229.5,96806.3,834.83314115,80706449.02842337,80706449.02842337,1,880.0,156.3000000000029,723.6999999999971,880.0,652.2571428571412
2026-01-14 19:00:00,96806.3,97648.6,96685.7,97257.8,512.45694584,49819584.544188107,49819584.544188107,1,962.9000000000087,842.3000000000029,120.60000000000582,962.9000000000087,697.9642857142846
2026-01-14 20:00:00,97257.8,97925.4,97207.7,97656.2,604.26613274,58953216.753090134,58953216.753090134,1,717.6999999999971,667.5999999999913,50.10000000000582,717.6999999999971,712.3928571428561
2026-01-14 21:00:00,97656.2,97714.9,97376.1,97560.8,247.19876154,24109681.693470967,24109681.693470967,1,338.79999999998836,58.69999999999709,280.09999999999127,338.79999999998836,709.0214285714267
2026-01-14 22:00:00,97560.9,97581.3,96758.1,96886.9,306.83909196,29825402.807419902,29825402.807419902,1,823.1999999999971,20.5,802.6999999999971,823.1999999999971,736.114285714284
2026-01-14 23:00:00,96886.9,97369.9,96865.0,96945.9,147.39971304,14308969.55277817,14308969.55277817,1,504.8999999999942,483.0,21.89999999999418,504.8999999999942,750.8999999999984
2026-01-15 00:00:00,96946.0,96999.6,96500.0,96653.5,352.2215868,34066774.94506498,34066774.94506498,1,499.6000000000058,53.70000000001164,445.8999999999942,499.6000000000058,757.864285714284
2026-01-15 01:00:00,96655.4,96961.8,96307.1,96446.2,240.95478859,23274441.267057727,23274441.267057727,1,654.6999999999971,308.3000000000029,346.3999999999942,654.6999999999971,780.0357142857122
2026-01-15 02:00:00,96446.1,96614.5,96100.0,96333.0,177.53382637,17106150.031997597,17106150.031997597,1,514.5,168.3000000000029,346.1999999999971,514.5,782.6714285714271
2026-01-15 03:00:00,96333.0,96400.0,95780.0,95990.5,358.45345002,34435469.433021335,34435469.433021335,1,620.0,67.0,553.0,620.0,802.1071428571419
2026-01-15 04:00:00,95990.5,96395.0,95965.4,96318.6,230.24339335,22146789.826933085,22146789.826933085,1,429.6000000000058,404.5,25.10000000000582,429.6000000000058,701.6071428571419
2026-01-11 01:00:00,90629.1,90674.0,90557.0,90625.7,24.50238031,2220230.312985146,2220230.312985146,1,117.0,,,117.0,117.0
2026-01-11 02:00:00,90625.8,90727.9,90610.0,90692.1,31.70904088,2875378.849020879,2875378.849020879,1,117.89999999999418,102.19999999999709,15.69999999999709,117.89999999999418,117.44999999999709
2026-01-11 03:00:00,90692.1,90733.1,90635.0,90733.0,43.57694718,3952300.140079397,3952300.140079397,1,98.10000000000582,41.0,57.10000000000582,98.10000000000582,111.0
2026-01-11 04:00:00,90733.1,90809.9,90659.6,90799.1,81.37199858,7383526.067885081,7383526.067885081,1,150.29999999998836,76.89999999999418,73.39999999999418,150.29999999998836,120.82499999999709
2026-01-11 05:00:00,90799.1,90859.9,90736.1,90777.8,42.06634215,3819146.055124129,3819146.055124129,1,123.79999999998836,60.79999999998836,63.0,123.79999999998836,121.41999999999534
2026-01-11 06:00:00,90777.8,90800.0,90586.3,90743.0,47.13946115,4274172.139015539,4274172.139015539,1,213.6999999999971,22.19999999999709,191.5,213.6999999999971,136.79999999999563
2026-01-11 07:00:00,90743.0,90765.0,90672.0,90713.0,51.55423959,4676645.596118151,4676645.596118151,1,93.0,22.0,71.0,93.0,130.5428571428534
2026-01-11 08:00:00,90712.9,90806.3,90620.0,90787.3,276.10927202,25050357.843093298,25050357.843093298,1,186.3000000000029,93.30000000000291,93.0,186.3000000000029,137.5124999999971
2026-01-11 09:00:00,90788.2,90816.4,90653.5,90739.1,421.88545174,38284506.588491439,38284506.588491439,1,162.89999999999418,29.09999999999127,133.8000000000029,162.89999999999418,140.3333333333301
2026-01-11 10:00:00,90739.1,90761.4,90689.0,90728.9,28.76752492,2609893.360729086,2609893.360729086,1,72.39999999999418,22.29999999998836,50.10000000000582,72.39999999999418,133.5399999999965
2026-01-11 11:00:00,90729.0,90752.0,90696.0,90751.8,31.45814483,2854004.417289197,2854004.417289197,1,56.0,23.10000000000582,32.89999999999418,56.0,126.49090909090592
2026-01-11 12:00:00,90751.9,91033.0,90723.0,90938.1,93.10870438,8465374.372857881,8465374.372857881,1,310.0,281.1999999999971,28.80000000000291,310.0,141.78333333333043
2026-01-11 13:00:00,90938.1,90972.7,90822.5,90854.0,82.39697913,7489753.888060639,7489753.888060639,1,150.1999999999971,34.59999999999127,115.60000000000582,150.1999999999971,142.43076923076632
2026-01-11 14:00:00,90854.1,91199.8,90854.0,91126.1,101.61169412,9252875.591584268,9252875.591584268,1,345.8000000000029,345.8000000000029,0.0,345.8000000000029,156.95714285714035
2026-01-11 15:00:00,91126.1,91157.9,90711.4,90875.0,137.06704753,12462014.722218521,12462014.722218521,1,446.5,31.79999999998836,414.70000000001164,446.5,180.49285714285466
2026-01-11 16:00:00,90875.0,91284.6,90875.0,91041.9,118.59822454,10802603.972880225,10802603.972880225,1,409.6000000000058,409.6000000000058,0.0,409.6000000000058,201.32857142856977
2026-01-11 17:00:00,91042.0,91138.0,90912.0,90991.0,48.32468048,4399107.45772465,4399107.45772465,1,226.0,96.10000000000582,129.89999999999418,226.0,210.46428571428365
2026-01-11 18:00:00,90991.1,90991.1,90800.0,90882.9,45.99045951,4179679.064958694,4179679.064958694,1,191.10000000000582,0.10000000000582077,191.0,191.10000000000582,213.3785714285706
2026-01-11 19:00:00,90882.9,90932.0,90680.0,90693.1,31.54357856,2863853.48985495,2863853.48985495,1,252.0,49.10000000000582,202.89999999999418,252.0,222.53571428571428
2026-01-11 20:00:00,90693.1,90740.5,90424.3,90709.0,148.94350958,13487078.106036308,13487078.106036308,1,316.1999999999971,47.39999999999418,268.8000000000029,316.1999999999971,229.85714285714286
2026-01-11 21:00:00,90709.1,90836.3,90600.0,90759.0,44.86306926,4069682.831175137,4069682.831175137,1,236.3000000000029,127.30000000000291,109.0,236.3000000000029,240.09285714285735
2026-01-11 22:00:00,90759.1,90759.1,90455.8,90534.5,82.35397267,7461799.777861724,7461799.777861724,1,303.3000000000029,0.10000000000582077,303.1999999999971,303.3000000000029,248.45000000000022
2026-01-11 23:00:00,90534.4,91039.8,90230.3,91012.0,214.07575229,19410994.105751093,19410994.105751093,1,809.5,505.3000000000029,304.1999999999971,809.5,294.6357142857149
2026-01-12 00:00:00,91008.3,91255.6,90697.7,91255.6,222.78259444,20280453.860268811,20280453.860268811,1,557.9000000000087,243.60000000000582,314.3000000000029,557.9000000000087,329.3142857142874
2026-01-12 01:00:00,91255.7,91800.0,91099.4,91410.9,335.61197399,30695396.152784587,30695396.152784587,1,700.6000000000058,544.3999999999942,156.20000000001164,700.6000000000058,375.35714285714494
2026-01-12 02:00:00,91411.0,92396.4,91376.1,92210.1,422.74899793,38889167.118724004,38889167.118724004,1,1020.2999999999884,985.5,34.79999999998836,1020.2999999999884,426.0928571428584
2026-01-12 03:00:00,92211.8,92520.6,91805.4,91805.4,319.01275403,29421244.098548241,29421244.098548241,1,715.2000000000116,310.5,404.70000000001164,715.2000000000116,466.45000000000226
2026-01-12 04:00:00,91805.5,92281.7,91755.6,92160.0,124.53717313,11461377.423098606,11461377.423098606,1,526.0999999999913,476.3000000000029,49.79999999998836,526.0999999999913,479.3285714285729
2026-01-12 05:00:00,92160.1,92264.9,92048.4,92115.0,96.42016732,8884770.713873671,8884770.713873671,1,216.5,104.89999999999418,111.60000000000582,216.5,462.90000000000146
2026-01-12 06:00:00,92114.9,92208.0,91820.0,91839.1,136.64802883,12568283.497438013,12568283.497438013,1,388.0,93.0,295.0,388.0,461.3571428571439
2026-01-12 07:00:00,91839.1,91962.1,91400.0,91415.1,528.490474,48442857.175033613,48442857.175033613,1,562.1000000000058,123.0,439.1000000000058,562.1000000000058,485.3642857142872
2026-01-12 08:00:00,91415.1,91628.9,90400.0,90749.1,580.69904075,52778256.402353271,52778256.402353271,1,1228.8999999999942,213.79999999998836,1015.1000000000058,1228.8999999999942,559.4928571428578
2026-01-12 09:00:00,90749.1,90933.3,90646.1,90692.2,180.95933636,16433008.334714364,16433008.334714364,1,287.1999999999971,184.1999999999971,103.0,287.1999999999971,562.0071428571433
2026-01-12 10:00:00,90692.1,90793.0,90375.0,90435.9,149.27260652,13517169.57848921,13517169.57848921,1,418.0,100.80000000000291,317.1999999999971,418.0,569.278571428572
2026-01-12 11:00:00,90434.2,90816.1,90427.0,90630.1,165.21326359,14977035.121454335,14977035.121454335,1,389.1000000000058,380.20000000001164,8.89999999999418,389.1000000000058,580.192857142858
2026-01-12 12:00:00,90630.1,90870.4,90618.0,90789.0,73.0402834,6629157.49050605,6629157.49050605,1,252.39999999999418,240.29999999998836,12.10000000000582,252.39999999999418,576.557142857143
2026-01-12 13:00:00,90789.1,90829.7,90541.6,90632.1,150.14423847,13614122.733121293,13614122.733121293,1,288.09999999999127,40.69999999999709,247.39999999999418,288.09999999999127,539.3142857142853
2026-01-12 14:00:00,90632.1,91122.8,90132.1,90908.1,438.77331825,39757812.271452561,39757812.271452561,1,990.6999999999971,490.6999999999971,500.0,990.6999999999971,570.2285714285701
2026-01-12 15:00:00,90908.0,91679.6,90710.0,91666.9,367.10261225,33517183.940345519,33517183.940345519,1,969.6000000000058,771.5,198.10000000000582,969.6000000000058,589.4428571428559
2026-01-12 16:00:00,91666.0,92316.7,91575.0,92117.8,641.42504829,59003372.251430872,59003372.251430872,1,741.6999999999971,649.8000000000029,91.89999999999418,741.6999999999971,569.5428571428565
2026-01-12 17:00:00,92117.9,92299.1,91007.1,91522.5,510.64948513,46774494.415137832,46774494.415137832,1,1292.0,181.3000000000029,1110.699999999997,1292.0,610.7428571428557
2026-01-12 18:00:00,91522.6,91958.1,91415.1,91689.1,206.60046223,18954521.357794614,18954521.357794614,1,543.0,435.6000000000058,107.39999999999418,543.0,611.9499999999991
2026-01-12 19:00:00,91689.2,91881.3,91437.6,91864.9,131.5242544,12055329.168740881,12055329.168740881,1,443.6999999999971,192.1999999999971,251.5,443.6999999999971,628.1785714285704
2026-01-12 20:00:00,91864.9,92048.4,91416.6,91493.3,212.87155641,19508227.404874415,19508227.404874415,1,631.7999999999884,183.5,448.29999999998836,631.7999999999884,645.5928571428552
2026-01-12 21:00:00,91492.1,91500.0,90948.4,91056.0,158.43788366,14454876.813278923,14454876.813278923,1,551.6000000000058,6.69999999999709,544.9000000000087,551.6000000000058,644.8428571428552
2026-01-12 22:00:00,91056.0,91444.5,91056.0,91243.7,133.99910154,12237943.506216497,12237943.506216497,1,388.5,388.5,0.0,388.5,584.8142857142842
2026-01-12 23:00:00,91243.7,91319.9,91076.5,91304.0,53.12812533,4845658.997270267,4845658.997270267,1,243.39999999999418,76.19999999999709,167.1999999999971,243.39999999999418,581.6857142857126
2026-01-13 00:00:00,91304.0,91548.9,91257.0,91481.1,154.30764832,14104366.854061478,14104366.854061478,1,291.8999999999942,244.89999999999418,47.0,291.8999999999942,572.6785714285694
2026-01-13 01:00:00,91481.1,91548.0,91054.3,91188.0,82.43368771,7525218.467959754,7525218.467959754,1,493.6999999999971,66.89999999999418,426.8000000000029,493.6999999999971,580.1499999999972
2026-01-13 02:00:00,91188.0,91382.1,91102.2,91125.4,118.68310015,10826796.298685635,10826796.298685635,1,279.90000000000873,194.10000000000582,85.80000000000291,279.90000000000873,582.114285714284
2026-01-13 03:00:00,91125.5,91471.2,91125.1,91412.0,120.6913497,11020766.067645064,11020766.067645064,1,346.09999999999127,345.8000000000029,0.29999999998835847,346.09999999999127,586.2571428571412
2026-01-13 04:00:00,91412.1,91647.2,91349.9,91515.9,62.52384798,5718843.73975984,5718843.73975984,1,297.3000000000029,235.1999999999971,62.10000000000582,297.3000000000029,536.7285714285701
2026-01-13 05:00:00,91516.0,92256.9,91480.5,91924.5,273.85033642,25180944.629915467,25180944.629915467,1,776.3999999999942,741.0,35.39999999999418,776.3999999999942,522.9285714285694
2026-01-13 06:00:00,91924.6,92270.8,91811.5,92179.1,186.56114257,17170290.069550624,17170290.069550624,1,459.3000000000029,346.3000000000029,113.0,459.3000000000029,502.7571428571412
2026-01-13 07:00:00,92179.2,92207.0,91882.9,91949.7,672.8691819,61897171.063796031,61897171.063796031,1,324.1000000000058,27.89999999999418,296.20000000001164,324.1000000000058,433.6214285714273
2026-01-13 08:00:00,91949.7,92253.2,91908.4,92170.1,374.1430512,34431893.67532512,34431893.67532512,1,344.8000000000029,303.5,41.30000000000291,344.8000000000029,419.4642857142847
2026-01-13 09:00:00,92170.1,92666.0,91940.7,92264.7,332.88317456,30741790.842557198,30741790.842557198,1,725.3000000000029,495.8999999999942,229.40000000000873,725.3000000000029,439.5785714285708
2026-01-13 10:00:00,92264.7,92338.6,92022.0,92134.4,129.23897115,11916639.506247933,11916639.506247933,1,316.6000000000058,73.90000000000873,242.6999999999971,316.6000000000058,417.0642857142863
2026-01-13 11:00:00,92134.5,92258.6,91970.7,92001.0,128.14715601,11803597.454704142,11803597.454704142,1,287.90000000000873,124.20000000001164,163.6999999999971,287.90000000000873,398.22857142857225
2026-01-13 12:00:00,92001.1,92150.0,91916.2,92104.9,89.96696491,8283363.47262718,8283363.47262718,1,233.8000000000029,149.0,84.80000000000291,233.8000000000029,387.17857142857247
2026-01-13 13:00:00,92105.0,92607.0,91989.1,92074.9,501.55595981,46269176.897322829,46269176.897322829,1,617.8999999999942,502.1000000000058,115.79999999998836,617.8999999999942,413.92857142857247
2026-01-13 14:00:00,92074.9,92922.8,91790.0,92471.1,495.65949432,45819934.662136649,45819934.662136649,1,1132.800000000003,847.9000000000087,284.8999999999942,1132.800000000003,473.9928571428588
2026-01-13 15:00:00,92471.0,93456.0,92134.8,93455.9,595.3351178,55277802.857471831,55277802.857471831,1,1321.199999999997,984.8999999999942,336.3000000000029,1321.199999999997,533.1000000000016
2026-01-13 16:00:00,93455.9,93753.0,93080.7,93392.0,724.56704923,67741381.285219266,67741381.285219266,1,672.3000000000029,297.1000000000058,375.1999999999971,672.3000000000029,561.1285714285726
2026-01-13 17:00:00,93392.1,93494.0,93101.1,93244.0,228.59657494,21335502.105395803,21335502.105395803,1,392.8999999999942,102.0,290.8999999999942,392.8999999999942,564.47142857143
2026-01-13 18:00:00,93243.0,93871.7,93200.1,93629.4,265.82168368,24874386.639117492,24874386.639117492,1,671.5999999999913,627.6999999999971,43.89999999999418,671.5999999999913,591.2071428571435
2026-01-13 19:00:00,93629.4,94243.6,93475.0,94224.1,515.69539456,48401727.33207396,48401727.33207396,1,768.6000000000058,614.2000000000116,154.39999999999418,768.6000000000058,590.6500000000015
2026-01-13 20:00:00,94224.2,94510.1,94117.4,94412.6,723.26348036,68215655.728678229,68215655.728678229,1,392.70000000001164,286.0,106.70000000001164,392.70000000001164,585.8928571428593
2026-01-13 21:00:00,94412.7,94526.3,94060.0,94091.0,235.63804212,22224207.822008248,22224207.822008248,1,466.3000000000029,113.69999999999709,352.6000000000058,466.3000000000029,596.0500000000019
2026-01-13 22:00:00,94091.1,96543.0,94091.1,95755.0,1836.33443741,175410090.848696499,175410090.848696499,1,2451.899999999994,2452.0,0.10000000000582077,2452.0,746.5642857142874
2026-01-13 23:00:00,95758.0,96097.0,95070.0,95411.8,613.68722289,58722702.769467386,58722702.769467386,1,1027.0,342.0,685.0,1027.0,768.1142857142871
2026-01-14 00:00:00,95411.8,95664.6,95173.9,95241.0,239.37544371,22838621.298915929,22838621.298915929,1,490.70000000001164,252.8000000000029,237.90000000000873,490.70000000001164,780.5500000000019
2026-01-14 01:00:00,95241.0,95581.9,95142.8,95245.0,360.14014907,34341293.024147042,34341293.024147042,1,439.09999999999127,340.8999999999942,98.19999999999709,439.09999999999127,791.3500000000006
2026-01-14 02:00:00,95245.1,95561.9,95211.4,95349.0,242.3064343,23116803.563988516,23116803.563988516,1,350.5,316.8999999999942,33.60000000000582,350.5,799.6857142857147
2026-01-14 03:00:00,95349.0,95722.5,95283.2,95722.3,181.53390932,17336931.500101907,17336931.500101907,1,439.3000000000029,373.5,65.80000000000291,439.3000000000029,786.9285714285725
2026-01-14 04:00:00,95722.3,95796.8,95230.3,95246.0,218.86185582,20892686.580770568,20892686.580770568,1,566.5,74.5,492.0,566.5,746.4785714285723
2026-01-14 05:00:00,95246.1,95280.7,94957.7,95012.5,350.08250115,33289114.721341727,33289114.721341727,1,323.0,34.69999999999709,288.3000000000029,323.0,675.1785714285725
2026-01-14 06:00:00,95012.5,95037.4,94521.7,95037.3,399.21719965,37856848.162749052,37856848.162749052,1,515.6999999999971,24.89999999999418,490.8000000000029,515.6999999999971,663.9928571428578
2026-01-14 07:00:00,95037.4,95230.0,94844.0,95201.9,499.48489874,47483651.4391048,47483651.4391048,1,386.0,192.6999999999971,193.3000000000029,386.0,663.500000000001
2026-01-14 08:00:00,95201.9,95310.5,94866.6,94901.2,220.24319921,20947533.396039713,20947533.396039713,1,443.8999999999942,108.60000000000582,335.29999999998836,443.8999999999942,647.2357142857155
2026-01-14 09:00:00,94901.2,95181.0,94883.1,95091.1,376.50842309,35788483.386772632,35788483.386772632,1,297.8999999999942,279.8000000000029,18.09999999999127,297.8999999999942,613.6142857142861
2026-01-14 10:00:00,95091.0,95297.5,94895.4,95094.3,282.47880667,26870751.028143531,26870751.028143531,1,402.1000000000058,206.39999999999418,195.70000000001164,402.1000000000058,614.2857142857143
2026-01-14 11:00:00,95093.8,95093.8,94750.0,94797.7,220.8793008,20970190.949464199,20970190.949464199,1,343.8000000000029,0.5,344.3000000000029,344.3000000000029,605.5714285714286
2026-01-14 12:00:00,94797.7,95165.7,94688.1,95079.7,188.18468783,17878194.387617177,17878194.387617177,1,477.59999999999127,368.0,109.59999999999127,477.59999999999127,464.5428571428565
2026-01-14 13:00:00,95079.7,95240.2,94892.3,94997.0,149.57372963,14220389.020690293,14220389.020690293,1,347.8999999999942,160.5,187.39999999999418,347.8999999999942,416.03571428571325
2026-01-14 14:00:00,94997.0,96820.5,94983.9,96481.3,1151.60693601,110640089.842372494,110640089.842372494,1,1836.6000000000058,1823.5,13.10000000000582,1836.6000000000058,512.1714285714271
2026-01-14 15:00:00,96481.3,97088.0,96186.1,96755.6,1109.24876434,107253261.470403092,107253261.470403092,1,901.8999999999942,606.6999999999971,295.1999999999971,901.8999999999942,545.2285714285701
2026-01-14 16:00:00,96755.5,97696.7,96732.0,97285.5,1524.90198265,148331590.323989601,148331590.323989601,1,964.6999999999971,941.0999999999913,23.60000000000582,964.6999999999971,589.0999999999985
2026-01-14 17:00:00,97285.5,97776.0,96766.0,96953.2,1043.78772161,101639219.00311798,101639219.00311798,1,1010.0,490.5,519.5,1010.0,629.864285714284
2026-01-14 18:00:00,96953.1,97109.5,96229.5,96806.3,834.83314115,80706449.02842337,80706449.02842337,1,880.0,156.3000000000029,723.6999999999971,880.0,652.2571428571412
2026-01-14 19:00:00,96806.3,97648.6,96685.7,97257.8,512.45694584,49819584.544188107,49819584.544188107,1,962.9000000000087,842.3000000000029,120.60000000000582,962.9000000000087,697.9642857142846
2026-01-14 20:00:00,97257.8,97925.4,97207.7,97656.2,604.26613274,58953216.753090134,58953216.753090134,1,717.6999999999971,667.5999999999913,50.10000000000582,717.6999999999971,712.3928571428561
2026-01-14 21:00:00,97656.2,97714.9,97376.1,97560.8,247.19876154,24109681.693470967,24109681.693470967,1,338.79999999998836,58.69999999999709,280.09999999999127,338.79999999998836,709.0214285714267
2026-01-14 22:00:00,97560.9,97581.3,96758.1,96886.9,306.83909196,29825402.807419902,29825402.807419902,1,823.1999999999971,20.5,802.6999999999971,823.1999999999971,736.114285714284
2026-01-14 23:00:00,96886.9,97369.9,96865.0,96945.9,147.39971304,14308969.55277817,14308969.55277817,1,504.8999999999942,483.0,21.89999999999418,504.8999999999942,750.8999999999984
2026-01-15 00:00:00,96946.0,96999.6,96500.0,96653.5,352.2215868,34066774.94506498,34066774.94506498,1,499.6000000000058,53.70000000001164,445.8999999999942,499.6000000000058,757.864285714284
2026-01-15 01:00:00,96655.4,96961.8,96307.1,96446.2,240.95478859,23274441.267057727,23274441.267057727,1,654.6999999999971,308.3000000000029,346.3999999999942,654.6999999999971,780.0357142857122
2026-01-15 02:00:00,96446.1,96614.5,96100.0,96333.0,177.53382637,17106150.031997597,17106150.031997597,1,514.5,168.3000000000029,346.1999999999971,514.5,782.6714285714271
2026-01-15 03:00:00,96333.0,96400.0,95780.0,95990.5,358.45345002,34435469.433021335,34435469.433021335,1,620.0,67.0,553.0,620.0,802.1071428571419
2026-01-15 04:00:00,95990.5,96395.0,95965.4,96318.6,230.24339335,22146789.826933085,22146789.826933085,1,429.6000000000058,404.5,25.10000000000582,429.6000000000058,701.6071428571419
2026-01-11 02:00:00,90625.8,90727.9,90610.0,90692.1,31.70904088,2875378.849020879,2875378.849020879,1,117.89999999999418,,,117.89999999999418,117.89999999999418
2026-01-11 03:00:00,90692.1,90733.1,90635.0,90733.0,43.57694718,3952300.140079397,3952300.140079397,1,98.10000000000582,41.0,57.10000000000582,98.10000000000582,108.0
2026-01-11 04:00:00,90733.1,90809.9,90659.6,90799.1,81.37199858,7383526.067885081,7383526.067885081,1,150.29999999998836,76.89999999999418,73.39999999999418,150.29999999998836,122.09999999999611
2026-01-11 05:00:00,90799.1,90859.9,90736.1,90777.8,42.06634215,3819146.055124129,3819146.055124129,1,123.79999999998836,60.79999999998836,63.0,123.79999999998836,122.52499999999418
2026-01-11 06:00:00,90777.8,90800.0,90586.3,90743.0,47.13946115,4274172.139015539,4274172.139015539,1,213.6999999999971,22.19999999999709,191.5,213.6999999999971,140.75999999999476
2026-01-11 07:00:00,90743.0,90765.0,90672.0,90713.0,51.55423959,4676645.596118151,4676645.596118151,1,93.0,22.0,71.0,93.0,132.79999999999563
2026-01-11 08:00:00,90712.9,90806.3,90620.0,90787.3,276.10927202,25050357.843093298,25050357.843093298,1,186.3000000000029,93.30000000000291,93.0,186.3000000000029,140.44285714285382
2026-01-11 09:00:00,90788.2,90816.4,90653.5,90739.1,421.88545174,38284506.588491439,38284506.588491439,1,162.89999999999418,29.09999999999127,133.8000000000029,162.89999999999418,143.24999999999636
2026-01-11 10:00:00,90739.1,90761.4,90689.0,90728.9,28.76752492,2609893.360729086,2609893.360729086,1,72.39999999999418,22.29999999998836,50.10000000000582,72.39999999999418,135.3777777777739
2026-01-11 11:00:00,90729.0,90752.0,90696.0,90751.8,31.45814483,2854004.417289197,2854004.417289197,1,56.0,23.10000000000582,32.89999999999418,56.0,127.4399999999965
2026-01-11 12:00:00,90751.9,91033.0,90723.0,90938.1,93.10870438,8465374.372857881,8465374.372857881,1,310.0,281.1999999999971,28.80000000000291,310.0,144.03636363636045
2026-01-11 13:00:00,90938.1,90972.7,90822.5,90854.0,82.39697913,7489753.888060639,7489753.888060639,1,150.1999999999971,34.59999999999127,115.60000000000582,150.1999999999971,144.54999999999686
2026-01-11 14:00:00,90854.1,91199.8,90854.0,91126.1,101.61169412,9252875.591584268,9252875.591584268,1,345.8000000000029,345.8000000000029,0.0,345.8000000000029,160.03076923076654
2026-01-11 15:00:00,91126.1,91157.9,90711.4,90875.0,137.06704753,12462014.722218521,12462014.722218521,1,446.5,31.79999999998836,414.70000000001164,446.5,180.49285714285466
2026-01-11 16:00:00,90875.0,91284.6,90875.0,91041.9,118.59822454,10802603.972880225,10802603.972880225,1,409.6000000000058,409.6000000000058,0.0,409.6000000000058,201.32857142856977
2026-01-11 17:00:00,91042.0,91138.0,90912.0,90991.0,48.32468048,4399107.45772465,4399107.45772465,1,226.0,96.10000000000582,129.89999999999418,226.0,210.46428571428365
2026-01-11 18:00:00,90991.1,90991.1,90800.0,90882.9,45.99045951,4179679.064958694,4179679.064958694,1,191.10000000000582,0.10000000000582077,191.0,191.10000000000582,213.3785714285706
2026-01-11 19:00:00,90882.9,90932.0,90680.0,90693.1,31.54357856,2863853.48985495,2863853.48985495,1,252.0,49.10000000000582,202.89999999999418,252.0,222.53571428571428
2026-01-11 20:00:00,90693.1,90740.5,90424.3,90709.0,148.94350958,13487078.106036308,13487078.106036308,1,316.1999999999971,47.39999999999418,268.8000000000029,316.1999999999971,229.85714285714286
2026-01-11 21:00:00,90709.1,90836.3,90600.0,90759.0,44.86306926,4069682.831175137,4069682.831175137,1,236.3000000000029,127.30000000000291,109.0,236.3000000000029,240.09285714285735
2026-01-11 22:00:00,90759.1,90759.1,90455.8,90534.5,82.35397267,7461799.777861724,7461799.777861724,1,303.3000000000029,0.10000000000582077,303.1999999999971,303.3000000000029,248.45000000000022
2026-01-11 23:00:00,90534.4,91039.8,90230.3,91012.0,214.07575229,19410994.105751093,19410994.105751093,1,809.5,505.3000000000029,304.1999999999971,809.5,294.6357142857149
2026-01-12 00:00:00,91008.3,91255.6,90697.7,91255.6,222.78259444,20280453.860268811,20280453.860268811,1,557.9000000000087,243.60000000000582,314.3000000000029,557.9000000000087,329.3142857142874
2026-01-12 01:00:00,91255.7,91800.0,91099.4,91410.9,335.61197399,30695396.152784587,30695396.152784587,1,700.6000000000058,544.3999999999942,156.20000000001164,700.6000000000058,375.35714285714494
2026-01-12 02:00:00,91411.0,92396.4,91376.1,92210.1,422.74899793,38889167.118724004,38889167.118724004,1,1020.2999999999884,985.5,34.79999999998836,1020.2999999999884,426.0928571428584
2026-01-12 03:00:00,92211.8,92520.6,91805.4,91805.4,319.01275403,29421244.098548241,29421244.098548241,1,715.2000000000116,310.5,404.70000000001164,715.2000000000116,466.45000000000226
2026-01-12 04:00:00,91805.5,92281.7,91755.6,92160.0,124.53717313,11461377.423098606,11461377.423098606,1,526.0999999999913,476.3000000000029,49.79999999998836,526.0999999999913,479.3285714285729
2026-01-12 05:00:00,92160.1,92264.9,92048.4,92115.0,96.42016732,8884770.713873671,8884770.713873671,1,216.5,104.89999999999418,111.60000000000582,216.5,462.90000000000146
2026-01-12 06:00:00,92114.9,92208.0,91820.0,91839.1,136.64802883,12568283.497438013,12568283.497438013,1,388.0,93.0,295.0,388.0,461.3571428571439
2026-01-12 07:00:00,91839.1,91962.1,91400.0,91415.1,528.490474,48442857.175033613,48442857.175033613,1,562.1000000000058,123.0,439.1000000000058,562.1000000000058,485.3642857142872
2026-01-12 08:00:00,91415.1,91628.9,90400.0,90749.1,580.69904075,52778256.402353271,52778256.402353271,1,1228.8999999999942,213.79999999998836,1015.1000000000058,1228.8999999999942,559.4928571428578
2026-01-12 09:00:00,90749.1,90933.3,90646.1,90692.2,180.95933636,16433008.334714364,16433008.334714364,1,287.1999999999971,184.1999999999971,103.0,287.1999999999971,562.0071428571433
2026-01-12 10:00:00,90692.1,90793.0,90375.0,90435.9,149.27260652,13517169.57848921,13517169.57848921,1,418.0,100.80000000000291,317.1999999999971,418.0,569.278571428572
2026-01-12 11:00:00,90434.2,90816.1,90427.0,90630.1,165.21326359,14977035.121454335,14977035.121454335,1,389.1000000000058,380.20000000001164,8.89999999999418,389.1000000000058,580.192857142858
2026-01-12 12:00:00,90630.1,90870.4,90618.0,90789.0,73.0402834,6629157.49050605,6629157.49050605,1,252.39999999999418,240.29999999998836,12.10000000000582,252.39999999999418,576.557142857143
2026-01-12 13:00:00,90789.1,90829.7,90541.6,90632.1,150.14423847,13614122.733121293,13614122.733121293,1,288.09999999999127,40.69999999999709,247.39999999999418,288.09999999999127,539.3142857142853
2026-01-12 14:00:00,90632.1,91122.8,90132.1,90908.1,438.77331825,39757812.271452561,39757812.271452561,1,990.6999999999971,490.6999999999971,500.0,990.6999999999971,570.2285714285701
2026-01-12 15:00:00,90908.0,91679.6,90710.0,91666.9,367.10261225,33517183.940345519,33517183.940345519,1,969.6000000000058,771.5,198.10000000000582,969.6000000000058,589.4428571428559
2026-01-12 16:00:00,91666.0,92316.7,91575.0,92117.8,641.42504829,59003372.251430872,59003372.251430872,1,741.6999999999971,649.8000000000029,91.89999999999418,741.6999999999971,569.5428571428565
2026-01-12 17:00:00,92117.9,92299.1,91007.1,91522.5,510.64948513,46774494.415137832,46774494.415137832,1,1292.0,181.3000000000029,1110.699999999997,1292.0,610.7428571428557
2026-01-12 18:00:00,91522.6,91958.1,91415.1,91689.1,206.60046223,18954521.357794614,18954521.357794614,1,543.0,435.6000000000058,107.39999999999418,543.0,611.9499999999991
2026-01-12 19:00:00,91689.2,91881.3,91437.6,91864.9,131.5242544,12055329.168740881,12055329.168740881,1,443.6999999999971,192.1999999999971,251.5,443.6999999999971,628.1785714285704
2026-01-12 20:00:00,91864.9,92048.4,91416.6,91493.3,212.87155641,19508227.404874415,19508227.404874415,1,631.7999999999884,183.5,448.29999999998836,631.7999999999884,645.5928571428552
2026-01-12 21:00:00,91492.1,91500.0,90948.4,91056.0,158.43788366,14454876.813278923,14454876.813278923,1,551.6000000000058,6.69999999999709,544.9000000000087,551.6000000000058,644.8428571428552
2026-01-12 22:00:00,91056.0,91444.5,91056.0,91243.7,133.99910154,12237943.506216497,12237943.506216497,1,388.5,388.5,0.0,388.5,584.8142857142842
2026-01-12 23:00:00,91243.7,91319.9,91076.5,91304.0,53.12812533,4845658.997270267,4845658.997270267,1,243.39999999999418,76.19999999999709,167.1999999999971,243.39999999999418,581.6857142857126
2026-01-13 00:00:00,91304.0,91548.9,91257.0,91481.1,154.30764832,14104366.854061478,14104366.854061478,1,291.8999999999942,244.89999999999418,47.0,291.8999999999942,572.6785714285694
2026-01-13 01:00:00,91481.1,91548.0,91054.3,91188.0,82.43368771,7525218.467959754,7525218.467959754,1,493.6999999999971,66.89999999999418,426.8000000000029,493.6999999999971,580.1499999999972
2026-01-13 02:00:00,91188.0,91382.1,91102.2,91125.4,118.68310015,10826796.298685635,10826796.298685635,1,279.90000000000873,194.10000000000582,85.80000000000291,279.90000000000873,582.114285714284
2026-01-13 03:00:00,91125.5,91471.2,91125.1,91412.0,120.6913497,11020766.067645064,11020766.067645064,1,346.09999999999127,345.8000000000029,0.29999999998835847,346.09999999999127,586.2571428571412
2026-01-13 04:00:00,91412.1,91647.2,91349.9,91515.9,62.52384798,5718843.73975984,5718843.73975984,1,297.3000000000029,235.1999999999971,62.10000000000582,297.3000000000029,536.7285714285701
2026-01-13 05:00:00,91516.0,92256.9,91480.5,91924.5,273.85033642,25180944.629915467,25180944.629915467,1,776.3999999999942,741.0,35.39999999999418,776.3999999999942,522.9285714285694
2026-01-13 06:00:00,91924.6,92270.8,91811.5,92179.1,186.56114257,17170290.069550624,17170290.069550624,1,459.3000000000029,346.3000000000029,113.0,459.3000000000029,502.7571428571412
2026-01-13 07:00:00,92179.2,92207.0,91882.9,91949.7,672.8691819,61897171.063796031,61897171.063796031,1,324.1000000000058,27.89999999999418,296.20000000001164,324.1000000000058,433.6214285714273
2026-01-13 08:00:00,91949.7,92253.2,91908.4,92170.1,374.1430512,34431893.67532512,34431893.67532512,1,344.8000000000029,303.5,41.30000000000291,344.8000000000029,419.4642857142847
2026-01-13 09:00:00,92170.1,92666.0,91940.7,92264.7,332.88317456,30741790.842557198,30741790.842557198,1,725.3000000000029,495.8999999999942,229.40000000000873,725.3000000000029,439.5785714285708
2026-01-13 10:00:00,92264.7,92338.6,92022.0,92134.4,129.23897115,11916639.506247933,11916639.506247933,1,316.6000000000058,73.90000000000873,242.6999999999971,316.6000000000058,417.0642857142863
2026-01-13 11:00:00,92134.5,92258.6,91970.7,92001.0,128.14715601,11803597.454704142,11803597.454704142,1,287.90000000000873,124.20000000001164,163.6999999999971,287.90000000000873,398.22857142857225
2026-01-13 12:00:00,92001.1,92150.0,91916.2,92104.9,89.96696491,8283363.47262718,8283363.47262718,1,233.8000000000029,149.0,84.80000000000291,233.8000000000029,387.17857142857247
2026-01-13 13:00:00,92105.0,92607.0,91989.1,92074.9,501.55595981,46269176.897322829,46269176.897322829,1,617.8999999999942,502.1000000000058,115.79999999998836,617.8999999999942,413.92857142857247
2026-01-13 14:00:00,92074.9,92922.8,91790.0,92471.1,495.65949432,45819934.662136649,45819934.662136649,1,1132.800000000003,847.9000000000087,284.8999999999942,1132.800000000003,473.9928571428588
2026-01-13 15:00:00,92471.0,93456.0,92134.8,93455.9,595.3351178,55277802.857471831,55277802.857471831,1,1321.199999999997,984.8999999999942,336.3000000000029,1321.199999999997,533.1000000000016
2026-01-13 16:00:00,93455.9,93753.0,93080.7,93392.0,724.56704923,67741381.285219266,67741381.285219266,1,672.3000000000029,297.1000000000058,375.1999999999971,672.3000000000029,561.1285714285726
2026-01-13 17:00:00,93392.1,93494.0,93101.1,93244.0,228.59657494,21335502.105395803,21335502.105395803,1,392.8999999999942,102.0,290.8999999999942,392.8999999999942,564.47142857143
2026-01-13 18:00:00,93243.0,93871.7,93200.1,93629.4,265.82168368,24874386.639117492,24874386.639117492,1,671.5999999999913,627.6999999999971,43.89999999999418,671.5999999999913,591.2071428571435
2026-01-13 19:00:00,93629.4,94243.6,93475.0,94224.1,515.69539456,48401727.33207396,48401727.33207396,1,768.6000000000058,614.2000000000116,154.39999999999418,768.6000000000058,590.6500000000015
2026-01-13 20:00:00,94224.2,94510.1,94117.4,94412.6,723.26348036,68215655.728678229,68215655.728678229,1,392.70000000001164,286.0,106.70000000001164,392.70000000001164,585.8928571428593
2026-01-13 21:00:00,94412.7,94526.3,94060.0,94091.0,235.63804212,22224207.822008248,22224207.822008248,1,466.3000000000029,113.69999999999709,352.6000000000058,466.3000000000029,596.0500000000019
2026-01-13 22:00:00,94091.1,96543.0,94091.1,95755.0,1836.33443741,175410090.848696499,175410090.848696499,1,2451.899999999994,2452.0,0.10000000000582077,2452.0,746.5642857142874
2026-01-13 23:00:00,95758.0,96097.0,95070.0,95411.8,613.68722289,58722702.769467386,58722702.769467386,1,1027.0,342.0,685.0,1027.0,768.1142857142871
2026-01-14 00:00:00,95411.8,95664.6,95173.9,95241.0,239.37544371,22838621.298915929,22838621.298915929,1,490.70000000001164,252.8000000000029,237.90000000000873,490.70000000001164,780.5500000000019
2026-01-14 01:00:00,95241.0,95581.9,95142.8,95245.0,360.14014907,34341293.024147042,34341293.024147042,1,439.09999999999127,340.8999999999942,98.19999999999709,439.09999999999127,791.3500000000006
2026-01-14 02:00:00,95245.1,95561.9,95211.4,95349.0,242.3064343,23116803.563988516,23116803.563988516,1,350.5,316.8999999999942,33.60000000000582,350.5,799.6857142857147
2026-01-14 03:00:00,95349.0,95722.5,95283.2,95722.3,181.53390932,17336931.500101907,17336931.500101907,1,439.3000000000029,373.5,65.80000000000291,439.3000000000029,786.9285714285725
2026-01-14 04:00:00,95722.3,95796.8,95230.3,95246.0,218.86185582,20892686.580770568,20892686.580770568,1,566.5,74.5,492.0,566.5,746.4785714285723
2026-01-14 05:00:00,95246.1,95280.7,94957.7,95012.5,350.08250115,33289114.721341727,33289114.721341727,1,323.0,34.69999999999709,288.3000000000029,323.0,675.1785714285725
2026-01-14 06:00:00,95012.5,95037.4,94521.7,95037.3,399.21719965,37856848.162749052,37856848.162749052,1,515.6999999999971,24.89999999999418,490.8000000000029,515.6999999999971,663.9928571428578
2026-01-14 07:00:00,95037.4,95230.0,94844.0,95201.9,499.48489874,47483651.4391048,47483651.4391048,1,386.0,192.6999999999971,193.3000000000029,386.0,663.500000000001
2026-01-14 08:00:00,95201.9,95310.5,94866.6,94901.2,220.24319921,20947533.396039713,20947533.396039713,1,443.8999999999942,108.60000000000582,335.29999999998836,443.8999999999942,647.2357142857155
2026-01-14 09:00:00,94901.2,95181.0,94883.1,95091.1,376.50842309,35788483.386772632,35788483.386772632,1,297.8999999999942,279.8000000000029,18.09999999999127,297.8999999999942,613.6142857142861
2026-01-14 10:00:00,95091.0,95297.5,94895.4,95094.3,282.47880667,26870751.028143531,26870751.028143531,1,402.1000000000058,206.39999999999418,195.70000000001164,402.1000000000058,614.2857142857143
2026-01-14 11:00:00,95093.8,95093.8,94750.0,94797.7,220.8793008,20970190.949464199,20970190.949464199,1,343.8000000000029,0.5,344.3000000000029,344.3000000000029,605.5714285714286
2026-01-14 12:00:00,94797.7,95165.7,94688.1,95079.7,188.18468783,17878194.387617177,17878194.387617177,1,477.59999999999127,368.0,109.59999999999127,477.59999999999127,464.5428571428565
2026-01-14 13:00:00,95079.7,95240.2,94892.3,94997.0,149.57372963,14220389.020690293,14220389.020690293,1,347.8999999999942,160.5,187.39999999999418,347.8999999999942,416.03571428571325
2026-01-14 14:00:00,94997.0,96820.5,94983.9,96481.3,1151.60693601,110640089.842372494,110640089.842372494,1,1836.6000000000058,1823.5,13.10000000000582,1836.6000000000058,512.1714285714271
2026-01-14 15:00:00,96481.3,97088.0,96186.1,96755.6,1109.24876434,107253261.470403092,107253261.470403092,1,901.8999999999942,606.6999999999971,295.1999999999971,901.8999999999942,545.2285714285701
2026-01-14 16:00:00,96755.5,97696.7,96732.0,97285.5,1524.90198265,148331590.323989601,148331590.323989601,1,964.6999999999971,941.0999999999913,23.60000000000582,964.6999999999971,589.0999999999985
2026-01-14 17:00:00,97285.5,97776.0,96766.0,96953.2,1043.78772161,101639219.00311798,101639219.00311798,1,1010.0,490.5,519.5,1010.0,629.864285714284
2026-01-14 18:00:00,96953.1,97109.5,96229.5,96806.3,834.83314115,80706449.02842337,80706449.02842337,1,880.0,156.3000000000029,723.6999999999971,880.0,652.2571428571412
2026-01-14 19:00:00,96806.3,97648.6,96685.7,97257.8,512.45694584,49819584.544188107,49819584.544188107,1,962.9000000000087,842.3000000000029,120.60000000000582,962.9000000000087,697.9642857142846
2026-01-14 20:00:00,97257.8,97925.4,97207.7,97656.2,604.26613274,58953216.753090134,58953216.753090134,1,717.6999999999971,667.5999999999913,50.10000000000582,717.6999999999971,712.3928571428561
2026-01-14 21:00:00,97656.2,97714.9,97376.1,97560.8,247.19876154,24109681.693470967,24109681.693470967,1,338.79999999998836,58.69999999999709,280.09999999999127,338.79999999998836,709.0214285714267
2026-01-14 22:00:00,97560.9,97581.3,96758.1,96886.9,306.83909196,29825402.807419902,29825402.807419902,1,823.1999999999971,20.5,802.6999999999971,823.1999999999971,736.114285714284
2026-01-14 23:00:00,96886.9,97369.9,96865.0,96945.9,147.39971304,14308969.55277817,14308969.55277817,1,504.8999999999942,483.0,21.89999999999418,504.8999999999942,750.8999999999984
2026-01-15 00:00:00,96946.0,96999.6,96500.0,96653.5,352.2215868,34066774.94506498,34066774.94506498,1,499.6000000000058,53.70000000001164,445.8999999999942,499.6000000000058,757.864285714284
2026-01-15 01:00:00,96655.4,96961.8,96307.1,96446.2,240.95478859,23274441.267057727,23274441.267057727,1,654.6999999999971,308.3000000000029,346.3999999999942,654.6999999999971,780.0357142857122
2026-01-15 02:00:00,96446.1,96614.5,96100.0,96333.0,177.53382637,17106150.031997597,17106150.031997597,1,514.5,168.3000000000029,346.1999999999971,514.5,782.6714285714271
2026-01-15 03:00:00,96333.0,96400.0,95780.0,95990.5,358.45345002,34435469.433021335,34435469.433021335,1,620.0,67.0,553.0,620.0,802.1071428571419
2026-01-15 04:00:00,95990.5,96395.0,95965.4,96318.6,230.24339335,22146789.826933085,22146789.826933085,1,429.6000000000058,404.5,25.10000000000582,429.6000000000058,701.6071428571419
2026-01-15 05:00:00,96318.7,96522.7,96250.0,96438.9,174.80981203,16849100.070858181,16849100.070858181,1,272.6999999999971,204.09999999999127,68.60000000000582,272.6999999999971,656.6642857142849
2026-01-11 03:00:00,90692.1,90733.1,90635.0,90733.0,43.57694718,3952300.140079397,3952300.140079397,1,98.10000000000582,,,98.10000000000582,98.10000000000582
2026-01-11 04:00:00,90733.1,90809.9,90659.6,90799.1,81.37199858,7383526.067885081,7383526.067885081,1,150.29999999998836,76.89999999999418,73.39999999999418,150.29999999998836,124.19999999999709
2026-01-11 05:00:00,90799.1,90859.9,90736.1,90777.8,42.06634215,3819146.055124129,3819146.055124129,1,123.79999999998836,60.79999999998836,63.0,123.79999999998836,124.06666666666085
2026-01-11 06:00:00,90777.8,90800.0,90586.3,90743.0,47.13946115,4274172.139015539,4274172.139015539,1,213.6999999999971,22.19999999999709,191.5,213.6999999999971,146.4749999999949
2026-01-11 07:00:00,90743.0,90765.0,90672.0,90713.0,51.55423959,4676645.596118151,4676645.596118151,1,93.0,22.0,71.0,93.0,135.77999999999594
2026-01-11 08:00:00,90712.9,90806.3,90620.0,90787.3,276.10927202,25050357.843093298,25050357.843093298,1,186.3000000000029,93.30000000000291,93.0,186.3000000000029,144.1999999999971
2026-01-11 09:00:00,90788.2,90816.4,90653.5,90739.1,421.88545174,38284506.588491439,38284506.588491439,1,162.89999999999418,29.09999999999127,133.8000000000029,162.89999999999418,146.87142857142524
2026-01-11 10:00:00,90739.1,90761.4,90689.0,90728.9,28.76752492,2609893.360729086,2609893.360729086,1,72.39999999999418,22.29999999998836,50.10000000000582,72.39999999999418,137.56249999999636
2026-01-11 11:00:00,90729.0,90752.0,90696.0,90751.8,31.45814483,2854004.417289197,2854004.417289197,1,56.0,23.10000000000582,32.89999999999418,56.0,128.49999999999676
2026-01-11 12:00:00,90751.9,91033.0,90723.0,90938.1,93.10870438,8465374.372857881,8465374.372857881,1,310.0,281.1999999999971,28.80000000000291,310.0,146.64999999999708
2026-01-11 13:00:00,90938.1,90972.7,90822.5,90854.0,82.39697913,7489753.888060639,7489753.888060639,1,150.1999999999971,34.59999999999127,115.60000000000582,150.1999999999971,146.97272727272437
2026-01-11 14:00:00,90854.1,91199.8,90854.0,91126.1,101.61169412,9252875.591584268,9252875.591584268,1,345.8000000000029,345.8000000000029,0.0,345.8000000000029,163.54166666666424
2026-01-11 15:00:00,91126.1,91157.9,90711.4,90875.0,137.06704753,12462014.722218521,12462014.722218521,1,446.5,31.79999999998836,414.70000000001164,446.5,185.30769230769008
2026-01-11 16:00:00,90875.0,91284.6,90875.0,91041.9,118.59822454,10802603.972880225,10802603.972880225,1,409.6000000000058,409.6000000000058,0.0,409.6000000000058,201.32857142856977
2026-01-11 17:00:00,91042.0,91138.0,90912.0,90991.0,48.32468048,4399107.45772465,4399107.45772465,1,226.0,96.10000000000582,129.89999999999418,226.0,210.46428571428365
2026-01-11 18:00:00,90991.1,90991.1,90800.0,90882.9,45.99045951,4179679.064958694,4179679.064958694,1,191.10000000000582,0.10000000000582077,191.0,191.10000000000582,213.3785714285706
2026-01-11 19:00:00,90882.9,90932.0,90680.0,90693.1,31.54357856,2863853.48985495,2863853.48985495,1,252.0,49.10000000000582,202.89999999999418,252.0,222.53571428571428
2026-01-11 20:00:00,90693.1,90740.5,90424.3,90709.0,148.94350958,13487078.106036308,13487078.106036308,1,316.1999999999971,47.39999999999418,268.8000000000029,316.1999999999971,229.85714285714286
2026-01-11 21:00:00,90709.1,90836.3,90600.0,90759.0,44.86306926,4069682.831175137,4069682.831175137,1,236.3000000000029,127.30000000000291,109.0,236.3000000000029,240.09285714285735
2026-01-11 22:00:00,90759.1,90759.1,90455.8,90534.5,82.35397267,7461799.777861724,7461799.777861724,1,303.3000000000029,0.10000000000582077,303.1999999999971,303.3000000000029,248.45000000000022
2026-01-11 23:00:00,90534.4,91039.8,90230.3,91012.0,214.07575229,19410994.105751093,19410994.105751093,1,809.5,505.3000000000029,304.1999999999971,809.5,294.6357142857149
2026-01-12 00:00:00,91008.3,91255.6,90697.7,91255.6,222.78259444,20280453.860268811,20280453.860268811,1,557.9000000000087,243.60000000000582,314.3000000000029,557.9000000000087,329.3142857142874
2026-01-12 01:00:00,91255.7,91800.0,91099.4,91410.9,335.61197399,30695396.152784587,30695396.152784587,1,700.6000000000058,544.3999999999942,156.20000000001164,700.6000000000058,375.35714285714494
2026-01-12 02:00:00,91411.0,92396.4,91376.1,92210.1,422.74899793,38889167.118724004,38889167.118724004,1,1020.2999999999884,985.5,34.79999999998836,1020.2999999999884,426.0928571428584
2026-01-12 03:00:00,92211.8,92520.6,91805.4,91805.4,319.01275403,29421244.098548241,29421244.098548241,1,715.2000000000116,310.5,404.70000000001164,715.2000000000116,466.45000000000226
2026-01-12 04:00:00,91805.5,92281.7,91755.6,92160.0,124.53717313,11461377.423098606,11461377.423098606,1,526.0999999999913,476.3000000000029,49.79999999998836,526.0999999999913,479.3285714285729
2026-01-12 05:00:00,92160.1,92264.9,92048.4,92115.0,96.42016732,8884770.713873671,8884770.713873671,1,216.5,104.89999999999418,111.60000000000582,216.5,462.90000000000146
2026-01-12 06:00:00,92114.9,92208.0,91820.0,91839.1,136.64802883,12568283.497438013,12568283.497438013,1,388.0,93.0,295.0,388.0,461.3571428571439
2026-01-12 07:00:00,91839.1,91962.1,91400.0,91415.1,528.490474,48442857.175033613,48442857.175033613,1,562.1000000000058,123.0,439.1000000000058,562.1000000000058,485.3642857142872
2026-01-12 08:00:00,91415.1,91628.9,90400.0,90749.1,580.69904075,52778256.402353271,52778256.402353271,1,1228.8999999999942,213.79999999998836,1015.1000000000058,1228.8999999999942,559.4928571428578
2026-01-12 09:00:00,90749.1,90933.3,90646.1,90692.2,180.95933636,16433008.334714364,16433008.334714364,1,287.1999999999971,184.1999999999971,103.0,287.1999999999971,562.0071428571433
2026-01-12 10:00:00,90692.1,90793.0,90375.0,90435.9,149.27260652,13517169.57848921,13517169.57848921,1,418.0,100.80000000000291,317.1999999999971,418.0,569.278571428572
2026-01-12 11:00:00,90434.2,90816.1,90427.0,90630.1,165.21326359,14977035.121454335,14977035.121454335,1,389.1000000000058,380.20000000001164,8.89999999999418,389.1000000000058,580.192857142858
2026-01-12 12:00:00,90630.1,90870.4,90618.0,90789.0,73.0402834,6629157.49050605,6629157.49050605,1,252.39999999999418,240.29999999998836,12.10000000000582,252.39999999999418,576.557142857143
2026-01-12 13:00:00,90789.1,90829.7,90541.6,90632.1,150.14423847,13614122.733121293,13614122.733121293,1,288.09999999999127,40.69999999999709,247.39999999999418,288.09999999999127,539.3142857142853
2026-01-12 14:00:00,90632.1,91122.8,90132.1,90908.1,438.77331825,39757812.271452561,39757812.271452561,1,990.6999999999971,490.6999999999971,500.0,990.6999999999971,570.2285714285701
2026-01-12 15:00:00,90908.0,91679.6,90710.0,91666.9,367.10261225,33517183.940345519,33517183.940345519,1,969.6000000000058,771.5,198.10000000000582,969.6000000000058,589.4428571428559
2026-01-12 16:00:00,91666.0,92316.7,91575.0,92117.8,641.42504829,59003372.251430872,59003372.251430872,1,741.6999999999971,649.8000000000029,91.89999999999418,741.6999999999971,569.5428571428565
2026-01-12 17:00:00,92117.9,92299.1,91007.1,91522.5,510.64948513,46774494.415137832,46774494.415137832,1,1292.0,181.3000000000029,1110.699999999997,1292.0,610.7428571428557
2026-01-12 18:00:00,91522.6,91958.1,91415.1,91689.1,206.60046223,18954521.357794614,18954521.357794614,1,543.0,435.6000000000058,107.39999999999418,543.0,611.9499999999991
2026-01-12 19:00:00,91689.2,91881.3,91437.6,91864.9,131.5242544,12055329.168740881,12055329.168740881,1,443.6999999999971,192.1999999999971,251.5,443.6999999999971,628.1785714285704
2026-01-12 20:00:00,91864.9,92048.4,91416.6,91493.3,212.87155641,19508227.404874415,19508227.404874415,1,631.7999999999884,183.5,448.29999999998836,631.7999999999884,645.5928571428552
2026-01-12 21:00:00,91492.1,91500.0,90948.4,91056.0,158.43788366,14454876.813278923,14454876.813278923,1,551.6000000000058,6.69999999999709,544.9000000000087,551.6000000000058,644.8428571428552
2026-01-12 22:00:00,91056.0,91444.5,91056.0,91243.7,133.99910154,12237943.506216497,12237943.506216497,1,388.5,388.5,0.0,388.5,584.8142857142842
2026-01-12 23:00:00,91243.7,91319.9,91076.5,91304.0,53.12812533,4845658.997270267,4845658.997270267,1,243.39999999999418,76.19999999999709,167.1999999999971,243.39999999999418,581.6857142857126
2026-01-13 00:00:00,91304.0,91548.9,91257.0,91481.1,154.30764832,14104366.854061478,14104366.854061478,1,291.8999999999942,244.89999999999418,47.0,291.8999999999942,572.6785714285694
2026-01-13 01:00:00,91481.1,91548.0,91054.3,91188.0,82.43368771,7525218.467959754,7525218.467959754,1,493.6999999999971,66.89999999999418,426.8000000000029,493.6999999999971,580.1499999999972
2026-01-13 02:00:00,91188.0,91382.1,91102.2,91125.4,118.68310015,10826796.298685635,10826796.298685635,1,279.90000000000873,194.10000000000582,85.80000000000291,279.90000000000873,582.114285714284
2026-01-13 03:00:00,91125.5,91471.2,91125.1,91412.0,120.6913497,11020766.067645064,11020766.067645064,1,346.09999999999127,345.8000000000029,0.29999999998835847,346.09999999999127,586.2571428571412
2026-01-13 04:00:00,91412.1,91647.2,91349.9,91515.9,62.52384798,5718843.73975984,5718843.73975984,1,297.3000000000029,235.1999999999971,62.10000000000582,297.3000000000029,536.7285714285701
2026-01-13 05:00:00,91516.0,92256.9,91480.5,91924.5,273.85033642,25180944.629915467,25180944.629915467,1,776.3999999999942,741.0,35.39999999999418,776.3999999999942,522.9285714285694
2026-01-13 06:00:00,91924.6,92270.8,91811.5,92179.1,186.56114257,17170290.069550624,17170290.069550624,1,459.3000000000029,346.3000000000029,113.0,459.3000000000029,502.7571428571412
2026-01-13 07:00:00,92179.2,92207.0,91882.9,91949.7,672.8691819,61897171.063796031,61897171.063796031,1,324.1000000000058,27.89999999999418,296.20000000001164,324.1000000000058,433.6214285714273
2026-01-13 08:00:00,91949.7,92253.2,91908.4,92170.1,374.1430512,34431893.67532512,34431893.67532512,1,344.8000000000029,303.5,41.30000000000291,344.8000000000029,419.4642857142847
2026-01-13 09:00:00,92170.1,92666.0,91940.7,92264.7,332.88317456,30741790.842557198,30741790.842557198,1,725.3000000000029,495.8999999999942,229.40000000000873,725.3000000000029,439.5785714285708
2026-01-13 10:00:00,92264.7,92338.6,92022.0,92134.4,129.23897115,11916639.506247933,11916639.506247933,1,316.6000000000058,73.90000000000873,242.6999999999971,316.6000000000058,417.0642857142863
2026-01-13 11:00:00,92134.5,92258.6,91970.7,92001.0,128.14715601,11803597.454704142,11803597.454704142,1,287.90000000000873,124.20000000001164,163.6999999999971,287.90000000000873,398.22857142857225
2026-01-13 12:00:00,92001.1,92150.0,91916.2,92104.9,89.96696491,8283363.47262718,8283363.47262718,1,233.8000000000029,149.0,84.80000000000291,233.8000000000029,387.17857142857247
2026-01-13 13:00:00,92105.0,92607.0,91989.1,92074.9,501.55595981,46269176.897322829,46269176.897322829,1,617.8999999999942,502.1000000000058,115.79999999998836,617.8999999999942,413.92857142857247
2026-01-13 14:00:00,92074.9,92922.8,91790.0,92471.1,495.65949432,45819934.662136649,45819934.662136649,1,1132.800000000003,847.9000000000087,284.8999999999942,1132.800000000003,473.9928571428588
2026-01-13 15:00:00,92471.0,93456.0,92134.8,93455.9,595.3351178,55277802.857471831,55277802.857471831,1,1321.199999999997,984.8999999999942,336.3000000000029,1321.199999999997,533.1000000000016
2026-01-13 16:00:00,93455.9,93753.0,93080.7,93392.0,724.56704923,67741381.285219266,67741381.285219266,1,672.3000000000029,297.1000000000058,375.1999999999971,672.3000000000029,561.1285714285726
2026-01-13 17:00:00,93392.1,93494.0,93101.1,93244.0,228.59657494,21335502.105395803,21335502.105395803,1,392.8999999999942,102.0,290.8999999999942,392.8999999999942,564.47142857143
2026-01-13 18:00:00,93243.0,93871.7,93200.1,93629.4,265.82168368,24874386.639117492,24874386.639117492,1,671.5999999999913,627.6999999999971,43.89999999999418,671.5999999999913,591.2071428571435
2026-01-13 19:00:00,93629.4,94243.6,93475.0,94224.1,515.69539456,48401727.33207396,48401727.33207396,1,768.6000000000058,614.2000000000116,154.39999999999418,768.6000000000058,590.6500000000015
2026-01-13 20:00:00,94224.2,94510.1,94117.4,94412.6,723.26348036,68215655.728678229,68215655.728678229,1,392.70000000001164,286.0,106.70000000001164,392.70000000001164,585.8928571428593
2026-01-13 21:00:00,94412.7,94526.3,94060.0,94091.0,235.63804212,22224207.822008248,22224207.822008248,1,466.3000000000029,113.69999999999709,352.6000000000058,466.3000000000029,596.0500000000019
2026-01-13 22:00:00,94091.1,96543.0,94091.1,95755.0,1836.33443741,175410090.848696499,175410090.848696499,1,2451.899999999994,2452.0,0.10000000000582077,2452.0,746.5642857142874
2026-01-13 23:00:00,95758.0,96097.0,95070.0,95411.8,613.68722289,58722702.769467386,58722702.769467386,1,1027.0,342.0,685.0,1027.0,768.1142857142871
2026-01-14 00:00:00,95411.8,95664.6,95173.9,95241.0,239.37544371,22838621.298915929,22838621.298915929,1,490.70000000001164,252.8000000000029,237.90000000000873,490.70000000001164,780.5500000000019
2026-01-14 01:00:00,95241.0,95581.9,95142.8,95245.0,360.14014907,34341293.024147042,34341293.024147042,1,439.09999999999127,340.8999999999942,98.19999999999709,439.09999999999127,791.3500000000006
2026-01-14 02:00:00,95245.1,95561.9,95211.4,95349.0,242.3064343,23116803.563988516,23116803.563988516,1,350.5,316.8999999999942,33.60000000000582,350.5,799.6857142857147
2026-01-14 03:00:00,95349.0,95722.5,95283.2,95722.3,181.53390932,17336931.500101907,17336931.500101907,1,439.3000000000029,373.5,65.80000000000291,439.3000000000029,786.9285714285725
2026-01-14 04:00:00,95722.3,95796.8,95230.3,95246.0,218.86185582,20892686.580770568,20892686.580770568,1,566.5,74.5,492.0,566.5,746.4785714285723
2026-01-14 05:00:00,95246.1,95280.7,94957.7,95012.5,350.08250115,33289114.721341727,33289114.721341727,1,323.0,34.69999999999709,288.3000000000029,323.0,675.1785714285725
2026-01-14 06:00:00,95012.5,95037.4,94521.7,95037.3,399.21719965,37856848.162749052,37856848.162749052,1,515.6999999999971,24.89999999999418,490.8000000000029,515.6999999999971,663.9928571428578
2026-01-14 07:00:00,95037.4,95230.0,94844.0,95201.9,499.48489874,47483651.4391048,47483651.4391048,1,386.0,192.6999999999971,193.3000000000029,386.0,663.500000000001
2026-01-14 08:00:00,95201.9,95310.5,94866.6,94901.2,220.24319921,20947533.396039713,20947533.396039713,1,443.8999999999942,108.60000000000582,335.29999999998836,443.8999999999942,647.2357142857155
2026-01-14 09:00:00,94901.2,95181.0,94883.1,95091.1,376.50842309,35788483.386772632,35788483.386772632,1,297.8999999999942,279.8000000000029,18.09999999999127,297.8999999999942,613.6142857142861
2026-01-14 10:00:00,95091.0,95297.5,94895.4,95094.3,282.47880667,26870751.028143531,26870751.028143531,1,402.1000000000058,206.39999999999418,195.70000000001164,402.1000000000058,614.2857142857143
2026-01-14 11:00:00,95093.8,95093.8,94750.0,94797.7,220.8793008,20970190.949464199,20970190.949464199,1,343.8000000000029,0.5,344.3000000000029,344.3000000000029,605.5714285714286
2026-01-14 12:00:00,94797.7,95165.7,94688.1,95079.7,188.18468783,17878194.387617177,17878194.387617177,1,477.59999999999127,368.0,109.59999999999127,477.59999999999127,464.5428571428565
2026-01-14 13:00:00,95079.7,95240.2,94892.3,94997.0,149.57372963,14220389.020690293,14220389.020690293,1,347.8999999999942,160.5,187.39999999999418,347.8999999999942,416.03571428571325
2026-01-14 14:00:00,94997.0,96820.5,94983.9,96481.3,1151.60693601,110640089.842372494,110640089.842372494,1,1836.6000000000058,1823.5,13.10000000000582,1836.6000000000058,512.1714285714271
2026-01-14 15:00:00,96481.3,97088.0,96186.1,96755.6,1109.24876434,107253261.470403092,107253261.470403092,1,901.8999999999942,606.6999999999971,295.1999999999971,901.8999999999942,545.2285714285701
2026-01-14 16:00:00,96755.5,97696.7,96732.0,97285.5,1524.90198265,148331590.323989601,148331590.323989601,1,964.6999999999971,941.0999999999913,23.60000000000582,964.6999999999971,589.0999999999985
2026-01-14 17:00:00,97285.5,97776.0,96766.0,96953.2,1043.78772161,101639219.00311798,101639219.00311798,1,1010.0,490.5,519.5,1010.0,629.864285714284
2026-01-14 18:00:00,96953.1,97109.5,96229.5,96806.3,834.83314115,80706449.02842337,80706449.02842337,1,880.0,156.3000000000029,723.6999999999971,880.0,652.2571428571412
2026-01-14 19:00:00,96806.3,97648.6,96685.7,97257.8,512.45694584,49819584.544188107,49819584.544188107,1,962.9000000000087,842.3000000000029,120.60000000000582,962.9000000000087,697.9642857142846
2026-01-14 20:00:00,97257.8,97925.4,97207.7,97656.2,604.26613274,58953216.753090134,58953216.753090134,1,717.6999999999971,667.5999999999913,50.10000000000582,717.6999999999971,712.3928571428561
2026-01-14 21:00:00,97656.2,97714.9,97376.1,97560.8,247.19876154,24109681.693470967,24109681.693470967,1,338.79999999998836,58.69999999999709,280.09999999999127,338.79999999998836,709.0214285714267
2026-01-14 22:00:00,97560.9,97581.3,96758.1,96886.9,306.83909196,29825402.807419902,29825402.807419902,1,823.1999999999971,20.5,802.6999999999971,823.1999999999971,736.114285714284
2026-01-14 23:00:00,96886.9,97369.9,96865.0,96945.9,147.39971304,14308969.55277817,14308969.55277817,1,504.8999999999942,483.0,21.89999999999418,504.8999999999942,750.8999999999984
2026-01-15 00:00:00,96946.0,96999.6,96500.0,96653.5,352.2215868,34066774.94506498,34066774.94506498,1,499.6000000000058,53.70000000001164,445.8999999999942,499.6000000000058,757.864285714284
2026-01-15 01:00:00,96655.4,96961.8,96307.1,96446.2,240.95478859,23274441.267057727,23274441.267057727,1,654.6999999999971,308.3000000000029,346.3999999999942,654.6999999999971,780.0357142857122
2026-01-15 02:00:00,96446.1,96614.5,96100.0,96333.0,177.53382637,17106150.031997597,17106150.031997597,1,514.5,168.3000000000029,346.1999999999971,514.5,782.6714285714271
2026-01-15 03:00:00,96333.0,96400.0,95780.0,95990.5,358.45345002,34435469.433021335,34435469.433021335,1,620.0,67.0,553.0,620.0,802.1071428571419
2026-01-15 04:00:00,95990.5,96395.0,95965.4,96318.6,230.24339335,22146789.826933085,22146789.826933085,1,429.6000000000058,404.5,25.10000000000582,429.6000000000058,701.6071428571419
2026-01-15 05:00:00,96318.7,96522.7,96250.0,96438.9,174.80981203,16849100.070858181,16849100.070858181,1,272.6999999999971,204.09999999999127,68.60000000000582,272.6999999999971,656.6642857142849
2026-01-15 06:00:00,96438.8,96585.9,96187.9,96246.1,134.40190292,12953171.619068864,12953171.619068864,1,398.0,147.0,251.0,398.0,616.1857142857136
2026-01-11 03:00:00,90692.1,90733.1,90635.0,90733.0,43.57694718,3952300.140079397,3952300.140079397,1,98.10000000000582,,,98.10000000000582,98.10000000000582
2026-01-11 04:00:00,90733.1,90809.9,90659.6,90799.1,81.37199858,7383526.067885081,7383526.067885081,1,150.29999999998836,76.89999999999418,73.39999999999418,150.29999999998836,124.19999999999709
2026-01-11 05:00:00,90799.1,90859.9,90736.1,90777.8,42.06634215,3819146.055124129,3819146.055124129,1,123.79999999998836,60.79999999998836,63.0,123.79999999998836,124.06666666666085
2026-01-11 06:00:00,90777.8,90800.0,90586.3,90743.0,47.13946115,4274172.139015539,4274172.139015539,1,213.6999999999971,22.19999999999709,191.5,213.6999999999971,146.4749999999949
2026-01-11 07:00:00,90743.0,90765.0,90672.0,90713.0,51.55423959,4676645.596118151,4676645.596118151,1,93.0,22.0,71.0,93.0,135.77999999999594
2026-01-11 08:00:00,90712.9,90806.3,90620.0,90787.3,276.10927202,25050357.843093298,25050357.843093298,1,186.3000000000029,93.30000000000291,93.0,186.3000000000029,144.1999999999971
2026-01-11 09:00:00,90788.2,90816.4,90653.5,90739.1,421.88545174,38284506.588491439,38284506.588491439,1,162.89999999999418,29.09999999999127,133.8000000000029,162.89999999999418,146.87142857142524
2026-01-11 10:00:00,90739.1,90761.4,90689.0,90728.9,28.76752492,2609893.360729086,2609893.360729086,1,72.39999999999418,22.29999999998836,50.10000000000582,72.39999999999418,137.56249999999636
2026-01-11 11:00:00,90729.0,90752.0,90696.0,90751.8,31.45814483,2854004.417289197,2854004.417289197,1,56.0,23.10000000000582,32.89999999999418,56.0,128.49999999999676
2026-01-11 12:00:00,90751.9,91033.0,90723.0,90938.1,93.10870438,8465374.372857881,8465374.372857881,1,310.0,281.1999999999971,28.80000000000291,310.0,146.64999999999708
2026-01-11 13:00:00,90938.1,90972.7,90822.5,90854.0,82.39697913,7489753.888060639,7489753.888060639,1,150.1999999999971,34.59999999999127,115.60000000000582,150.1999999999971,146.97272727272437
2026-01-11 14:00:00,90854.1,91199.8,90854.0,91126.1,101.61169412,9252875.591584268,9252875.591584268,1,345.8000000000029,345.8000000000029,0.0,345.8000000000029,163.54166666666424
2026-01-11 15:00:00,91126.1,91157.9,90711.4,90875.0,137.06704753,12462014.722218521,12462014.722218521,1,446.5,31.79999999998836,414.70000000001164,446.5,185.30769230769008
2026-01-11 16:00:00,90875.0,91284.6,90875.0,91041.9,118.59822454,10802603.972880225,10802603.972880225,1,409.6000000000058,409.6000000000058,0.0,409.6000000000058,201.32857142856977
2026-01-11 17:00:00,91042.0,91138.0,90912.0,90991.0,48.32468048,4399107.45772465,4399107.45772465,1,226.0,96.10000000000582,129.89999999999418,226.0,210.46428571428365
2026-01-11 18:00:00,90991.1,90991.1,90800.0,90882.9,45.99045951,4179679.064958694,4179679.064958694,1,191.10000000000582,0.10000000000582077,191.0,191.10000000000582,213.3785714285706
2026-01-11 19:00:00,90882.9,90932.0,90680.0,90693.1,31.54357856,2863853.48985495,2863853.48985495,1,252.0,49.10000000000582,202.89999999999418,252.0,222.53571428571428
2026-01-11 20:00:00,90693.1,90740.5,90424.3,90709.0,148.94350958,13487078.106036308,13487078.106036308,1,316.1999999999971,47.39999999999418,268.8000000000029,316.1999999999971,229.85714285714286
2026-01-11 21:00:00,90709.1,90836.3,90600.0,90759.0,44.86306926,4069682.831175137,4069682.831175137,1,236.3000000000029,127.30000000000291,109.0,236.3000000000029,240.09285714285735
2026-01-11 22:00:00,90759.1,90759.1,90455.8,90534.5,82.35397267,7461799.777861724,7461799.777861724,1,303.3000000000029,0.10000000000582077,303.1999999999971,303.3000000000029,248.45000000000022
2026-01-11 23:00:00,90534.4,91039.8,90230.3,91012.0,214.07575229,19410994.105751093,19410994.105751093,1,809.5,505.3000000000029,304.1999999999971,809.5,294.6357142857149
2026-01-12 00:00:00,91008.3,91255.6,90697.7,91255.6,222.78259444,20280453.860268811,20280453.860268811,1,557.9000000000087,243.60000000000582,314.3000000000029,557.9000000000087,329.3142857142874
2026-01-12 01:00:00,91255.7,91800.0,91099.4,91410.9,335.61197399,30695396.152784587,30695396.152784587,1,700.6000000000058,544.3999999999942,156.20000000001164,700.6000000000058,375.35714285714494
2026-01-12 02:00:00,91411.0,92396.4,91376.1,92210.1,422.74899793,38889167.118724004,38889167.118724004,1,1020.2999999999884,985.5,34.79999999998836,1020.2999999999884,426.0928571428584
2026-01-12 03:00:00,92211.8,92520.6,91805.4,91805.4,319.01275403,29421244.098548241,29421244.098548241,1,715.2000000000116,310.5,404.70000000001164,715.2000000000116,466.45000000000226
2026-01-12 04:00:00,91805.5,92281.7,91755.6,92160.0,124.53717313,11461377.423098606,11461377.423098606,1,526.0999999999913,476.3000000000029,49.79999999998836,526.0999999999913,479.3285714285729
2026-01-12 05:00:00,92160.1,92264.9,92048.4,92115.0,96.42016732,8884770.713873671,8884770.713873671,1,216.5,104.89999999999418,111.60000000000582,216.5,462.90000000000146
2026-01-12 06:00:00,92114.9,92208.0,91820.0,91839.1,136.64802883,12568283.497438013,12568283.497438013,1,388.0,93.0,295.0,388.0,461.3571428571439
2026-01-12 07:00:00,91839.1,91962.1,91400.0,91415.1,528.490474,48442857.175033613,48442857.175033613,1,562.1000000000058,123.0,439.1000000000058,562.1000000000058,485.3642857142872
2026-01-12 08:00:00,91415.1,91628.9,90400.0,90749.1,580.69904075,52778256.402353271,52778256.402353271,1,1228.8999999999942,213.79999999998836,1015.1000000000058,1228.8999999999942,559.4928571428578
2026-01-12 09:00:00,90749.1,90933.3,90646.1,90692.2,180.95933636,16433008.334714364,16433008.334714364,1,287.1999999999971,184.1999999999971,103.0,287.1999999999971,562.0071428571433
2026-01-12 10:00:00,90692.1,90793.0,90375.0,90435.9,149.27260652,13517169.57848921,13517169.57848921,1,418.0,100.80000000000291,317.1999999999971,418.0,569.278571428572
2026-01-12 11:00:00,90434.2,90816.1,90427.0,90630.1,165.21326359,14977035.121454335,14977035.121454335,1,389.1000000000058,380.20000000001164,8.89999999999418,389.1000000000058,580.192857142858
2026-01-12 12:00:00,90630.1,90870.4,90618.0,90789.0,73.0402834,6629157.49050605,6629157.49050605,1,252.39999999999418,240.29999999998836,12.10000000000582,252.39999999999418,576.557142857143
2026-01-12 13:00:00,90789.1,90829.7,90541.6,90632.1,150.14423847,13614122.733121293,13614122.733121293,1,288.09999999999127,40.69999999999709,247.39999999999418,288.09999999999127,539.3142857142853
2026-01-12 14:00:00,90632.1,91122.8,90132.1,90908.1,438.77331825,39757812.271452561,39757812.271452561,1,990.6999999999971,490.6999999999971,500.0,990.6999999999971,570.2285714285701
2026-01-12 15:00:00,90908.0,91679.6,90710.0,91666.9,367.10261225,33517183.940345519,33517183.940345519,1,969.6000000000058,771.5,198.10000000000582,969.6000000000058,589.4428571428559
2026-01-12 16:00:00,91666.0,92316.7,91575.0,92117.8,641.42504829,59003372.251430872,59003372.251430872,1,741.6999999999971,649.8000000000029,91.89999999999418,741.6999999999971,569.5428571428565
2026-01-12 17:00:00,92117.9,92299.1,91007.1,91522.5,510.64948513,46774494.415137832,46774494.415137832,1,1292.0,181.3000000000029,1110.699999999997,1292.0,610.7428571428557
2026-01-12 18:00:00,91522.6,91958.1,91415.1,91689.1,206.60046223,18954521.357794614,18954521.357794614,1,543.0,435.6000000000058,107.39999999999418,543.0,611.9499999999991
2026-01-12 19:00:00,91689.2,91881.3,91437.6,91864.9,131.5242544,12055329.168740881,12055329.168740881,1,443.6999999999971,192.1999999999971,251.5,443.6999999999971,628.1785714285704
2026-01-12 20:00:00,91864.9,92048.4,91416.6,91493.3,212.87155641,19508227.404874415,19508227.404874415,1,631.7999999999884,183.5,448.29999999998836,631.7999999999884,645.5928571428552
2026-01-12 21:00:00,91492.1,91500.0,90948.4,91056.0,158.43788366,14454876.813278923,14454876.813278923,1,551.6000000000058,6.69999999999709,544.9000000000087,551.6000000000058,644.8428571428552
2026-01-12 22:00:00,91056.0,91444.5,91056.0,91243.7,133.99910154,12237943.506216497,12237943.506216497,1,388.5,388.5,0.0,388.5,584.8142857142842
2026-01-12 23:00:00,91243.7,91319.9,91076.5,91304.0,53.12812533,4845658.997270267,4845658.997270267,1,243.39999999999418,76.19999999999709,167.1999999999971,243.39999999999418,581.6857142857126
2026-01-13 00:00:00,91304.0,91548.9,91257.0,91481.1,154.30764832,14104366.854061478,14104366.854061478,1,291.8999999999942,244.89999999999418,47.0,291.8999999999942,572.6785714285694
2026-01-13 01:00:00,91481.1,91548.0,91054.3,91188.0,82.43368771,7525218.467959754,7525218.467959754,1,493.6999999999971,66.89999999999418,426.8000000000029,493.6999999999971,580.1499999999972
2026-01-13 02:00:00,91188.0,91382.1,91102.2,91125.4,118.68310015,10826796.298685635,10826796.298685635,1,279.90000000000873,194.10000000000582,85.80000000000291,279.90000000000873,582.114285714284
2026-01-13 03:00:00,91125.5,91471.2,91125.1,91412.0,120.6913497,11020766.067645064,11020766.067645064,1,346.09999999999127,345.8000000000029,0.29999999998835847,346.09999999999127,586.2571428571412
2026-01-13 04:00:00,91412.1,91647.2,91349.9,91515.9,62.52384798,5718843.73975984,5718843.73975984,1,297.3000000000029,235.1999999999971,62.10000000000582,297.3000000000029,536.7285714285701
2026-01-13 05:00:00,91516.0,92256.9,91480.5,91924.5,273.85033642,25180944.629915467,25180944.629915467,1,776.3999999999942,741.0,35.39999999999418,776.3999999999942,522.9285714285694
2026-01-13 06:00:00,91924.6,92270.8,91811.5,92179.1,186.56114257,17170290.069550624,17170290.069550624,1,459.3000000000029,346.3000000000029,113.0,459.3000000000029,502.7571428571412
2026-01-13 07:00:00,92179.2,92207.0,91882.9,91949.7,672.8691819,61897171.063796031,61897171.063796031,1,324.1000000000058,27.89999999999418,296.20000000001164,324.1000000000058,433.6214285714273
2026-01-13 08:00:00,91949.7,92253.2,91908.4,92170.1,374.1430512,34431893.67532512,34431893.67532512,1,344.8000000000029,303.5,41.30000000000291,344.8000000000029,419.4642857142847
2026-01-13 09:00:00,92170.1,92666.0,91940.7,92264.7,332.88317456,30741790.842557198,30741790.842557198,1,725.3000000000029,495.8999999999942,229.40000000000873,725.3000000000029,439.5785714285708
2026-01-13 10:00:00,92264.7,92338.6,92022.0,92134.4,129.23897115,11916639.506247933,11916639.506247933,1,316.6000000000058,73.90000000000873,242.6999999999971,316.6000000000058,417.0642857142863
2026-01-13 11:00:00,92134.5,92258.6,91970.7,92001.0,128.14715601,11803597.454704142,11803597.454704142,1,287.90000000000873,124.20000000001164,163.6999999999971,287.90000000000873,398.22857142857225
2026-01-13 12:00:00,92001.1,92150.0,91916.2,92104.9,89.96696491,8283363.47262718,8283363.47262718,1,233.8000000000029,149.0,84.80000000000291,233.8000000000029,387.17857142857247
2026-01-13 13:00:00,92105.0,92607.0,91989.1,92074.9,501.55595981,46269176.897322829,46269176.897322829,1,617.8999999999942,502.1000000000058,115.79999999998836,617.8999999999942,413.92857142857247
2026-01-13 14:00:00,92074.9,92922.8,91790.0,92471.1,495.65949432,45819934.662136649,45819934.662136649,1,1132.800000000003,847.9000000000087,284.8999999999942,1132.800000000003,473.9928571428588
2026-01-13 15:00:00,92471.0,93456.0,92134.8,93455.9,595.3351178,55277802.857471831,55277802.857471831,1,1321.199999999997,984.8999999999942,336.3000000000029,1321.199999999997,533.1000000000016
2026-01-13 16:00:00,93455.9,93753.0,93080.7,93392.0,724.56704923,67741381.285219266,67741381.285219266,1,672.3000000000029,297.1000000000058,375.1999999999971,672.3000000000029,561.1285714285726
2026-01-13 17:00:00,93392.1,93494.0,93101.1,93244.0,228.59657494,21335502.105395803,21335502.105395803,1,392.8999999999942,102.0,290.8999999999942,392.8999999999942,564.47142857143
2026-01-13 18:00:00,93243.0,93871.7,93200.1,93629.4,265.82168368,24874386.639117492,24874386.639117492,1,671.5999999999913,627.6999999999971,43.89999999999418,671.5999999999913,591.2071428571435
2026-01-13 19:00:00,93629.4,94243.6,93475.0,94224.1,515.69539456,48401727.33207396,48401727.33207396,1,768.6000000000058,614.2000000000116,154.39999999999418,768.6000000000058,590.6500000000015
2026-01-13 20:00:00,94224.2,94510.1,94117.4,94412.6,723.26348036,68215655.728678229,68215655.728678229,1,392.70000000001164,286.0,106.70000000001164,392.70000000001164,585.8928571428593
2026-01-13 21:00:00,94412.7,94526.3,94060.0,94091.0,235.63804212,22224207.822008248,22224207.822008248,1,466.3000000000029,113.69999999999709,352.6000000000058,466.3000000000029,596.0500000000019
2026-01-13 22:00:00,94091.1,96543.0,94091.1,95755.0,1836.33443741,175410090.848696499,175410090.848696499,1,2451.899999999994,2452.0,0.10000000000582077,2452.0,746.5642857142874
2026-01-13 23:00:00,95758.0,96097.0,95070.0,95411.8,613.68722289,58722702.769467386,58722702.769467386,1,1027.0,342.0,685.0,1027.0,768.1142857142871
2026-01-14 00:00:00,95411.8,95664.6,95173.9,95241.0,239.37544371,22838621.298915929,22838621.298915929,1,490.70000000001164,252.8000000000029,237.90000000000873,490.70000000001164,780.5500000000019
2026-01-14 01:00:00,95241.0,95581.9,95142.8,95245.0,360.14014907,34341293.024147042,34341293.024147042,1,439.09999999999127,340.8999999999942,98.19999999999709,439.09999999999127,791.3500000000006
2026-01-14 02:00:00,95245.1,95561.9,95211.4,95349.0,242.3064343,23116803.563988516,23116803.563988516,1,350.5,316.8999999999942,33.60000000000582,350.5,799.6857142857147
2026-01-14 03:00:00,95349.0,95722.5,95283.2,95722.3,181.53390932,17336931.500101907,17336931.500101907,1,439.3000000000029,373.5,65.80000000000291,439.3000000000029,786.9285714285725
2026-01-14 04:00:00,95722.3,95796.8,95230.3,95246.0,218.86185582,20892686.580770568,20892686.580770568,1,566.5,74.5,492.0,566.5,746.4785714285723
2026-01-14 05:00:00,95246.1,95280.7,94957.7,95012.5,350.08250115,33289114.721341727,33289114.721341727,1,323.0,34.69999999999709,288.3000000000029,323.0,675.1785714285725
2026-01-14 06:00:00,95012.5,95037.4,94521.7,95037.3,399.21719965,37856848.162749052,37856848.162749052,1,515.6999999999971,24.89999999999418,490.8000000000029,515.6999999999971,663.9928571428578
2026-01-14 07:00:00,95037.4,95230.0,94844.0,95201.9,499.48489874,47483651.4391048,47483651.4391048,1,386.0,192.6999999999971,193.3000000000029,386.0,663.500000000001
2026-01-14 08:00:00,95201.9,95310.5,94866.6,94901.2,220.24319921,20947533.396039713,20947533.396039713,1,443.8999999999942,108.60000000000582,335.29999999998836,443.8999999999942,647.2357142857155
2026-01-14 09:00:00,94901.2,95181.0,94883.1,95091.1,376.50842309,35788483.386772632,35788483.386772632,1,297.8999999999942,279.8000000000029,18.09999999999127,297.8999999999942,613.6142857142861
2026-01-14 10:00:00,95091.0,95297.5,94895.4,95094.3,282.47880667,26870751.028143531,26870751.028143531,1,402.1000000000058,206.39999999999418,195.70000000001164,402.1000000000058,614.2857142857143
2026-01-14 11:00:00,95093.8,95093.8,94750.0,94797.7,220.8793008,20970190.949464199,20970190.949464199,1,343.8000000000029,0.5,344.3000000000029,344.3000000000029,605.5714285714286
2026-01-14 12:00:00,94797.7,95165.7,94688.1,95079.7,188.18468783,17878194.387617177,17878194.387617177,1,477.59999999999127,368.0,109.59999999999127,477.59999999999127,464.5428571428565
2026-01-14 13:00:00,95079.7,95240.2,94892.3,94997.0,149.57372963,14220389.020690293,14220389.020690293,1,347.8999999999942,160.5,187.39999999999418,347.8999999999942,416.03571428571325
2026-01-14 14:00:00,94997.0,96820.5,94983.9,96481.3,1151.60693601,110640089.842372494,110640089.842372494,1,1836.6000000000058,1823.5,13.10000000000582,1836.6000000000058,512.1714285714271
2026-01-14 15:00:00,96481.3,97088.0,96186.1,96755.6,1109.24876434,107253261.470403092,107253261.470403092,1,901.8999999999942,606.6999999999971,295.1999999999971,901.8999999999942,545.2285714285701
2026-01-14 16:00:00,96755.5,97696.7,96732.0,97285.5,1524.90198265,148331590.323989601,148331590.323989601,1,964.6999999999971,941.0999999999913,23.60000000000582,964.6999999999971,589.0999999999985
2026-01-14 17:00:00,97285.5,97776.0,96766.0,96953.2,1043.78772161,101639219.00311798,101639219.00311798,1,1010.0,490.5,519.5,1010.0,629.864285714284
2026-01-14 18:00:00,96953.1,97109.5,96229.5,96806.3,834.83314115,80706449.02842337,80706449.02842337,1,880.0,156.3000000000029,723.6999999999971,880.0,652.2571428571412
2026-01-14 19:00:00,96806.3,97648.6,96685.7,97257.8,512.45694584,49819584.544188107,49819584.544188107,1,962.9000000000087,842.3000000000029,120.60000000000582,962.9000000000087,697.9642857142846
2026-01-14 20:00:00,97257.8,97925.4,97207.7,97656.2,604.26613274,58953216.753090134,58953216.753090134,1,717.6999999999971,667.5999999999913,50.10000000000582,717.6999999999971,712.3928571428561
2026-01-14 21:00:00,97656.2,97714.9,97376.1,97560.8,247.19876154,24109681.693470967,24109681.693470967,1,338.79999999998836,58.69999999999709,280.09999999999127,338.79999999998836,709.0214285714267
2026-01-14 22:00:00,97560.9,97581.3,96758.1,96886.9,306.83909196,29825402.807419902,29825402.807419902,1,823.1999999999971,20.5,802.6999999999971,823.1999999999971,736.114285714284
2026-01-14 23:00:00,96886.9,97369.9,96865.0,96945.9,147.39971304,14308969.55277817,14308969.55277817,1,504.8999999999942,483.0,21.89999999999418,504.8999999999942,750.8999999999984
2026-01-15 00:00:00,96946.0,96999.6,96500.0,96653.5,352.2215868,34066774.94506498,34066774.94506498,1,499.6000000000058,53.70000000001164,445.8999999999942,499.6000000000058,757.864285714284
2026-01-15 01:00:00,96655.4,96961.8,96307.1,96446.2,240.95478859,23274441.267057727,23274441.267057727,1,654.6999999999971,308.3000000000029,346.3999999999942,654.6999999999971,780.0357142857122
2026-01-15 02:00:00,96446.1,96614.5,96100.0,96333.0,177.53382637,17106150.031997597,17106150.031997597,1,514.5,168.3000000000029,346.1999999999971,514.5,782.6714285714271
2026-01-15 03:00:00,96333.0,96400.0,95780.0,95990.5,358.45345002,34435469.433021335,34435469.433021335,1,620.0,67.0,553.0,620.0,802.1071428571419
2026-01-15 04:00:00,95990.5,96395.0,95965.4,96318.6,230.24339335,22146789.826933085,22146789.826933085,1,429.6000000000058,404.5,25.10000000000582,429.6000000000058,701.6071428571419
2026-01-15 05:00:00,96318.7,96522.7,96250.0,96438.9,174.80981203,16849100.070858181,16849100.070858181,1,272.6999999999971,204.09999999999127,68.60000000000582,272.6999999999971,656.6642857142849
2026-01-15 06:00:00,96438.8,96585.9,96187.9,96246.1,134.40190292,12953171.619068864,12953171.619068864,1,398.0,147.0,251.0,398.0,616.1857142857136
2026-01-11 03:00:00,90692.1,90733.1,90635.0,90733.0,43.57694718,3952300.140079397,3952300.140079397,1,98.10000000000582,,,98.10000000000582,98.10000000000582
2026-01-11 04:00:00,90733.1,90809.9,90659.6,90799.1,81.37199858,7383526.067885081,7383526.067885081,1,150.29999999998836,76.89999999999418,73.39999999999418,150.29999999998836,124.19999999999709
2026-01-11 05:00:00,90799.1,90859.9,90736.1,90777.8,42.06634215,3819146.055124129,3819146.055124129,1,123.79999999998836,60.79999999998836,63.0,123.79999999998836,124.06666666666085
2026-01-11 06:00:00,90777.8,90800.0,90586.3,90743.0,47.13946115,4274172.139015539,4274172.139015539,1,213.6999999999971,22.19999999999709,191.5,213.6999999999971,146.4749999999949
2026-01-11 07:00:00,90743.0,90765.0,90672.0,90713.0,51.55423959,4676645.596118151,4676645.596118151,1,93.0,22.0,71.0,93.0,135.77999999999594
2026-01-11 08:00:00,90712.9,90806.3,90620.0,90787.3,276.10927202,25050357.843093298,25050357.843093298,1,186.3000000000029,93.30000000000291,93.0,186.3000000000029,144.1999999999971
2026-01-11 09:00:00,90788.2,90816.4,90653.5,90739.1,421.88545174,38284506.588491439,38284506.588491439,1,162.89999999999418,29.09999999999127,133.8000000000029,162.89999999999418,146.87142857142524
2026-01-11 10:00:00,90739.1,90761.4,90689.0,90728.9,28.76752492,2609893.360729086,2609893.360729086,1,72.39999999999418,22.29999999998836,50.10000000000582,72.39999999999418,137.56249999999636
2026-01-11 11:00:00,90729.0,90752.0,90696.0,90751.8,31.45814483,2854004.417289197,2854004.417289197,1,56.0,23.10000000000582,32.89999999999418,56.0,128.49999999999676
2026-01-11 12:00:00,90751.9,91033.0,90723.0,90938.1,93.10870438,8465374.372857881,8465374.372857881,1,310.0,281.1999999999971,28.80000000000291,310.0,146.64999999999708
2026-01-11 13:00:00,90938.1,90972.7,90822.5,90854.0,82.39697913,7489753.888060639,7489753.888060639,1,150.1999999999971,34.59999999999127,115.60000000000582,150.1999999999971,146.97272727272437
2026-01-11 14:00:00,90854.1,91199.8,90854.0,91126.1,101.61169412,9252875.591584268,9252875.591584268,1,345.8000000000029,345.8000000000029,0.0,345.8000000000029,163.54166666666424
2026-01-11 15:00:00,91126.1,91157.9,90711.4,90875.0,137.06704753,12462014.722218521,12462014.722218521,1,446.5,31.79999999998836,414.70000000001164,446.5,185.30769230769008
2026-01-11 16:00:00,90875.0,91284.6,90875.0,91041.9,118.59822454,10802603.972880225,10802603.972880225,1,409.6000000000058,409.6000000000058,0.0,409.6000000000058,201.32857142856977
2026-01-11 17:00:00,91042.0,91138.0,90912.0,90991.0,48.32468048,4399107.45772465,4399107.45772465,1,226.0,96.10000000000582,129.89999999999418,226.0,210.46428571428365
2026-01-11 18:00:00,90991.1,90991.1,90800.0,90882.9,45.99045951,4179679.064958694,4179679.064958694,1,191.10000000000582,0.10000000000582077,191.0,191.10000000000582,213.3785714285706
2026-01-11 19:00:00,90882.9,90932.0,90680.0,90693.1,31.54357856,2863853.48985495,2863853.48985495,1,252.0,49.10000000000582,202.89999999999418,252.0,222.53571428571428
2026-01-11 20:00:00,90693.1,90740.5,90424.3,90709.0,148.94350958,13487078.106036308,13487078.106036308,1,316.1999999999971,47.39999999999418,268.8000000000029,316.1999999999971,229.85714285714286
2026-01-11 21:00:00,90709.1,90836.3,90600.0,90759.0,44.86306926,4069682.831175137,4069682.831175137,1,236.3000000000029,127.30000000000291,109.0,236.3000000000029,240.09285714285735
2026-01-11 22:00:00,90759.1,90759.1,90455.8,90534.5,82.35397267,7461799.777861724,7461799.777861724,1,303.3000000000029,0.10000000000582077,303.1999999999971,303.3000000000029,248.45000000000022
2026-01-11 23:00:00,90534.4,91039.8,90230.3,91012.0,214.07575229,19410994.105751093,19410994.105751093,1,809.5,505.3000000000029,304.1999999999971,809.5,294.6357142857149
2026-01-12 00:00:00,91008.3,91255.6,90697.7,91255.6,222.78259444,20280453.860268811,20280453.860268811,1,557.9000000000087,243.60000000000582,314.3000000000029,557.9000000000087,329.3142857142874
2026-01-12 01:00:00,91255.7,91800.0,91099.4,91410.9,335.61197399,30695396.152784587,30695396.152784587,1,700.6000000000058,544.3999999999942,156.20000000001164,700.6000000000058,375.35714285714494
2026-01-12 02:00:00,91411.0,92396.4,91376.1,92210.1,422.74899793,38889167.118724004,38889167.118724004,1,1020.2999999999884,985.5,34.79999999998836,1020.2999999999884,426.0928571428584
2026-01-12 03:00:00,92211.8,92520.6,91805.4,91805.4,319.01275403,29421244.098548241,29421244.098548241,1,715.2000000000116,310.5,404.70000000001164,715.2000000000116,466.45000000000226
2026-01-12 04:00:00,91805.5,92281.7,91755.6,92160.0,124.53717313,11461377.423098606,11461377.423098606,1,526.0999999999913,476.3000000000029,49.79999999998836,526.0999999999913,479.3285714285729
2026-01-12 05:00:00,92160.1,92264.9,92048.4,92115.0,96.42016732,8884770.713873671,8884770.713873671,1,216.5,104.89999999999418,111.60000000000582,216.5,462.90000000000146
2026-01-12 06:00:00,92114.9,92208.0,91820.0,91839.1,136.64802883,12568283.497438013,12568283.497438013,1,388.0,93.0,295.0,388.0,461.3571428571439
2026-01-12 07:00:00,91839.1,91962.1,91400.0,91415.1,528.490474,48442857.175033613,48442857.175033613,1,562.1000000000058,123.0,439.1000000000058,562.1000000000058,485.3642857142872
2026-01-12 08:00:00,91415.1,91628.9,90400.0,90749.1,580.69904075,52778256.402353271,52778256.402353271,1,1228.8999999999942,213.79999999998836,1015.1000000000058,1228.8999999999942,559.4928571428578
2026-01-12 09:00:00,90749.1,90933.3,90646.1,90692.2,180.95933636,16433008.334714364,16433008.334714364,1,287.1999999999971,184.1999999999971,103.0,287.1999999999971,562.0071428571433
2026-01-12 10:00:00,90692.1,90793.0,90375.0,90435.9,149.27260652,13517169.57848921,13517169.57848921,1,418.0,100.80000000000291,317.1999999999971,418.0,569.278571428572
2026-01-12 11:00:00,90434.2,90816.1,90427.0,90630.1,165.21326359,14977035.121454335,14977035.121454335,1,389.1000000000058,380.20000000001164,8.89999999999418,389.1000000000058,580.192857142858
2026-01-12 12:00:00,90630.1,90870.4,90618.0,90789.0,73.0402834,6629157.49050605,6629157.49050605,1,252.39999999999418,240.29999999998836,12.10000000000582,252.39999999999418,576.557142857143
2026-01-12 13:00:00,90789.1,90829.7,90541.6,90632.1,150.14423847,13614122.733121293,13614122.733121293,1,288.09999999999127,40.69999999999709,247.39999999999418,288.09999999999127,539.3142857142853
2026-01-12 14:00:00,90632.1,91122.8,90132.1,90908.1,438.77331825,39757812.271452561,39757812.271452561,1,990.6999999999971,490.6999999999971,500.0,990.6999999999971,570.2285714285701
2026-01-12 15:00:00,90908.0,91679.6,90710.0,91666.9,367.10261225,33517183.940345519,33517183.940345519,1,969.6000000000058,771.5,198.10000000000582,969.6000000000058,589.4428571428559
2026-01-12 16:00:00,91666.0,92316.7,91575.0,92117.8,641.42504829,59003372.251430872,59003372.251430872,1,741.6999999999971,649.8000000000029,91.89999999999418,741.6999999999971,569.5428571428565
2026-01-12 17:00:00,92117.9,92299.1,91007.1,91522.5,510.64948513,46774494.415137832,46774494.415137832,1,1292.0,181.3000000000029,1110.699999999997,1292.0,610.7428571428557
2026-01-12 18:00:00,91522.6,91958.1,91415.1,91689.1,206.60046223,18954521.357794614,18954521.357794614,1,543.0,435.6000000000058,107.39999999999418,543.0,611.9499999999991
2026-01-12 19:00:00,91689.2,91881.3,91437.6,91864.9,131.5242544,12055329.168740881,12055329.168740881,1,443.6999999999971,192.1999999999971,251.5,443.6999999999971,628.1785714285704
2026-01-12 20:00:00,91864.9,92048.4,91416.6,91493.3,212.87155641,19508227.404874415,19508227.404874415,1,631.7999999999884,183.5,448.29999999998836,631.7999999999884,645.5928571428552
2026-01-12 21:00:00,91492.1,91500.0,90948.4,91056.0,158.43788366,14454876.813278923,14454876.813278923,1,551.6000000000058,6.69999999999709,544.9000000000087,551.6000000000058,644.8428571428552
2026-01-12 22:00:00,91056.0,91444.5,91056.0,91243.7,133.99910154,12237943.506216497,12237943.506216497,1,388.5,388.5,0.0,388.5,584.8142857142842
2026-01-12 23:00:00,91243.7,91319.9,91076.5,91304.0,53.12812533,4845658.997270267,4845658.997270267,1,243.39999999999418,76.19999999999709,167.1999999999971,243.39999999999418,581.6857142857126
2026-01-13 00:00:00,91304.0,91548.9,91257.0,91481.1,154.30764832,14104366.854061478,14104366.854061478,1,291.8999999999942,244.89999999999418,47.0,291.8999999999942,572.6785714285694
2026-01-13 01:00:00,91481.1,91548.0,91054.3,91188.0,82.43368771,7525218.467959754,7525218.467959754,1,493.6999999999971,66.89999999999418,426.8000000000029,493.6999999999971,580.1499999999972
2026-01-13 02:00:00,91188.0,91382.1,91102.2,91125.4,118.68310015,10826796.298685635,10826796.298685635,1,279.90000000000873,194.10000000000582,85.80000000000291,279.90000000000873,582.114285714284
2026-01-13 03:00:00,91125.5,91471.2,91125.1,91412.0,120.6913497,11020766.067645064,11020766.067645064,1,346.09999999999127,345.8000000000029,0.29999999998835847,346.09999999999127,586.2571428571412
2026-01-13 04:00:00,91412.1,91647.2,91349.9,91515.9,62.52384798,5718843.73975984,5718843.73975984,1,297.3000000000029,235.1999999999971,62.10000000000582,297.3000000000029,536.7285714285701
2026-01-13 05:00:00,91516.0,92256.9,91480.5,91924.5,273.85033642,25180944.629915467,25180944.629915467,1,776.3999999999942,741.0,35.39999999999418,776.3999999999942,522.9285714285694
2026-01-13 06:00:00,91924.6,92270.8,91811.5,92179.1,186.56114257,17170290.069550624,17170290.069550624,1,459.3000000000029,346.3000000000029,113.0,459.3000000000029,502.7571428571412
2026-01-13 07:00:00,92179.2,92207.0,91882.9,91949.7,672.8691819,61897171.063796031,61897171.063796031,1,324.1000000000058,27.89999999999418,296.20000000001164,324.1000000000058,433.6214285714273
2026-01-13 08:00:00,91949.7,92253.2,91908.4,92170.1,374.1430512,34431893.67532512,34431893.67532512,1,344.8000000000029,303.5,41.30000000000291,344.8000000000029,419.4642857142847
2026-01-13 09:00:00,92170.1,92666.0,91940.7,92264.7,332.88317456,30741790.842557198,30741790.842557198,1,725.3000000000029,495.8999999999942,229.40000000000873,725.3000000000029,439.5785714285708
2026-01-13 10:00:00,92264.7,92338.6,92022.0,92134.4,129.23897115,11916639.506247933,11916639.506247933,1,316.6000000000058,73.90000000000873,242.6999999999971,316.6000000000058,417.0642857142863
2026-01-13 11:00:00,92134.5,92258.6,91970.7,92001.0,128.14715601,11803597.454704142,11803597.454704142,1,287.90000000000873,124.20000000001164,163.6999999999971,287.90000000000873,398.22857142857225
2026-01-13 12:00:00,92001.1,92150.0,91916.2,92104.9,89.96696491,8283363.47262718,8283363.47262718,1,233.8000000000029,149.0,84.80000000000291,233.8000000000029,387.17857142857247
2026-01-13 13:00:00,92105.0,92607.0,91989.1,92074.9,501.55595981,46269176.897322829,46269176.897322829,1,617.8999999999942,502.1000000000058,115.79999999998836,617.8999999999942,413.92857142857247
2026-01-13 14:00:00,92074.9,92922.8,91790.0,92471.1,495.65949432,45819934.662136649,45819934.662136649,1,1132.800000000003,847.9000000000087,284.8999999999942,1132.800000000003,473.9928571428588
2026-01-13 15:00:00,92471.0,93456.0,92134.8,93455.9,595.3351178,55277802.857471831,55277802.857471831,1,1321.199999999997,984.8999999999942,336.3000000000029,1321.199999999997,533.1000000000016
2026-01-13 16:00:00,93455.9,93753.0,93080.7,93392.0,724.56704923,67741381.285219266,67741381.285219266,1,672.3000000000029,297.1000000000058,375.1999999999971,672.3000000000029,561.1285714285726
2026-01-13 17:00:00,93392.1,93494.0,93101.1,93244.0,228.59657494,21335502.105395803,21335502.105395803,1,392.8999999999942,102.0,290.8999999999942,392.8999999999942,564.47142857143
2026-01-13 18:00:00,93243.0,93871.7,93200.1,93629.4,265.82168368,24874386.639117492,24874386.639117492,1,671.5999999999913,627.6999999999971,43.89999999999418,671.5999999999913,591.2071428571435
2026-01-13 19:00:00,93629.4,94243.6,93475.0,94224.1,515.69539456,48401727.33207396,48401727.33207396,1,768.6000000000058,614.2000000000116,154.39999999999418,768.6000000000058,590.6500000000015
2026-01-13 20:00:00,94224.2,94510.1,94117.4,94412.6,723.26348036,68215655.728678229,68215655.728678229,1,392.70000000001164,286.0,106.70000000001164,392.70000000001164,585.8928571428593
2026-01-13 21:00:00,94412.7,94526.3,94060.0,94091.0,235.63804212,22224207.822008248,22224207.822008248,1,466.3000000000029,113.69999999999709,352.6000000000058,466.3000000000029,596.0500000000019
2026-01-13 22:00:00,94091.1,96543.0,94091.1,95755.0,1836.33443741,175410090.848696499,175410090.848696499,1,2451.899999999994,2452.0,0.10000000000582077,2452.0,746.5642857142874
2026-01-13 23:00:00,95758.0,96097.0,95070.0,95411.8,613.68722289,58722702.769467386,58722702.769467386,1,1027.0,342.0,685.0,1027.0,768.1142857142871
2026-01-14 00:00:00,95411.8,95664.6,95173.9,95241.0,239.37544371,22838621.298915929,22838621.298915929,1,490.70000000001164,252.8000000000029,237.90000000000873,490.70000000001164,780.5500000000019
2026-01-14 01:00:00,95241.0,95581.9,95142.8,95245.0,360.14014907,34341293.024147042,34341293.024147042,1,439.09999999999127,340.8999999999942,98.19999999999709,439.09999999999127,791.3500000000006
2026-01-14 02:00:00,95245.1,95561.9,95211.4,95349.0,242.3064343,23116803.563988516,23116803.563988516,1,350.5,316.8999999999942,33.60000000000582,350.5,799.6857142857147
2026-01-14 03:00:00,95349.0,95722.5,95283.2,95722.3,181.53390932,17336931.500101907,17336931.500101907,1,439.3000000000029,373.5,65.80000000000291,439.3000000000029,786.9285714285725
2026-01-14 04:00:00,95722.3,95796.8,95230.3,95246.0,218.86185582,20892686.580770568,20892686.580770568,1,566.5,74.5,492.0,566.5,746.4785714285723
2026-01-14 05:00:00,95246.1,95280.7,94957.7,95012.5,350.08250115,33289114.721341727,33289114.721341727,1,323.0,34.69999999999709,288.3000000000029,323.0,675.1785714285725
2026-01-14 06:00:00,95012.5,95037.4,94521.7,95037.3,399.21719965,37856848.162749052,37856848.162749052,1,515.6999999999971,24.89999999999418,490.8000000000029,515.6999999999971,663.9928571428578
2026-01-14 07:00:00,95037.4,95230.0,94844.0,95201.9,499.48489874,47483651.4391048,47483651.4391048,1,386.0,192.6999999999971,193.3000000000029,386.0,663.500000000001
2026-01-14 08:00:00,95201.9,95310.5,94866.6,94901.2,220.24319921,20947533.396039713,20947533.396039713,1,443.8999999999942,108.60000000000582,335.29999999998836,443.8999999999942,647.2357142857155
2026-01-14 09:00:00,94901.2,95181.0,94883.1,95091.1,376.50842309,35788483.386772632,35788483.386772632,1,297.8999999999942,279.8000000000029,18.09999999999127,297.8999999999942,613.6142857142861
2026-01-14 10:00:00,95091.0,95297.5,94895.4,95094.3,282.47880667,26870751.028143531,26870751.028143531,1,402.1000000000058,206.39999999999418,195.70000000001164,402.1000000000058,614.2857142857143
2026-01-14 11:00:00,95093.8,95093.8,94750.0,94797.7,220.8793008,20970190.949464199,20970190.949464199,1,343.8000000000029,0.5,344.3000000000029,344.3000000000029,605.5714285714286
2026-01-14 12:00:00,94797.7,95165.7,94688.1,95079.7,188.18468783,17878194.387617177,17878194.387617177,1,477.59999999999127,368.0,109.59999999999127,477.59999999999127,464.5428571428565
2026-01-14 13:00:00,95079.7,95240.2,94892.3,94997.0,149.57372963,14220389.020690293,14220389.020690293,1,347.8999999999942,160.5,187.39999999999418,347.8999999999942,416.03571428571325
2026-01-14 14:00:00,94997.0,96820.5,94983.9,96481.3,1151.60693601,110640089.842372494,110640089.842372494,1,1836.6000000000058,1823.5,13.10000000000582,1836.6000000000058,512.1714285714271
2026-01-14 15:00:00,96481.3,97088.0,96186.1,96755.6,1109.24876434,107253261.470403092,107253261.470403092,1,901.8999999999942,606.6999999999971,295.1999999999971,901.8999999999942,545.2285714285701
2026-01-14 16:00:00,96755.5,97696.7,96732.0,97285.5,1524.90198265,148331590.323989601,148331590.323989601,1,964.6999999999971,941.0999999999913,23.60000000000582,964.6999999999971,589.0999999999985
2026-01-14 17:00:00,97285.5,97776.0,96766.0,96953.2,1043.78772161,101639219.00311798,101639219.00311798,1,1010.0,490.5,519.5,1010.0,629.864285714284
2026-01-14 18:00:00,96953.1,97109.5,96229.5,96806.3,834.83314115,80706449.02842337,80706449.02842337,1,880.0,156.3000000000029,723.6999999999971,880.0,652.2571428571412
2026-01-14 19:00:00,96806.3,97648.6,96685.7,97257.8,512.45694584,49819584.544188107,49819584.544188107,1,962.9000000000087,842.3000000000029,120.60000000000582,962.9000000000087,697.9642857142846
2026-01-14 20:00:00,97257.8,97925.4,97207.7,97656.2,604.26613274,58953216.753090134,58953216.753090134,1,717.6999999999971,667.5999999999913,50.10000000000582,717.6999999999971,712.3928571428561
2026-01-14 21:00:00,97656.2,97714.9,97376.1,97560.8,247.19876154,24109681.693470967,24109681.693470967,1,338.79999999998836,58.69999999999709,280.09999999999127,338.79999999998836,709.0214285714267
2026-01-14 22:00:00,97560.9,97581.3,96758.1,96886.9,306.83909196,29825402.807419902,29825402.807419902,1,823.1999999999971,20.5,802.6999999999971,823.1999999999971,736.114285714284
2026-01-14 23:00:00,96886.9,97369.9,96865.0,96945.9,147.39971304,14308969.55277817,14308969.55277817,1,504.8999999999942,483.0,21.89999999999418,504.8999999999942,750.8999999999984
2026-01-15 00:00:00,96946.0,96999.6,96500.0,96653.5,352.2215868,34066774.94506498,34066774.94506498,1,499.6000000000058,53.70000000001164,445.8999999999942,499.6000000000058,757.864285714284
2026-01-15 01:00:00,96655.4,96961.8,96307.1,96446.2,240.95478859,23274441.267057727,23274441.267057727,1,654.6999999999971,308.3000000000029,346.3999999999942,654.6999999999971,780.0357142857122
2026-01-15 02:00:00,96446.1,96614.5,96100.0,96333.0,177.53382637,17106150.031997597,17106150.031997597,1,514.5,168.3000000000029,346.1999999999971,514.5,782.6714285714271
2026-01-15 03:00:00,96333.0,96400.0,95780.0,95990.5,358.45345002,34435469.433021335,34435469.433021335,1,620.0,67.0,553.0,620.0,802.1071428571419
2026-01-15 04:00:00,95990.5,96395.0,95965.4,96318.6,230.24339335,22146789.826933085,22146789.826933085,1,429.6000000000058,404.5,25.10000000000582,429.6000000000058,701.6071428571419
2026-01-15 05:00:00,96318.7,96522.7,96250.0,96438.9,174.80981203,16849100.070858181,16849100.070858181,1,272.6999999999971,204.09999999999127,68.60000000000582,272.6999999999971,656.6642857142849
2026-01-15 06:00:00,96438.8,96585.9,96187.9,96246.1,134.40190292,12953171.619068864,12953171.619068864,1,398.0,147.0,251.0,398.0,616.1857142857136
2026-01-11 04:00:00,90733.1,90809.9,90659.6,90799.1,81.37199858,7383526.067885081,7383526.067885081,1,150.29999999998836,,,150.29999999998836,150.29999999998836
2026-01-11 05:00:00,90799.1,90859.9,90736.1,90777.8,42.06634215,3819146.055124129,3819146.055124129,1,123.79999999998836,60.79999999998836,63.0,123.79999999998836,137.04999999998836
2026-01-11 06:00:00,90777.8,90800.0,90586.3,90743.0,47.13946115,4274172.139015539,4274172.139015539,1,213.6999999999971,22.19999999999709,191.5,213.6999999999971,162.59999999999127
2026-01-11 07:00:00,90743.0,90765.0,90672.0,90713.0,51.55423959,4676645.596118151,4676645.596118151,1,93.0,22.0,71.0,93.0,145.19999999999345
2026-01-11 08:00:00,90712.9,90806.3,90620.0,90787.3,276.10927202,25050357.843093298,25050357.843093298,1,186.3000000000029,93.30000000000291,93.0,186.3000000000029,153.41999999999535
2026-01-11 09:00:00,90788.2,90816.4,90653.5,90739.1,421.88545174,38284506.588491439,38284506.588491439,1,162.89999999999418,29.09999999999127,133.8000000000029,162.89999999999418,154.99999999999514
2026-01-11 10:00:00,90739.1,90761.4,90689.0,90728.9,28.76752492,2609893.360729086,2609893.360729086,1,72.39999999999418,22.29999999998836,50.10000000000582,72.39999999999418,143.19999999999501
2026-01-11 11:00:00,90729.0,90752.0,90696.0,90751.8,31.45814483,2854004.417289197,2854004.417289197,1,56.0,23.10000000000582,32.89999999999418,56.0,132.29999999999563
2026-01-11 12:00:00,90751.9,91033.0,90723.0,90938.1,93.10870438,8465374.372857881,8465374.372857881,1,310.0,281.1999999999971,28.80000000000291,310.0,152.04444444444056
2026-01-11 13:00:00,90938.1,90972.7,90822.5,90854.0,82.39697913,7489753.888060639,7489753.888060639,1,150.1999999999971,34.59999999999127,115.60000000000582,150.1999999999971,151.8599999999962
2026-01-11 14:00:00,90854.1,91199.8,90854.0,91126.1,101.61169412,9252875.591584268,9252875.591584268,1,345.8000000000029,345.8000000000029,0.0,345.8000000000029,169.49090909090592
2026-01-11 15:00:00,91126.1,91157.9,90711.4,90875.0,137.06704753,12462014.722218521,12462014.722218521,1,446.5,31.79999999998836,414.70000000001164,446.5,192.5749999999971
2026-01-11 16:00:00,90875.0,91284.6,90875.0,91041.9,118.59822454,10802603.972880225,10802603.972880225,1,409.6000000000058,409.6000000000058,0.0,409.6000000000058,209.26923076922853
2026-01-11 17:00:00,91042.0,91138.0,90912.0,90991.0,48.32468048,4399107.45772465,4399107.45772465,1,226.0,96.10000000000582,129.89999999999418,226.0,210.46428571428365
2026-01-11 18:00:00,90991.1,90991.1,90800.0,90882.9,45.99045951,4179679.064958694,4179679.064958694,1,191.10000000000582,0.10000000000582077,191.0,191.10000000000582,213.3785714285706
2026-01-11 19:00:00,90882.9,90932.0,90680.0,90693.1,31.54357856,2863853.48985495,2863853.48985495,1,252.0,49.10000000000582,202.89999999999418,252.0,222.53571428571428
2026-01-11 20:00:00,90693.1,90740.5,90424.3,90709.0,148.94350958,13487078.106036308,13487078.106036308,1,316.1999999999971,47.39999999999418,268.8000000000029,316.1999999999971,229.85714285714286
2026-01-11 21:00:00,90709.1,90836.3,90600.0,90759.0,44.86306926,4069682.831175137,4069682.831175137,1,236.3000000000029,127.30000000000291,109.0,236.3000000000029,240.09285714285735
2026-01-11 22:00:00,90759.1,90759.1,90455.8,90534.5,82.35397267,7461799.777861724,7461799.777861724,1,303.3000000000029,0.10000000000582077,303.1999999999971,303.3000000000029,248.45000000000022
2026-01-11 23:00:00,90534.4,91039.8,90230.3,91012.0,214.07575229,19410994.105751093,19410994.105751093,1,809.5,505.3000000000029,304.1999999999971,809.5,294.6357142857149
2026-01-12 00:00:00,91008.3,91255.6,90697.7,91255.6,222.78259444,20280453.860268811,20280453.860268811,1,557.9000000000087,243.60000000000582,314.3000000000029,557.9000000000087,329.3142857142874
2026-01-12 01:00:00,91255.7,91800.0,91099.4,91410.9,335.61197399,30695396.152784587,30695396.152784587,1,700.6000000000058,544.3999999999942,156.20000000001164,700.6000000000058,375.35714285714494
2026-01-12 02:00:00,91411.0,92396.4,91376.1,92210.1,422.74899793,38889167.118724004,38889167.118724004,1,1020.2999999999884,985.5,34.79999999998836,1020.2999999999884,426.0928571428584
2026-01-12 03:00:00,92211.8,92520.6,91805.4,91805.4,319.01275403,29421244.098548241,29421244.098548241,1,715.2000000000116,310.5,404.70000000001164,715.2000000000116,466.45000000000226
2026-01-12 04:00:00,91805.5,92281.7,91755.6,92160.0,124.53717313,11461377.423098606,11461377.423098606,1,526.0999999999913,476.3000000000029,49.79999999998836,526.0999999999913,479.3285714285729
2026-01-12 05:00:00,92160.1,92264.9,92048.4,92115.0,96.42016732,8884770.713873671,8884770.713873671,1,216.5,104.89999999999418,111.60000000000582,216.5,462.90000000000146
2026-01-12 06:00:00,92114.9,92208.0,91820.0,91839.1,136.64802883,12568283.497438013,12568283.497438013,1,388.0,93.0,295.0,388.0,461.3571428571439
2026-01-12 07:00:00,91839.1,91962.1,91400.0,91415.1,528.490474,48442857.175033613,48442857.175033613,1,562.1000000000058,123.0,439.1000000000058,562.1000000000058,485.3642857142872
2026-01-12 08:00:00,91415.1,91628.9,90400.0,90749.1,580.69904075,52778256.402353271,52778256.402353271,1,1228.8999999999942,213.79999999998836,1015.1000000000058,1228.8999999999942,559.4928571428578
2026-01-12 09:00:00,90749.1,90933.3,90646.1,90692.2,180.95933636,16433008.334714364,16433008.334714364,1,287.1999999999971,184.1999999999971,103.0,287.1999999999971,562.0071428571433
2026-01-12 10:00:00,90692.1,90793.0,90375.0,90435.9,149.27260652,13517169.57848921,13517169.57848921,1,418.0,100.80000000000291,317.1999999999971,418.0,569.278571428572
2026-01-12 11:00:00,90434.2,90816.1,90427.0,90630.1,165.21326359,14977035.121454335,14977035.121454335,1,389.1000000000058,380.20000000001164,8.89999999999418,389.1000000000058,580.192857142858
2026-01-12 12:00:00,90630.1,90870.4,90618.0,90789.0,73.0402834,6629157.49050605,6629157.49050605,1,252.39999999999418,240.29999999998836,12.10000000000582,252.39999999999418,576.557142857143
2026-01-12 13:00:00,90789.1,90829.7,90541.6,90632.1,150.14423847,13614122.733121293,13614122.733121293,1,288.09999999999127,40.69999999999709,247.39999999999418,288.09999999999127,539.3142857142853
2026-01-12 14:00:00,90632.1,91122.8,90132.1,90908.1,438.77331825,39757812.271452561,39757812.271452561,1,990.6999999999971,490.6999999999971,500.0,990.6999999999971,570.2285714285701
2026-01-12 15:00:00,90908.0,91679.6,90710.0,91666.9,367.10261225,33517183.940345519,33517183.940345519,1,969.6000000000058,771.5,198.10000000000582,969.6000000000058,589.4428571428559
2026-01-12 16:00:00,91666.0,92316.7,91575.0,92117.8,641.42504829,59003372.251430872,59003372.251430872,1,741.6999999999971,649.8000000000029,91.89999999999418,741.6999999999971,569.5428571428565
2026-01-12 17:00:00,92117.9,92299.1,91007.1,91522.5,510.64948513,46774494.415137832,46774494.415137832,1,1292.0,181.3000000000029,1110.699999999997,1292.0,610.7428571428557
2026-01-12 18:00:00,91522.6,91958.1,91415.1,91689.1,206.60046223,18954521.357794614,18954521.357794614,1,543.0,435.6000000000058,107.39999999999418,543.0,611.9499999999991
2026-01-12 19:00:00,91689.2,91881.3,91437.6,91864.9,131.5242544,12055329.168740881,12055329.168740881,1,443.6999999999971,192.1999999999971,251.5,443.6999999999971,628.1785714285704
2026-01-12 20:00:00,91864.9,92048.4,91416.6,91493.3,212.87155641,19508227.404874415,19508227.404874415,1,631.7999999999884,183.5,448.29999999998836,631.7999999999884,645.5928571428552
2026-01-12 21:00:00,91492.1,91500.0,90948.4,91056.0,158.43788366,14454876.813278923,14454876.813278923,1,551.6000000000058,6.69999999999709,544.9000000000087,551.6000000000058,644.8428571428552
2026-01-12 22:00:00,91056.0,91444.5,91056.0,91243.7,133.99910154,12237943.506216497,12237943.506216497,1,388.5,388.5,0.0,388.5,584.8142857142842
2026-01-12 23:00:00,91243.7,91319.9,91076.5,91304.0,53.12812533,4845658.997270267,4845658.997270267,1,243.39999999999418,76.19999999999709,167.1999999999971,243.39999999999418,581.6857142857126
2026-01-13 00:00:00,91304.0,91548.9,91257.0,91481.1,154.30764832,14104366.854061478,14104366.854061478,1,291.8999999999942,244.89999999999418,47.0,291.8999999999942,572.6785714285694
2026-01-13 01:00:00,91481.1,91548.0,91054.3,91188.0,82.43368771,7525218.467959754,7525218.467959754,1,493.6999999999971,66.89999999999418,426.8000000000029,493.6999999999971,580.1499999999972
2026-01-13 02:00:00,91188.0,91382.1,91102.2,91125.4,118.68310015,10826796.298685635,10826796.298685635,1,279.90000000000873,194.10000000000582,85.80000000000291,279.90000000000873,582.114285714284
2026-01-13 03:00:00,91125.5,91471.2,91125.1,91412.0,120.6913497,11020766.067645064,11020766.067645064,1,346.09999999999127,345.8000000000029,0.29999999998835847,346.09999999999127,586.2571428571412
2026-01-13 04:00:00,91412.1,91647.2,91349.9,91515.9,62.52384798,5718843.73975984,5718843.73975984,1,297.3000000000029,235.1999999999971,62.10000000000582,297.3000000000029,536.7285714285701
2026-01-13 05:00:00,91516.0,92256.9,91480.5,91924.5,273.85033642,25180944.629915467,25180944.629915467,1,776.3999999999942,741.0,35.39999999999418,776.3999999999942,522.9285714285694
2026-01-13 06:00:00,91924.6,92270.8,91811.5,92179.1,186.56114257,17170290.069550624,17170290.069550624,1,459.3000000000029,346.3000000000029,113.0,459.3000000000029,502.7571428571412
2026-01-13 07:00:00,92179.2,92207.0,91882.9,91949.7,672.8691819,61897171.063796031,61897171.063796031,1,324.1000000000058,27.89999999999418,296.20000000001164,324.1000000000058,433.6214285714273
2026-01-13 08:00:00,91949.7,92253.2,91908.4,92170.1,374.1430512,34431893.67532512,34431893.67532512,1,344.8000000000029,303.5,41.30000000000291,344.8000000000029,419.4642857142847
2026-01-13 09:00:00,92170.1,92666.0,91940.7,92264.7,332.88317456,30741790.842557198,30741790.842557198,1,725.3000000000029,495.8999999999942,229.40000000000873,725.3000000000029,439.5785714285708
2026-01-13 10:00:00,92264.7,92338.6,92022.0,92134.4,129.23897115,11916639.506247933,11916639.506247933,1,316.6000000000058,73.90000000000873,242.6999999999971,316.6000000000058,417.0642857142863
2026-01-13 11:00:00,92134.5,92258.6,91970.7,92001.0,128.14715601,11803597.454704142,11803597.454704142,1,287.90000000000873,124.20000000001164,163.6999999999971,287.90000000000873,398.22857142857225
2026-01-13 12:00:00,92001.1,92150.0,91916.2,92104.9,89.96696491,8283363.47262718,8283363.47262718,1,233.8000000000029,149.0,84.80000000000291,233.8000000000029,387.17857142857247
2026-01-13 13:00:00,92105.0,92607.0,91989.1,92074.9,501.55595981,46269176.897322829,46269176.897322829,1,617.8999999999942,502.1000000000058,115.79999999998836,617.8999999999942,413.92857142857247
2026-01-13 14:00:00,92074.9,92922.8,91790.0,92471.1,495.65949432,45819934.662136649,45819934.662136649,1,1132.800000000003,847.9000000000087,284.8999999999942,1132.800000000003,473.9928571428588
2026-01-13 15:00:00,92471.0,93456.0,92134.8,93455.9,595.3351178,55277802.857471831,55277802.857471831,1,1321.199999999997,984.8999999999942,336.3000000000029,1321.199999999997,533.1000000000016
2026-01-13 16:00:00,93455.9,93753.0,93080.7,93392.0,724.56704923,67741381.285219266,67741381.285219266,1,672.3000000000029,297.1000000000058,375.1999999999971,672.3000000000029,561.1285714285726
2026-01-13 17:00:00,93392.1,93494.0,93101.1,93244.0,228.59657494,21335502.105395803,21335502.105395803,1,392.8999999999942,102.0,290.8999999999942,392.8999999999942,564.47142857143
2026-01-13 18:00:00,93243.0,93871.7,93200.1,93629.4,265.82168368,24874386.639117492,24874386.639117492,1,671.5999999999913,627.6999999999971,43.89999999999418,671.5999999999913,591.2071428571435
2026-01-13 19:00:00,93629.4,94243.6,93475.0,94224.1,515.69539456,48401727.33207396,48401727.33207396,1,768.6000000000058,614.2000000000116,154.39999999999418,768.6000000000058,590.6500000000015
2026-01-13 20:00:00,94224.2,94510.1,94117.4,94412.6,723.26348036,68215655.728678229,68215655.728678229,1,392.70000000001164,286.0,106.70000000001164,392.70000000001164,585.8928571428593
2026-01-13 21:00:00,94412.7,94526.3,94060.0,94091.0,235.63804212,22224207.822008248,22224207.822008248,1,466.3000000000029,113.69999999999709,352.6000000000058,466.3000000000029,596.0500000000019
2026-01-13 22:00:00,94091.1,96543.0,94091.1,95755.0,1836.33443741,175410090.848696499,175410090.848696499,1,2451.899999999994,2452.0,0.10000000000582077,2452.0,746.5642857142874
2026-01-13 23:00:00,95758.0,96097.0,95070.0,95411.8,613.68722289,58722702.769467386,58722702.769467386,1,1027.0,342.0,685.0,1027.0,768.1142857142871
2026-01-14 00:00:00,95411.8,95664.6,95173.9,95241.0,239.37544371,22838621.298915929,22838621.298915929,1,490.70000000001164,252.8000000000029,237.90000000000873,490.70000000001164,780.5500000000019
2026-01-14 01:00:00,95241.0,95581.9,95142.8,95245.0,360.14014907,34341293.024147042,34341293.024147042,1,439.09999999999127,340.8999999999942,98.19999999999709,439.09999999999127,791.3500000000006
2026-01-14 02:00:00,95245.1,95561.9,95211.4,95349.0,242.3064343,23116803.563988516,23116803.563988516,1,350.5,316.8999999999942,33.60000000000582,350.5,799.6857142857147
2026-01-14 03:00:00,95349.0,95722.5,95283.2,95722.3,181.53390932,17336931.500101907,17336931.500101907,1,439.3000000000029,373.5,65.80000000000291,439.3000000000029,786.9285714285725
2026-01-14 04:00:00,95722.3,95796.8,95230.3,95246.0,218.86185582,20892686.580770568,20892686.580770568,1,566.5,74.5,492.0,566.5,746.4785714285723
2026-01-14 05:00:00,95246.1,95280.7,94957.7,95012.5,350.08250115,33289114.721341727,33289114.721341727,1,323.0,34.69999999999709,288.3000000000029,323.0,675.1785714285725
2026-01-14 06:00:00,95012.5,95037.4,94521.7,95037.3,399.21719965,37856848.162749052,37856848.162749052,1,515.6999999999971,24.89999999999418,490.8000000000029,515.6999999999971,663.9928571428578
2026-01-14 07:00:00,95037.4,95230.0,94844.0,95201.9,499.48489874,47483651.4391048,47483651.4391048,1,386.0,192.6999999999971,193.3000000000029,386.0,663.500000000001
2026-01-14 08:00:00,95201.9,95310.5,94866.6,94901.2,220.24319921,20947533.396039713,20947533.396039713,1,443.8999999999942,108.60000000000582,335.29999999998836,443.8999999999942,647.2357142857155
2026-01-14 09:00:00,94901.2,95181.0,94883.1,95091.1,376.50842309,35788483.386772632,35788483.386772632,1,297.8999999999942,279.8000000000029,18.09999999999127,297.8999999999942,613.6142857142861
2026-01-14 10:00:00,95091.0,95297.5,94895.4,95094.3,282.47880667,26870751.028143531,26870751.028143531,1,402.1000000000058,206.39999999999418,195.70000000001164,402.1000000000058,614.2857142857143
2026-01-14 11:00:00,95093.8,95093.8,94750.0,94797.7,220.8793008,20970190.949464199,20970190.949464199,1,343.8000000000029,0.5,344.3000000000029,344.3000000000029,605.5714285714286
2026-01-14 12:00:00,94797.7,95165.7,94688.1,95079.7,188.18468783,17878194.387617177,17878194.387617177,1,477.59999999999127,368.0,109.59999999999127,477.59999999999127,464.5428571428565
2026-01-14 13:00:00,95079.7,95240.2,94892.3,94997.0,149.57372963,14220389.020690293,14220389.020690293,1,347.8999999999942,160.5,187.39999999999418,347.8999999999942,416.03571428571325
2026-01-14 14:00:00,94997.0,96820.5,94983.9,96481.3,1151.60693601,110640089.842372494,110640089.842372494,1,1836.6000000000058,1823.5,13.10000000000582,1836.6000000000058,512.1714285714271
2026-01-14 15:00:00,96481.3,97088.0,96186.1,96755.6,1109.24876434,107253261.470403092,107253261.470403092,1,901.8999999999942,606.6999999999971,295.1999999999971,901.8999999999942,545.2285714285701
2026-01-14 16:00:00,96755.5,97696.7,96732.0,97285.5,1524.90198265,148331590.323989601,148331590.323989601,1,964.6999999999971,941.0999999999913,23.60000000000582,964.6999999999971,589.0999999999985
2026-01-14 17:00:00,97285.5,97776.0,96766.0,96953.2,1043.78772161,101639219.00311798,101639219.00311798,1,1010.0,490.5,519.5,1010.0,629.864285714284
2026-01-14 18:00:00,96953.1,97109.5,96229.5,96806.3,834.83314115,80706449.02842337,80706449.02842337,1,880.0,156.3000000000029,723.6999999999971,880.0,652.2571428571412
2026-01-14 19:00:00,96806.3,97648.6,96685.7,97257.8,512.45694584,49819584.544188107,49819584.544188107,1,962.9000000000087,842.3000000000029,120.60000000000582,962.9000000000087,697.9642857142846
2026-01-14 20:00:00,97257.8,97925.4,97207.7,97656.2,604.26613274,58953216.753090134,58953216.753090134,1,717.6999999999971,667.5999999999913,50.10000000000582,717.6999999999971,712.3928571428561
2026-01-14 21:00:00,97656.2,97714.9,97376.1,97560.8,247.19876154,24109681.693470967,24109681.693470967,1,338.79999999998836,58.69999999999709,280.09999999999127,338.79999999998836,709.0214285714267
2026-01-14 22:00:00,97560.9,97581.3,96758.1,96886.9,306.83909196,29825402.807419902,29825402.807419902,1,823.1999999999971,20.5,802.6999999999971,823.1999999999971,736.114285714284
2026-01-14 23:00:00,96886.9,97369.9,96865.0,96945.9,147.39971304,14308969.55277817,14308969.55277817,1,504.8999999999942,483.0,21.89999999999418,504.8999999999942,750.8999999999984
2026-01-15 00:00:00,96946.0,96999.6,96500.0,96653.5,352.2215868,34066774.94506498,34066774.94506498,1,499.6000000000058,53.70000000001164,445.8999999999942,499.6000000000058,757.864285714284
2026-01-15 01:00:00,96655.4,96961.8,96307.1,96446.2,240.95478859,23274441.267057727,23274441.267057727,1,654.6999999999971,308.3000000000029,346.3999999999942,654.6999999999971,780.0357142857122
2026-01-15 02:00:00,96446.1,96614.5,96100.0,96333.0,177.53382637,17106150.031997597,17106150.031997597,1,514.5,168.3000000000029,346.1999999999971,514.5,782.6714285714271
2026-01-15 03:00:00,96333.0,96400.0,95780.0,95990.5,358.45345002,34435469.433021335,34435469.433021335,1,620.0,67.0,553.0,620.0,802.1071428571419
2026-01-15 04:00:00,95990.5,96395.0,95965.4,96318.6,230.24339335,22146789.826933085,22146789.826933085,1,429.6000000000058,404.5,25.10000000000582,429.6000000000058,701.6071428571419
2026-01-15 05:00:00,96318.7,96522.7,96250.0,96438.9,174.80981203,16849100.070858181,16849100.070858181,1,272.6999999999971,204.09999999999127,68.60000000000582,272.6999999999971,656.6642857142849
2026-01-15 06:00:00,96438.8,96585.9,96187.9,96246.1,134.40190292,12953171.619068864,12953171.619068864,1,398.0,147.0,251.0,398.0,616.1857142857136
2026-01-15 07:00:00,96246.0,96762.9,96196.7,96634.5,384.03294522,37050621.15015914,37050621.15015914,1,566.1999999999971,516.7999999999884,49.40000000000873,566.1999999999971,584.4857142857135
2026-01-11 05:00:00,90799.1,90859.9,90736.1,90777.8,42.06634215,3819146.055124129,3819146.055124129,1,123.79999999998836,,,123.79999999998836,123.79999999998836
2026-01-11 06:00:00,90777.8,90800.0,90586.3,90743.0,47.13946115,4274172.139015539,4274172.139015539,1,213.6999999999971,22.19999999999709,191.5,213.6999999999971,168.74999999999272
2026-01-11 07:00:00,90743.0,90765.0,90672.0,90713.0,51.55423959,4676645.596118151,4676645.596118151,1,93.0,22.0,71.0,93.0,143.49999999999514
2026-01-11 08:00:00,90712.9,90806.3,90620.0,90787.3,276.10927202,25050357.843093298,25050357.843093298,1,186.3000000000029,93.30000000000291,93.0,186.3000000000029,154.1999999999971
2026-01-11 09:00:00,90788.2,90816.4,90653.5,90739.1,421.88545174,38284506.588491439,38284506.588491439,1,162.89999999999418,29.09999999999127,133.8000000000029,162.89999999999418,155.9399999999965
2026-01-11 10:00:00,90739.1,90761.4,90689.0,90728.9,28.76752492,2609893.360729086,2609893.360729086,1,72.39999999999418,22.29999999998836,50.10000000000582,72.39999999999418,142.0166666666628
2026-01-11 11:00:00,90729.0,90752.0,90696.0,90751.8,31.45814483,2854004.417289197,2854004.417289197,1,56.0,23.10000000000582,32.89999999999418,56.0,129.7285714285681
2026-01-11 12:00:00,90751.9,91033.0,90723.0,90938.1,93.10870438,8465374.372857881,8465374.372857881,1,310.0,281.1999999999971,28.80000000000291,310.0,152.2624999999971
2026-01-11 13:00:00,90938.1,90972.7,90822.5,90854.0,82.39697913,7489753.888060639,7489753.888060639,1,150.1999999999971,34.59999999999127,115.60000000000582,150.1999999999971,152.03333333333043
2026-01-11 14:00:00,90854.1,91199.8,90854.0,91126.1,101.61169412,9252875.591584268,9252875.591584268,1,345.8000000000029,345.8000000000029,0.0,345.8000000000029,171.40999999999767
2026-01-11 15:00:00,91126.1,91157.9,90711.4,90875.0,137.06704753,12462014.722218521,12462014.722218521,1,446.5,31.79999999998836,414.70000000001164,446.5,196.4181818181797
2026-01-11 16:00:00,90875.0,91284.6,90875.0,91041.9,118.59822454,10802603.972880225,10802603.972880225,1,409.6000000000058,409.6000000000058,0.0,409.6000000000058,214.1833333333319
2026-01-11 17:00:00,91042.0,91138.0,90912.0,90991.0,48.32468048,4399107.45772465,4399107.45772465,1,226.0,96.10000000000582,129.89999999999418,226.0,215.09230769230635
2026-01-11 18:00:00,90991.1,90991.1,90800.0,90882.9,45.99045951,4179679.064958694,4179679.064958694,1,191.10000000000582,0.10000000000582077,191.0,191.10000000000582,213.3785714285706
2026-01-11 19:00:00,90882.9,90932.0,90680.0,90693.1,31.54357856,2863853.48985495,2863853.48985495,1,252.0,49.10000000000582,202.89999999999418,252.0,222.53571428571428
2026-01-11 20:00:00,90693.1,90740.5,90424.3,90709.0,148.94350958,13487078.106036308,13487078.106036308,1,316.1999999999971,47.39999999999418,268.8000000000029,316.1999999999971,229.85714285714286
2026-01-11 21:00:00,90709.1,90836.3,90600.0,90759.0,44.86306926,4069682.831175137,4069682.831175137,1,236.3000000000029,127.30000000000291,109.0,236.3000000000029,240.09285714285735
2026-01-11 22:00:00,90759.1,90759.1,90455.8,90534.5,82.35397267,7461799.777861724,7461799.777861724,1,303.3000000000029,0.10000000000582077,303.1999999999971,303.3000000000029,248.45000000000022
2026-01-11 23:00:00,90534.4,91039.8,90230.3,91012.0,214.07575229,19410994.105751093,19410994.105751093,1,809.5,505.3000000000029,304.1999999999971,809.5,294.6357142857149
2026-01-12 00:00:00,91008.3,91255.6,90697.7,91255.6,222.78259444,20280453.860268811,20280453.860268811,1,557.9000000000087,243.60000000000582,314.3000000000029,557.9000000000087,329.3142857142874
2026-01-12 01:00:00,91255.7,91800.0,91099.4,91410.9,335.61197399,30695396.152784587,30695396.152784587,1,700.6000000000058,544.3999999999942,156.20000000001164,700.6000000000058,375.35714285714494
2026-01-12 02:00:00,91411.0,92396.4,91376.1,92210.1,422.74899793,38889167.118724004,38889167.118724004,1,1020.2999999999884,985.5,34.79999999998836,1020.2999999999884,426.0928571428584
2026-01-12 03:00:00,92211.8,92520.6,91805.4,91805.4,319.01275403,29421244.098548241,29421244.098548241,1,715.2000000000116,310.5,404.70000000001164,715.2000000000116,466.45000000000226
2026-01-12 04:00:00,91805.5,92281.7,91755.6,92160.0,124.53717313,11461377.423098606,11461377.423098606,1,526.0999999999913,476.3000000000029,49.79999999998836,526.0999999999913,479.3285714285729
2026-01-12 05:00:00,92160.1,92264.9,92048.4,92115.0,96.42016732,8884770.713873671,8884770.713873671,1,216.5,104.89999999999418,111.60000000000582,216.5,462.90000000000146
2026-01-12 06:00:00,92114.9,92208.0,91820.0,91839.1,136.64802883,12568283.497438013,12568283.497438013,1,388.0,93.0,295.0,388.0,461.3571428571439
2026-01-12 07:00:00,91839.1,91962.1,91400.0,91415.1,528.490474,48442857.175033613,48442857.175033613,1,562.1000000000058,123.0,439.1000000000058,562.1000000000058,485.3642857142872
2026-01-12 08:00:00,91415.1,91628.9,90400.0,90749.1,580.69904075,52778256.402353271,52778256.402353271,1,1228.8999999999942,213.79999999998836,1015.1000000000058,1228.8999999999942,559.4928571428578
2026-01-12 09:00:00,90749.1,90933.3,90646.1,90692.2,180.95933636,16433008.334714364,16433008.334714364,1,287.1999999999971,184.1999999999971,103.0,287.1999999999971,562.0071428571433
2026-01-12 10:00:00,90692.1,90793.0,90375.0,90435.9,149.27260652,13517169.57848921,13517169.57848921,1,418.0,100.80000000000291,317.1999999999971,418.0,569.278571428572
2026-01-12 11:00:00,90434.2,90816.1,90427.0,90630.1,165.21326359,14977035.121454335,14977035.121454335,1,389.1000000000058,380.20000000001164,8.89999999999418,389.1000000000058,580.192857142858
2026-01-12 12:00:00,90630.1,90870.4,90618.0,90789.0,73.0402834,6629157.49050605,6629157.49050605,1,252.39999999999418,240.29999999998836,12.10000000000582,252.39999999999418,576.557142857143
2026-01-12 13:00:00,90789.1,90829.7,90541.6,90632.1,150.14423847,13614122.733121293,13614122.733121293,1,288.09999999999127,40.69999999999709,247.39999999999418,288.09999999999127,539.3142857142853
2026-01-12 14:00:00,90632.1,91122.8,90132.1,90908.1,438.77331825,39757812.271452561,39757812.271452561,1,990.6999999999971,490.6999999999971,500.0,990.6999999999971,570.2285714285701
2026-01-12 15:00:00,90908.0,91679.6,90710.0,91666.9,367.10261225,33517183.940345519,33517183.940345519,1,969.6000000000058,771.5,198.10000000000582,969.6000000000058,589.4428571428559
2026-01-12 16:00:00,91666.0,92316.7,91575.0,92117.8,641.42504829,59003372.251430872,59003372.251430872,1,741.6999999999971,649.8000000000029,91.89999999999418,741.6999999999971,569.5428571428565
2026-01-12 17:00:00,92117.9,92299.1,91007.1,91522.5,510.64948513,46774494.415137832,46774494.415137832,1,1292.0,181.3000000000029,1110.699999999997,1292.0,610.7428571428557
2026-01-12 18:00:00,91522.6,91958.1,91415.1,91689.1,206.60046223,18954521.357794614,18954521.357794614,1,543.0,435.6000000000058,107.39999999999418,543.0,611.9499999999991
2026-01-12 19:00:00,91689.2,91881.3,91437.6,91864.9,131.5242544,12055329.168740881,12055329.168740881,1,443.6999999999971,192.1999999999971,251.5,443.6999999999971,628.1785714285704
2026-01-12 20:00:00,91864.9,92048.4,91416.6,91493.3,212.87155641,19508227.404874415,19508227.404874415,1,631.7999999999884,183.5,448.29999999998836,631.7999999999884,645.5928571428552
2026-01-12 21:00:00,91492.1,91500.0,90948.4,91056.0,158.43788366,14454876.813278923,14454876.813278923,1,551.6000000000058,6.69999999999709,544.9000000000087,551.6000000000058,644.8428571428552
2026-01-12 22:00:00,91056.0,91444.5,91056.0,91243.7,133.99910154,12237943.506216497,12237943.506216497,1,388.5,388.5,0.0,388.5,584.8142857142842
2026-01-12 23:00:00,91243.7,91319.9,91076.5,91304.0,53.12812533,4845658.997270267,4845658.997270267,1,243.39999999999418,76.19999999999709,167.1999999999971,243.39999999999418,581.6857142857126
2026-01-13 00:00:00,91304.0,91548.9,91257.0,91481.1,154.30764832,14104366.854061478,14104366.854061478,1,291.8999999999942,244.89999999999418,47.0,291.8999999999942,572.6785714285694
2026-01-13 01:00:00,91481.1,91548.0,91054.3,91188.0,82.43368771,7525218.467959754,7525218.467959754,1,493.6999999999971,66.89999999999418,426.8000000000029,493.6999999999971,580.1499999999972
2026-01-13 02:00:00,91188.0,91382.1,91102.2,91125.4,118.68310015,10826796.298685635,10826796.298685635,1,279.90000000000873,194.10000000000582,85.80000000000291,279.90000000000873,582.114285714284
2026-01-13 03:00:00,91125.5,91471.2,91125.1,91412.0,120.6913497,11020766.067645064,11020766.067645064,1,346.09999999999127,345.8000000000029,0.29999999998835847,346.09999999999127,586.2571428571412
2026-01-13 04:00:00,91412.1,91647.2,91349.9,91515.9,62.52384798,5718843.73975984,5718843.73975984,1,297.3000000000029,235.1999999999971,62.10000000000582,297.3000000000029,536.7285714285701
2026-01-13 05:00:00,91516.0,92256.9,91480.5,91924.5,273.85033642,25180944.629915467,25180944.629915467,1,776.3999999999942,741.0,35.39999999999418,776.3999999999942,522.9285714285694
2026-01-13 06:00:00,91924.6,92270.8,91811.5,92179.1,186.56114257,17170290.069550624,17170290.069550624,1,459.3000000000029,346.3000000000029,113.0,459.3000000000029,502.7571428571412
2026-01-13 07:00:00,92179.2,92207.0,91882.9,91949.7,672.8691819,61897171.063796031,61897171.063796031,1,324.1000000000058,27.89999999999418,296.20000000001164,324.1000000000058,433.6214285714273
2026-01-13 08:00:00,91949.7,92253.2,91908.4,92170.1,374.1430512,34431893.67532512,34431893.67532512,1,344.8000000000029,303.5,41.30000000000291,344.8000000000029,419.4642857142847
2026-01-13 09:00:00,92170.1,92666.0,91940.7,92264.7,332.88317456,30741790.842557198,30741790.842557198,1,725.3000000000029,495.8999999999942,229.40000000000873,725.3000000000029,439.5785714285708
2026-01-13 10:00:00,92264.7,92338.6,92022.0,92134.4,129.23897115,11916639.506247933,11916639.506247933,1,316.6000000000058,73.90000000000873,242.6999999999971,316.6000000000058,417.0642857142863
2026-01-13 11:00:00,92134.5,92258.6,91970.7,92001.0,128.14715601,11803597.454704142,11803597.454704142,1,287.90000000000873,124.20000000001164,163.6999999999971,287.90000000000873,398.22857142857225
2026-01-13 12:00:00,92001.1,92150.0,91916.2,92104.9,89.96696491,8283363.47262718,8283363.47262718,1,233.8000000000029,149.0,84.80000000000291,233.8000000000029,387.17857142857247
2026-01-13 13:00:00,92105.0,92607.0,91989.1,92074.9,501.55595981,46269176.897322829,46269176.897322829,1,617.8999999999942,502.1000000000058,115.79999999998836,617.8999999999942,413.92857142857247
2026-01-13 14:00:00,92074.9,92922.8,91790.0,92471.1,495.65949432,45819934.662136649,45819934.662136649,1,1132.800000000003,847.9000000000087,284.8999999999942,1132.800000000003,473.9928571428588
2026-01-13 15:00:00,92471.0,93456.0,92134.8,93455.9,595.3351178,55277802.857471831,55277802.857471831,1,1321.199999999997,984.8999999999942,336.3000000000029,1321.199999999997,533.1000000000016
2026-01-13 16:00:00,93455.9,93753.0,93080.7,93392.0,724.56704923,67741381.285219266,67741381.285219266,1,672.3000000000029,297.1000000000058,375.1999999999971,672.3000000000029,561.1285714285726
2026-01-13 17:00:00,93392.1,93494.0,93101.1,93244.0,228.59657494,21335502.105395803,21335502.105395803,1,392.8999999999942,102.0,290.8999999999942,392.8999999999942,564.47142857143
2026-01-13 18:00:00,93243.0,93871.7,93200.1,93629.4,265.82168368,24874386.639117492,24874386.639117492,1,671.5999999999913,627.6999999999971,43.89999999999418,671.5999999999913,591.2071428571435
2026-01-13 19:00:00,93629.4,94243.6,93475.0,94224.1,515.69539456,48401727.33207396,48401727.33207396,1,768.6000000000058,614.2000000000116,154.39999999999418,768.6000000000058,590.6500000000015
2026-01-13 20:00:00,94224.2,94510.1,94117.4,94412.6,723.26348036,68215655.728678229,68215655.728678229,1,392.70000000001164,286.0,106.70000000001164,392.70000000001164,585.8928571428593
2026-01-13 21:00:00,94412.7,94526.3,94060.0,94091.0,235.63804212,22224207.822008248,22224207.822008248,1,466.3000000000029,113.69999999999709,352.6000000000058,466.3000000000029,596.0500000000019
2026-01-13 22:00:00,94091.1,96543.0,94091.1,95755.0,1836.33443741,175410090.848696499,175410090.848696499,1,2451.899999999994,2452.0,0.10000000000582077,2452.0,746.5642857142874
2026-01-13 23:00:00,95758.0,96097.0,95070.0,95411.8,613.68722289,58722702.769467386,58722702.769467386,1,1027.0,342.0,685.0,1027.0,768.1142857142871
2026-01-14 00:00:00,95411.8,95664.6,95173.9,95241.0,239.37544371,22838621.298915929,22838621.298915929,1,490.70000000001164,252.8000000000029,237.90000000000873,490.70000000001164,780.5500000000019
2026-01-14 01:00:00,95241.0,95581.9,95142.8,95245.0,360.14014907,34341293.024147042,34341293.024147042,1,439.09999999999127,340.8999999999942,98.19999999999709,439.09999999999127,791.3500000000006
2026-01-14 02:00:00,95245.1,95561.9,95211.4,95349.0,242.3064343,23116803.563988516,23116803.563988516,1,350.5,316.8999999999942,33.60000000000582,350.5,799.6857142857147
2026-01-14 03:00:00,95349.0,95722.5,95283.2,95722.3,181.53390932,17336931.500101907,17336931.500101907,1,439.3000000000029,373.5,65.80000000000291,439.3000000000029,786.9285714285725
2026-01-14 04:00:00,95722.3,95796.8,95230.3,95246.0,218.86185582,20892686.580770568,20892686.580770568,1,566.5,74.5,492.0,566.5,746.4785714285723
2026-01-14 05:00:00,95246.1,95280.7,94957.7,95012.5,350.08250115,33289114.721341727,33289114.721341727,1,323.0,34.69999999999709,288.3000000000029,323.0,675.1785714285725
2026-01-14 06:00:00,95012.5,95037.4,94521.7,95037.3,399.21719965,37856848.162749052,37856848.162749052,1,515.6999999999971,24.89999999999418,490.8000000000029,515.6999999999971,663.9928571428578
2026-01-14 07:00:00,95037.4,95230.0,94844.0,95201.9,499.48489874,47483651.4391048,47483651.4391048,1,386.0,192.6999999999971,193.3000000000029,386.0,663.500000000001
2026-01-14 08:00:00,95201.9,95310.5,94866.6,94901.2,220.24319921,20947533.396039713,20947533.396039713,1,443.8999999999942,108.60000000000582,335.29999999998836,443.8999999999942,647.2357142857155
2026-01-14 09:00:00,94901.2,95181.0,94883.1,95091.1,376.50842309,35788483.386772632,35788483.386772632,1,297.8999999999942,279.8000000000029,18.09999999999127,297.8999999999942,613.6142857142861
2026-01-14 10:00:00,95091.0,95297.5,94895.4,95094.3,282.47880667,26870751.028143531,26870751.028143531,1,402.1000000000058,206.39999999999418,195.70000000001164,402.1000000000058,614.2857142857143
2026-01-14 11:00:00,95093.8,95093.8,94750.0,94797.7,220.8793008,20970190.949464199,20970190.949464199,1,343.8000000000029,0.5,344.3000000000029,344.3000000000029,605.5714285714286
2026-01-14 12:00:00,94797.7,95165.7,94688.1,95079.7,188.18468783,17878194.387617177,17878194.387617177,1,477.59999999999127,368.0,109.59999999999127,477.59999999999127,464.5428571428565
2026-01-14 13:00:00,95079.7,95240.2,94892.3,94997.0,149.57372963,14220389.020690293,14220389.020690293,1,347.8999999999942,160.5,187.39999999999418,347.8999999999942,416.03571428571325
2026-01-14 14:00:00,94997.0,96820.5,94983.9,96481.3,1151.60693601,110640089.842372494,110640089.842372494,1,1836.6000000000058,1823.5,13.10000000000582,1836.6000000000058,512.1714285714271
2026-01-14 15:00:00,96481.3,97088.0,96186.1,96755.6,1109.24876434,107253261.470403092,107253261.470403092,1,901.8999999999942,606.6999999999971,295.1999999999971,901.8999999999942,545.2285714285701
2026-01-14 16:00:00,96755.5,97696.7,96732.0,97285.5,1524.90198265,148331590.323989601,148331590.323989601,1,964.6999999999971,941.0999999999913,23.60000000000582,964.6999999999971,589.0999999999985
2026-01-14 17:00:00,97285.5,97776.0,96766.0,96953.2,1043.78772161,101639219.00311798,101639219.00311798,1,1010.0,490.5,519.5,1010.0,629.864285714284
2026-01-14 18:00:00,96953.1,97109.5,96229.5,96806.3,834.83314115,80706449.02842337,80706449.02842337,1,880.0,156.3000000000029,723.6999999999971,880.0,652.2571428571412
2026-01-14 19:00:00,96806.3,97648.6,96685.7,97257.8,512.45694584,49819584.544188107,49819584.544188107,1,962.9000000000087,842.3000000000029,120.60000000000582,962.9000000000087,697.9642857142846
2026-01-14 20:00:00,97257.8,97925.4,97207.7,97656.2,604.26613274,58953216.753090134,58953216.753090134,1,717.6999999999971,667.5999999999913,50.10000000000582,717.6999999999971,712.3928571428561
2026-01-14 21:00:00,97656.2,97714.9,97376.1,97560.8,247.19876154,24109681.693470967,24109681.693470967,1,338.79999999998836,58.69999999999709,280.09999999999127,338.79999999998836,709.0214285714267
2026-01-14 22:00:00,97560.9,97581.3,96758.1,96886.9,306.83909196,29825402.807419902,29825402.807419902,1,823.1999999999971,20.5,802.6999999999971,823.1999999999971,736.114285714284
2026-01-14 23:00:00,96886.9,97369.9,96865.0,96945.9,147.39971304,14308969.55277817,14308969.55277817,1,504.8999999999942,483.0,21.89999999999418,504.8999999999942,750.8999999999984
2026-01-15 00:00:00,96946.0,96999.6,96500.0,96653.5,352.2215868,34066774.94506498,34066774.94506498,1,499.6000000000058,53.70000000001164,445.8999999999942,499.6000000000058,757.864285714284
2026-01-15 01:00:00,96655.4,96961.8,96307.1,96446.2,240.95478859,23274441.267057727,23274441.267057727,1,654.6999999999971,308.3000000000029,346.3999999999942,654.6999999999971,780.0357142857122
2026-01-15 02:00:00,96446.1,96614.5,96100.0,96333.0,177.53382637,17106150.031997597,17106150.031997597,1,514.5,168.3000000000029,346.1999999999971,514.5,782.6714285714271
2026-01-15 03:00:00,96333.0,96400.0,95780.0,95990.5,358.45345002,34435469.433021335,34435469.433021335,1,620.0,67.0,553.0,620.0,802.1071428571419
2026-01-15 04:00:00,95990.5,96395.0,95965.4,96318.6,230.24339335,22146789.826933085,22146789.826933085,1,429.6000000000058,404.5,25.10000000000582,429.6000000000058,701.6071428571419
2026-01-15 05:00:00,96318.7,96522.7,96250.0,96438.9,174.80981203,16849100.070858181,16849100.070858181,1,272.6999999999971,204.09999999999127,68.60000000000582,272.6999999999971,656.6642857142849
2026-01-15 06:00:00,96438.8,96585.9,96187.9,96246.1,134.40190292,12953171.619068864,12953171.619068864,1,398.0,147.0,251.0,398.0,616.1857142857136
2026-01-15 07:00:00,96246.0,96762.9,96196.7,96634.5,384.03294522,37050621.15015914,37050621.15015914,1,566.1999999999971,516.7999999999884,49.40000000000873,566.1999999999971,584.4857142857135
2026-01-15 08:00:00,96634.6,96663.6,96293.1,96650.2,189.67915936,18302592.010723537,18302592.010723537,1,370.5,29.10000000000582,341.3999999999942,370.5,548.0928571428564
2026-01-11 05:00:00,90799.1,90859.9,90736.1,90777.8,42.06634215,3819146.055124129,3819146.055124129,1,123.79999999998836,,,123.79999999998836,123.79999999998836
2026-01-11 06:00:00,90777.8,90800.0,90586.3,90743.0,47.13946115,4274172.139015539,4274172.139015539,1,213.6999999999971,22.19999999999709,191.5,213.6999999999971,168.74999999999272
2026-01-11 07:00:00,90743.0,90765.0,90672.0,90713.0,51.55423959,4676645.596118151,4676645.596118151,1,93.0,22.0,71.0,93.0,143.49999999999514
2026-01-11 08:00:00,90712.9,90806.3,90620.0,90787.3,276.10927202,25050357.843093298,25050357.843093298,1,186.3000000000029,93.30000000000291,93.0,186.3000000000029,154.1999999999971
2026-01-11 09:00:00,90788.2,90816.4,90653.5,90739.1,421.88545174,38284506.588491439,38284506.588491439,1,162.89999999999418,29.09999999999127,133.8000000000029,162.89999999999418,155.9399999999965
2026-01-11 10:00:00,90739.1,90761.4,90689.0,90728.9,28.76752492,2609893.360729086,2609893.360729086,1,72.39999999999418,22.29999999998836,50.10000000000582,72.39999999999418,142.0166666666628
2026-01-11 11:00:00,90729.0,90752.0,90696.0,90751.8,31.45814483,2854004.417289197,2854004.417289197,1,56.0,23.10000000000582,32.89999999999418,56.0,129.7285714285681
2026-01-11 12:00:00,90751.9,91033.0,90723.0,90938.1,93.10870438,8465374.372857881,8465374.372857881,1,310.0,281.1999999999971,28.80000000000291,310.0,152.2624999999971
2026-01-11 13:00:00,90938.1,90972.7,90822.5,90854.0,82.39697913,7489753.888060639,7489753.888060639,1,150.1999999999971,34.59999999999127,115.60000000000582,150.1999999999971,152.03333333333043
2026-01-11 14:00:00,90854.1,91199.8,90854.0,91126.1,101.61169412,9252875.591584268,9252875.591584268,1,345.8000000000029,345.8000000000029,0.0,345.8000000000029,171.40999999999767
2026-01-11 15:00:00,91126.1,91157.9,90711.4,90875.0,137.06704753,12462014.722218521,12462014.722218521,1,446.5,31.79999999998836,414.70000000001164,446.5,196.4181818181797
2026-01-11 16:00:00,90875.0,91284.6,90875.0,91041.9,118.59822454,10802603.972880225,10802603.972880225,1,409.6000000000058,409.6000000000058,0.0,409.6000000000058,214.1833333333319
2026-01-11 17:00:00,91042.0,91138.0,90912.0,90991.0,48.32468048,4399107.45772465,4399107.45772465,1,226.0,96.10000000000582,129.89999999999418,226.0,215.09230769230635
2026-01-11 18:00:00,90991.1,90991.1,90800.0,90882.9,45.99045951,4179679.064958694,4179679.064958694,1,191.10000000000582,0.10000000000582077,191.0,191.10000000000582,213.3785714285706
2026-01-11 19:00:00,90882.9,90932.0,90680.0,90693.1,31.54357856,2863853.48985495,2863853.48985495,1,252.0,49.10000000000582,202.89999999999418,252.0,222.53571428571428
2026-01-11 20:00:00,90693.1,90740.5,90424.3,90709.0,148.94350958,13487078.106036308,13487078.106036308,1,316.1999999999971,47.39999999999418,268.8000000000029,316.1999999999971,229.85714285714286
2026-01-11 21:00:00,90709.1,90836.3,90600.0,90759.0,44.86306926,4069682.831175137,4069682.831175137,1,236.3000000000029,127.30000000000291,109.0,236.3000000000029,240.09285714285735
2026-01-11 22:00:00,90759.1,90759.1,90455.8,90534.5,82.35397267,7461799.777861724,7461799.777861724,1,303.3000000000029,0.10000000000582077,303.1999999999971,303.3000000000029,248.45000000000022
2026-01-11 23:00:00,90534.4,91039.8,90230.3,91012.0,214.07575229,19410994.105751093,19410994.105751093,1,809.5,505.3000000000029,304.1999999999971,809.5,294.6357142857149
2026-01-12 00:00:00,91008.3,91255.6,90697.7,91255.6,222.78259444,20280453.860268811,20280453.860268811,1,557.9000000000087,243.60000000000582,314.3000000000029,557.9000000000087,329.3142857142874
2026-01-12 01:00:00,91255.7,91800.0,91099.4,91410.9,335.61197399,30695396.152784587,30695396.152784587,1,700.6000000000058,544.3999999999942,156.20000000001164,700.6000000000058,375.35714285714494
2026-01-12 02:00:00,91411.0,92396.4,91376.1,92210.1,422.74899793,38889167.118724004,38889167.118724004,1,1020.2999999999884,985.5,34.79999999998836,1020.2999999999884,426.0928571428584
2026-01-12 03:00:00,92211.8,92520.6,91805.4,91805.4,319.01275403,29421244.098548241,29421244.098548241,1,715.2000000000116,310.5,404.70000000001164,715.2000000000116,466.45000000000226
2026-01-12 04:00:00,91805.5,92281.7,91755.6,92160.0,124.53717313,11461377.423098606,11461377.423098606,1,526.0999999999913,476.3000000000029,49.79999999998836,526.0999999999913,479.3285714285729
2026-01-12 05:00:00,92160.1,92264.9,92048.4,92115.0,96.42016732,8884770.713873671,8884770.713873671,1,216.5,104.89999999999418,111.60000000000582,216.5,462.90000000000146
2026-01-12 06:00:00,92114.9,92208.0,91820.0,91839.1,136.64802883,12568283.497438013,12568283.497438013,1,388.0,93.0,295.0,388.0,461.3571428571439
2026-01-12 07:00:00,91839.1,91962.1,91400.0,91415.1,528.490474,48442857.175033613,48442857.175033613,1,562.1000000000058,123.0,439.1000000000058,562.1000000000058,485.3642857142872
2026-01-12 08:00:00,91415.1,91628.9,90400.0,90749.1,580.69904075,52778256.402353271,52778256.402353271,1,1228.8999999999942,213.79999999998836,1015.1000000000058,1228.8999999999942,559.4928571428578
2026-01-12 09:00:00,90749.1,90933.3,90646.1,90692.2,180.95933636,16433008.334714364,16433008.334714364,1,287.1999999999971,184.1999999999971,103.0,287.1999999999971,562.0071428571433
2026-01-12 10:00:00,90692.1,90793.0,90375.0,90435.9,149.27260652,13517169.57848921,13517169.57848921,1,418.0,100.80000000000291,317.1999999999971,418.0,569.278571428572
2026-01-12 11:00:00,90434.2,90816.1,90427.0,90630.1,165.21326359,14977035.121454335,14977035.121454335,1,389.1000000000058,380.20000000001164,8.89999999999418,389.1000000000058,580.192857142858
2026-01-12 12:00:00,90630.1,90870.4,90618.0,90789.0,73.0402834,6629157.49050605,6629157.49050605,1,252.39999999999418,240.29999999998836,12.10000000000582,252.39999999999418,576.557142857143
2026-01-12 13:00:00,90789.1,90829.7,90541.6,90632.1,150.14423847,13614122.733121293,13614122.733121293,1,288.09999999999127,40.69999999999709,247.39999999999418,288.09999999999127,539.3142857142853
2026-01-12 14:00:00,90632.1,91122.8,90132.1,90908.1,438.77331825,39757812.271452561,39757812.271452561,1,990.6999999999971,490.6999999999971,500.0,990.6999999999971,570.2285714285701
2026-01-12 15:00:00,90908.0,91679.6,90710.0,91666.9,367.10261225,33517183.940345519,33517183.940345519,1,969.6000000000058,771.5,198.10000000000582,969.6000000000058,589.4428571428559
2026-01-12 16:00:00,91666.0,92316.7,91575.0,92117.8,641.42504829,59003372.251430872,59003372.251430872,1,741.6999999999971,649.8000000000029,91.89999999999418,741.6999999999971,569.5428571428565
2026-01-12 17:00:00,92117.9,92299.1,91007.1,91522.5,510.64948513,46774494.415137832,46774494.415137832,1,1292.0,181.3000000000029,1110.699999999997,1292.0,610.7428571428557
2026-01-12 18:00:00,91522.6,91958.1,91415.1,91689.1,206.60046223,18954521.357794614,18954521.357794614,1,543.0,435.6000000000058,107.39999999999418,543.0,611.9499999999991
2026-01-12 19:00:00,91689.2,91881.3,91437.6,91864.9,131.5242544,12055329.168740881,12055329.168740881,1,443.6999999999971,192.1999999999971,251.5,443.6999999999971,628.1785714285704
2026-01-12 20:00:00,91864.9,92048.4,91416.6,91493.3,212.87155641,19508227.404874415,19508227.404874415,1,631.7999999999884,183.5,448.29999999998836,631.7999999999884,645.5928571428552
2026-01-12 21:00:00,91492.1,91500.0,90948.4,91056.0,158.43788366,14454876.813278923,14454876.813278923,1,551.6000000000058,6.69999999999709,544.9000000000087,551.6000000000058,644.8428571428552
2026-01-12 22:00:00,91056.0,91444.5,91056.0,91243.7,133.99910154,12237943.506216497,12237943.506216497,1,388.5,388.5,0.0,388.5,584.8142857142842
2026-01-12 23:00:00,91243.7,91319.9,91076.5,91304.0,53.12812533,4845658.997270267,4845658.997270267,1,243.39999999999418,76.19999999999709,167.1999999999971,243.39999999999418,581.6857142857126
2026-01-13 00:00:00,91304.0,91548.9,91257.0,91481.1,154.30764832,14104366.854061478,14104366.854061478,1,291.8999999999942,244.89999999999418,47.0,291.8999999999942,572.6785714285694
2026-01-13 01:00:00,91481.1,91548.0,91054.3,91188.0,82.43368771,7525218.467959754,7525218.467959754,1,493.6999999999971,66.89999999999418,426.8000000000029,493.6999999999971,580.1499999999972
2026-01-13 02:00:00,91188.0,91382.1,91102.2,91125.4,118.68310015,10826796.298685635,10826796.298685635,1,279.90000000000873,194.10000000000582,85.80000000000291,279.90000000000873,582.114285714284
2026-01-13 03:00:00,91125.5,91471.2,91125.1,91412.0,120.6913497,11020766.067645064,11020766.067645064,1,346.09999999999127,345.8000000000029,0.29999999998835847,346.09999999999127,586.2571428571412
2026-01-13 04:00:00,91412.1,91647.2,91349.9,91515.9,62.52384798,5718843.73975984,5718843.73975984,1,297.3000000000029,235.1999999999971,62.10000000000582,297.3000000000029,536.7285714285701
2026-01-13 05:00:00,91516.0,92256.9,91480.5,91924.5,273.85033642,25180944.629915467,25180944.629915467,1,776.3999999999942,741.0,35.39999999999418,776.3999999999942,522.9285714285694
2026-01-13 06:00:00,91924.6,92270.8,91811.5,92179.1,186.56114257,17170290.069550624,17170290.069550624,1,459.3000000000029,346.3000000000029,113.0,459.3000000000029,502.7571428571412
2026-01-13 07:00:00,92179.2,92207.0,91882.9,91949.7,672.8691819,61897171.063796031,61897171.063796031,1,324.1000000000058,27.89999999999418,296.20000000001164,324.1000000000058,433.6214285714273
2026-01-13 08:00:00,91949.7,92253.2,91908.4,92170.1,374.1430512,34431893.67532512,34431893.67532512,1,344.8000000000029,303.5,41.30000000000291,344.8000000000029,419.4642857142847
2026-01-13 09:00:00,92170.1,92666.0,91940.7,92264.7,332.88317456,30741790.842557198,30741790.842557198,1,725.3000000000029,495.8999999999942,229.40000000000873,725.3000000000029,439.5785714285708
2026-01-13 10:00:00,92264.7,92338.6,92022.0,92134.4,129.23897115,11916639.506247933,11916639.506247933,1,316.6000000000058,73.90000000000873,242.6999999999971,316.6000000000058,417.0642857142863
2026-01-13 11:00:00,92134.5,92258.6,91970.7,92001.0,128.14715601,11803597.454704142,11803597.454704142,1,287.90000000000873,124.20000000001164,163.6999999999971,287.90000000000873,398.22857142857225
2026-01-13 12:00:00,92001.1,92150.0,91916.2,92104.9,89.96696491,8283363.47262718,8283363.47262718,1,233.8000000000029,149.0,84.80000000000291,233.8000000000029,387.17857142857247
2026-01-13 13:00:00,92105.0,92607.0,91989.1,92074.9,501.55595981,46269176.897322829,46269176.897322829,1,617.8999999999942,502.1000000000058,115.79999999998836,617.8999999999942,413.92857142857247
2026-01-13 14:00:00,92074.9,92922.8,91790.0,92471.1,495.65949432,45819934.662136649,45819934.662136649,1,1132.800000000003,847.9000000000087,284.8999999999942,1132.800000000003,473.9928571428588
2026-01-13 15:00:00,92471.0,93456.0,92134.8,93455.9,595.3351178,55277802.857471831,55277802.857471831,1,1321.199999999997,984.8999999999942,336.3000000000029,1321.199999999997,533.1000000000016
2026-01-13 16:00:00,93455.9,93753.0,93080.7,93392.0,724.56704923,67741381.285219266,67741381.285219266,1,672.3000000000029,297.1000000000058,375.1999999999971,672.3000000000029,561.1285714285726
2026-01-13 17:00:00,93392.1,93494.0,93101.1,93244.0,228.59657494,21335502.105395803,21335502.105395803,1,392.8999999999942,102.0,290.8999999999942,392.8999999999942,564.47142857143
2026-01-13 18:00:00,93243.0,93871.7,93200.1,93629.4,265.82168368,24874386.639117492,24874386.639117492,1,671.5999999999913,627.6999999999971,43.89999999999418,671.5999999999913,591.2071428571435
2026-01-13 19:00:00,93629.4,94243.6,93475.0,94224.1,515.69539456,48401727.33207396,48401727.33207396,1,768.6000000000058,614.2000000000116,154.39999999999418,768.6000000000058,590.6500000000015
2026-01-13 20:00:00,94224.2,94510.1,94117.4,94412.6,723.26348036,68215655.728678229,68215655.728678229,1,392.70000000001164,286.0,106.70000000001164,392.70000000001164,585.8928571428593
2026-01-13 21:00:00,94412.7,94526.3,94060.0,94091.0,235.63804212,22224207.822008248,22224207.822008248,1,466.3000000000029,113.69999999999709,352.6000000000058,466.3000000000029,596.0500000000019
2026-01-13 22:00:00,94091.1,96543.0,94091.1,95755.0,1836.33443741,175410090.848696499,175410090.848696499,1,2451.899999999994,2452.0,0.10000000000582077,2452.0,746.5642857142874
2026-01-13 23:00:00,95758.0,96097.0,95070.0,95411.8,613.68722289,58722702.769467386,58722702.769467386,1,1027.0,342.0,685.0,1027.0,768.1142857142871
2026-01-14 00:00:00,95411.8,95664.6,95173.9,95241.0,239.37544371,22838621.298915929,22838621.298915929,1,490.70000000001164,252.8000000000029,237.90000000000873,490.70000000001164,780.5500000000019
2026-01-14 01:00:00,95241.0,95581.9,95142.8,95245.0,360.14014907,34341293.024147042,34341293.024147042,1,439.09999999999127,340.8999999999942,98.19999999999709,439.09999999999127,791.3500000000006
2026-01-14 02:00:00,95245.1,95561.9,95211.4,95349.0,242.3064343,23116803.563988516,23116803.563988516,1,350.5,316.8999999999942,33.60000000000582,350.5,799.6857142857147
2026-01-14 03:00:00,95349.0,95722.5,95283.2,95722.3,181.53390932,17336931.500101907,17336931.500101907,1,439.3000000000029,373.5,65.80000000000291,439.3000000000029,786.9285714285725
2026-01-14 04:00:00,95722.3,95796.8,95230.3,95246.0,218.86185582,20892686.580770568,20892686.580770568,1,566.5,74.5,492.0,566.5,746.4785714285723
2026-01-14 05:00:00,95246.1,95280.7,94957.7,95012.5,350.08250115,33289114.721341727,33289114.721341727,1,323.0,34.69999999999709,288.3000000000029,323.0,675.1785714285725
2026-01-14 06:00:00,95012.5,95037.4,94521.7,95037.3,399.21719965,37856848.162749052,37856848.162749052,1,515.6999999999971,24.89999999999418,490.8000000000029,515.6999999999971,663.9928571428578
2026-01-14 07:00:00,95037.4,95230.0,94844.0,95201.9,499.48489874,47483651.4391048,47483651.4391048,1,386.0,192.6999999999971,193.3000000000029,386.0,663.500000000001
2026-01-14 08:00:00,95201.9,95310.5,94866.6,94901.2,220.24319921,20947533.396039713,20947533.396039713,1,443.8999999999942,108.60000000000582,335.29999999998836,443.8999999999942,647.2357142857155
2026-01-14 09:00:00,94901.2,95181.0,94883.1,95091.1,376.50842309,35788483.386772632,35788483.386772632,1,297.8999999999942,279.8000000000029,18.09999999999127,297.8999999999942,613.6142857142861
2026-01-14 10:00:00,95091.0,95297.5,94895.4,95094.3,282.47880667,26870751.028143531,26870751.028143531,1,402.1000000000058,206.39999999999418,195.70000000001164,402.1000000000058,614.2857142857143
2026-01-14 11:00:00,95093.8,95093.8,94750.0,94797.7,220.8793008,20970190.949464199,20970190.949464199,1,343.8000000000029,0.5,344.3000000000029,344.3000000000029,605.5714285714286
2026-01-14 12:00:00,94797.7,95165.7,94688.1,95079.7,188.18468783,17878194.387617177,17878194.387617177,1,477.59999999999127,368.0,109.59999999999127,477.59999999999127,464.5428571428565
2026-01-14 13:00:00,95079.7,95240.2,94892.3,94997.0,149.57372963,14220389.020690293,14220389.020690293,1,347.8999999999942,160.5,187.39999999999418,347.8999999999942,416.03571428571325
2026-01-14 14:00:00,94997.0,96820.5,94983.9,96481.3,1151.60693601,110640089.842372494,110640089.842372494,1,1836.6000000000058,1823.5,13.10000000000582,1836.6000000000058,512.1714285714271
2026-01-14 15:00:00,96481.3,97088.0,96186.1,96755.6,1109.24876434,107253261.470403092,107253261.470403092,1,901.8999999999942,606.6999999999971,295.1999999999971,901.8999999999942,545.2285714285701
2026-01-14 16:00:00,96755.5,97696.7,96732.0,97285.5,1524.90198265,148331590.323989601,148331590.323989601,1,964.6999999999971,941.0999999999913,23.60000000000582,964.6999999999971,589.0999999999985
2026-01-14 17:00:00,97285.5,97776.0,96766.0,96953.2,1043.78772161,101639219.00311798,101639219.00311798,1,1010.0,490.5,519.5,1010.0,629.864285714284
2026-01-14 18:00:00,96953.1,97109.5,96229.5,96806.3,834.83314115,80706449.02842337,80706449.02842337,1,880.0,156.3000000000029,723.6999999999971,880.0,652.2571428571412
2026-01-14 19:00:00,96806.3,97648.6,96685.7,97257.8,512.45694584,49819584.544188107,49819584.544188107,1,962.9000000000087,842.3000000000029,120.60000000000582,962.9000000000087,697.9642857142846
2026-01-14 20:00:00,97257.8,97925.4,97207.7,97656.2,604.26613274,58953216.753090134,58953216.753090134,1,717.6999999999971,667.5999999999913,50.10000000000582,717.6999999999971,712.3928571428561
2026-01-14 21:00:00,97656.2,97714.9,97376.1,97560.8,247.19876154,24109681.693470967,24109681.693470967,1,338.79999999998836,58.69999999999709,280.09999999999127,338.79999999998836,709.0214285714267
2026-01-14 22:00:00,97560.9,97581.3,96758.1,96886.9,306.83909196,29825402.807419902,29825402.807419902,1,823.1999999999971,20.5,802.6999999999971,823.1999999999971,736.114285714284
2026-01-14 23:00:00,96886.9,97369.9,96865.0,96945.9,147.39971304,14308969.55277817,14308969.55277817,1,504.8999999999942,483.0,21.89999999999418,504.8999999999942,750.8999999999984
2026-01-15 00:00:00,96946.0,96999.6,96500.0,96653.5,352.2215868,34066774.94506498,34066774.94506498,1,499.6000000000058,53.70000000001164,445.8999999999942,499.6000000000058,757.864285714284
2026-01-15 01:00:00,96655.4,96961.8,96307.1,96446.2,240.95478859,23274441.267057727,23274441.267057727,1,654.6999999999971,308.3000000000029,346.3999999999942,654.6999999999971,780.0357142857122
2026-01-15 02:00:00,96446.1,96614.5,96100.0,96333.0,177.53382637,17106150.031997597,17106150.031997597,1,514.5,168.3000000000029,346.1999999999971,514.5,782.6714285714271
2026-01-15 03:00:00,96333.0,96400.0,95780.0,95990.5,358.45345002,34435469.433021335,34435469.433021335,1,620.0,67.0,553.0,620.0,802.1071428571419
2026-01-15 04:00:00,95990.5,96395.0,95965.4,96318.6,230.24339335,22146789.826933085,22146789.826933085,1,429.6000000000058,404.5,25.10000000000582,429.6000000000058,701.6071428571419
2026-01-15 05:00:00,96318.7,96522.7,96250.0,96438.9,174.80981203,16849100.070858181,16849100.070858181,1,272.6999999999971,204.09999999999127,68.60000000000582,272.6999999999971,656.6642857142849
2026-01-15 06:00:00,96438.8,96585.9,96187.9,96246.1,134.40190292,12953171.619068864,12953171.619068864,1,398.0,147.0,251.0,398.0,616.1857142857136
2026-01-15 07:00:00,96246.0,96762.9,96196.7,96634.5,384.03294522,37050621.15015914,37050621.15015914,1,566.1999999999971,516.7999999999884,49.40000000000873,566.1999999999971,584.4857142857135
2026-01-15 08:00:00,96634.6,96663.6,96293.1,96650.2,189.67915936,18302592.010723537,18302592.010723537,1,370.5,29.10000000000582,341.3999999999942,370.5,548.0928571428564
2026-01-11 05:00:00,90799.1,90859.9,90736.1,90777.8,42.06634215,3819146.055124129,3819146.055124129,1,123.79999999998836,,,123.79999999998836,123.79999999998836
2026-01-11 06:00:00,90777.8,90800.0,90586.3,90743.0,47.13946115,4274172.139015539,4274172.139015539,1,213.6999999999971,22.19999999999709,191.5,213.6999999999971,168.74999999999272
2026-01-11 07:00:00,90743.0,90765.0,90672.0,90713.0,51.55423959,4676645.596118151,4676645.596118151,1,93.0,22.0,71.0,93.0,143.49999999999514
2026-01-11 08:00:00,90712.9,90806.3,90620.0,90787.3,276.10927202,25050357.843093298,25050357.843093298,1,186.3000000000029,93.30000000000291,93.0,186.3000000000029,154.1999999999971
2026-01-11 09:00:00,90788.2,90816.4,90653.5,90739.1,421.88545174,38284506.588491439,38284506.588491439,1,162.89999999999418,29.09999999999127,133.8000000000029,162.89999999999418,155.9399999999965
2026-01-11 10:00:00,90739.1,90761.4,90689.0,90728.9,28.76752492,2609893.360729086,2609893.360729086,1,72.39999999999418,22.29999999998836,50.10000000000582,72.39999999999418,142.0166666666628
2026-01-11 11:00:00,90729.0,90752.0,90696.0,90751.8,31.45814483,2854004.417289197,2854004.417289197,1,56.0,23.10000000000582,32.89999999999418,56.0,129.7285714285681
2026-01-11 12:00:00,90751.9,91033.0,90723.0,90938.1,93.10870438,8465374.372857881,8465374.372857881,1,310.0,281.1999999999971,28.80000000000291,310.0,152.2624999999971
2026-01-11 13:00:00,90938.1,90972.7,90822.5,90854.0,82.39697913,7489753.888060639,7489753.888060639,1,150.1999999999971,34.59999999999127,115.60000000000582,150.1999999999971,152.03333333333043
2026-01-11 14:00:00,90854.1,91199.8,90854.0,91126.1,101.61169412,9252875.591584268,9252875.591584268,1,345.8000000000029,345.8000000000029,0.0,345.8000000000029,171.40999999999767
2026-01-11 15:00:00,91126.1,91157.9,90711.4,90875.0,137.06704753,12462014.722218521,12462014.722218521,1,446.5,31.79999999998836,414.70000000001164,446.5,196.4181818181797
2026-01-11 16:00:00,90875.0,91284.6,90875.0,91041.9,118.59822454,10802603.972880225,10802603.972880225,1,409.6000000000058,409.6000000000058,0.0,409.6000000000058,214.1833333333319
2026-01-11 17:00:00,91042.0,91138.0,90912.0,90991.0,48.32468048,4399107.45772465,4399107.45772465,1,226.0,96.10000000000582,129.89999999999418,226.0,215.09230769230635
2026-01-11 18:00:00,90991.1,90991.1,90800.0,90882.9,45.99045951,4179679.064958694,4179679.064958694,1,191.10000000000582,0.10000000000582077,191.0,191.10000000000582,213.3785714285706
2026-01-11 19:00:00,90882.9,90932.0,90680.0,90693.1,31.54357856,2863853.48985495,2863853.48985495,1,252.0,49.10000000000582,202.89999999999418,252.0,222.53571428571428
2026-01-11 20:00:00,90693.1,90740.5,90424.3,90709.0,148.94350958,13487078.106036308,13487078.106036308,1,316.1999999999971,47.39999999999418,268.8000000000029,316.1999999999971,229.85714285714286
2026-01-11 21:00:00,90709.1,90836.3,90600.0,90759.0,44.86306926,4069682.831175137,4069682.831175137,1,236.3000000000029,127.30000000000291,109.0,236.3000000000029,240.09285714285735
2026-01-11 22:00:00,90759.1,90759.1,90455.8,90534.5,82.35397267,7461799.777861724,7461799.777861724,1,303.3000000000029,0.10000000000582077,303.1999999999971,303.3000000000029,248.45000000000022
2026-01-11 23:00:00,90534.4,91039.8,90230.3,91012.0,214.07575229,19410994.105751093,19410994.105751093,1,809.5,505.3000000000029,304.1999999999971,809.5,294.6357142857149
2026-01-12 00:00:00,91008.3,91255.6,90697.7,91255.6,222.78259444,20280453.860268811,20280453.860268811,1,557.9000000000087,243.60000000000582,314.3000000000029,557.9000000000087,329.3142857142874
2026-01-12 01:00:00,91255.7,91800.0,91099.4,91410.9,335.61197399,30695396.152784587,30695396.152784587,1,700.6000000000058,544.3999999999942,156.20000000001164,700.6000000000058,375.35714285714494
2026-01-12 02:00:00,91411.0,92396.4,91376.1,92210.1,422.74899793,38889167.118724004,38889167.118724004,1,1020.2999999999884,985.5,34.79999999998836,1020.2999999999884,426.0928571428584
2026-01-12 03:00:00,92211.8,92520.6,91805.4,91805.4,319.01275403,29421244.098548241,29421244.098548241,1,715.2000000000116,310.5,404.70000000001164,715.2000000000116,466.45000000000226
2026-01-12 04:00:00,91805.5,92281.7,91755.6,92160.0,124.53717313,11461377.423098606,11461377.423098606,1,526.0999999999913,476.3000000000029,49.79999999998836,526.0999999999913,479.3285714285729
2026-01-12 05:00:00,92160.1,92264.9,92048.4,92115.0,96.42016732,8884770.713873671,8884770.713873671,1,216.5,104.89999999999418,111.60000000000582,216.5,462.90000000000146
2026-01-12 06:00:00,92114.9,92208.0,91820.0,91839.1,136.64802883,12568283.497438013,12568283.497438013,1,388.0,93.0,295.0,388.0,461.3571428571439
2026-01-12 07:00:00,91839.1,91962.1,91400.0,91415.1,528.490474,48442857.175033613,48442857.175033613,1,562.1000000000058,123.0,439.1000000000058,562.1000000000058,485.3642857142872
2026-01-12 08:00:00,91415.1,91628.9,90400.0,90749.1,580.69904075,52778256.402353271,52778256.402353271,1,1228.8999999999942,213.79999999998836,1015.1000000000058,1228.8999999999942,559.4928571428578
2026-01-12 09:00:00,90749.1,90933.3,90646.1,90692.2,180.95933636,16433008.334714364,16433008.334714364,1,287.1999999999971,184.1999999999971,103.0,287.1999999999971,562.0071428571433
2026-01-12 10:00:00,90692.1,90793.0,90375.0,90435.9,149.27260652,13517169.57848921,13517169.57848921,1,418.0,100.80000000000291,317.1999999999971,418.0,569.278571428572
2026-01-12 11:00:00,90434.2,90816.1,90427.0,90630.1,165.21326359,14977035.121454335,14977035.121454335,1,389.1000000000058,380.20000000001164,8.89999999999418,389.1000000000058,580.192857142858
2026-01-12 12:00:00,90630.1,90870.4,90618.0,90789.0,73.0402834,6629157.49050605,6629157.49050605,1,252.39999999999418,240.29999999998836,12.10000000000582,252.39999999999418,576.557142857143
2026-01-12 13:00:00,90789.1,90829.7,90541.6,90632.1,150.14423847,13614122.733121293,13614122.733121293,1,288.09999999999127,40.69999999999709,247.39999999999418,288.09999999999127,539.3142857142853
2026-01-12 14:00:00,90632.1,91122.8,90132.1,90908.1,438.77331825,39757812.271452561,39757812.271452561,1,990.6999999999971,490.6999999999971,500.0,990.6999999999971,570.2285714285701
2026-01-12 15:00:00,90908.0,91679.6,90710.0,91666.9,367.10261225,33517183.940345519,33517183.940345519,1,969.6000000000058,771.5,198.10000000000582,969.6000000000058,589.4428571428559
2026-01-12 16:00:00,91666.0,92316.7,91575.0,92117.8,641.42504829,59003372.251430872,59003372.251430872,1,741.6999999999971,649.8000000000029,91.89999999999418,741.6999999999971,569.5428571428565
2026-01-12 17:00:00,92117.9,92299.1,91007.1,91522.5,510.64948513,46774494.415137832,46774494.415137832,1,1292.0,181.3000000000029,1110.699999999997,1292.0,610.7428571428557
2026-01-12 18:00:00,91522.6,91958.1,91415.1,91689.1,206.60046223,18954521.357794614,18954521.357794614,1,543.0,435.6000000000058,107.39999999999418,543.0,611.9499999999991
2026-01-12 19:00:00,91689.2,91881.3,91437.6,91864.9,131.5242544,12055329.168740881,12055329.168740881,1,443.6999999999971,192.1999999999971,251.5,443.6999999999971,628.1785714285704
2026-01-12 20:00:00,91864.9,92048.4,91416.6,91493.3,212.87155641,19508227.404874415,19508227.404874415,1,631.7999999999884,183.5,448.29999999998836,631.7999999999884,645.5928571428552
2026-01-12 21:00:00,91492.1,91500.0,90948.4,91056.0,158.43788366,14454876.813278923,14454876.813278923,1,551.6000000000058,6.69999999999709,544.9000000000087,551.6000000000058,644.8428571428552
2026-01-12 22:00:00,91056.0,91444.5,91056.0,91243.7,133.99910154,12237943.506216497,12237943.506216497,1,388.5,388.5,0.0,388.5,584.8142857142842
2026-01-12 23:00:00,91243.7,91319.9,91076.5,91304.0,53.12812533,4845658.997270267,4845658.997270267,1,243.39999999999418,76.19999999999709,167.1999999999971,243.39999999999418,581.6857142857126
2026-01-13 00:00:00,91304.0,91548.9,91257.0,91481.1,154.30764832,14104366.854061478,14104366.854061478,1,291.8999999999942,244.89999999999418,47.0,291.8999999999942,572.6785714285694
2026-01-13 01:00:00,91481.1,91548.0,91054.3,91188.0,82.43368771,7525218.467959754,7525218.467959754,1,493.6999999999971,66.89999999999418,426.8000000000029,493.6999999999971,580.1499999999972
2026-01-13 02:00:00,91188.0,91382.1,91102.2,91125.4,118.68310015,10826796.298685635,10826796.298685635,1,279.90000000000873,194.10000000000582,85.80000000000291,279.90000000000873,582.114285714284
2026-01-13 03:00:00,91125.5,91471.2,91125.1,91412.0,120.6913497,11020766.067645064,11020766.067645064,1,346.09999999999127,345.8000000000029,0.29999999998835847,346.09999999999127,586.2571428571412
2026-01-13 04:00:00,91412.1,91647.2,91349.9,91515.9,62.52384798,5718843.73975984,5718843.73975984,1,297.3000000000029,235.1999999999971,62.10000000000582,297.3000000000029,536.7285714285701
2026-01-13 05:00:00,91516.0,92256.9,91480.5,91924.5,273.85033642,25180944.629915467,25180944.629915467,1,776.3999999999942,741.0,35.39999999999418,776.3999999999942,522.9285714285694
2026-01-13 06:00:00,91924.6,92270.8,91811.5,92179.1,186.56114257,17170290.069550624,17170290.069550624,1,459.3000000000029,346.3000000000029,113.0,459.3000000000029,502.7571428571412
2026-01-13 07:00:00,92179.2,92207.0,91882.9,91949.7,672.8691819,61897171.063796031,61897171.063796031,1,324.1000000000058,27.89999999999418,296.20000000001164,324.1000000000058,433.6214285714273
2026-01-13 08:00:00,91949.7,92253.2,91908.4,92170.1,374.1430512,34431893.67532512,34431893.67532512,1,344.8000000000029,303.5,41.30000000000291,344.8000000000029,419.4642857142847
2026-01-13 09:00:00,92170.1,92666.0,91940.7,92264.7,332.88317456,30741790.842557198,30741790.842557198,1,725.3000000000029,495.8999999999942,229.40000000000873,725.3000000000029,439.5785714285708
2026-01-13 10:00:00,92264.7,92338.6,92022.0,92134.4,129.23897115,11916639.506247933,11916639.506247933,1,316.6000000000058,73.90000000000873,242.6999999999971,316.6000000000058,417.0642857142863
2026-01-13 11:00:00,92134.5,92258.6,91970.7,92001.0,128.14715601,11803597.454704142,11803597.454704142,1,287.90000000000873,124.20000000001164,163.6999999999971,287.90000000000873,398.22857142857225
2026-01-13 12:00:00,92001.1,92150.0,91916.2,92104.9,89.96696491,8283363.47262718,8283363.47262718,1,233.8000000000029,149.0,84.80000000000291,233.8000000000029,387.17857142857247
2026-01-13 13:00:00,92105.0,92607.0,91989.1,92074.9,501.55595981,46269176.897322829,46269176.897322829,1,617.8999999999942,502.1000000000058,115.79999999998836,617.8999999999942,413.92857142857247
2026-01-13 14:00:00,92074.9,92922.8,91790.0,92471.1,495.65949432,45819934.662136649,45819934.662136649,1,1132.800000000003,847.9000000000087,284.8999999999942,1132.800000000003,473.9928571428588
2026-01-13 15:00:00,92471.0,93456.0,92134.8,93455.9,595.3351178,55277802.857471831,55277802.857471831,1,1321.199999999997,984.8999999999942,336.3000000000029,1321.199999999997,533.1000000000016
2026-01-13 16:00:00,93455.9,93753.0,93080.7,93392.0,724.56704923,67741381.285219266,67741381.285219266,1,672.3000000000029,297.1000000000058,375.1999999999971,672.3000000000029,561.1285714285726
2026-01-13 17:00:00,93392.1,93494.0,93101.1,93244.0,228.59657494,21335502.105395803,21335502.105395803,1,392.8999999999942,102.0,290.8999999999942,392.8999999999942,564.47142857143
2026-01-13 18:00:00,93243.0,93871.7,93200.1,93629.4,265.82168368,24874386.639117492,24874386.639117492,1,671.5999999999913,627.6999999999971,43.89999999999418,671.5999999999913,591.2071428571435
2026-01-13 19:00:00,93629.4,94243.6,93475.0,94224.1,515.69539456,48401727.33207396,48401727.33207396,1,768.6000000000058,614.2000000000116,154.39999999999418,768.6000000000058,590.6500000000015
2026-01-13 20:00:00,94224.2,94510.1,94117.4,94412.6,723.26348036,68215655.728678229,68215655.728678229,1,392.70000000001164,286.0,106.70000000001164,392.70000000001164,585.8928571428593
2026-01-13 21:00:00,94412.7,94526.3,94060.0,94091.0,235.63804212,22224207.822008248,22224207.822008248,1,466.3000000000029,113.69999999999709,352.6000000000058,466.3000000000029,596.0500000000019
2026-01-13 22:00:00,94091.1,96543.0,94091.1,95755.0,1836.33443741,175410090.848696499,175410090.848696499,1,2451.899999999994,2452.0,0.10000000000582077,2452.0,746.5642857142874
2026-01-13 23:00:00,95758.0,96097.0,95070.0,95411.8,613.68722289,58722702.769467386,58722702.769467386,1,1027.0,342.0,685.0,1027.0,768.1142857142871
2026-01-14 00:00:00,95411.8,95664.6,95173.9,95241.0,239.37544371,22838621.298915929,22838621.298915929,1,490.70000000001164,252.8000000000029,237.90000000000873,490.70000000001164,780.5500000000019
2026-01-14 01:00:00,95241.0,95581.9,95142.8,95245.0,360.14014907,34341293.024147042,34341293.024147042,1,439.09999999999127,340.8999999999942,98.19999999999709,439.09999999999127,791.3500000000006
2026-01-14 02:00:00,95245.1,95561.9,95211.4,95349.0,242.3064343,23116803.563988516,23116803.563988516,1,350.5,316.8999999999942,33.60000000000582,350.5,799.6857142857147
2026-01-14 03:00:00,95349.0,95722.5,95283.2,95722.3,181.53390932,17336931.500101907,17336931.500101907,1,439.3000000000029,373.5,65.80000000000291,439.3000000000029,786.9285714285725
2026-01-14 04:00:00,95722.3,95796.8,95230.3,95246.0,218.86185582,20892686.580770568,20892686.580770568,1,566.5,74.5,492.0,566.5,746.4785714285723
2026-01-14 05:00:00,95246.1,95280.7,94957.7,95012.5,350.08250115,33289114.721341727,33289114.721341727,1,323.0,34.69999999999709,288.3000000000029,323.0,675.1785714285725
2026-01-14 06:00:00,95012.5,95037.4,94521.7,95037.3,399.21719965,37856848.162749052,37856848.162749052,1,515.6999999999971,24.89999999999418,490.8000000000029,515.6999999999971,663.9928571428578
2026-01-14 07:00:00,95037.4,95230.0,94844.0,95201.9,499.48489874,47483651.4391048,47483651.4391048,1,386.0,192.6999999999971,193.3000000000029,386.0,663.500000000001
2026-01-14 08:00:00,95201.9,95310.5,94866.6,94901.2,220.24319921,20947533.396039713,20947533.396039713,1,443.8999999999942,108.60000000000582,335.29999999998836,443.8999999999942,647.2357142857155
2026-01-14 09:00:00,94901.2,95181.0,94883.1,95091.1,376.50842309,35788483.386772632,35788483.386772632,1,297.8999999999942,279.8000000000029,18.09999999999127,297.8999999999942,613.6142857142861
2026-01-14 10:00:00,95091.0,95297.5,94895.4,95094.3,282.47880667,26870751.028143531,26870751.028143531,1,402.1000000000058,206.39999999999418,195.70000000001164,402.1000000000058,614.2857142857143
2026-01-14 11:00:00,95093.8,95093.8,94750.0,94797.7,220.8793008,20970190.949464199,20970190.949464199,1,343.8000000000029,0.5,344.3000000000029,344.3000000000029,605.5714285714286
2026-01-14 12:00:00,94797.7,95165.7,94688.1,95079.7,188.18468783,17878194.387617177,17878194.387617177,1,477.59999999999127,368.0,109.59999999999127,477.59999999999127,464.5428571428565
2026-01-14 13:00:00,95079.7,95240.2,94892.3,94997.0,149.57372963,14220389.020690293,14220389.020690293,1,347.8999999999942,160.5,187.39999999999418,347.8999999999942,416.03571428571325
2026-01-14 14:00:00,94997.0,96820.5,94983.9,96481.3,1151.60693601,110640089.842372494,110640089.842372494,1,1836.6000000000058,1823.5,13.10000000000582,1836.6000000000058,512.1714285714271
2026-01-14 15:00:00,96481.3,97088.0,96186.1,96755.6,1109.24876434,107253261.470403092,107253261.470403092,1,901.8999999999942,606.6999999999971,295.1999999999971,901.8999999999942,545.2285714285701
2026-01-14 16:00:00,96755.5,97696.7,96732.0,97285.5,1524.90198265,148331590.323989601,148331590.323989601,1,964.6999999999971,941.0999999999913,23.60000000000582,964.6999999999971,589.0999999999985
2026-01-14 17:00:00,97285.5,97776.0,96766.0,96953.2,1043.78772161,101639219.00311798,101639219.00311798,1,1010.0,490.5,519.5,1010.0,629.864285714284
2026-01-14 18:00:00,96953.1,97109.5,96229.5,96806.3,834.83314115,80706449.02842337,80706449.02842337,1,880.0,156.3000000000029,723.6999999999971,880.0,652.2571428571412
2026-01-14 19:00:00,96806.3,97648.6,96685.7,97257.8,512.45694584,49819584.544188107,49819584.544188107,1,962.9000000000087,842.3000000000029,120.60000000000582,962.9000000000087,697.9642857142846
2026-01-14 20:00:00,97257.8,97925.4,97207.7,97656.2,604.26613274,58953216.753090134,58953216.753090134,1,717.6999999999971,667.5999999999913,50.10000000000582,717.6999999999971,712.3928571428561
2026-01-14 21:00:00,97656.2,97714.9,97376.1,97560.8,247.19876154,24109681.693470967,24109681.693470967,1,338.79999999998836,58.69999999999709,280.09999999999127,338.79999999998836,709.0214285714267
2026-01-14 22:00:00,97560.9,97581.3,96758.1,96886.9,306.83909196,29825402.807419902,29825402.807419902,1,823.1999999999971,20.5,802.6999999999971,823.1999999999971,736.114285714284
2026-01-14 23:00:00,96886.9,97369.9,96865.0,96945.9,147.39971304,14308969.55277817,14308969.55277817,1,504.8999999999942,483.0,21.89999999999418,504.8999999999942,750.8999999999984
2026-01-15 00:00:00,96946.0,96999.6,96500.0,96653.5,352.2215868,34066774.94506498,34066774.94506498,1,499.6000000000058,53.70000000001164,445.8999999999942,499.6000000000058,757.864285714284
2026-01-15 01:00:00,96655.4,96961.8,96307.1,96446.2,240.95478859,23274441.267057727,23274441.267057727,1,654.6999999999971,308.3000000000029,346.3999999999942,654.6999999999971,780.0357142857122
2026-01-15 02:00:00,96446.1,96614.5,96100.0,96333.0,177.53382637,17106150.031997597,17106150.031997597,1,514.5,168.3000000000029,346.1999999999971,514.5,782.6714285714271
2026-01-15 03:00:00,96333.0,96400.0,95780.0,95990.5,358.45345002,34435469.433021335,34435469.433021335,1,620.0,67.0,553.0,620.0,802.1071428571419
2026-01-15 04:00:00,95990.5,96395.0,95965.4,96318.6,230.24339335,22146789.826933085,22146789.826933085,1,429.6000000000058,404.5,25.10000000000582,429.6000000000058,701.6071428571419
2026-01-15 05:00:00,96318.7,96522.7,96250.0,96438.9,174.80981203,16849100.070858181,16849100.070858181,1,272.6999999999971,204.09999999999127,68.60000000000582,272.6999999999971,656.6642857142849
2026-01-15 06:00:00,96438.8,96585.9,96187.9,96246.1,134.40190292,12953171.619068864,12953171.619068864,1,398.0,147.0,251.0,398.0,616.1857142857136
2026-01-15 07:00:00,96246.0,96762.9,96196.7,96634.5,384.03294522,37050621.15015914,37050621.15015914,1,566.1999999999971,516.7999999999884,49.40000000000873,566.1999999999971,584.4857142857135
2026-01-15 08:00:00,96634.6,96663.6,96293.1,96650.2,189.67915936,18302592.010723537,18302592.010723537,1,370.5,29.10000000000582,341.3999999999942,370.5,548.0928571428564
2026-01-11 06:00:00,90777.8,90800.0,90586.3,90743.0,47.13946115,4274172.139015539,4274172.139015539,1,213.6999999999971,,,213.6999999999971,213.6999999999971
2026-01-11 07:00:00,90743.0,90765.0,90672.0,90713.0,51.55423959,4676645.596118151,4676645.596118151,1,93.0,22.0,71.0,93.0,153.34999999999854
2026-01-11 08:00:00,90712.9,90806.3,90620.0,90787.3,276.10927202,25050357.843093298,25050357.843093298,1,186.3000000000029,93.30000000000291,93.0,186.3000000000029,164.33333333333334
2026-01-11 09:00:00,90788.2,90816.4,90653.5,90739.1,421.88545174,38284506.588491439,38284506.588491439,1,162.89999999999418,29.09999999999127,133.8000000000029,162.89999999999418,163.97499999999854
2026-01-11 10:00:00,90739.1,90761.4,90689.0,90728.9,28.76752492,2609893.360729086,2609893.360729086,1,72.39999999999418,22.29999999998836,50.10000000000582,72.39999999999418,145.65999999999767
2026-01-11 11:00:00,90729.0,90752.0,90696.0,90751.8,31.45814483,2854004.417289197,2854004.417289197,1,56.0,23.10000000000582,32.89999999999418,56.0,130.71666666666474
2026-01-11 12:00:00,90751.9,91033.0,90723.0,90938.1,93.10870438,8465374.372857881,8465374.372857881,1,310.0,281.1999999999971,28.80000000000291,310.0,156.32857142856977
2026-01-11 13:00:00,90938.1,90972.7,90822.5,90854.0,82.39697913,7489753.888060639,7489753.888060639,1,150.1999999999971,34.59999999999127,115.60000000000582,150.1999999999971,155.56249999999818
2026-01-11 14:00:00,90854.1,91199.8,90854.0,91126.1,101.61169412,9252875.591584268,9252875.591584268,1,345.8000000000029,345.8000000000029,0.0,345.8000000000029,176.6999999999987
2026-01-11 15:00:00,91126.1,91157.9,90711.4,90875.0,137.06704753,12462014.722218521,12462014.722218521,1,446.5,31.79999999998836,414.70000000001164,446.5,203.67999999999884
2026-01-11 16:00:00,90875.0,91284.6,90875.0,91041.9,118.59822454,10802603.972880225,10802603.972880225,1,409.6000000000058,409.6000000000058,0.0,409.6000000000058,222.39999999999947
2026-01-11 17:00:00,91042.0,91138.0,90912.0,90991.0,48.32468048,4399107.45772465,4399107.45772465,1,226.0,96.10000000000582,129.89999999999418,226.0,222.6999999999995
2026-01-11 18:00:00,90991.1,90991.1,90800.0,90882.9,45.99045951,4179679.064958694,4179679.064958694,1,191.10000000000582,0.10000000000582077,191.0,191.10000000000582,220.26923076923077
2026-01-11 19:00:00,90882.9,90932.0,90680.0,90693.1,31.54357856,2863853.48985495,2863853.48985495,1,252.0,49.10000000000582,202.89999999999418,252.0,222.53571428571428
2026-01-11 20:00:00,90693.1,90740.5,90424.3,90709.0,148.94350958,13487078.106036308,13487078.106036308,1,316.1999999999971,47.39999999999418,268.8000000000029,316.1999999999971,229.85714285714286
2026-01-11 21:00:00,90709.1,90836.3,90600.0,90759.0,44.86306926,4069682.831175137,4069682.831175137,1,236.3000000000029,127.30000000000291,109.0,236.3000000000029,240.09285714285735
2026-01-11 22:00:00,90759.1,90759.1,90455.8,90534.5,82.35397267,7461799.777861724,7461799.777861724,1,303.3000000000029,0.10000000000582077,303.1999999999971,303.3000000000029,248.45000000000022
2026-01-11 23:00:00,90534.4,91039.8,90230.3,91012.0,214.07575229,19410994.105751093,19410994.105751093,1,809.5,505.3000000000029,304.1999999999971,809.5,294.6357142857149
2026-01-12 00:00:00,91008.3,91255.6,90697.7,91255.6,222.78259444,20280453.860268811,20280453.860268811,1,557.9000000000087,243.60000000000582,314.3000000000029,557.9000000000087,329.3142857142874
2026-01-12 01:00:00,91255.7,91800.0,91099.4,91410.9,335.61197399,30695396.152784587,30695396.152784587,1,700.6000000000058,544.3999999999942,156.20000000001164,700.6000000000058,375.35714285714494
2026-01-12 02:00:00,91411.0,92396.4,91376.1,92210.1,422.74899793,38889167.118724004,38889167.118724004,1,1020.2999999999884,985.5,34.79999999998836,1020.2999999999884,426.0928571428584
2026-01-12 03:00:00,92211.8,92520.6,91805.4,91805.4,319.01275403,29421244.098548241,29421244.098548241,1,715.2000000000116,310.5,404.70000000001164,715.2000000000116,466.45000000000226
2026-01-12 04:00:00,91805.5,92281.7,91755.6,92160.0,124.53717313,11461377.423098606,11461377.423098606,1,526.0999999999913,476.3000000000029,49.79999999998836,526.0999999999913,479.3285714285729
2026-01-12 05:00:00,92160.1,92264.9,92048.4,92115.0,96.42016732,8884770.713873671,8884770.713873671,1,216.5,104.89999999999418,111.60000000000582,216.5,462.90000000000146
2026-01-12 06:00:00,92114.9,92208.0,91820.0,91839.1,136.64802883,12568283.497438013,12568283.497438013,1,388.0,93.0,295.0,388.0,461.3571428571439
2026-01-12 07:00:00,91839.1,91962.1,91400.0,91415.1,528.490474,48442857.175033613,48442857.175033613,1,562.1000000000058,123.0,439.1000000000058,562.1000000000058,485.3642857142872
2026-01-12 08:00:00,91415.1,91628.9,90400.0,90749.1,580.69904075,52778256.402353271,52778256.402353271,1,1228.8999999999942,213.79999999998836,1015.1000000000058,1228.8999999999942,559.4928571428578
2026-01-12 09:00:00,90749.1,90933.3,90646.1,90692.2,180.95933636,16433008.334714364,16433008.334714364,1,287.1999999999971,184.1999999999971,103.0,287.1999999999971,562.0071428571433
2026-01-12 10:00:00,90692.1,90793.0,90375.0,90435.9,149.27260652,13517169.57848921,13517169.57848921,1,418.0,100.80000000000291,317.1999999999971,418.0,569.278571428572
2026-01-12 11:00:00,90434.2,90816.1,90427.0,90630.1,165.21326359,14977035.121454335,14977035.121454335,1,389.1000000000058,380.20000000001164,8.89999999999418,389.1000000000058,580.192857142858
2026-01-12 12:00:00,90630.1,90870.4,90618.0,90789.0,73.0402834,6629157.49050605,6629157.49050605,1,252.39999999999418,240.29999999998836,12.10000000000582,252.39999999999418,576.557142857143
2026-01-12 13:00:00,90789.1,90829.7,90541.6,90632.1,150.14423847,13614122.733121293,13614122.733121293,1,288.09999999999127,40.69999999999709,247.39999999999418,288.09999999999127,539.3142857142853
2026-01-12 14:00:00,90632.1,91122.8,90132.1,90908.1,438.77331825,39757812.271452561,39757812.271452561,1,990.6999999999971,490.6999999999971,500.0,990.6999999999971,570.2285714285701
2026-01-12 15:00:00,90908.0,91679.6,90710.0,91666.9,367.10261225,33517183.940345519,33517183.940345519,1,969.6000000000058,771.5,198.10000000000582,969.6000000000058,589.4428571428559
2026-01-12 16:00:00,91666.0,92316.7,91575.0,92117.8,641.42504829,59003372.251430872,59003372.251430872,1,741.6999999999971,649.8000000000029,91.89999999999418,741.6999999999971,569.5428571428565
2026-01-12 17:00:00,92117.9,92299.1,91007.1,91522.5,510.64948513,46774494.415137832,46774494.415137832,1,1292.0,181.3000000000029,1110.699999999997,1292.0,610.7428571428557
2026-01-12 18:00:00,91522.6,91958.1,91415.1,91689.1,206.60046223,18954521.357794614,18954521.357794614,1,543.0,435.6000000000058,107.39999999999418,543.0,611.9499999999991
2026-01-12 19:00:00,91689.2,91881.3,91437.6,91864.9,131.5242544,12055329.168740881,12055329.168740881,1,443.6999999999971,192.1999999999971,251.5,443.6999999999971,628.1785714285704
2026-01-12 20:00:00,91864.9,92048.4,91416.6,91493.3,212.87155641,19508227.404874415,19508227.404874415,1,631.7999999999884,183.5,448.29999999998836,631.7999999999884,645.5928571428552
2026-01-12 21:00:00,91492.1,91500.0,90948.4,91056.0,158.43788366,14454876.813278923,14454876.813278923,1,551.6000000000058,6.69999999999709,544.9000000000087,551.6000000000058,644.8428571428552
2026-01-12 22:00:00,91056.0,91444.5,91056.0,91243.7,133.99910154,12237943.506216497,12237943.506216497,1,388.5,388.5,0.0,388.5,584.8142857142842
2026-01-12 23:00:00,91243.7,91319.9,91076.5,91304.0,53.12812533,4845658.997270267,4845658.997270267,1,243.39999999999418,76.19999999999709,167.1999999999971,243.39999999999418,581.6857142857126
2026-01-13 00:00:00,91304.0,91548.9,91257.0,91481.1,154.30764832,14104366.854061478,14104366.854061478,1,291.8999999999942,244.89999999999418,47.0,291.8999999999942,572.6785714285694
2026-01-13 01:00:00,91481.1,91548.0,91054.3,91188.0,82.43368771,7525218.467959754,7525218.467959754,1,493.6999999999971,66.89999999999418,426.8000000000029,493.6999999999971,580.1499999999972
2026-01-13 02:00:00,91188.0,91382.1,91102.2,91125.4,118.68310015,10826796.298685635,10826796.298685635,1,279.90000000000873,194.10000000000582,85.80000000000291,279.90000000000873,582.114285714284
2026-01-13 03:00:00,91125.5,91471.2,91125.1,91412.0,120.6913497,11020766.067645064,11020766.067645064,1,346.09999999999127,345.8000000000029,0.29999999998835847,346.09999999999127,586.2571428571412
2026-01-13 04:00:00,91412.1,91647.2,91349.9,91515.9,62.52384798,5718843.73975984,5718843.73975984,1,297.3000000000029,235.1999999999971,62.10000000000582,297.3000000000029,536.7285714285701
2026-01-13 05:00:00,91516.0,92256.9,91480.5,91924.5,273.85033642,25180944.629915467,25180944.629915467,1,776.3999999999942,741.0,35.39999999999418,776.3999999999942,522.9285714285694
2026-01-13 06:00:00,91924.6,92270.8,91811.5,92179.1,186.56114257,17170290.069550624,17170290.069550624,1,459.3000000000029,346.3000000000029,113.0,459.3000000000029,502.7571428571412
2026-01-13 07:00:00,92179.2,92207.0,91882.9,91949.7,672.8691819,61897171.063796031,61897171.063796031,1,324.1000000000058,27.89999999999418,296.20000000001164,324.1000000000058,433.6214285714273
2026-01-13 08:00:00,91949.7,92253.2,91908.4,92170.1,374.1430512,34431893.67532512,34431893.67532512,1,344.8000000000029,303.5,41.30000000000291,344.8000000000029,419.4642857142847
2026-01-13 09:00:00,92170.1,92666.0,91940.7,92264.7,332.88317456,30741790.842557198,30741790.842557198,1,725.3000000000029,495.8999999999942,229.40000000000873,725.3000000000029,439.5785714285708
2026-01-13 10:00:00,92264.7,92338.6,92022.0,92134.4,129.23897115,11916639.506247933,11916639.506247933,1,316.6000000000058,73.90000000000873,242.6999999999971,316.6000000000058,417.0642857142863
2026-01-13 11:00:00,92134.5,92258.6,91970.7,92001.0,128.14715601,11803597.454704142,11803597.454704142,1,287.90000000000873,124.20000000001164,163.6999999999971,287.90000000000873,398.22857142857225
2026-01-13 12:00:00,92001.1,92150.0,91916.2,92104.9,89.96696491,8283363.47262718,8283363.47262718,1,233.8000000000029,149.0,84.80000000000291,233.8000000000029,387.17857142857247
2026-01-13 13:00:00,92105.0,92607.0,91989.1,92074.9,501.55595981,46269176.897322829,46269176.897322829,1,617.8999999999942,502.1000000000058,115.79999999998836,617.8999999999942,413.92857142857247
2026-01-13 14:00:00,92074.9,92922.8,91790.0,92471.1,495.65949432,45819934.662136649,45819934.662136649,1,1132.800000000003,847.9000000000087,284.8999999999942,1132.800000000003,473.9928571428588
2026-01-13 15:00:00,92471.0,93456.0,92134.8,93455.9,595.3351178,55277802.857471831,55277802.857471831,1,1321.199999999997,984.8999999999942,336.3000000000029,1321.199999999997,533.1000000000016
2026-01-13 16:00:00,93455.9,93753.0,93080.7,93392.0,724.56704923,67741381.285219266,67741381.285219266,1,672.3000000000029,297.1000000000058,375.1999999999971,672.3000000000029,561.1285714285726
2026-01-13 17:00:00,93392.1,93494.0,93101.1,93244.0,228.59657494,21335502.105395803,21335502.105395803,1,392.8999999999942,102.0,290.8999999999942,392.8999999999942,564.47142857143
2026-01-13 18:00:00,93243.0,93871.7,93200.1,93629.4,265.82168368,24874386.639117492,24874386.639117492,1,671.5999999999913,627.6999999999971,43.89999999999418,671.5999999999913,591.2071428571435
2026-01-13 19:00:00,93629.4,94243.6,93475.0,94224.1,515.69539456,48401727.33207396,48401727.33207396,1,768.6000000000058,614.2000000000116,154.39999999999418,768.6000000000058,590.6500000000015
2026-01-13 20:00:00,94224.2,94510.1,94117.4,94412.6,723.26348036,68215655.728678229,68215655.728678229,1,392.70000000001164,286.0,106.70000000001164,392.70000000001164,585.8928571428593
2026-01-13 21:00:00,94412.7,94526.3,94060.0,94091.0,235.63804212,22224207.822008248,22224207.822008248,1,466.3000000000029,113.69999999999709,352.6000000000058,466.3000000000029,596.0500000000019
2026-01-13 22:00:00,94091.1,96543.0,94091.1,95755.0,1836.33443741,175410090.848696499,175410090.848696499,1,2451.899999999994,2452.0,0.10000000000582077,2452.0,746.5642857142874
2026-01-13 23:00:00,95758.0,96097.0,95070.0,95411.8,613.68722289,58722702.769467386,58722702.769467386,1,1027.0,342.0,685.0,1027.0,768.1142857142871
2026-01-14 00:00:00,95411.8,95664.6,95173.9,95241.0,239.37544371,22838621.298915929,22838621.298915929,1,490.70000000001164,252.8000000000029,237.90000000000873,490.70000000001164,780.5500000000019
2026-01-14 01:00:00,95241.0,95581.9,95142.8,95245.0,360.14014907,34341293.024147042,34341293.024147042,1,439.09999999999127,340.8999999999942,98.19999999999709,439.09999999999127,791.3500000000006
2026-01-14 02:00:00,95245.1,95561.9,95211.4,95349.0,242.3064343,23116803.563988516,23116803.563988516,1,350.5,316.8999999999942,33.60000000000582,350.5,799.6857142857147
2026-01-14 03:00:00,95349.0,95722.5,95283.2,95722.3,181.53390932,17336931.500101907,17336931.500101907,1,439.3000000000029,373.5,65.80000000000291,439.3000000000029,786.9285714285725
2026-01-14 04:00:00,95722.3,95796.8,95230.3,95246.0,218.86185582,20892686.580770568,20892686.580770568,1,566.5,74.5,492.0,566.5,746.4785714285723
2026-01-14 05:00:00,95246.1,95280.7,94957.7,95012.5,350.08250115,33289114.721341727,33289114.721341727,1,323.0,34.69999999999709,288.3000000000029,323.0,675.1785714285725
2026-01-14 06:00:00,95012.5,95037.4,94521.7,95037.3,399.21719965,37856848.162749052,37856848.162749052,1,515.6999999999971,24.89999999999418,490.8000000000029,515.6999999999971,663.9928571428578
2026-01-14 07:00:00,95037.4,95230.0,94844.0,95201.9,499.48489874,47483651.4391048,47483651.4391048,1,386.0,192.6999999999971,193.3000000000029,386.0,663.500000000001
2026-01-14 08:00:00,95201.9,95310.5,94866.6,94901.2,220.24319921,20947533.396039713,20947533.396039713,1,443.8999999999942,108.60000000000582,335.29999999998836,443.8999999999942,647.2357142857155
2026-01-14 09:00:00,94901.2,95181.0,94883.1,95091.1,376.50842309,35788483.386772632,35788483.386772632,1,297.8999999999942,279.8000000000029,18.09999999999127,297.8999999999942,613.6142857142861
2026-01-14 10:00:00,95091.0,95297.5,94895.4,95094.3,282.47880667,26870751.028143531,26870751.028143531,1,402.1000000000058,206.39999999999418,195.70000000001164,402.1000000000058,614.2857142857143
2026-01-14 11:00:00,95093.8,95093.8,94750.0,94797.7,220.8793008,20970190.949464199,20970190.949464199,1,343.8000000000029,0.5,344.3000000000029,344.3000000000029,605.5714285714286
2026-01-14 12:00:00,94797.7,95165.7,94688.1,95079.7,188.18468783,17878194.387617177,17878194.387617177,1,477.59999999999127,368.0,109.59999999999127,477.59999999999127,464.5428571428565
2026-01-14 13:00:00,95079.7,95240.2,94892.3,94997.0,149.57372963,14220389.020690293,14220389.020690293,1,347.8999999999942,160.5,187.39999999999418,347.8999999999942,416.03571428571325
2026-01-14 14:00:00,94997.0,96820.5,94983.9,96481.3,1151.60693601,110640089.842372494,110640089.842372494,1,1836.6000000000058,1823.5,13.10000000000582,1836.6000000000058,512.1714285714271
2026-01-14 15:00:00,96481.3,97088.0,96186.1,96755.6,1109.24876434,107253261.470403092,107253261.470403092,1,901.8999999999942,606.6999999999971,295.1999999999971,901.8999999999942,545.2285714285701
2026-01-14 16:00:00,96755.5,97696.7,96732.0,97285.5,1524.90198265,148331590.323989601,148331590.323989601,1,964.6999999999971,941.0999999999913,23.60000000000582,964.6999999999971,589.0999999999985
2026-01-14 17:00:00,97285.5,97776.0,96766.0,96953.2,1043.78772161,101639219.00311798,101639219.00311798,1,1010.0,490.5,519.5,1010.0,629.864285714284
2026-01-14 18:00:00,96953.1,97109.5,96229.5,96806.3,834.83314115,80706449.02842337,80706449.02842337,1,880.0,156.3000000000029,723.6999999999971,880.0,652.2571428571412
2026-01-14 19:00:00,96806.3,97648.6,96685.7,97257.8,512.45694584,49819584.544188107,49819584.544188107,1,962.9000000000087,842.3000000000029,120.60000000000582,962.9000000000087,697.9642857142846
2026-01-14 20:00:00,97257.8,97925.4,97207.7,97656.2,604.26613274,58953216.753090134,58953216.753090134,1,717.6999999999971,667.5999999999913,50.10000000000582,717.6999999999971,712.3928571428561
2026-01-14 21:00:00,97656.2,97714.9,97376.1,97560.8,247.19876154,24109681.693470967,24109681.693470967,1,338.79999999998836,58.69999999999709,280.09999999999127,338.79999999998836,709.0214285714267
2026-01-14 22:00:00,97560.9,97581.3,96758.1,96886.9,306.83909196,29825402.807419902,29825402.807419902,1,823.1999999999971,20.5,802.6999999999971,823.1999999999971,736.114285714284
2026-01-14 23:00:00,96886.9,97369.9,96865.0,96945.9,147.39971304,14308969.55277817,14308969.55277817,1,504.8999999999942,483.0,21.89999999999418,504.8999999999942,750.8999999999984
2026-01-15 00:00:00,96946.0,96999.6,96500.0,96653.5,352.2215868,34066774.94506498,34066774.94506498,1,499.6000000000058,53.70000000001164,445.8999999999942,499.6000000000058,757.864285714284
2026-01-15 01:00:00,96655.4,96961.8,96307.1,96446.2,240.95478859,23274441.267057727,23274441.267057727,1,654.6999999999971,308.3000000000029,346.3999999999942,654.6999999999971,780.0357142857122
2026-01-15 02:00:00,96446.1,96614.5,96100.0,96333.0,177.53382637,17106150.031997597,17106150.031997597,1,514.5,168.3000000000029,346.1999999999971,514.5,782.6714285714271
2026-01-15 03:00:00,96333.0,96400.0,95780.0,95990.5,358.45345002,34435469.433021335,34435469.433021335,1,620.0,67.0,553.0,620.0,802.1071428571419
2026-01-15 04:00:00,95990.5,96395.0,95965.4,96318.6,230.24339335,22146789.826933085,22146789.826933085,1,429.6000000000058,404.5,25.10000000000582,429.6000000000058,701.6071428571419
2026-01-15 05:00:00,96318.7,96522.7,96250.0,96438.9,174.80981203,16849100.070858181,16849100.070858181,1,272.6999999999971,204.09999999999127,68.60000000000582,272.6999999999971,656.6642857142849
2026-01-15 06:00:00,96438.8,96585.9,96187.9,96246.1,134.40190292,12953171.619068864,12953171.619068864,1,398.0,147.0,251.0,398.0,616.1857142857136
2026-01-15 07:00:00,96246.0,96762.9,96196.7,96634.5,384.03294522,37050621.15015914,37050621.15015914,1,566.1999999999971,516.7999999999884,49.40000000000873,566.1999999999971,584.4857142857135
2026-01-15 08:00:00,96634.6,96663.6,96293.1,96650.2,189.67915936,18302592.010723537,18302592.010723537,1,370.5,29.10000000000582,341.3999999999942,370.5,548.0928571428564
2026-01-15 09:00:00,96650.1,97189.9,96564.9,97036.9,208.62644932,20220906.190458348,20220906.190458348,1,625.0,539.6999999999971,85.30000000000291,625.0,523.9571428571414
2026-01-11 06:00:00,90777.8,90800.0,90586.3,90743.0,47.13946115,4274172.139015539,4274172.139015539,1,213.6999999999971,,,213.6999999999971,213.6999999999971
2026-01-11 07:00:00,90743.0,90765.0,90672.0,90713.0,51.55423959,4676645.596118151,4676645.596118151,1,93.0,22.0,71.0,93.0,153.34999999999854
2026-01-11 08:00:00,90712.9,90806.3,90620.0,90787.3,276.10927202,25050357.843093298,25050357.843093298,1,186.3000000000029,93.30000000000291,93.0,186.3000000000029,164.33333333333334
2026-01-11 09:00:00,90788.2,90816.4,90653.5,90739.1,421.88545174,38284506.588491439,38284506.588491439,1,162.89999999999418,29.09999999999127,133.8000000000029,162.89999999999418,163.97499999999854
2026-01-11 10:00:00,90739.1,90761.4,90689.0,90728.9,28.76752492,2609893.360729086,2609893.360729086,1,72.39999999999418,22.29999999998836,50.10000000000582,72.39999999999418,145.65999999999767
2026-01-11 11:00:00,90729.0,90752.0,90696.0,90751.8,31.45814483,2854004.417289197,2854004.417289197,1,56.0,23.10000000000582,32.89999999999418,56.0,130.71666666666474
2026-01-11 12:00:00,90751.9,91033.0,90723.0,90938.1,93.10870438,8465374.372857881,8465374.372857881,1,310.0,281.1999999999971,28.80000000000291,310.0,156.32857142856977
2026-01-11 13:00:00,90938.1,90972.7,90822.5,90854.0,82.39697913,7489753.888060639,7489753.888060639,1,150.1999999999971,34.59999999999127,115.60000000000582,150.1999999999971,155.56249999999818
2026-01-11 14:00:00,90854.1,91199.8,90854.0,91126.1,101.61169412,9252875.591584268,9252875.591584268,1,345.8000000000029,345.8000000000029,0.0,345.8000000000029,176.6999999999987
2026-01-11 15:00:00,91126.1,91157.9,90711.4,90875.0,137.06704753,12462014.722218521,12462014.722218521,1,446.5,31.79999999998836,414.70000000001164,446.5,203.67999999999884
2026-01-11 16:00:00,90875.0,91284.6,90875.0,91041.9,118.59822454,10802603.972880225,10802603.972880225,1,409.6000000000058,409.6000000000058,0.0,409.6000000000058,222.39999999999947
2026-01-11 17:00:00,91042.0,91138.0,90912.0,90991.0,48.32468048,4399107.45772465,4399107.45772465,1,226.0,96.10000000000582,129.89999999999418,226.0,222.6999999999995
2026-01-11 18:00:00,90991.1,90991.1,90800.0,90882.9,45.99045951,4179679.064958694,4179679.064958694,1,191.10000000000582,0.10000000000582077,191.0,191.10000000000582,220.26923076923077
2026-01-11 19:00:00,90882.9,90932.0,90680.0,90693.1,31.54357856,2863853.48985495,2863853.48985495,1,252.0,49.10000000000582,202.89999999999418,252.0,222.53571428571428
2026-01-11 20:00:00,90693.1,90740.5,90424.3,90709.0,148.94350958,13487078.106036308,13487078.106036308,1,316.1999999999971,47.39999999999418,268.8000000000029,316.1999999999971,229.85714285714286
2026-01-11 21:00:00,90709.1,90836.3,90600.0,90759.0,44.86306926,4069682.831175137,4069682.831175137,1,236.3000000000029,127.30000000000291,109.0,236.3000000000029,240.09285714285735
2026-01-11 22:00:00,90759.1,90759.1,90455.8,90534.5,82.35397267,7461799.777861724,7461799.777861724,1,303.3000000000029,0.10000000000582077,303.1999999999971,303.3000000000029,248.45000000000022
2026-01-11 23:00:00,90534.4,91039.8,90230.3,91012.0,214.07575229,19410994.105751093,19410994.105751093,1,809.5,505.3000000000029,304.1999999999971,809.5,294.6357142857149
2026-01-12 00:00:00,91008.3,91255.6,90697.7,91255.6,222.78259444,20280453.860268811,20280453.860268811,1,557.9000000000087,243.60000000000582,314.3000000000029,557.9000000000087,329.3142857142874
2026-01-12 01:00:00,91255.7,91800.0,91099.4,91410.9,335.61197399,30695396.152784587,30695396.152784587,1,700.6000000000058,544.3999999999942,156.20000000001164,700.6000000000058,375.35714285714494
2026-01-12 02:00:00,91411.0,92396.4,91376.1,92210.1,422.74899793,38889167.118724004,38889167.118724004,1,1020.2999999999884,985.5,34.79999999998836,1020.2999999999884,426.0928571428584
2026-01-12 03:00:00,92211.8,92520.6,91805.4,91805.4,319.01275403,29421244.098548241,29421244.098548241,1,715.2000000000116,310.5,404.70000000001164,715.2000000000116,466.45000000000226
2026-01-12 04:00:00,91805.5,92281.7,91755.6,92160.0,124.53717313,11461377.423098606,11461377.423098606,1,526.0999999999913,476.3000000000029,49.79999999998836,526.0999999999913,479.3285714285729
2026-01-12 05:00:00,92160.1,92264.9,92048.4,92115.0,96.42016732,8884770.713873671,8884770.713873671,1,216.5,104.89999999999418,111.60000000000582,216.5,462.90000000000146
2026-01-12 06:00:00,92114.9,92208.0,91820.0,91839.1,136.64802883,12568283.497438013,12568283.497438013,1,388.0,93.0,295.0,388.0,461.3571428571439
2026-01-12 07:00:00,91839.1,91962.1,91400.0,91415.1,528.490474,48442857.175033613,48442857.175033613,1,562.1000000000058,123.0,439.1000000000058,562.1000000000058,485.3642857142872
2026-01-12 08:00:00,91415.1,91628.9,90400.0,90749.1,580.69904075,52778256.402353271,52778256.402353271,1,1228.8999999999942,213.79999999998836,1015.1000000000058,1228.8999999999942,559.4928571428578
2026-01-12 09:00:00,90749.1,90933.3,90646.1,90692.2,180.95933636,16433008.334714364,16433008.334714364,1,287.1999999999971,184.1999999999971,103.0,287.1999999999971,562.0071428571433
2026-01-12 10:00:00,90692.1,90793.0,90375.0,90435.9,149.27260652,13517169.57848921,13517169.57848921,1,418.0,100.80000000000291,317.1999999999971,418.0,569.278571428572
2026-01-12 11:00:00,90434.2,90816.1,90427.0,90630.1,165.21326359,14977035.121454335,14977035.121454335,1,389.1000000000058,380.20000000001164,8.89999999999418,389.1000000000058,580.192857142858
2026-01-12 12:00:00,90630.1,90870.4,90618.0,90789.0,73.0402834,6629157.49050605,6629157.49050605,1,252.39999999999418,240.29999999998836,12.10000000000582,252.39999999999418,576.557142857143
2026-01-12 13:00:00,90789.1,90829.7,90541.6,90632.1,150.14423847,13614122.733121293,13614122.733121293,1,288.09999999999127,40.69999999999709,247.39999999999418,288.09999999999127,539.3142857142853
2026-01-12 14:00:00,90632.1,91122.8,90132.1,90908.1,438.77331825,39757812.271452561,39757812.271452561,1,990.6999999999971,490.6999999999971,500.0,990.6999999999971,570.2285714285701
2026-01-12 15:00:00,90908.0,91679.6,90710.0,91666.9,367.10261225,33517183.940345519,33517183.940345519,1,969.6000000000058,771.5,198.10000000000582,969.6000000000058,589.4428571428559
2026-01-12 16:00:00,91666.0,92316.7,91575.0,92117.8,641.42504829,59003372.251430872,59003372.251430872,1,741.6999999999971,649.8000000000029,91.89999999999418,741.6999999999971,569.5428571428565
2026-01-12 17:00:00,92117.9,92299.1,91007.1,91522.5,510.64948513,46774494.415137832,46774494.415137832,1,1292.0,181.3000000000029,1110.699999999997,1292.0,610.7428571428557
2026-01-12 18:00:00,91522.6,91958.1,91415.1,91689.1,206.60046223,18954521.357794614,18954521.357794614,1,543.0,435.6000000000058,107.39999999999418,543.0,611.9499999999991
2026-01-12 19:00:00,91689.2,91881.3,91437.6,91864.9,131.5242544,12055329.168740881,12055329.168740881,1,443.6999999999971,192.1999999999971,251.5,443.6999999999971,628.1785714285704
2026-01-12 20:00:00,91864.9,92048.4,91416.6,91493.3,212.87155641,19508227.404874415,19508227.404874415,1,631.7999999999884,183.5,448.29999999998836,631.7999999999884,645.5928571428552
2026-01-12 21:00:00,91492.1,91500.0,90948.4,91056.0,158.43788366,14454876.813278923,14454876.813278923,1,551.6000000000058,6.69999999999709,544.9000000000087,551.6000000000058,644.8428571428552
2026-01-12 22:00:00,91056.0,91444.5,91056.0,91243.7,133.99910154,12237943.506216497,12237943.506216497,1,388.5,388.5,0.0,388.5,584.8142857142842
2026-01-12 23:00:00,91243.7,91319.9,91076.5,91304.0,53.12812533,4845658.997270267,4845658.997270267,1,243.39999999999418,76.19999999999709,167.1999999999971,243.39999999999418,581.6857142857126
2026-01-13 00:00:00,91304.0,91548.9,91257.0,91481.1,154.30764832,14104366.854061478,14104366.854061478,1,291.8999999999942,244.89999999999418,47.0,291.8999999999942,572.6785714285694
2026-01-13 01:00:00,91481.1,91548.0,91054.3,91188.0,82.43368771,7525218.467959754,7525218.467959754,1,493.6999999999971,66.89999999999418,426.8000000000029,493.6999999999971,580.1499999999972
2026-01-13 02:00:00,91188.0,91382.1,91102.2,91125.4,118.68310015,10826796.298685635,10826796.298685635,1,279.90000000000873,194.10000000000582,85.80000000000291,279.90000000000873,582.114285714284
2026-01-13 03:00:00,91125.5,91471.2,91125.1,91412.0,120.6913497,11020766.067645064,11020766.067645064,1,346.09999999999127,345.8000000000029,0.29999999998835847,346.09999999999127,586.2571428571412
2026-01-13 04:00:00,91412.1,91647.2,91349.9,91515.9,62.52384798,5718843.73975984,5718843.73975984,1,297.3000000000029,235.1999999999971,62.10000000000582,297.3000000000029,536.7285714285701
2026-01-13 05:00:00,91516.0,92256.9,91480.5,91924.5,273.85033642,25180944.629915467,25180944.629915467,1,776.3999999999942,741.0,35.39999999999418,776.3999999999942,522.9285714285694
2026-01-13 06:00:00,91924.6,92270.8,91811.5,92179.1,186.56114257,17170290.069550624,17170290.069550624,1,459.3000000000029,346.3000000000029,113.0,459.3000000000029,502.7571428571412
2026-01-13 07:00:00,92179.2,92207.0,91882.9,91949.7,672.8691819,61897171.063796031,61897171.063796031,1,324.1000000000058,27.89999999999418,296.20000000001164,324.1000000000058,433.6214285714273
2026-01-13 08:00:00,91949.7,92253.2,91908.4,92170.1,374.1430512,34431893.67532512,34431893.67532512,1,344.8000000000029,303.5,41.30000000000291,344.8000000000029,419.4642857142847
2026-01-13 09:00:00,92170.1,92666.0,91940.7,92264.7,332.88317456,30741790.842557198,30741790.842557198,1,725.3000000000029,495.8999999999942,229.40000000000873,725.3000000000029,439.5785714285708
2026-01-13 10:00:00,92264.7,92338.6,92022.0,92134.4,129.23897115,11916639.506247933,11916639.506247933,1,316.6000000000058,73.90000000000873,242.6999999999971,316.6000000000058,417.0642857142863
2026-01-13 11:00:00,92134.5,92258.6,91970.7,92001.0,128.14715601,11803597.454704142,11803597.454704142,1,287.90000000000873,124.20000000001164,163.6999999999971,287.90000000000873,398.22857142857225
2026-01-13 12:00:00,92001.1,92150.0,91916.2,92104.9,89.96696491,8283363.47262718,8283363.47262718,1,233.8000000000029,149.0,84.80000000000291,233.8000000000029,387.17857142857247
2026-01-13 13:00:00,92105.0,92607.0,91989.1,92074.9,501.55595981,46269176.897322829,46269176.897322829,1,617.8999999999942,502.1000000000058,115.79999999998836,617.8999999999942,413.92857142857247
2026-01-13 14:00:00,92074.9,92922.8,91790.0,92471.1,495.65949432,45819934.662136649,45819934.662136649,1,1132.800000000003,847.9000000000087,284.8999999999942,1132.800000000003,473.9928571428588
2026-01-13 15:00:00,92471.0,93456.0,92134.8,93455.9,595.3351178,55277802.857471831,55277802.857471831,1,1321.199999999997,984.8999999999942,336.3000000000029,1321.199999999997,533.1000000000016
2026-01-13 16:00:00,93455.9,93753.0,93080.7,93392.0,724.56704923,67741381.285219266,67741381.285219266,1,672.3000000000029,297.1000000000058,375.1999999999971,672.3000000000029,561.1285714285726
2026-01-13 17:00:00,93392.1,93494.0,93101.1,93244.0,228.59657494,21335502.105395803,21335502.105395803,1,392.8999999999942,102.0,290.8999999999942,392.8999999999942,564.47142857143
2026-01-13 18:00:00,93243.0,93871.7,93200.1,93629.4,265.82168368,24874386.639117492,24874386.639117492,1,671.5999999999913,627.6999999999971,43.89999999999418,671.5999999999913,591.2071428571435
2026-01-13 19:00:00,93629.4,94243.6,93475.0,94224.1,515.69539456,48401727.33207396,48401727.33207396,1,768.6000000000058,614.2000000000116,154.39999999999418,768.6000000000058,590.6500000000015
2026-01-13 20:00:00,94224.2,94510.1,94117.4,94412.6,723.26348036,68215655.728678229,68215655.728678229,1,392.70000000001164,286.0,106.70000000001164,392.70000000001164,585.8928571428593
2026-01-13 21:00:00,94412.7,94526.3,94060.0,94091.0,235.63804212,22224207.822008248,22224207.822008248,1,466.3000000000029,113.69999999999709,352.6000000000058,466.3000000000029,596.0500000000019
2026-01-13 22:00:00,94091.1,96543.0,94091.1,95755.0,1836.33443741,175410090.848696499,175410090.848696499,1,2451.899999999994,2452.0,0.10000000000582077,2452.0,746.5642857142874
2026-01-13 23:00:00,95758.0,96097.0,95070.0,95411.8,613.68722289,58722702.769467386,58722702.769467386,1,1027.0,342.0,685.0,1027.0,768.1142857142871
2026-01-14 00:00:00,95411.8,95664.6,95173.9,95241.0,239.37544371,22838621.298915929,22838621.298915929,1,490.70000000001164,252.8000000000029,237.90000000000873,490.70000000001164,780.5500000000019
2026-01-14 01:00:00,95241.0,95581.9,95142.8,95245.0,360.14014907,34341293.024147042,34341293.024147042,1,439.09999999999127,340.8999999999942,98.19999999999709,439.09999999999127,791.3500000000006
2026-01-14 02:00:00,95245.1,95561.9,95211.4,95349.0,242.3064343,23116803.563988516,23116803.563988516,1,350.5,316.8999999999942,33.60000000000582,350.5,799.6857142857147
2026-01-14 03:00:00,95349.0,95722.5,95283.2,95722.3,181.53390932,17336931.500101907,17336931.500101907,1,439.3000000000029,373.5,65.80000000000291,439.3000000000029,786.9285714285725
2026-01-14 04:00:00,95722.3,95796.8,95230.3,95246.0,218.86185582,20892686.580770568,20892686.580770568,1,566.5,74.5,492.0,566.5,746.4785714285723
2026-01-14 05:00:00,95246.1,95280.7,94957.7,95012.5,350.08250115,33289114.721341727,33289114.721341727,1,323.0,34.69999999999709,288.3000000000029,323.0,675.1785714285725
2026-01-14 06:00:00,95012.5,95037.4,94521.7,95037.3,399.21719965,37856848.162749052,37856848.162749052,1,515.6999999999971,24.89999999999418,490.8000000000029,515.6999999999971,663.9928571428578
2026-01-14 07:00:00,95037.4,95230.0,94844.0,95201.9,499.48489874,47483651.4391048,47483651.4391048,1,386.0,192.6999999999971,193.3000000000029,386.0,663.500000000001
2026-01-14 08:00:00,95201.9,95310.5,94866.6,94901.2,220.24319921,20947533.396039713,20947533.396039713,1,443.8999999999942,108.60000000000582,335.29999999998836,443.8999999999942,647.2357142857155
2026-01-14 09:00:00,94901.2,95181.0,94883.1,95091.1,376.50842309,35788483.386772632,35788483.386772632,1,297.8999999999942,279.8000000000029,18.09999999999127,297.8999999999942,613.6142857142861
2026-01-14 10:00:00,95091.0,95297.5,94895.4,95094.3,282.47880667,26870751.028143531,26870751.028143531,1,402.1000000000058,206.39999999999418,195.70000000001164,402.1000000000058,614.2857142857143
2026-01-14 11:00:00,95093.8,95093.8,94750.0,94797.7,220.8793008,20970190.949464199,20970190.949464199,1,343.8000000000029,0.5,344.3000000000029,344.3000000000029,605.5714285714286
2026-01-14 12:00:00,94797.7,95165.7,94688.1,95079.7,188.18468783,17878194.387617177,17878194.387617177,1,477.59999999999127,368.0,109.59999999999127,477.59999999999127,464.5428571428565
2026-01-14 13:00:00,95079.7,95240.2,94892.3,94997.0,149.57372963,14220389.020690293,14220389.020690293,1,347.8999999999942,160.5,187.39999999999418,347.8999999999942,416.03571428571325
2026-01-14 14:00:00,94997.0,96820.5,94983.9,96481.3,1151.60693601,110640089.842372494,110640089.842372494,1,1836.6000000000058,1823.5,13.10000000000582,1836.6000000000058,512.1714285714271
2026-01-14 15:00:00,96481.3,97088.0,96186.1,96755.6,1109.24876434,107253261.470403092,107253261.470403092,1,901.8999999999942,606.6999999999971,295.1999999999971,901.8999999999942,545.2285714285701
2026-01-14 16:00:00,96755.5,97696.7,96732.0,97285.5,1524.90198265,148331590.323989601,148331590.323989601,1,964.6999999999971,941.0999999999913,23.60000000000582,964.6999999999971,589.0999999999985
2026-01-14 17:00:00,97285.5,97776.0,96766.0,96953.2,1043.78772161,101639219.00311798,101639219.00311798,1,1010.0,490.5,519.5,1010.0,629.864285714284
2026-01-14 18:00:00,96953.1,97109.5,96229.5,96806.3,834.83314115,80706449.02842337,80706449.02842337,1,880.0,156.3000000000029,723.6999999999971,880.0,652.2571428571412
2026-01-14 19:00:00,96806.3,97648.6,96685.7,97257.8,512.45694584,49819584.544188107,49819584.544188107,1,962.9000000000087,842.3000000000029,120.60000000000582,962.9000000000087,697.9642857142846
2026-01-14 20:00:00,97257.8,97925.4,97207.7,97656.2,604.26613274,58953216.753090134,58953216.753090134,1,717.6999999999971,667.5999999999913,50.10000000000582,717.6999999999971,712.3928571428561
2026-01-14 21:00:00,97656.2,97714.9,97376.1,97560.8,247.19876154,24109681.693470967,24109681.693470967,1,338.79999999998836,58.69999999999709,280.09999999999127,338.79999999998836,709.0214285714267
2026-01-14 22:00:00,97560.9,97581.3,96758.1,96886.9,306.83909196,29825402.807419902,29825402.807419902,1,823.1999999999971,20.5,802.6999999999971,823.1999999999971,736.114285714284
2026-01-14 23:00:00,96886.9,97369.9,96865.0,96945.9,147.39971304,14308969.55277817,14308969.55277817,1,504.8999999999942,483.0,21.89999999999418,504.8999999999942,750.8999999999984
2026-01-15 00:00:00,96946.0,96999.6,96500.0,96653.5,352.2215868,34066774.94506498,34066774.94506498,1,499.6000000000058,53.70000000001164,445.8999999999942,499.6000000000058,757.864285714284
2026-01-15 01:00:00,96655.4,96961.8,96307.1,96446.2,240.95478859,23274441.267057727,23274441.267057727,1,654.6999999999971,308.3000000000029,346.3999999999942,654.6999999999971,780.0357142857122
2026-01-15 02:00:00,96446.1,96614.5,96100.0,96333.0,177.53382637,17106150.031997597,17106150.031997597,1,514.5,168.3000000000029,346.1999999999971,514.5,782.6714285714271
2026-01-15 03:00:00,96333.0,96400.0,95780.0,95990.5,358.45345002,34435469.433021335,34435469.433021335,1,620.0,67.0,553.0,620.0,802.1071428571419
2026-01-15 04:00:00,95990.5,96395.0,95965.4,96318.6,230.24339335,22146789.826933085,22146789.826933085,1,429.6000000000058,404.5,25.10000000000582,429.6000000000058,701.6071428571419
2026-01-15 05:00:00,96318.7,96522.7,96250.0,96438.9,174.80981203,16849100.070858181,16849100.070858181,1,272.6999999999971,204.09999999999127,68.60000000000582,272.6999999999971,656.6642857142849
2026-01-15 06:00:00,96438.8,96585.9,96187.9,96246.1,134.40190292,12953171.619068864,12953171.619068864,1,398.0,147.0,251.0,398.0,616.1857142857136
2026-01-15 07:00:00,96246.0,96762.9,96196.7,96634.5,384.03294522,37050621.15015914,37050621.15015914,1,566.1999999999971,516.7999999999884,49.40000000000873,566.1999999999971,584.4857142857135
2026-01-15 08:00:00,96634.6,96663.6,96293.1,96650.2,189.67915936,18302592.010723537,18302592.010723537,1,370.5,29.10000000000582,341.3999999999942,370.5,548.0928571428564
2026-01-15 09:00:00,96650.1,97189.9,96564.9,97036.9,208.62644932,20220906.190458348,20220906.190458348,1,625.0,539.6999999999971,85.30000000000291,625.0,523.9571428571414
2026-01-11 07:00:00,90743.0,90765.0,90672.0,90713.0,51.55423959,4676645.596118151,4676645.596118151,1,93.0,,,93.0,93.0
2026-01-11 08:00:00,90712.9,90806.3,90620.0,90787.3,276.10927202,25050357.843093298,25050357.843093298,1,186.3000000000029,93.30000000000291,93.0,186.3000000000029,139.65000000000146
2026-01-11 09:00:00,90788.2,90816.4,90653.5,90739.1,421.88545174,38284506.588491439,38284506.588491439,1,162.89999999999418,29.09999999999127,133.8000000000029,162.89999999999418,147.39999999999904
2026-01-11 10:00:00,90739.1,90761.4,90689.0,90728.9,28.76752492,2609893.360729086,2609893.360729086,1,72.39999999999418,22.29999999998836,50.10000000000582,72.39999999999418,128.64999999999782
2026-01-11 11:00:00,90729.0,90752.0,90696.0,90751.8,31.45814483,2854004.417289197,2854004.417289197,1,56.0,23.10000000000582,32.89999999999418,56.0,114.11999999999826
2026-01-11 12:00:00,90751.9,91033.0,90723.0,90938.1,93.10870438,8465374.372857881,8465374.372857881,1,310.0,281.1999999999971,28.80000000000291,310.0,146.7666666666652
2026-01-11 13:00:00,90938.1,90972.7,90822.5,90854.0,82.39697913,7489753.888060639,7489753.888060639,1,150.1999999999971,34.59999999999127,115.60000000000582,150.1999999999971,147.2571428571412
2026-01-11 14:00:00,90854.1,91199.8,90854.0,91126.1,101.61169412,9252875.591584268,9252875.591584268,1,345.8000000000029,345.8000000000029,0.0,345.8000000000029,172.0749999999989
2026-01-11 15:00:00,91126.1,91157.9,90711.4,90875.0,137.06704753,12462014.722218521,12462014.722218521,1,446.5,31.79999999998836,414.70000000001164,446.5,202.5666666666657
2026-01-11 16:00:00,90875.0,91284.6,90875.0,91041.9,118.59822454,10802603.972880225,10802603.972880225,1,409.6000000000058,409.6000000000058,0.0,409.6000000000058,223.2699999999997
2026-01-11 17:00:00,91042.0,91138.0,90912.0,90991.0,48.32468048,4399107.45772465,4399107.45772465,1,226.0,96.10000000000582,129.89999999999418,226.0,223.51818181818155
2026-01-11 18:00:00,90991.1,90991.1,90800.0,90882.9,45.99045951,4179679.064958694,4179679.064958694,1,191.10000000000582,0.10000000000582077,191.0,191.10000000000582,220.81666666666692
2026-01-11 19:00:00,90882.9,90932.0,90680.0,90693.1,31.54357856,2863853.48985495,2863853.48985495,1,252.0,49.10000000000582,202.89999999999418,252.0,223.21538461538483
2026-01-11 20:00:00,90693.1,90740.5,90424.3,90709.0,148.94350958,13487078.106036308,13487078.106036308,1,316.1999999999971,47.39999999999418,268.8000000000029,316.1999999999971,229.85714285714286
2026-01-11 21:00:00,90709.1,90836.3,90600.0,90759.0,44.86306926,4069682.831175137,4069682.831175137,1,236.3000000000029,127.30000000000291,109.0,236.3000000000029,240.09285714285735
2026-01-11 22:00:00,90759.1,90759.1,90455.8,90534.5,82.35397267,7461799.777861724,7461799.777861724,1,303.3000000000029,0.10000000000582077,303.1999999999971,303.3000000000029,248.45000000000022
2026-01-11 23:00:00,90534.4,91039.8,90230.3,91012.0,214.07575229,19410994.105751093,19410994.105751093,1,809.5,505.3000000000029,304.1999999999971,809.5,294.6357142857149
2026-01-12 00:00:00,91008.3,91255.6,90697.7,91255.6,222.78259444,20280453.860268811,20280453.860268811,1,557.9000000000087,243.60000000000582,314.3000000000029,557.9000000000087,329.3142857142874
2026-01-12 01:00:00,91255.7,91800.0,91099.4,91410.9,335.61197399,30695396.152784587,30695396.152784587,1,700.6000000000058,544.3999999999942,156.20000000001164,700.6000000000058,375.35714285714494
2026-01-12 02:00:00,91411.0,92396.4,91376.1,92210.1,422.74899793,38889167.118724004,38889167.118724004,1,1020.2999999999884,985.5,34.79999999998836,1020.2999999999884,426.0928571428584
2026-01-12 03:00:00,92211.8,92520.6,91805.4,91805.4,319.01275403,29421244.098548241,29421244.098548241,1,715.2000000000116,310.5,404.70000000001164,715.2000000000116,466.45000000000226
2026-01-12 04:00:00,91805.5,92281.7,91755.6,92160.0,124.53717313,11461377.423098606,11461377.423098606,1,526.0999999999913,476.3000000000029,49.79999999998836,526.0999999999913,479.3285714285729
2026-01-12 05:00:00,92160.1,92264.9,92048.4,92115.0,96.42016732,8884770.713873671,8884770.713873671,1,216.5,104.89999999999418,111.60000000000582,216.5,462.90000000000146
2026-01-12 06:00:00,92114.9,92208.0,91820.0,91839.1,136.64802883,12568283.497438013,12568283.497438013,1,388.0,93.0,295.0,388.0,461.3571428571439
2026-01-12 07:00:00,91839.1,91962.1,91400.0,91415.1,528.490474,48442857.175033613,48442857.175033613,1,562.1000000000058,123.0,439.1000000000058,562.1000000000058,485.3642857142872
2026-01-12 08:00:00,91415.1,91628.9,90400.0,90749.1,580.69904075,52778256.402353271,52778256.402353271,1,1228.8999999999942,213.79999999998836,1015.1000000000058,1228.8999999999942,559.4928571428578
2026-01-12 09:00:00,90749.1,90933.3,90646.1,90692.2,180.95933636,16433008.334714364,16433008.334714364,1,287.1999999999971,184.1999999999971,103.0,287.1999999999971,562.0071428571433
2026-01-12 10:00:00,90692.1,90793.0,90375.0,90435.9,149.27260652,13517169.57848921,13517169.57848921,1,418.0,100.80000000000291,317.1999999999971,418.0,569.278571428572
2026-01-12 11:00:00,90434.2,90816.1,90427.0,90630.1,165.21326359,14977035.121454335,14977035.121454335,1,389.1000000000058,380.20000000001164,8.89999999999418,389.1000000000058,580.192857142858
2026-01-12 12:00:00,90630.1,90870.4,90618.0,90789.0,73.0402834,6629157.49050605,6629157.49050605,1,252.39999999999418,240.29999999998836,12.10000000000582,252.39999999999418,576.557142857143
2026-01-12 13:00:00,90789.1,90829.7,90541.6,90632.1,150.14423847,13614122.733121293,13614122.733121293,1,288.09999999999127,40.69999999999709,247.39999999999418,288.09999999999127,539.3142857142853
2026-01-12 14:00:00,90632.1,91122.8,90132.1,90908.1,438.77331825,39757812.271452561,39757812.271452561,1,990.6999999999971,490.6999999999971,500.0,990.6999999999971,570.2285714285701
2026-01-12 15:00:00,90908.0,91679.6,90710.0,91666.9,367.10261225,33517183.940345519,33517183.940345519,1,969.6000000000058,771.5,198.10000000000582,969.6000000000058,589.4428571428559
2026-01-12 16:00:00,91666.0,92316.7,91575.0,92117.8,641.42504829,59003372.251430872,59003372.251430872,1,741.6999999999971,649.8000000000029,91.89999999999418,741.6999999999971,569.5428571428565
2026-01-12 17:00:00,92117.9,92299.1,91007.1,91522.5,510.64948513,46774494.415137832,46774494.415137832,1,1292.0,181.3000000000029,1110.699999999997,1292.0,610.7428571428557
2026-01-12 18:00:00,91522.6,91958.1,91415.1,91689.1,206.60046223,18954521.357794614,18954521.357794614,1,543.0,435.6000000000058,107.39999999999418,543.0,611.9499999999991
2026-01-12 19:00:00,91689.2,91881.3,91437.6,91864.9,131.5242544,12055329.168740881,12055329.168740881,1,443.6999999999971,192.1999999999971,251.5,443.6999999999971,628.1785714285704
2026-01-12 20:00:00,91864.9,92048.4,91416.6,91493.3,212.87155641,19508227.404874415,19508227.404874415,1,631.7999999999884,183.5,448.29999999998836,631.7999999999884,645.5928571428552
2026-01-12 21:00:00,91492.1,91500.0,90948.4,91056.0,158.43788366,14454876.813278923,14454876.813278923,1,551.6000000000058,6.69999999999709,544.9000000000087,551.6000000000058,644.8428571428552
2026-01-12 22:00:00,91056.0,91444.5,91056.0,91243.7,133.99910154,12237943.506216497,12237943.506216497,1,388.5,388.5,0.0,388.5,584.8142857142842
2026-01-12 23:00:00,91243.7,91319.9,91076.5,91304.0,53.12812533,4845658.997270267,4845658.997270267,1,243.39999999999418,76.19999999999709,167.1999999999971,243.39999999999418,581.6857142857126
2026-01-13 00:00:00,91304.0,91548.9,91257.0,91481.1,154.30764832,14104366.854061478,14104366.854061478,1,291.8999999999942,244.89999999999418,47.0,291.8999999999942,572.6785714285694
2026-01-13 01:00:00,91481.1,91548.0,91054.3,91188.0,82.43368771,7525218.467959754,7525218.467959754,1,493.6999999999971,66.89999999999418,426.8000000000029,493.6999999999971,580.1499999999972
2026-01-13 02:00:00,91188.0,91382.1,91102.2,91125.4,118.68310015,10826796.298685635,10826796.298685635,1,279.90000000000873,194.10000000000582,85.80000000000291,279.90000000000873,582.114285714284
2026-01-13 03:00:00,91125.5,91471.2,91125.1,91412.0,120.6913497,11020766.067645064,11020766.067645064,1,346.09999999999127,345.8000000000029,0.29999999998835847,346.09999999999127,586.2571428571412
2026-01-13 04:00:00,91412.1,91647.2,91349.9,91515.9,62.52384798,5718843.73975984,5718843.73975984,1,297.3000000000029,235.1999999999971,62.10000000000582,297.3000000000029,536.7285714285701
2026-01-13 05:00:00,91516.0,92256.9,91480.5,91924.5,273.85033642,25180944.629915467,25180944.629915467,1,776.3999999999942,741.0,35.39999999999418,776.3999999999942,522.9285714285694
2026-01-13 06:00:00,91924.6,92270.8,91811.5,92179.1,186.56114257,17170290.069550624,17170290.069550624,1,459.3000000000029,346.3000000000029,113.0,459.3000000000029,502.7571428571412
2026-01-13 07:00:00,92179.2,92207.0,91882.9,91949.7,672.8691819,61897171.063796031,61897171.063796031,1,324.1000000000058,27.89999999999418,296.20000000001164,324.1000000000058,433.6214285714273
2026-01-13 08:00:00,91949.7,92253.2,91908.4,92170.1,374.1430512,34431893.67532512,34431893.67532512,1,344.8000000000029,303.5,41.30000000000291,344.8000000000029,419.4642857142847
2026-01-13 09:00:00,92170.1,92666.0,91940.7,92264.7,332.88317456,30741790.842557198,30741790.842557198,1,725.3000000000029,495.8999999999942,229.40000000000873,725.3000000000029,439.5785714285708
2026-01-13 10:00:00,92264.7,92338.6,92022.0,92134.4,129.23897115,11916639.506247933,11916639.506247933,1,316.6000000000058,73.90000000000873,242.6999999999971,316.6000000000058,417.0642857142863
2026-01-13 11:00:00,92134.5,92258.6,91970.7,92001.0,128.14715601,11803597.454704142,11803597.454704142,1,287.90000000000873,124.20000000001164,163.6999999999971,287.90000000000873,398.22857142857225
2026-01-13 12:00:00,92001.1,92150.0,91916.2,92104.9,89.96696491,8283363.47262718,8283363.47262718,1,233.8000000000029,149.0,84.80000000000291,233.8000000000029,387.17857142857247
2026-01-13 13:00:00,92105.0,92607.0,91989.1,92074.9,501.55595981,46269176.897322829,46269176.897322829,1,617.8999999999942,502.1000000000058,115.79999999998836,617.8999999999942,413.92857142857247
2026-01-13 14:00:00,92074.9,92922.8,91790.0,92471.1,495.65949432,45819934.662136649,45819934.662136649,1,1132.800000000003,847.9000000000087,284.8999999999942,1132.800000000003,473.9928571428588
2026-01-13 15:00:00,92471.0,93456.0,92134.8,93455.9,595.3351178,55277802.857471831,55277802.857471831,1,1321.199999999997,984.8999999999942,336.3000000000029,1321.199999999997,533.1000000000016
2026-01-13 16:00:00,93455.9,93753.0,93080.7,93392.0,724.56704923,67741381.285219266,67741381.285219266,1,672.3000000000029,297.1000000000058,375.1999999999971,672.3000000000029,561.1285714285726
2026-01-13 17:00:00,93392.1,93494.0,93101.1,93244.0,228.59657494,21335502.105395803,21335502.105395803,1,392.8999999999942,102.0,290.8999999999942,392.8999999999942,564.47142857143
2026-01-13 18:00:00,93243.0,93871.7,93200.1,93629.4,265.82168368,24874386.639117492,24874386.639117492,1,671.5999999999913,627.6999999999971,43.89999999999418,671.5999999999913,591.2071428571435
2026-01-13 19:00:00,93629.4,94243.6,93475.0,94224.1,515.69539456,48401727.33207396,48401727.33207396,1,768.6000000000058,614.2000000000116,154.39999999999418,768.6000000000058,590.6500000000015
2026-01-13 20:00:00,94224.2,94510.1,94117.4,94412.6,723.26348036,68215655.728678229,68215655.728678229,1,392.70000000001164,286.0,106.70000000001164,392.70000000001164,585.8928571428593
2026-01-13 21:00:00,94412.7,94526.3,94060.0,94091.0,235.63804212,22224207.822008248,22224207.822008248,1,466.3000000000029,113.69999999999709,352.6000000000058,466.3000000000029,596.0500000000019
2026-01-13 22:00:00,94091.1,96543.0,94091.1,95755.0,1836.33443741,175410090.848696499,175410090.848696499,1,2451.899999999994,2452.0,0.10000000000582077,2452.0,746.5642857142874
2026-01-13 23:00:00,95758.0,96097.0,95070.0,95411.8,613.68722289,58722702.769467386,58722702.769467386,1,1027.0,342.0,685.0,1027.0,768.1142857142871
2026-01-14 00:00:00,95411.8,95664.6,95173.9,95241.0,239.37544371,22838621.298915929,22838621.298915929,1,490.70000000001164,252.8000000000029,237.90000000000873,490.70000000001164,780.5500000000019
2026-01-14 01:00:00,95241.0,95581.9,95142.8,95245.0,360.14014907,34341293.024147042,34341293.024147042,1,439.09999999999127,340.8999999999942,98.19999999999709,439.09999999999127,791.3500000000006
2026-01-14 02:00:00,95245.1,95561.9,95211.4,95349.0,242.3064343,23116803.563988516,23116803.563988516,1,350.5,316.8999999999942,33.60000000000582,350.5,799.6857142857147
2026-01-14 03:00:00,95349.0,95722.5,95283.2,95722.3,181.53390932,17336931.500101907,17336931.500101907,1,439.3000000000029,373.5,65.80000000000291,439.3000000000029,786.9285714285725
2026-01-14 04:00:00,95722.3,95796.8,95230.3,95246.0,218.86185582,20892686.580770568,20892686.580770568,1,566.5,74.5,492.0,566.5,746.4785714285723
2026-01-14 05:00:00,95246.1,95280.7,94957.7,95012.5,350.08250115,33289114.721341727,33289114.721341727,1,323.0,34.69999999999709,288.3000000000029,323.0,675.1785714285725
2026-01-14 06:00:00,95012.5,95037.4,94521.7,95037.3,399.21719965,37856848.162749052,37856848.162749052,1,515.6999999999971,24.89999999999418,490.8000000000029,515.6999999999971,663.9928571428578
2026-01-14 07:00:00,95037.4,95230.0,94844.0,95201.9,499.48489874,47483651.4391048,47483651.4391048,1,386.0,192.6999999999971,193.3000000000029,386.0,663.500000000001
2026-01-14 08:00:00,95201.9,95310.5,94866.6,94901.2,220.24319921,20947533.396039713,20947533.396039713,1,443.8999999999942,108.60000000000582,335.29999999998836,443.8999999999942,647.2357142857155
2026-01-14 09:00:00,94901.2,95181.0,94883.1,95091.1,376.50842309,35788483.386772632,35788483.386772632,1,297.8999999999942,279.8000000000029,18.09999999999127,297.8999999999942,613.6142857142861
2026-01-14 10:00:00,95091.0,95297.5,94895.4,95094.3,282.47880667,26870751.028143531,26870751.028143531,1,402.1000000000058,206.39999999999418,195.70000000001164,402.1000000000058,614.2857142857143
2026-01-14 11:00:00,95093.8,95093.8,94750.0,94797.7,220.8793008,20970190.949464199,20970190.949464199,1,343.8000000000029,0.5,344.3000000000029,344.3000000000029,605.5714285714286
2026-01-14 12:00:00,94797.7,95165.7,94688.1,95079.7,188.18468783,17878194.387617177,17878194.387617177,1,477.59999999999127,368.0,109.59999999999127,477.59999999999127,464.5428571428565
2026-01-14 13:00:00,95079.7,95240.2,94892.3,94997.0,149.57372963,14220389.020690293,14220389.020690293,1,347.8999999999942,160.5,187.39999999999418,347.8999999999942,416.03571428571325
2026-01-14 14:00:00,94997.0,96820.5,94983.9,96481.3,1151.60693601,110640089.842372494,110640089.842372494,1,1836.6000000000058,1823.5,13.10000000000582,1836.6000000000058,512.1714285714271
2026-01-14 15:00:00,96481.3,97088.0,96186.1,96755.6,1109.24876434,107253261.470403092,107253261.470403092,1,901.8999999999942,606.6999999999971,295.1999999999971,901.8999999999942,545.2285714285701
2026-01-14 16:00:00,96755.5,97696.7,96732.0,97285.5,1524.90198265,148331590.323989601,148331590.323989601,1,964.6999999999971,941.0999999999913,23.60000000000582,964.6999999999971,589.0999999999985
2026-01-14 17:00:00,97285.5,97776.0,96766.0,96953.2,1043.78772161,101639219.00311798,101639219.00311798,1,1010.0,490.5,519.5,1010.0,629.864285714284
2026-01-14 18:00:00,96953.1,97109.5,96229.5,96806.3,834.83314115,80706449.02842337,80706449.02842337,1,880.0,156.3000000000029,723.6999999999971,880.0,652.2571428571412
2026-01-14 19:00:00,96806.3,97648.6,96685.7,97257.8,512.45694584,49819584.544188107,49819584.544188107,1,962.9000000000087,842.3000000000029,120.60000000000582,962.9000000000087,697.9642857142846
2026-01-14 20:00:00,97257.8,97925.4,97207.7,97656.2,604.26613274,58953216.753090134,58953216.753090134,1,717.6999999999971,667.5999999999913,50.10000000000582,717.6999999999971,712.3928571428561
2026-01-14 21:00:00,97656.2,97714.9,97376.1,97560.8,247.19876154,24109681.693470967,24109681.693470967,1,338.79999999998836,58.69999999999709,280.09999999999127,338.79999999998836,709.0214285714267
2026-01-14 22:00:00,97560.9,97581.3,96758.1,96886.9,306.83909196,29825402.807419902,29825402.807419902,1,823.1999999999971,20.5,802.6999999999971,823.1999999999971,736.114285714284
2026-01-14 23:00:00,96886.9,97369.9,96865.0,96945.9,147.39971304,14308969.55277817,14308969.55277817,1,504.8999999999942,483.0,21.89999999999418,504.8999999999942,750.8999999999984
2026-01-15 00:00:00,96946.0,96999.6,96500.0,96653.5,352.2215868,34066774.94506498,34066774.94506498,1,499.6000000000058,53.70000000001164,445.8999999999942,499.6000000000058,757.864285714284
2026-01-15 01:00:00,96655.4,96961.8,96307.1,96446.2,240.95478859,23274441.267057727,23274441.267057727,1,654.6999999999971,308.3000000000029,346.3999999999942,654.6999999999971,780.0357142857122
2026-01-15 02:00:00,96446.1,96614.5,96100.0,96333.0,177.53382637,17106150.031997597,17106150.031997597,1,514.5,168.3000000000029,346.1999999999971,514.5,782.6714285714271
2026-01-15 03:00:00,96333.0,96400.0,95780.0,95990.5,358.45345002,34435469.433021335,34435469.433021335,1,620.0,67.0,553.0,620.0,802.1071428571419
2026-01-15 04:00:00,95990.5,96395.0,95965.4,96318.6,230.24339335,22146789.826933085,22146789.826933085,1,429.6000000000058,404.5,25.10000000000582,429.6000000000058,701.6071428571419
2026-01-15 05:00:00,96318.7,96522.7,96250.0,96438.9,174.80981203,16849100.070858181,16849100.070858181,1,272.6999999999971,204.09999999999127,68.60000000000582,272.6999999999971,656.6642857142849
2026-01-15 06:00:00,96438.8,96585.9,96187.9,96246.1,134.40190292,12953171.619068864,12953171.619068864,1,398.0,147.0,251.0,398.0,616.1857142857136
2026-01-15 07:00:00,96246.0,96762.9,96196.7,96634.5,384.03294522,37050621.15015914,37050621.15015914,1,566.1999999999971,516.7999999999884,49.40000000000873,566.1999999999971,584.4857142857135
2026-01-15 08:00:00,96634.6,96663.6,96293.1,96650.2,189.67915936,18302592.010723537,18302592.010723537,1,370.5,29.10000000000582,341.3999999999942,370.5,548.0928571428564
2026-01-15 09:00:00,96650.1,97189.9,96564.9,97036.9,208.62644932,20220906.190458348,20220906.190458348,1,625.0,539.6999999999971,85.30000000000291,625.0,523.9571428571414
2026-01-15 10:00:00,97037.0,97071.3,96746.8,96815.0,137.07544168,13276393.1882948,13276393.1882948,1,324.5,34.40000000000873,290.09999999999127,324.5,495.8714285714273
2026-01-11 07:00:00,90743.0,90765.0,90672.0,90713.0,51.55423959,4676645.596118151,4676645.596118151,1,93.0,,,93.0,93.0
2026-01-11 08:00:00,90712.9,90806.3,90620.0,90787.3,276.10927202,25050357.843093298,25050357.843093298,1,186.3000000000029,93.30000000000291,93.0,186.3000000000029,139.65000000000146
2026-01-11 09:00:00,90788.2,90816.4,90653.5,90739.1,421.88545174,38284506.588491439,38284506.588491439,1,162.89999999999418,29.09999999999127,133.8000000000029,162.89999999999418,147.39999999999904
2026-01-11 10:00:00,90739.1,90761.4,90689.0,90728.9,28.76752492,2609893.360729086,2609893.360729086,1,72.39999999999418,22.29999999998836,50.10000000000582,72.39999999999418,128.64999999999782
2026-01-11 11:00:00,90729.0,90752.0,90696.0,90751.8,31.45814483,2854004.417289197,2854004.417289197,1,56.0,23.10000000000582,32.89999999999418,56.0,114.11999999999826
2026-01-11 12:00:00,90751.9,91033.0,90723.0,90938.1,93.10870438,8465374.372857881,8465374.372857881,1,310.0,281.1999999999971,28.80000000000291,310.0,146.7666666666652
2026-01-11 13:00:00,90938.1,90972.7,90822.5,90854.0,82.39697913,7489753.888060639,7489753.888060639,1,150.1999999999971,34.59999999999127,115.60000000000582,150.1999999999971,147.2571428571412
2026-01-11 14:00:00,90854.1,91199.8,90854.0,91126.1,101.61169412,9252875.591584268,9252875.591584268,1,345.8000000000029,345.8000000000029,0.0,345.8000000000029,172.0749999999989
2026-01-11 15:00:00,91126.1,91157.9,90711.4,90875.0,137.06704753,12462014.722218521,12462014.722218521,1,446.5,31.79999999998836,414.70000000001164,446.5,202.5666666666657
2026-01-11 16:00:00,90875.0,91284.6,90875.0,91041.9,118.59822454,10802603.972880225,10802603.972880225,1,409.6000000000058,409.6000000000058,0.0,409.6000000000058,223.2699999999997
2026-01-11 17:00:00,91042.0,91138.0,90912.0,90991.0,48.32468048,4399107.45772465,4399107.45772465,1,226.0,96.10000000000582,129.89999999999418,226.0,223.51818181818155
2026-01-11 18:00:00,90991.1,90991.1,90800.0,90882.9,45.99045951,4179679.064958694,4179679.064958694,1,191.10000000000582,0.10000000000582077,191.0,191.10000000000582,220.81666666666692
2026-01-11 19:00:00,90882.9,90932.0,90680.0,90693.1,31.54357856,2863853.48985495,2863853.48985495,1,252.0,49.10000000000582,202.89999999999418,252.0,223.21538461538483
2026-01-11 20:00:00,90693.1,90740.5,90424.3,90709.0,148.94350958,13487078.106036308,13487078.106036308,1,316.1999999999971,47.39999999999418,268.8000000000029,316.1999999999971,229.85714285714286
2026-01-11 21:00:00,90709.1,90836.3,90600.0,90759.0,44.86306926,4069682.831175137,4069682.831175137,1,236.3000000000029,127.30000000000291,109.0,236.3000000000029,240.09285714285735
2026-01-11 22:00:00,90759.1,90759.1,90455.8,90534.5,82.35397267,7461799.777861724,7461799.777861724,1,303.3000000000029,0.10000000000582077,303.1999999999971,303.3000000000029,248.45000000000022
2026-01-11 23:00:00,90534.4,91039.8,90230.3,91012.0,214.07575229,19410994.105751093,19410994.105751093,1,809.5,505.3000000000029,304.1999999999971,809.5,294.6357142857149
2026-01-12 00:00:00,91008.3,91255.6,90697.7,91255.6,222.78259444,20280453.860268811,20280453.860268811,1,557.9000000000087,243.60000000000582,314.3000000000029,557.9000000000087,329.3142857142874
2026-01-12 01:00:00,91255.7,91800.0,91099.4,91410.9,335.61197399,30695396.152784587,30695396.152784587,1,700.6000000000058,544.3999999999942,156.20000000001164,700.6000000000058,375.35714285714494
2026-01-12 02:00:00,91411.0,92396.4,91376.1,92210.1,422.74899793,38889167.118724004,38889167.118724004,1,1020.2999999999884,985.5,34.79999999998836,1020.2999999999884,426.0928571428584
2026-01-12 03:00:00,92211.8,92520.6,91805.4,91805.4,319.01275403,29421244.098548241,29421244.098548241,1,715.2000000000116,310.5,404.70000000001164,715.2000000000116,466.45000000000226
2026-01-12 04:00:00,91805.5,92281.7,91755.6,92160.0,124.53717313,11461377.423098606,11461377.423098606,1,526.0999999999913,476.3000000000029,49.79999999998836,526.0999999999913,479.3285714285729
2026-01-12 05:00:00,92160.1,92264.9,92048.4,92115.0,96.42016732,8884770.713873671,8884770.713873671,1,216.5,104.89999999999418,111.60000000000582,216.5,462.90000000000146
2026-01-12 06:00:00,92114.9,92208.0,91820.0,91839.1,136.64802883,12568283.497438013,12568283.497438013,1,388.0,93.0,295.0,388.0,461.3571428571439
2026-01-12 07:00:00,91839.1,91962.1,91400.0,91415.1,528.490474,48442857.175033613,48442857.175033613,1,562.1000000000058,123.0,439.1000000000058,562.1000000000058,485.3642857142872
2026-01-12 08:00:00,91415.1,91628.9,90400.0,90749.1,580.69904075,52778256.402353271,52778256.402353271,1,1228.8999999999942,213.79999999998836,1015.1000000000058,1228.8999999999942,559.4928571428578
2026-01-12 09:00:00,90749.1,90933.3,90646.1,90692.2,180.95933636,16433008.334714364,16433008.334714364,1,287.1999999999971,184.1999999999971,103.0,287.1999999999971,562.0071428571433
2026-01-12 10:00:00,90692.1,90793.0,90375.0,90435.9,149.27260652,13517169.57848921,13517169.57848921,1,418.0,100.80000000000291,317.1999999999971,418.0,569.278571428572
2026-01-12 11:00:00,90434.2,90816.1,90427.0,90630.1,165.21326359,14977035.121454335,14977035.121454335,1,389.1000000000058,380.20000000001164,8.89999999999418,389.1000000000058,580.192857142858
2026-01-12 12:00:00,90630.1,90870.4,90618.0,90789.0,73.0402834,6629157.49050605,6629157.49050605,1,252.39999999999418,240.29999999998836,12.10000000000582,252.39999999999418,576.557142857143
2026-01-12 13:00:00,90789.1,90829.7,90541.6,90632.1,150.14423847,13614122.733121293,13614122.733121293,1,288.09999999999127,40.69999999999709,247.39999999999418,288.09999999999127,539.3142857142853
2026-01-12 14:00:00,90632.1,91122.8,90132.1,90908.1,438.77331825,39757812.271452561,39757812.271452561,1,990.6999999999971,490.6999999999971,500.0,990.6999999999971,570.2285714285701
2026-01-12 15:00:00,90908.0,91679.6,90710.0,91666.9,367.10261225,33517183.940345519,33517183.940345519,1,969.6000000000058,771.5,198.10000000000582,969.6000000000058,589.4428571428559
2026-01-12 16:00:00,91666.0,92316.7,91575.0,92117.8,641.42504829,59003372.251430872,59003372.251430872,1,741.6999999999971,649.8000000000029,91.89999999999418,741.6999999999971,569.5428571428565
2026-01-12 17:00:00,92117.9,92299.1,91007.1,91522.5,510.64948513,46774494.415137832,46774494.415137832,1,1292.0,181.3000000000029,1110.699999999997,1292.0,610.7428571428557
2026-01-12 18:00:00,91522.6,91958.1,91415.1,91689.1,206.60046223,18954521.357794614,18954521.357794614,1,543.0,435.6000000000058,107.39999999999418,543.0,611.9499999999991
2026-01-12 19:00:00,91689.2,91881.3,91437.6,91864.9,131.5242544,12055329.168740881,12055329.168740881,1,443.6999999999971,192.1999999999971,251.5,443.6999999999971,628.1785714285704
2026-01-12 20:00:00,91864.9,92048.4,91416.6,91493.3,212.87155641,19508227.404874415,19508227.404874415,1,631.7999999999884,183.5,448.29999999998836,631.7999999999884,645.5928571428552
2026-01-12 21:00:00,91492.1,91500.0,90948.4,91056.0,158.43788366,14454876.813278923,14454876.813278923,1,551.6000000000058,6.69999999999709,544.9000000000087,551.6000000000058,644.8428571428552
2026-01-12 22:00:00,91056.0,91444.5,91056.0,91243.7,133.99910154,12237943.506216497,12237943.506216497,1,388.5,388.5,0.0,388.5,584.8142857142842
2026-01-12 23:00:00,91243.7,91319.9,91076.5,91304.0,53.12812533,4845658.997270267,4845658.997270267,1,243.39999999999418,76.19999999999709,167.1999999999971,243.39999999999418,581.6857142857126
2026-01-13 00:00:00,91304.0,91548.9,91257.0,91481.1,154.30764832,14104366.854061478,14104366.854061478,1,291.8999999999942,244.89999999999418,47.0,291.8999999999942,572.6785714285694
2026-01-13 01:00:00,91481.1,91548.0,91054.3,91188.0,82.43368771,7525218.467959754,7525218.467959754,1,493.6999999999971,66.89999999999418,426.8000000000029,493.6999999999971,580.1499999999972
2026-01-13 02:00:00,91188.0,91382.1,91102.2,91125.4,118.68310015,10826796.298685635,10826796.298685635,1,279.90000000000873,194.10000000000582,85.80000000000291,279.90000000000873,582.114285714284
2026-01-13 03:00:00,91125.5,91471.2,91125.1,91412.0,120.6913497,11020766.067645064,11020766.067645064,1,346.09999999999127,345.8000000000029,0.29999999998835847,346.09999999999127,586.2571428571412
2026-01-13 04:00:00,91412.1,91647.2,91349.9,91515.9,62.52384798,5718843.73975984,5718843.73975984,1,297.3000000000029,235.1999999999971,62.10000000000582,297.3000000000029,536.7285714285701
2026-01-13 05:00:00,91516.0,92256.9,91480.5,91924.5,273.85033642,25180944.629915467,25180944.629915467,1,776.3999999999942,741.0,35.39999999999418,776.3999999999942,522.9285714285694
2026-01-13 06:00:00,91924.6,92270.8,91811.5,92179.1,186.56114257,17170290.069550624,17170290.069550624,1,459.3000000000029,346.3000000000029,113.0,459.3000000000029,502.7571428571412
2026-01-13 07:00:00,92179.2,92207.0,91882.9,91949.7,672.8691819,61897171.063796031,61897171.063796031,1,324.1000000000058,27.89999999999418,296.20000000001164,324.1000000000058,433.6214285714273
2026-01-13 08:00:00,91949.7,92253.2,91908.4,92170.1,374.1430512,34431893.67532512,34431893.67532512,1,344.8000000000029,303.5,41.30000000000291,344.8000000000029,419.4642857142847
2026-01-13 09:00:00,92170.1,92666.0,91940.7,92264.7,332.88317456,30741790.842557198,30741790.842557198,1,725.3000000000029,495.8999999999942,229.40000000000873,725.3000000000029,439.5785714285708
2026-01-13 10:00:00,92264.7,92338.6,92022.0,92134.4,129.23897115,11916639.506247933,11916639.506247933,1,316.6000000000058,73.90000000000873,242.6999999999971,316.6000000000058,417.0642857142863
2026-01-13 11:00:00,92134.5,92258.6,91970.7,92001.0,128.14715601,11803597.454704142,11803597.454704142,1,287.90000000000873,124.20000000001164,163.6999999999971,287.90000000000873,398.22857142857225
2026-01-13 12:00:00,92001.1,92150.0,91916.2,92104.9,89.96696491,8283363.47262718,8283363.47262718,1,233.8000000000029,149.0,84.80000000000291,233.8000000000029,387.17857142857247
2026-01-13 13:00:00,92105.0,92607.0,91989.1,92074.9,501.55595981,46269176.897322829,46269176.897322829,1,617.8999999999942,502.1000000000058,115.79999999998836,617.8999999999942,413.92857142857247
2026-01-13 14:00:00,92074.9,92922.8,91790.0,92471.1,495.65949432,45819934.662136649,45819934.662136649,1,1132.800000000003,847.9000000000087,284.8999999999942,1132.800000000003,473.9928571428588
2026-01-13 15:00:00,92471.0,93456.0,92134.8,93455.9,595.3351178,55277802.857471831,55277802.857471831,1,1321.199999999997,984.8999999999942,336.3000000000029,1321.199999999997,533.1000000000016
2026-01-13 16:00:00,93455.9,93753.0,93080.7,93392.0,724.56704923,67741381.285219266,67741381.285219266,1,672.3000000000029,297.1000000000058,375.1999999999971,672.3000000000029,561.1285714285726
2026-01-13 17:00:00,93392.1,93494.0,93101.1,93244.0,228.59657494,21335502.105395803,21335502.105395803,1,392.8999999999942,102.0,290.8999999999942,392.8999999999942,564.47142857143
2026-01-13 18:00:00,93243.0,93871.7,93200.1,93629.4,265.82168368,24874386.639117492,24874386.639117492,1,671.5999999999913,627.6999999999971,43.89999999999418,671.5999999999913,591.2071428571435
2026-01-13 19:00:00,93629.4,94243.6,93475.0,94224.1,515.69539456,48401727.33207396,48401727.33207396,1,768.6000000000058,614.2000000000116,154.39999999999418,768.6000000000058,590.6500000000015
2026-01-13 20:00:00,94224.2,94510.1,94117.4,94412.6,723.26348036,68215655.728678229,68215655.728678229,1,392.70000000001164,286.0,106.70000000001164,392.70000000001164,585.8928571428593
2026-01-13 21:00:00,94412.7,94526.3,94060.0,94091.0,235.63804212,22224207.822008248,22224207.822008248,1,466.3000000000029,113.69999999999709,352.6000000000058,466.3000000000029,596.0500000000019
2026-01-13 22:00:00,94091.1,96543.0,94091.1,95755.0,1836.33443741,175410090.848696499,175410090.848696499,1,2451.899999999994,2452.0,0.10000000000582077,2452.0,746.5642857142874
2026-01-13 23:00:00,95758.0,96097.0,95070.0,95411.8,613.68722289,58722702.769467386,58722702.769467386,1,1027.0,342.0,685.0,1027.0,768.1142857142871
2026-01-14 00:00:00,95411.8,95664.6,95173.9,95241.0,239.37544371,22838621.298915929,22838621.298915929,1,490.70000000001164,252.8000000000029,237.90000000000873,490.70000000001164,780.5500000000019
2026-01-14 01:00:00,95241.0,95581.9,95142.8,95245.0,360.14014907,34341293.024147042,34341293.024147042,1,439.09999999999127,340.8999999999942,98.19999999999709,439.09999999999127,791.3500000000006
2026-01-14 02:00:00,95245.1,95561.9,95211.4,95349.0,242.3064343,23116803.563988516,23116803.563988516,1,350.5,316.8999999999942,33.60000000000582,350.5,799.6857142857147
2026-01-14 03:00:00,95349.0,95722.5,95283.2,95722.3,181.53390932,17336931.500101907,17336931.500101907,1,439.3000000000029,373.5,65.80000000000291,439.3000000000029,786.9285714285725
2026-01-14 04:00:00,95722.3,95796.8,95230.3,95246.0,218.86185582,20892686.580770568,20892686.580770568,1,566.5,74.5,492.0,566.5,746.4785714285723
2026-01-14 05:00:00,95246.1,95280.7,94957.7,95012.5,350.08250115,33289114.721341727,33289114.721341727,1,323.0,34.69999999999709,288.3000000000029,323.0,675.1785714285725
2026-01-14 06:00:00,95012.5,95037.4,94521.7,95037.3,399.21719965,37856848.162749052,37856848.162749052,1,515.6999999999971,24.89999999999418,490.8000000000029,515.6999999999971,663.9928571428578
2026-01-14 07:00:00,95037.4,95230.0,94844.0,95201.9,499.48489874,47483651.4391048,47483651.4391048,1,386.0,192.6999999999971,193.3000000000029,386.0,663.500000000001
2026-01-14 08:00:00,95201.9,95310.5,94866.6,94901.2,220.24319921,20947533.396039713,20947533.396039713,1,443.8999999999942,108.60000000000582,335.29999999998836,443.8999999999942,647.2357142857155
2026-01-14 09:00:00,94901.2,95181.0,94883.1,95091.1,376.50842309,35788483.386772632,35788483.386772632,1,297.8999999999942,279.8000000000029,18.09999999999127,297.8999999999942,613.6142857142861
2026-01-14 10:00:00,95091.0,95297.5,94895.4,95094.3,282.47880667,26870751.028143531,26870751.028143531,1,402.1000000000058,206.39999999999418,195.70000000001164,402.1000000000058,614.2857142857143
2026-01-14 11:00:00,95093.8,95093.8,94750.0,94797.7,220.8793008,20970190.949464199,20970190.949464199,1,343.8000000000029,0.5,344.3000000000029,344.3000000000029,605.5714285714286
2026-01-14 12:00:00,94797.7,95165.7,94688.1,95079.7,188.18468783,17878194.387617177,17878194.387617177,1,477.59999999999127,368.0,109.59999999999127,477.59999999999127,464.5428571428565
2026-01-14 13:00:00,95079.7,95240.2,94892.3,94997.0,149.57372963,14220389.020690293,14220389.020690293,1,347.8999999999942,160.5,187.39999999999418,347.8999999999942,416.03571428571325
2026-01-14 14:00:00,94997.0,96820.5,94983.9,96481.3,1151.60693601,110640089.842372494,110640089.842372494,1,1836.6000000000058,1823.5,13.10000000000582,1836.6000000000058,512.1714285714271
2026-01-14 15:00:00,96481.3,97088.0,96186.1,96755.6,1109.24876434,107253261.470403092,107253261.470403092,1,901.8999999999942,606.6999999999971,295.1999999999971,901.8999999999942,545.2285714285701
2026-01-14 16:00:00,96755.5,97696.7,96732.0,97285.5,1524.90198265,148331590.323989601,148331590.323989601,1,964.6999999999971,941.0999999999913,23.60000000000582,964.6999999999971,589.0999999999985
2026-01-14 17:00:00,97285.5,97776.0,96766.0,96953.2,1043.78772161,101639219.00311798,101639219.00311798,1,1010.0,490.5,519.5,1010.0,629.864285714284
2026-01-14 18:00:00,96953.1,97109.5,96229.5,96806.3,834.83314115,80706449.02842337,80706449.02842337,1,880.0,156.3000000000029,723.6999999999971,880.0,652.2571428571412
2026-01-14 19:00:00,96806.3,97648.6,96685.7,97257.8,512.45694584,49819584.544188107,49819584.544188107,1,962.9000000000087,842.3000000000029,120.60000000000582,962.9000000000087,697.9642857142846
2026-01-14 20:00:00,97257.8,97925.4,97207.7,97656.2,604.26613274,58953216.753090134,58953216.753090134,1,717.6999999999971,667.5999999999913,50.10000000000582,717.6999999999971,712.3928571428561
2026-01-14 21:00:00,97656.2,97714.9,97376.1,97560.8,247.19876154,24109681.693470967,24109681.693470967,1,338.79999999998836,58.69999999999709,280.09999999999127,338.79999999998836,709.0214285714267
2026-01-14 22:00:00,97560.9,97581.3,96758.1,96886.9,306.83909196,29825402.807419902,29825402.807419902,1,823.1999999999971,20.5,802.6999999999971,823.1999999999971,736.114285714284
2026-01-14 23:00:00,96886.9,97369.9,96865.0,96945.9,147.39971304,14308969.55277817,14308969.55277817,1,504.8999999999942,483.0,21.89999999999418,504.8999999999942,750.8999999999984
2026-01-15 00:00:00,96946.0,96999.6,96500.0,96653.5,352.2215868,34066774.94506498,34066774.94506498,1,499.6000000000058,53.70000000001164,445.8999999999942,499.6000000000058,757.864285714284
2026-01-15 01:00:00,96655.4,96961.8,96307.1,96446.2,240.95478859,23274441.267057727,23274441.267057727,1,654.6999999999971,308.3000000000029,346.3999999999942,654.6999999999971,780.0357142857122
2026-01-15 02:00:00,96446.1,96614.5,96100.0,96333.0,177.53382637,17106150.031997597,17106150.031997597,1,514.5,168.3000000000029,346.1999999999971,514.5,782.6714285714271
2026-01-15 03:00:00,96333.0,96400.0,95780.0,95990.5,358.45345002,34435469.433021335,34435469.433021335,1,620.0,67.0,553.0,620.0,802.1071428571419
2026-01-15 04:00:00,95990.5,96395.0,95965.4,96318.6,230.24339335,22146789.826933085,22146789.826933085,1,429.6000000000058,404.5,25.10000000000582,429.6000000000058,701.6071428571419
2026-01-15 05:00:00,96318.7,96522.7,96250.0,96438.9,174.80981203,16849100.070858181,16849100.070858181,1,272.6999999999971,204.09999999999127,68.60000000000582,272.6999999999971,656.6642857142849
2026-01-15 06:00:00,96438.8,96585.9,96187.9,96246.1,134.40190292,12953171.619068864,12953171.619068864,1,398.0,147.0,251.0,398.0,616.1857142857136
2026-01-15 07:00:00,96246.0,96762.9,96196.7,96634.5,384.03294522,37050621.15015914,37050621.15015914,1,566.1999999999971,516.7999999999884,49.40000000000873,566.1999999999971,584.4857142857135
2026-01-15 08:00:00,96634.6,96663.6,96293.1,96650.2,189.67915936,18302592.010723537,18302592.010723537,1,370.5,29.10000000000582,341.3999999999942,370.5,548.0928571428564
2026-01-15 09:00:00,96650.1,97189.9,96564.9,97036.9,208.62644932,20220906.190458348,20220906.190458348,1,625.0,539.6999999999971,85.30000000000291,625.0,523.9571428571414
2026-01-15 10:00:00,97037.0,97071.3,96746.8,96815.0,137.07544168,13276393.1882948,13276393.1882948,1,324.5,34.40000000000873,290.09999999999127,324.5,495.8714285714273
