timestamp,open,high,low,close,volume,volCcy,volCcyQuote,confirm,high_low,high_close,low_close,tr,atr
2025-12-10 15:00:00,91834.1,92148.4,91567.6,92069.9,278.09419569,25564519.834704177,25564519.834704177,1,580.7999999999884,,,580.7999999999884,580.7999999999884
2025-12-10 16:00:00,92070.0,92597.0,91896.0,92174.9,409.94351588,37842079.90724178,37842079.90724178,1,701.0,527.1000000000058,173.89999999999418,701.0,640.8999999999942
2025-12-10 17:00:00,92174.0,92512.9,92102.1,92384.3,207.68625127,19170970.652357702,19170970.652357702,1,410.79999999998836,338.0,72.79999999998836,410.79999999998836,564.1999999999922
2025-12-10 18:00:00,92384.4,93058.6,91980.0,92499.7,298.38256632,27616070.944104083,27616070.944104083,1,1078.6000000000058,674.3000000000029,404.3000000000029,1078.6000000000058,692.7999999999956
2025-12-10 19:00:00,92499.6,93283.2,91685.5,92959.6,972.23919566,90090268.073227589,90090268.073227589,1,1597.699999999997,783.5,814.1999999999971,1597.699999999997,873.7799999999959
2025-12-10 20:00:00,92959.7,94495.2,92260.0,92453.3,804.77893571,75194775.672259686,75194775.672259686,1,2235.199999999997,1535.5999999999913,699.6000000000058,2235.199999999997,1100.6833333333295
2025-12-10 21:00:00,92453.2,92772.6,91873.8,92351.4,241.87182423,22321154.565788121,22321154.565788121,1,898.8000000000029,319.3000000000029,579.5,898.8000000000029,1071.8428571428542
2025-12-10 22:00:00,92351.5,92695.4,91953.7,92514.9,167.87256569,15508749.722818461,15508749.722818461,1,741.6999999999971,344.0,397.6999999999971,741.6999999999971,1030.574999999997
2025-12-10 23:00:00,92514.9,92592.9,91938.1,92013.7,173.18754256,15964940.66082367,15964940.66082367,1,654.7999999999884,78.0,576.7999999999884,654.7999999999884,988.8222222222183
2025-12-11 00:00:00,92013.6,92082.8,91048.1,91385.2,335.30472018,30694976.096124609,30694976.096124609,1,1034.699999999997,69.10000000000582,965.5999999999913,1034.699999999997,993.4099999999962
2025-12-11 01:00:00,91385.3,91408.0,90653.4,90673.8,279.1833207,25392865.860305077,25392865.860305077,1,754.6000000000058,22.80000000000291,731.8000000000029,754.6000000000058,971.6999999999971
2025-12-11 02:00:00,90673.8,90673.8,89872.5,90070.3,512.38051515,46206933.823016915,46206933.823016915,1,801.3000000000029,0.0,801.3000000000029,801.3000000000029,957.4999999999976
2025-12-11 03:00:00,90070.5,90083.5,89389.8,89881.1,397.6365867,35697833.048224359,35697833.048224359,1,693.6999999999971,13.19999999999709,680.5,693.6999999999971,937.2076923076899
2025-12-11 04:00:00,89881.0,90483.3,89688.0,90437.0,290.53147763,26164546.266505642,26164546.266505642,1,795.3000000000029,602.1999999999971,193.10000000000582,795.3000000000029,927.0714285714265
2025-12-11 05:00:00,90437.0,90437.0,90066.1,90303.8,199.17020937,17972015.207016023,17972015.207016023,1,370.8999999999942,0.0,370.8999999999942,370.8999999999942,912.0785714285697
2025-12-11 06:00:00,90303.8,90445.9,89954.9,90292.2,187.19643679,16889051.661337297,16889051.661337297,1,491.0,142.09999999999127,348.90000000000873,491.0,897.0785714285697
2025-12-11 07:00:00,90292.3,90329.2,90057.2,90271.0,271.86738121,24519779.769281561,24519779.769281561,1,272.0,37.0,235.0,272.0,887.1642857142849
2025-12-11 08:00:00,90270.9,90271.0,89964.9,90186.4,126.31077616,11381625.647527792,11381625.647527792,1,306.1000000000058,0.0,306.1000000000058,306.1000000000058,831.9857142857135
2025-12-11 09:00:00,90186.5,90523.3,90111.9,90233.0,800.5978254,72292353.878754779,72292353.878754779,1,411.40000000000873,336.90000000000873,74.5,411.40000000000873,747.25
2025-12-11 10:00:00,90233.3,90347.1,90170.0,90317.3,155.557461,14037011.886429888,14037011.886429888,1,177.10000000000582,114.10000000000582,63.0,177.10000000000582,600.2428571428578
2025-12-11 11:00:00,90317.4,90414.0,90204.1,90234.8,551.81074857,49834622.130277799,49834622.130277799,1,209.89999999999418,96.69999999999709,113.19999999999709,209.89999999999418,551.0357142857143
2025-12-11 12:00:00,90234.8,90381.3,90008.0,90029.0,148.4028197,13390022.619956618,13390022.619956618,1,373.3000000000029,146.5,226.8000000000029,373.3000000000029,524.721428571429
2025-12-11 13:00:00,90029.1,90170.0,89876.1,90101.0,150.53066277,13555048.64929751,13555048.64929751,1,293.8999999999942,141.0,152.89999999999418,293.8999999999942,498.942857142858
2025-12-11 14:00:00,90101.0,90484.2,89255.9,89548.1,500.5589693,45038872.432556601,45038872.432556601,1,1228.300000000003,383.1999999999971,845.1000000000058,1228.300000000003,512.7714285714299
2025-12-11 15:00:00,89548.1,90642.7,89408.0,89875.1,485.2247252,43702912.661672633,43702912.661672633,1,1234.699999999997,1094.5999999999913,140.10000000000582,1234.699999999997,547.0642857142864
2025-12-11 16:00:00,89875.0,90180.2,89333.3,89736.9,204.82634057,18369819.972935307,18369819.972935307,1,846.8999999999942,305.09999999999127,541.8000000000029,846.8999999999942,550.3214285714286
2025-12-11 17:00:00,89737.1,90255.1,89630.0,89979.4,161.71465129,14553734.661389972,14553734.661389972,1,625.1000000000058,518.2000000000116,106.89999999999418,625.1000000000058,545.4214285714291
2025-12-11 18:00:00,89971.6,91183.4,89891.1,90705.9,335.91158054,30446395.022196414,30446395.022196414,1,1292.2999999999884,1204.0,88.29999999998836,1292.2999999999884,580.9214285714281
2025-12-11 19:00:00,90705.7,91541.2,90583.1,90835.6,281.02742739,25605873.434216176,25605873.434216176,1,958.0999999999913,835.3000000000029,122.79999999998836,958.0999999999913,622.8642857142851
2025-12-11 20:00:00,90835.6,91829.2,90802.5,91781.4,186.21123828,17014826.359211654,17014826.359211654,1,1026.699999999997,993.5999999999913,33.10000000000582,1026.699999999997,661.1285714285706
2025-12-11 21:00:00,91789.2,93564.4,91703.3,92867.6,620.82572248,57645800.030164525,57645800.030164525,1,1861.0999999999913,1783.0,78.09999999999127,1861.0999999999913,774.6357142857129
2025-12-11 22:00:00,92867.7,93198.2,92097.6,92371.5,376.20738183,34826129.694224646,34826129.694224646,1,1100.5999999999913,330.59999999999127,770.0,1100.5999999999913,831.3857142857117
2025-12-11 23:00:00,92373.3,92804.5,92337.1,92522.3,399.27092309,36961470.86925368,36961470.86925368,1,467.3999999999942,433.0,34.39999999999418,467.3999999999942,835.3857142857107
2025-12-12 00:00:00,92522.2,92658.5,91280.4,91577.7,358.3292851,33005770.886541213,33005770.886541213,1,1378.1000000000058,136.1999999999971,1241.9000000000087,1378.1000000000058,921.171428571425
2025-12-12 01:00:00,91577.7,92317.0,91545.9,92171.8,210.07472527,19322611.47707797,19322611.47707797,1,771.1000000000058,739.3000000000029,31.80000000000291,771.1000000000058,961.2571428571401
2025-12-12 02:00:00,92171.9,92747.2,91929.1,92584.4,249.48219932,23067183.070103246,23067183.070103246,1,818.0999999999913,575.3999999999942,242.6999999999971,818.0999999999913,993.028571428568
2025-12-12 03:00:00,92584.5,92752.5,92175.0,92275.1,142.86960433,13196568.63684372,13196568.63684372,1,577.5,168.10000000000582,409.3999999999942,577.5,1013.2857142857112
2025-12-12 04:00:00,92274.9,92468.1,92123.0,92397.5,168.48839422,15545834.088353661,15545834.088353661,1,345.1000000000058,193.0,152.10000000000582,345.1000000000058,950.1999999999971
2025-12-12 05:00:00,92397.6,92502.3,92078.6,92443.2,134.01676677,12368300.369900802,12368300.369900802,1,423.6999999999971,104.80000000000291,318.8999999999942,423.6999999999971,892.2714285714256
2025-12-12 06:00:00,92443.2,92719.3,92403.1,92506.6,134.63047044,12466374.304033229,12466374.304033229,1,316.1999999999971,276.1000000000058,40.09999999999127,316.1999999999971,854.364285714283
2025-12-12 07:00:00,92506.7,92562.6,92250.3,92427.1,198.62147521,18363238.511646634,18363238.511646634,1,312.3000000000029,56.0,256.3000000000029,312.3000000000029,832.0214285714256
2025-12-12 08:00:00,92427.2,92479.1,92103.1,92347.4,159.40891768,14712170.015336549,14712170.015336549,1,376.0,52.0,324.0,376.0,766.5714285714265
2025-12-12 09:00:00,92346.9,92559.3,92088.5,92522.5,103.49380457,9554816.047931844,9554816.047931844,1,470.8000000000029,211.90000000000873,258.8999999999942,470.8000000000029,731.7642857142845
2025-12-12 10:00:00,92522.6,92635.6,92413.3,92493.0,183.00963292,16931789.121531478,16931789.121531478,1,222.3000000000029,113.10000000000582,109.19999999999709,222.3000000000029,674.307142857142
2025-12-12 11:00:00,92493.1,92493.1,92276.3,92411.9,62.00548005,5727795.329903857,5727795.329903857,1,216.8000000000029,0.10000000000582077,216.6999999999971,216.8000000000029,556.8571428571429
2025-12-12 12:00:00,92411.8,92425.1,92085.9,92425.1,165.86361655,15300734.520564509,15300734.520564509,1,339.20000000001164,13.200000000011642,326.0,339.20000000001164,502.47142857143
2025-12-12 13:00:00,92425.1,92515.6,92250.3,92311.9,129.70306513,11981370.903314232,11981370.903314232,1,265.3000000000029,90.5,174.8000000000029,265.3000000000029,488.0357142857164
2025-12-12 14:00:00,92311.9,92666.5,91902.5,92445.5,329.62106883,30444218.069092544,30444218.069092544,1,764.0,354.6000000000058,409.3999999999942,764.0,444.1714285714302
2025-12-12 15:00:00,92445.5,92445.5,89777.7,89941.4,1021.78373382,93036374.085344914,93036374.085344914,1,2667.800000000003,0.0,2667.800000000003,2667.800000000003,579.6500000000015
2025-12-12 16:00:00,89933.7,90439.5,89466.6,90040.1,539.75715832,48513696.953162542,48513696.953162542,1,972.8999999999942,498.1000000000058,474.79999999998836,972.8999999999942,590.7071428571445
2025-12-12 17:00:00,90040.2,90622.7,89822.6,90075.6,335.39684545,30256725.64032449,30256725.64032449,1,800.0999999999913,582.5999999999913,217.5,800.0999999999913,606.6071428571439
2025-12-12 18:00:00,90075.7,90659.9,90039.0,90366.0,350.93473832,31740116.294646766,31740116.294646766,1,620.8999999999942,584.2999999999884,36.60000000000582,620.8999999999942,626.307142857143
2025-12-12 19:00:00,90366.1,90398.9,90003.9,90197.1,179.75798504,16211958.551396132,16211958.551396132,1,395.0,32.89999999999418,362.1000000000058,395.0,624.2571428571433
2025-12-12 20:00:00,90197.1,90329.8,89888.8,90211.3,143.77395516,12959956.555020375,12959956.555020375,1,441.0,132.6999999999971,308.3000000000029,441.0,633.1714285714291
2025-12-12 21:00:00,90211.2,90347.6,90100.0,90192.0,100.17990399,9039494.043334048,9039494.043334048,1,247.60000000000582,136.3000000000029,111.30000000000291,247.60000000000582,628.5500000000009
2025-12-12 22:00:00,90186.0,90392.3,90184.7,90339.7,67.57906932,6102963.808878532,6102963.808878532,1,207.60000000000582,200.3000000000029,7.30000000000291,207.60000000000582,616.5214285714299
2025-12-12 23:00:00,90339.9,90387.0,90225.1,90268.1,43.02290384,3886376.254715724,3886376.254715724,1,161.89999999999418,47.30000000000291,114.59999999999127,161.89999999999418,594.4571428571435
2025-12-13 00:00:00,90268.1,90436.5,90206.9,90317.6,72.87979636,6583395.67486858,6583395.67486858,1,229.60000000000582,168.39999999999418,61.20000000001164,229.60000000000582,594.9785714285723
2025-12-13 01:00:00,90317.6,90360.0,90112.4,90224.9,53.88380277,4863702.025621173,4863702.025621173,1,247.60000000000582,42.39999999999418,205.20000000001164,247.60000000000582,597.1785714285725
2025-12-13 02:00:00,90225.0,90318.0,90206.2,90227.1,85.2432324,7693250.624685539,7693250.624685539,1,111.80000000000291,93.10000000000582,18.69999999999709,111.80000000000291,580.9357142857147
2025-12-13 03:00:00,90227.1,90469.9,90196.0,90341.9,135.46026992,12236562.817418255,12236562.817418255,1,273.8999999999942,242.79999999998836,31.10000000000582,273.8999999999942,581.5499999999998
2025-12-13 04:00:00,90341.9,90421.0,90271.5,90375.9,66.51295067,6009310.843948976,6009310.843948976,1,149.5,79.10000000000582,70.39999999999418,149.5,537.6571428571426
2025-12-13 05:00:00,90375.9,90394.0,90246.5,90340.4,162.18434809,14647563.439590031,14647563.439590031,1,147.5,18.10000000000582,129.39999999999418,147.5,357.63571428571385
2025-12-13 06:00:00,90340.5,90370.7,90251.6,90348.1,116.02051912,10478012.26595885,10478012.26595885,1,119.09999999999127,30.30000000000291,88.79999999998836,119.09999999999127,296.64999999999935
2025-12-13 07:00:00,90348.2,90416.9,90311.9,90330.0,559.66099937,50572556.425659322,50572556.425659322,1,105.0,68.79999999998836,36.20000000001164,105.0,247.0
2025-12-13 08:00:00,90330.1,90576.7,90314.6,90450.9,239.47088858,21661720.310185571,21661720.310185571,1,262.09999999999127,246.6999999999971,15.39999999999418,262.09999999999127,221.37142857142837
2025-12-13 09:00:00,90450.9,90513.5,90361.9,90415.0,142.43273878,12877980.376253072,12877980.376253072,1,151.60000000000582,62.60000000000582,89.0,151.60000000000582,203.9857142857145
2025-12-13 10:00:00,90415.1,90638.2,90415.1,90592.9,183.38279702,16595402.929461443,16595402.929461443,1,223.09999999999127,223.1999999999971,0.10000000000582077,223.1999999999971,188.42857142857142
2025-12-13 11:00:00,90592.9,90611.8,90300.0,90341.7,106.74044916,9656012.031319075,9656012.031319075,1,311.8000000000029,18.90000000000873,292.8999999999942,311.8000000000029,193.0142857142855
2025-12-13 12:00:00,90341.7,90486.0,90294.5,90355.1,54.66533858,4940466.232547556,4940466.232547556,1,191.5,144.3000000000029,47.19999999999709,191.5,191.8642857142851
2025-12-13 13:00:00,90355.1,90468.8,90200.0,90262.0,297.84272778,26904469.798221174,26904469.798221174,1,268.8000000000029,113.69999999999709,155.10000000000582,268.8000000000029,199.5
2025-12-13 14:00:00,90262.0,90348.1,89930.1,90086.0,152.71142529,13765120.287583045,13765120.287583045,1,418.0,86.10000000000582,331.8999999999942,418.0,212.95714285714243
2025-12-13 15:00:00,90085.9,90293.1,90038.7,90100.7,74.60630179,6725709.608373839,6725709.608373839,1,254.40000000000873,207.10000000000582,47.30000000000291,254.40000000000873,213.44285714285692
2025-12-13 16:00:00,90100.6,90275.0,90032.5,90097.6,47.03441241,4239349.313035252,4239349.313035252,1,242.5,174.3000000000029,68.19999999999709,242.5,222.778571428571
2025-12-13 17:00:00,90097.6,90105.8,89990.0,90054.0,36.70012025,3304003.122741532,3304003.122741532,1,115.80000000000291,8.19999999999709,107.60000000000582,115.80000000000291,211.4857142857145
2025-12-13 18:00:00,90054.1,90190.6,90044.1,90123.9,21.37263691,1926583.75852249,1926583.75852249,1,146.5,136.60000000000582,9.89999999999418,146.5,211.27142857142877
2025-12-13 19:00:00,90124.0,90225.5,90108.7,90182.5,16.58305732,1495351.356629241,1495351.356629241,1,116.80000000000291,101.60000000000582,15.19999999999709,116.80000000000291,209.07857142857185
2025-12-13 20:00:00,90182.4,90215.9,90044.0,90092.6,64.72020751,5836225.620077551,5836225.620077551,1,171.89999999999418,33.39999999999418,138.5,171.89999999999418,212.85000000000062
2025-12-13 21:00:00,90092.6,90192.0,89764.8,90171.5,67.18613368,6043540.506136839,6043540.506136839,1,427.1999999999971,99.39999999999418,327.8000000000029,427.1999999999971,235.86428571428613
2025-12-13 22:00:00,90171.5,90252.4,90002.5,90137.0,37.07301635,3341869.940098472,3341869.940098472,1,249.89999999999418,80.89999999999418,169.0,249.89999999999418,234.99285714285776
2025-12-13 23:00:00,90137.0,90279.0,90067.0,90241.1,25.03486913,2258498.808299851,2258498.808299851,1,212.0,142.0,70.0,212.0,239.30714285714308
2025-12-14 00:00:00,90241.1,90475.0,90125.0,90339.1,107.15131775,9678115.616046229,9678115.616046229,1,350.0,233.89999999999418,116.10000000000582,350.0,248.36428571428613
2025-12-14 01:00:00,90339.1,90458.2,90212.5,90300.4,57.87306423,5228086.693414258,5228086.693414258,1,245.6999999999971,119.09999999999127,126.60000000000582,245.6999999999971,243.64285714285714
2025-12-14 02:00:00,90300.5,90394.0,90247.2,90293.0,36.08459461,3259247.2491152,3259247.2491152,1,146.8000000000029,93.60000000000582,53.19999999999709,146.8000000000029,240.45000000000022
2025-12-14 03:00:00,90293.1,90310.0,90247.2,90266.5,46.3393048,4183271.292433037,4183271.292433037,1,62.80000000000291,17.0,45.80000000000291,62.80000000000291,225.7357142857145
2025-12-14 04:00:00,90266.6,90346.3,90131.3,90205.0,54.69097451,4934947.287390021,4934947.287390021,1,215.0,79.80000000000291,135.1999999999971,215.0,211.2357142857145
2025-12-14 05:00:00,90205.0,90234.0,90051.0,90208.7,72.44141003,6530321.369876209,6530321.369876209,1,183.0,29.0,154.0,183.0,206.13571428571387
2025-12-14 06:00:00,90208.7,90249.7,90100.0,90151.1,29.74349959,2681907.606510695,2681907.606510695,1,149.6999999999971,41.0,108.69999999999709,149.6999999999971,199.50714285714224
2025-12-14 07:00:00,90151.1,90291.1,90085.2,90256.1,114.17679632,10301894.803587832,10301894.803587832,1,205.90000000000873,140.0,65.90000000000873,205.90000000000873,205.94285714285692
2025-12-14 08:00:00,90256.0,90307.6,90104.9,90114.9,205.22209862,18514264.553928792,18514264.553928792,1,202.70000000001164,51.5,151.20000000001164,202.70000000001164,209.95714285714348
2025-12-14 09:00:00,90115.0,90158.0,90007.0,90025.9,57.74668524,5201026.422919042,5201026.422919042,1,151.0,43.10000000000582,107.89999999999418,151.0,212.4000000000004
2025-12-14 10:00:00,90026.0,90133.3,89786.4,89857.0,356.79876067,32105372.509623506,32105372.509623506,1,346.90000000000873,107.40000000000873,239.5,346.90000000000873,224.90000000000146
2025-12-14 11:00:00,89857.1,89857.1,88632.9,89355.0,716.52021275,63954194.407106409,63954194.407106409,1,1224.2000000000116,0.10000000000582077,1224.1000000000058,1224.2000000000116,281.8285714285739
2025-12-14 12:00:00,89355.1,89662.6,89100.0,89418.5,142.95710451,12781971.11729148,12781971.11729148,1,562.6000000000058,307.6000000000058,255.0,562.6000000000058,304.16428571428906
2025-12-14 13:00:00,89417.1,89498.0,89083.9,89484.1,93.66485585,8360013.411800478,8360013.411800478,1,414.1000000000058,79.5,334.6000000000058,414.1000000000058,318.6000000000037
2025-12-14 14:00:00,89484.1,89559.4,88884.0,89112.1,169.43066117,15107379.798435572,15107379.798435572,1,675.3999999999942,75.29999999998836,600.1000000000058,675.3999999999942,341.84285714286045
2025-12-14 15:00:00,89112.1,89180.0,88880.0,89027.7,76.91047471,6846523.108176784,6846523.108176784,1,300.0,67.89999999999418,232.10000000000582,300.0,345.7214285714321
2025-12-14 16:00:00,89027.7,89397.9,88505.4,88832.9,191.920253,17061467.715589613,17061467.715589613,1,892.5,370.1999999999971,522.3000000000029,892.5,398.9857142857176
2025-12-14 17:00:00,88833.0,89029.2,88600.0,88804.9,135.47267914,12032329.846435835,12032329.846435835,1,429.1999999999971,196.3000000000029,232.89999999999418,429.1999999999971,425.15714285714574
2025-12-14 18:00:00,88805.0,89082.4,88720.2,89004.7,85.78959057,7626048.986024495,7626048.986024495,1,362.1999999999971,277.5,84.69999999999709,362.1999999999971,435.67142857143125
2025-12-10 15:00:00,91834.1,92148.4,91567.6,92069.9,278.09419569,25564519.834704177,25564519.834704177,1,580.7999999999884,,,580.7999999999884,580.7999999999884
2025-12-10 16:00:00,92070.0,92597.0,91896.0,92174.9,409.94351588,37842079.90724178,37842079.90724178,1,701.0,527.1000000000058,173.89999999999418,701.0,640.8999999999942
2025-12-10 17:00:00,92174.0,92512.9,92102.1,92384.3,207.68625127,19170970.652357702,19170970.652357702,1,410.79999999998836,338.0,72.79999999998836,410.79999999998836,564.1999999999922
2025-12-10 18:00:00,92384.4,93058.6,91980.0,92499.7,298.38256632,27616070.944104083,27616070.944104083,1,1078.6000000000058,674.3000000000029,404.3000000000029,1078.6000000000058,692.7999999999956
2025-12-10 19:00:00,92499.6,93283.2,91685.5,92959.6,972.23919566,90090268.073227589,90090268.073227589,1,1597.699999999997,783.5,814.1999999999971,1597.699999999997,873.7799999999959
2025-12-10 20:00:00,92959.7,94495.2,92260.0,92453.3,804.77893571,75194775.672259686,75194775.672259686,1,2235.199999999997,1535.5999999999913,699.6000000000058,2235.199999999997,1100.6833333333295
2025-12-10 21:00:00,92453.2,92772.6,91873.8,92351.4,241.87182423,22321154.565788121,22321154.565788121,1,898.8000000000029,319.3000000000029,579.5,898.8000000000029,1071.8428571428542
2025-12-10 22:00:00,92351.5,92695.4,91953.7,92514.9,167.87256569,15508749.722818461,15508749.722818461,1,741.6999999999971,344.0,397.6999999999971,741.6999999999971,1030.574999999997
2025-12-10 23:00:00,92514.9,92592.9,91938.1,92013.7,173.18754256,15964940.66082367,15964940.66082367,1,654.7999999999884,78.0,576.7999999999884,654.7999999999884,988.8222222222183
2025-12-11 00:00:00,92013.6,92082.8,91048.1,91385.2,335.30472018,30694976.096124609,30694976.096124609,1,1034.699999999997,69.10000000000582,965.5999999999913,1034.699999999997,993.4099999999962
2025-12-11 01:00:00,91385.3,91408.0,90653.4,90673.8,279.1833207,25392865.860305077,25392865.860305077,1,754.6000000000058,22.80000000000291,731.8000000000029,754.6000000000058,971.6999999999971
2025-12-11 02:00:00,90673.8,90673.8,89872.5,90070.3,512.38051515,46206933.823016915,46206933.823016915,1,801.3000000000029,0.0,801.3000000000029,801.3000000000029,957.4999999999976
2025-12-11 03:00:00,90070.5,90083.5,89389.8,89881.1,397.6365867,35697833.048224359,35697833.048224359,1,693.6999999999971,13.19999999999709,680.5,693.6999999999971,937.2076923076899
2025-12-11 04:00:00,89881.0,90483.3,89688.0,90437.0,290.53147763,26164546.266505642,26164546.266505642,1,795.3000000000029,602.1999999999971,193.10000000000582,795.3000000000029,927.0714285714265
2025-12-11 05:00:00,90437.0,90437.0,90066.1,90303.8,199.17020937,17972015.207016023,17972015.207016023,1,370.8999999999942,0.0,370.8999999999942,370.8999999999942,912.0785714285697
2025-12-11 06:00:00,90303.8,90445.9,89954.9,90292.2,187.19643679,16889051.661337297,16889051.661337297,1,491.0,142.09999999999127,348.90000000000873,491.0,897.0785714285697
2025-12-11 07:00:00,90292.3,90329.2,90057.2,90271.0,271.86738121,24519779.769281561,24519779.769281561,1,272.0,37.0,235.0,272.0,887.1642857142849
2025-12-11 08:00:00,90270.9,90271.0,89964.9,90186.4,126.31077616,11381625.647527792,11381625.647527792,1,306.1000000000058,0.0,306.1000000000058,306.1000000000058,831.9857142857135
2025-12-11 09:00:00,90186.5,90523.3,90111.9,90233.0,800.5978254,72292353.878754779,72292353.878754779,1,411.40000000000873,336.90000000000873,74.5,411.40000000000873,747.25
2025-12-11 10:00:00,90233.3,90347.1,90170.0,90317.3,155.557461,14037011.886429888,14037011.886429888,1,177.10000000000582,114.10000000000582,63.0,177.10000000000582,600.2428571428578
2025-12-11 11:00:00,90317.4,90414.0,90204.1,90234.8,551.81074857,49834622.130277799,49834622.130277799,1,209.89999999999418,96.69999999999709,113.19999999999709,209.89999999999418,551.0357142857143
2025-12-11 12:00:00,90234.8,90381.3,90008.0,90029.0,148.4028197,13390022.619956618,13390022.619956618,1,373.3000000000029,146.5,226.8000000000029,373.3000000000029,524.721428571429
2025-12-11 13:00:00,90029.1,90170.0,89876.1,90101.0,150.53066277,13555048.64929751,13555048.64929751,1,293.8999999999942,141.0,152.89999999999418,293.8999999999942,498.942857142858
2025-12-11 14:00:00,90101.0,90484.2,89255.9,89548.1,500.5589693,45038872.432556601,45038872.432556601,1,1228.300000000003,383.1999999999971,845.1000000000058,1228.300000000003,512.7714285714299
2025-12-11 15:00:00,89548.1,90642.7,89408.0,89875.1,485.2247252,43702912.661672633,43702912.661672633,1,1234.699999999997,1094.5999999999913,140.10000000000582,1234.699999999997,547.0642857142864
2025-12-11 16:00:00,89875.0,90180.2,89333.3,89736.9,204.82634057,18369819.972935307,18369819.972935307,1,846.8999999999942,305.09999999999127,541.8000000000029,846.8999999999942,550.3214285714286
2025-12-11 17:00:00,89737.1,90255.1,89630.0,89979.4,161.71465129,14553734.661389972,14553734.661389972,1,625.1000000000058,518.2000000000116,106.89999999999418,625.1000000000058,545.4214285714291
2025-12-11 18:00:00,89971.6,91183.4,89891.1,90705.9,335.91158054,30446395.022196414,30446395.022196414,1,1292.2999999999884,1204.0,88.29999999998836,1292.2999999999884,580.9214285714281
2025-12-11 19:00:00,90705.7,91541.2,90583.1,90835.6,281.02742739,25605873.434216176,25605873.434216176,1,958.0999999999913,835.3000000000029,122.79999999998836,958.0999999999913,622.8642857142851
2025-12-11 20:00:00,90835.6,91829.2,90802.5,91781.4,186.21123828,17014826.359211654,17014826.359211654,1,1026.699999999997,993.5999999999913,33.10000000000582,1026.699999999997,661.1285714285706
2025-12-11 21:00:00,91789.2,93564.4,91703.3,92867.6,620.82572248,57645800.030164525,57645800.030164525,1,1861.0999999999913,1783.0,78.09999999999127,1861.0999999999913,774.6357142857129
2025-12-11 22:00:00,92867.7,93198.2,92097.6,92371.5,376.20738183,34826129.694224646,34826129.694224646,1,1100.5999999999913,330.59999999999127,770.0,1100.5999999999913,831.3857142857117
2025-12-11 23:00:00,92373.3,92804.5,92337.1,92522.3,399.27092309,36961470.86925368,36961470.86925368,1,467.3999999999942,433.0,34.39999999999418,467.3999999999942,835.3857142857107
2025-12-12 00:00:00,92522.2,92658.5,91280.4,91577.7,358.3292851,33005770.886541213,33005770.886541213,1,1378.1000000000058,136.1999999999971,1241.9000000000087,1378.1000000000058,921.171428571425
2025-12-12 01:00:00,91577.7,92317.0,91545.9,92171.8,210.07472527,19322611.47707797,19322611.47707797,1,771.1000000000058,739.3000000000029,31.80000000000291,771.1000000000058,961.2571428571401
2025-12-12 02:00:00,92171.9,92747.2,91929.1,92584.4,249.48219932,23067183.070103246,23067183.070103246,1,818.0999999999913,575.3999999999942,242.6999999999971,818.0999999999913,993.028571428568
2025-12-12 03:00:00,92584.5,92752.5,92175.0,92275.1,142.86960433,13196568.63684372,13196568.63684372,1,577.5,168.10000000000582,409.3999999999942,577.5,1013.2857142857112
2025-12-12 04:00:00,92274.9,92468.1,92123.0,92397.5,168.48839422,15545834.088353661,15545834.088353661,1,345.1000000000058,193.0,152.10000000000582,345.1000000000058,950.1999999999971
2025-12-12 05:00:00,92397.6,92502.3,92078.6,92443.2,134.01676677,12368300.369900802,12368300.369900802,1,423.6999999999971,104.80000000000291,318.8999999999942,423.6999999999971,892.2714285714256
2025-12-12 06:00:00,92443.2,92719.3,92403.1,92506.6,134.63047044,12466374.304033229,12466374.304033229,1,316.1999999999971,276.1000000000058,40.09999999999127,316.1999999999971,854.364285714283
2025-12-12 07:00:00,92506.7,92562.6,92250.3,92427.1,198.62147521,18363238.511646634,18363238.511646634,1,312.3000000000029,56.0,256.3000000000029,312.3000000000029,832.0214285714256
2025-12-12 08:00:00,92427.2,92479.1,92103.1,92347.4,159.40891768,14712170.015336549,14712170.015336549,1,376.0,52.0,324.0,376.0,766.5714285714265
2025-12-12 09:00:00,92346.9,92559.3,92088.5,92522.5,103.49380457,9554816.047931844,9554816.047931844,1,470.8000000000029,211.90000000000873,258.8999999999942,470.8000000000029,731.7642857142845
2025-12-12 10:00:00,92522.6,92635.6,92413.3,92493.0,183.00963292,16931789.121531478,16931789.121531478,1,222.3000000000029,113.10000000000582,109.19999999999709,222.3000000000029,674.307142857142
2025-12-12 11:00:00,92493.1,92493.1,92276.3,92411.9,62.00548005,5727795.329903857,5727795.329903857,1,216.8000000000029,0.10000000000582077,216.6999999999971,216.8000000000029,556.8571428571429
2025-12-12 12:00:00,92411.8,92425.1,92085.9,92425.1,165.86361655,15300734.520564509,15300734.520564509,1,339.20000000001164,13.200000000011642,326.0,339.20000000001164,502.47142857143
2025-12-12 13:00:00,92425.1,92515.6,92250.3,92311.9,129.70306513,11981370.903314232,11981370.903314232,1,265.3000000000029,90.5,174.8000000000029,265.3000000000029,488.0357142857164
2025-12-12 14:00:00,92311.9,92666.5,91902.5,92445.5,329.62106883,30444218.069092544,30444218.069092544,1,764.0,354.6000000000058,409.3999999999942,764.0,444.1714285714302
2025-12-12 15:00:00,92445.5,92445.5,89777.7,89941.4,1021.78373382,93036374.085344914,93036374.085344914,1,2667.800000000003,0.0,2667.800000000003,2667.800000000003,579.6500000000015
2025-12-12 16:00:00,89933.7,90439.5,89466.6,90040.1,539.75715832,48513696.953162542,48513696.953162542,1,972.8999999999942,498.1000000000058,474.79999999998836,972.8999999999942,590.7071428571445
2025-12-12 17:00:00,90040.2,90622.7,89822.6,90075.6,335.39684545,30256725.64032449,30256725.64032449,1,800.0999999999913,582.5999999999913,217.5,800.0999999999913,606.6071428571439
2025-12-12 18:00:00,90075.7,90659.9,90039.0,90366.0,350.93473832,31740116.294646766,31740116.294646766,1,620.8999999999942,584.2999999999884,36.60000000000582,620.8999999999942,626.307142857143
2025-12-12 19:00:00,90366.1,90398.9,90003.9,90197.1,179.75798504,16211958.551396132,16211958.551396132,1,395.0,32.89999999999418,362.1000000000058,395.0,624.2571428571433
2025-12-12 20:00:00,90197.1,90329.8,89888.8,90211.3,143.77395516,12959956.555020375,12959956.555020375,1,441.0,132.6999999999971,308.3000000000029,441.0,633.1714285714291
2025-12-12 21:00:00,90211.2,90347.6,90100.0,90192.0,100.17990399,9039494.043334048,9039494.043334048,1,247.60000000000582,136.3000000000029,111.30000000000291,247.60000000000582,628.5500000000009
2025-12-12 22:00:00,90186.0,90392.3,90184.7,90339.7,67.57906932,6102963.808878532,6102963.808878532,1,207.60000000000582,200.3000000000029,7.30000000000291,207.60000000000582,616.5214285714299
2025-12-12 23:00:00,90339.9,90387.0,90225.1,90268.1,43.02290384,3886376.254715724,3886376.254715724,1,161.89999999999418,47.30000000000291,114.59999999999127,161.89999999999418,594.4571428571435
2025-12-13 00:00:00,90268.1,90436.5,90206.9,90317.6,72.87979636,6583395.67486858,6583395.67486858,1,229.60000000000582,168.39999999999418,61.20000000001164,229.60000000000582,594.9785714285723
2025-12-13 01:00:00,90317.6,90360.0,90112.4,90224.9,53.88380277,4863702.025621173,4863702.025621173,1,247.60000000000582,42.39999999999418,205.20000000001164,247.60000000000582,597.1785714285725
2025-12-13 02:00:00,90225.0,90318.0,90206.2,90227.1,85.2432324,7693250.624685539,7693250.624685539,1,111.80000000000291,93.10000000000582,18.69999999999709,111.80000000000291,580.9357142857147
2025-12-13 03:00:00,90227.1,90469.9,90196.0,90341.9,135.46026992,12236562.817418255,12236562.817418255,1,273.8999999999942,242.79999999998836,31.10000000000582,273.8999999999942,581.5499999999998
2025-12-13 04:00:00,90341.9,90421.0,90271.5,90375.9,66.51295067,6009310.843948976,6009310.843948976,1,149.5,79.10000000000582,70.39999999999418,149.5,537.6571428571426
2025-12-13 05:00:00,90375.9,90394.0,90246.5,90340.4,162.18434809,14647563.439590031,14647563.439590031,1,147.5,18.10000000000582,129.39999999999418,147.5,357.63571428571385
2025-12-13 06:00:00,90340.5,90370.7,90251.6,90348.1,116.02051912,10478012.26595885,10478012.26595885,1,119.09999999999127,30.30000000000291,88.79999999998836,119.09999999999127,296.64999999999935
2025-12-13 07:00:00,90348.2,90416.9,90311.9,90330.0,559.66099937,50572556.425659322,50572556.425659322,1,105.0,68.79999999998836,36.20000000001164,105.0,247.0
2025-12-13 08:00:00,90330.1,90576.7,90314.6,90450.9,239.47088858,21661720.310185571,21661720.310185571,1,262.09999999999127,246.6999999999971,15.39999999999418,262.09999999999127,221.37142857142837
2025-12-13 09:00:00,90450.9,90513.5,90361.9,90415.0,142.43273878,12877980.376253072,12877980.376253072,1,151.60000000000582,62.60000000000582,89.0,151.60000000000582,203.9857142857145
2025-12-13 10:00:00,90415.1,90638.2,90415.1,90592.9,183.38279702,16595402.929461443,16595402.929461443,1,223.09999999999127,223.1999999999971,0.10000000000582077,223.1999999999971,188.42857142857142
2025-12-13 11:00:00,90592.9,90611.8,90300.0,90341.7,106.74044916,9656012.031319075,9656012.031319075,1,311.8000000000029,18.90000000000873,292.8999999999942,311.8000000000029,193.0142857142855
2025-12-13 12:00:00,90341.7,90486.0,90294.5,90355.1,54.66533858,4940466.232547556,4940466.232547556,1,191.5,144.3000000000029,47.19999999999709,191.5,191.8642857142851
2025-12-13 13:00:00,90355.1,90468.8,90200.0,90262.0,297.84272778,26904469.798221174,26904469.798221174,1,268.8000000000029,113.69999999999709,155.10000000000582,268.8000000000029,199.5
2025-12-13 14:00:00,90262.0,90348.1,89930.1,90086.0,152.71142529,13765120.287583045,13765120.287583045,1,418.0,86.10000000000582,331.8999999999942,418.0,212.95714285714243
2025-12-13 15:00:00,90085.9,90293.1,90038.7,90100.7,74.60630179,6725709.608373839,6725709.608373839,1,254.40000000000873,207.10000000000582,47.30000000000291,254.40000000000873,213.44285714285692
2025-12-13 16:00:00,90100.6,90275.0,90032.5,90097.6,47.03441241,4239349.313035252,4239349.313035252,1,242.5,174.3000000000029,68.19999999999709,242.5,222.778571428571
2025-12-13 17:00:00,90097.6,90105.8,89990.0,90054.0,36.70012025,3304003.122741532,3304003.122741532,1,115.80000000000291,8.19999999999709,107.60000000000582,115.80000000000291,211.4857142857145
2025-12-13 18:00:00,90054.1,90190.6,90044.1,90123.9,21.37263691,1926583.75852249,1926583.75852249,1,146.5,136.60000000000582,9.89999999999418,146.5,211.27142857142877
2025-12-13 19:00:00,90124.0,90225.5,90108.7,90182.5,16.58305732,1495351.356629241,1495351.356629241,1,116.80000000000291,101.60000000000582,15.19999999999709,116.80000000000291,209.07857142857185
2025-12-13 20:00:00,90182.4,90215.9,90044.0,90092.6,64.72020751,5836225.620077551,5836225.620077551,1,171.89999999999418,33.39999999999418,138.5,171.89999999999418,212.85000000000062
2025-12-13 21:00:00,90092.6,90192.0,89764.8,90171.5,67.18613368,6043540.506136839,6043540.506136839,1,427.1999999999971,99.39999999999418,327.8000000000029,427.1999999999971,235.86428571428613
2025-12-13 22:00:00,90171.5,90252.4,90002.5,90137.0,37.07301635,3341869.940098472,3341869.940098472,1,249.89999999999418,80.89999999999418,169.0,249.89999999999418,234.99285714285776
2025-12-13 23:00:00,90137.0,90279.0,90067.0,90241.1,25.03486913,2258498.808299851,2258498.808299851,1,212.0,142.0,70.0,212.0,239.30714285714308
2025-12-14 00:00:00,90241.1,90475.0,90125.0,90339.1,107.15131775,9678115.616046229,9678115.616046229,1,350.0,233.89999999999418,116.10000000000582,350.0,248.36428571428613
2025-12-14 01:00:00,90339.1,90458.2,90212.5,90300.4,57.87306423,5228086.693414258,5228086.693414258,1,245.6999999999971,119.09999999999127,126.60000000000582,245.6999999999971,243.64285714285714
2025-12-14 02:00:00,90300.5,90394.0,90247.2,90293.0,36.08459461,3259247.2491152,3259247.2491152,1,146.8000000000029,93.60000000000582,53.19999999999709,146.8000000000029,240.45000000000022
2025-12-14 03:00:00,90293.1,90310.0,90247.2,90266.5,46.3393048,4183271.292433037,4183271.292433037,1,62.80000000000291,17.0,45.80000000000291,62.80000000000291,225.7357142857145
2025-12-14 04:00:00,90266.6,90346.3,90131.3,90205.0,54.69097451,4934947.287390021,4934947.287390021,1,215.0,79.80000000000291,135.1999999999971,215.0,211.2357142857145
2025-12-14 05:00:00,90205.0,90234.0,90051.0,90208.7,72.44141003,6530321.369876209,6530321.369876209,1,183.0,29.0,154.0,183.0,206.13571428571387
2025-12-14 06:00:00,90208.7,90249.7,90100.0,90151.1,29.74349959,2681907.606510695,2681907.606510695,1,149.6999999999971,41.0,108.69999999999709,149.6999999999971,199.50714285714224
2025-12-14 07:00:00,90151.1,90291.1,90085.2,90256.1,114.17679632,10301894.803587832,10301894.803587832,1,205.90000000000873,140.0,65.90000000000873,205.90000000000873,205.94285714285692
2025-12-14 08:00:00,90256.0,90307.6,90104.9,90114.9,205.22209862,18514264.553928792,18514264.553928792,1,202.70000000001164,51.5,151.20000000001164,202.70000000001164,209.95714285714348
2025-12-14 09:00:00,90115.0,90158.0,90007.0,90025.9,57.74668524,5201026.422919042,5201026.422919042,1,151.0,43.10000000000582,107.89999999999418,151.0,212.4000000000004
2025-12-14 10:00:00,90026.0,90133.3,89786.4,89857.0,356.79876067,32105372.509623506,32105372.509623506,1,346.90000000000873,107.40000000000873,239.5,346.90000000000873,224.90000000000146
2025-12-14 11:00:00,89857.1,89857.1,88632.9,89355.0,716.52021275,63954194.407106409,63954194.407106409,1,1224.2000000000116,0.10000000000582077,1224.1000000000058,1224.2000000000116,281.8285714285739
2025-12-14 12:00:00,89355.1,89662.6,89100.0,89418.5,142.95710451,12781971.11729148,12781971.11729148,1,562.6000000000058,307.6000000000058,255.0,562.6000000000058,304.16428571428906
2025-12-14 13:00:00,89417.1,89498.0,89083.9,89484.1,93.66485585,8360013.411800478,8360013.411800478,1,414.1000000000058,79.5,334.6000000000058,414.1000000000058,318.6000000000037
2025-12-14 14:00:00,89484.1,89559.4,88884.0,89112.1,169.43066117,15107379.798435572,15107379.798435572,1,675.3999999999942,75.29999999998836,600.1000000000058,675.3999999999942,341.84285714286045
2025-12-14 15:00:00,89112.1,89180.0,88880.0,89027.7,76.91047471,6846523.108176784,6846523.108176784,1,300.0,67.89999999999418,232.10000000000582,300.0,345.7214285714321
2025-12-14 16:00:00,89027.7,89397.9,88505.4,88832.9,191.920253,17061467.715589613,17061467.715589613,1,892.5,370.1999999999971,522.3000000000029,892.5,398.9857142857176
2025-12-14 17:00:00,88833.0,89029.2,88600.0,88804.9,135.47267914,12032329.846435835,12032329.846435835,1,429.1999999999971,196.3000000000029,232.89999999999418,429.1999999999971,425.15714285714574
2025-12-14 18:00:00,88805.0,89082.4,88720.2,89004.7,85.78959057,7626048.986024495,7626048.986024495,1,362.1999999999971,277.5,84.69999999999709,362.1999999999971,435.67142857143125
2025-12-10 15:00:00,91834.1,92148.4,91567.6,92069.9,278.09419569,25564519.834704177,25564519.834704177,1,580.7999999999884,,,580.7999999999884,580.7999999999884
2025-12-10 16:00:00,92070.0,92597.0,91896.0,92174.9,409.94351588,37842079.90724178,37842079.90724178,1,701.0,527.1000000000058,173.89999999999418,701.0,640.8999999999942
2025-12-10 17:00:00,92174.0,92512.9,92102.1,92384.3,207.68625127,19170970.652357702,19170970.652357702,1,410.79999999998836,338.0,72.79999999998836,410.79999999998836,564.1999999999922
2025-12-10 18:00:00,92384.4,93058.6,91980.0,92499.7,298.38256632,27616070.944104083,27616070.944104083,1,1078.6000000000058,674.3000000000029,404.3000000000029,1078.6000000000058,692.7999999999956
2025-12-10 19:00:00,92499.6,93283.2,91685.5,92959.6,972.23919566,90090268.073227589,90090268.073227589,1,1597.699999999997,783.5,814.1999999999971,1597.699999999997,873.7799999999959
2025-12-10 20:00:00,92959.7,94495.2,92260.0,92453.3,804.77893571,75194775.672259686,75194775.672259686,1,2235.199999999997,1535.5999999999913,699.6000000000058,2235.199999999997,1100.6833333333295
2025-12-10 21:00:00,92453.2,92772.6,91873.8,92351.4,241.87182423,22321154.565788121,22321154.565788121,1,898.8000000000029,319.3000000000029,579.5,898.8000000000029,1071.8428571428542
2025-12-10 22:00:00,92351.5,92695.4,91953.7,92514.9,167.87256569,15508749.722818461,15508749.722818461,1,741.6999999999971,344.0,397.6999999999971,741.6999999999971,1030.574999999997
2025-12-10 23:00:00,92514.9,92592.9,91938.1,92013.7,173.18754256,15964940.66082367,15964940.66082367,1,654.7999999999884,78.0,576.7999999999884,654.7999999999884,988.8222222222183
2025-12-11 00:00:00,92013.6,92082.8,91048.1,91385.2,335.30472018,30694976.096124609,30694976.096124609,1,1034.699999999997,69.10000000000582,965.5999999999913,1034.699999999997,993.4099999999962
2025-12-11 01:00:00,91385.3,91408.0,90653.4,90673.8,279.1833207,25392865.860305077,25392865.860305077,1,754.6000000000058,22.80000000000291,731.8000000000029,754.6000000000058,971.6999999999971
2025-12-11 02:00:00,90673.8,90673.8,89872.5,90070.3,512.38051515,46206933.823016915,46206933.823016915,1,801.3000000000029,0.0,801.3000000000029,801.3000000000029,957.4999999999976
2025-12-11 03:00:00,90070.5,90083.5,89389.8,89881.1,397.6365867,35697833.048224359,35697833.048224359,1,693.6999999999971,13.19999999999709,680.5,693.6999999999971,937.2076923076899
2025-12-11 04:00:00,89881.0,90483.3,89688.0,90437.0,290.53147763,26164546.266505642,26164546.266505642,1,795.3000000000029,602.1999999999971,193.10000000000582,795.3000000000029,927.0714285714265
2025-12-11 05:00:00,90437.0,90437.0,90066.1,90303.8,199.17020937,17972015.207016023,17972015.207016023,1,370.8999999999942,0.0,370.8999999999942,370.8999999999942,912.0785714285697
2025-12-11 06:00:00,90303.8,90445.9,89954.9,90292.2,187.19643679,16889051.661337297,16889051.661337297,1,491.0,142.09999999999127,348.90000000000873,491.0,897.0785714285697
2025-12-11 07:00:00,90292.3,90329.2,90057.2,90271.0,271.86738121,24519779.769281561,24519779.769281561,1,272.0,37.0,235.0,272.0,887.1642857142849
2025-12-11 08:00:00,90270.9,90271.0,89964.9,90186.4,126.31077616,11381625.647527792,11381625.647527792,1,306.1000000000058,0.0,306.1000000000058,306.1000000000058,831.9857142857135
2025-12-11 09:00:00,90186.5,90523.3,90111.9,90233.0,800.5978254,72292353.878754779,72292353.878754779,1,411.40000000000873,336.90000000000873,74.5,411.40000000000873,747.25
2025-12-11 10:00:00,90233.3,90347.1,90170.0,90317.3,155.557461,14037011.886429888,14037011.886429888,1,177.10000000000582,114.10000000000582,63.0,177.10000000000582,600.2428571428578
2025-12-11 11:00:00,90317.4,90414.0,90204.1,90234.8,551.81074857,49834622.130277799,49834622.130277799,1,209.89999999999418,96.69999999999709,113.19999999999709,209.89999999999418,551.0357142857143
2025-12-11 12:00:00,90234.8,90381.3,90008.0,90029.0,148.4028197,13390022.619956618,13390022.619956618,1,373.3000000000029,146.5,226.8000000000029,373.3000000000029,524.721428571429
2025-12-11 13:00:00,90029.1,90170.0,89876.1,90101.0,150.53066277,13555048.64929751,13555048.64929751,1,293.8999999999942,141.0,152.89999999999418,293.8999999999942,498.942857142858
2025-12-11 14:00:00,90101.0,90484.2,89255.9,89548.1,500.5589693,45038872.432556601,45038872.432556601,1,1228.300000000003,383.1999999999971,845.1000000000058,1228.300000000003,512.7714285714299
2025-12-11 15:00:00,89548.1,90642.7,89408.0,89875.1,485.2247252,43702912.661672633,43702912.661672633,1,1234.699999999997,1094.5999999999913,140.10000000000582,1234.699999999997,547.0642857142864
2025-12-11 16:00:00,89875.0,90180.2,89333.3,89736.9,204.82634057,18369819.972935307,18369819.972935307,1,846.8999999999942,305.09999999999127,541.8000000000029,846.8999999999942,550.3214285714286
2025-12-11 17:00:00,89737.1,90255.1,89630.0,89979.4,161.71465129,14553734.661389972,14553734.661389972,1,625.1000000000058,518.2000000000116,106.89999999999418,625.1000000000058,545.4214285714291
2025-12-11 18:00:00,89971.6,91183.4,89891.1,90705.9,335.91158054,30446395.022196414,30446395.022196414,1,1292.2999999999884,1204.0,88.29999999998836,1292.2999999999884,580.9214285714281
2025-12-11 19:00:00,90705.7,91541.2,90583.1,90835.6,281.02742739,25605873.434216176,25605873.434216176,1,958.0999999999913,835.3000000000029,122.79999999998836,958.0999999999913,622.8642857142851
2025-12-11 20:00:00,90835.6,91829.2,90802.5,91781.4,186.21123828,17014826.359211654,17014826.359211654,1,1026.699999999997,993.5999999999913,33.10000000000582,1026.699999999997,661.1285714285706
2025-12-11 21:00:00,91789.2,93564.4,91703.3,92867.6,620.82572248,57645800.030164525,57645800.030164525,1,1861.0999999999913,1783.0,78.09999999999127,1861.0999999999913,774.6357142857129
2025-12-11 22:00:00,92867.7,93198.2,92097.6,92371.5,376.20738183,34826129.694224646,34826129.694224646,1,1100.5999999999913,330.59999999999127,770.0,1100.5999999999913,831.3857142857117
2025-12-11 23:00:00,92373.3,92804.5,92337.1,92522.3,399.27092309,36961470.86925368,36961470.86925368,1,467.3999999999942,433.0,34.39999999999418,467.3999999999942,835.3857142857107
2025-12-12 00:00:00,92522.2,92658.5,91280.4,91577.7,358.3292851,33005770.886541213,33005770.886541213,1,1378.1000000000058,136.1999999999971,1241.9000000000087,1378.1000000000058,921.171428571425
2025-12-12 01:00:00,91577.7,92317.0,91545.9,92171.8,210.07472527,19322611.47707797,19322611.47707797,1,771.1000000000058,739.3000000000029,31.80000000000291,771.1000000000058,961.2571428571401
2025-12-12 02:00:00,92171.9,92747.2,91929.1,92584.4,249.48219932,23067183.070103246,23067183.070103246,1,818.0999999999913,575.3999999999942,242.6999999999971,818.0999999999913,993.028571428568
2025-12-12 03:00:00,92584.5,92752.5,92175.0,92275.1,142.86960433,13196568.63684372,13196568.63684372,1,577.5,168.10000000000582,409.3999999999942,577.5,1013.2857142857112
2025-12-12 04:00:00,92274.9,92468.1,92123.0,92397.5,168.48839422,15545834.088353661,15545834.088353661,1,345.1000000000058,193.0,152.10000000000582,345.1000000000058,950.1999999999971
2025-12-12 05:00:00,92397.6,92502.3,92078.6,92443.2,134.01676677,12368300.369900802,12368300.369900802,1,423.6999999999971,104.80000000000291,318.8999999999942,423.6999999999971,892.2714285714256
2025-12-12 06:00:00,92443.2,92719.3,92403.1,92506.6,134.63047044,12466374.304033229,12466374.304033229,1,316.1999999999971,276.1000000000058,40.09999999999127,316.1999999999971,854.364285714283
2025-12-12 07:00:00,92506.7,92562.6,92250.3,92427.1,198.62147521,18363238.511646634,18363238.511646634,1,312.3000000000029,56.0,256.3000000000029,312.3000000000029,832.0214285714256
2025-12-12 08:00:00,92427.2,92479.1,92103.1,92347.4,159.40891768,14712170.015336549,14712170.015336549,1,376.0,52.0,324.0,376.0,766.5714285714265
2025-12-12 09:00:00,92346.9,92559.3,92088.5,92522.5,103.49380457,9554816.047931844,9554816.047931844,1,470.8000000000029,211.90000000000873,258.8999999999942,470.8000000000029,731.7642857142845
2025-12-12 10:00:00,92522.6,92635.6,92413.3,92493.0,183.00963292,16931789.121531478,16931789.121531478,1,222.3000000000029,113.10000000000582,109.19999999999709,222.3000000000029,674.307142857142
2025-12-12 11:00:00,92493.1,92493.1,92276.3,92411.9,62.00548005,5727795.329903857,5727795.329903857,1,216.8000000000029,0.10000000000582077,216.6999999999971,216.8000000000029,556.8571428571429
2025-12-12 12:00:00,92411.8,92425.1,92085.9,92425.1,165.86361655,15300734.520564509,15300734.520564509,1,339.20000000001164,13.200000000011642,326.0,339.20000000001164,502.47142857143
2025-12-12 13:00:00,92425.1,92515.6,92250.3,92311.9,129.70306513,11981370.903314232,11981370.903314232,1,265.3000000000029,90.5,174.8000000000029,265.3000000000029,488.0357142857164
2025-12-12 14:00:00,92311.9,92666.5,91902.5,92445.5,329.62106883,30444218.069092544,30444218.069092544,1,764.0,354.6000000000058,409.3999999999942,764.0,444.1714285714302
2025-12-12 15:00:00,92445.5,92445.5,89777.7,89941.4,1021.78373382,93036374.085344914,93036374.085344914,1,2667.800000000003,0.0,2667.800000000003,2667.800000000003,579.6500000000015
2025-12-12 16:00:00,89933.7,90439.5,89466.6,90040.1,539.75715832,48513696.953162542,48513696.953162542,1,972.8999999999942,498.1000000000058,474.79999999998836,972.8999999999942,590.7071428571445
2025-12-12 17:00:00,90040.2,90622.7,89822.6,90075.6,335.39684545,30256725.64032449,30256725.64032449,1,800.0999999999913,582.5999999999913,217.5,800.0999999999913,606.6071428571439
2025-12-12 18:00:00,90075.7,90659.9,90039.0,90366.0,350.93473832,31740116.294646766,31740116.294646766,1,620.8999999999942,584.2999999999884,36.60000000000582,620.8999999999942,626.307142857143
2025-12-12 19:00:00,90366.1,90398.9,90003.9,90197.1,179.75798504,16211958.551396132,16211958.551396132,1,395.0,32.89999999999418,362.1000000000058,395.0,624.2571428571433
2025-12-12 20:00:00,90197.1,90329.8,89888.8,90211.3,143.77395516,12959956.555020375,12959956.555020375,1,441.0,132.6999999999971,308.3000000000029,441.0,633.1714285714291
2025-12-12 21:00:00,90211.2,90347.6,90100.0,90192.0,100.17990399,9039494.043334048,9039494.043334048,1,247.60000000000582,136.3000000000029,111.30000000000291,247.60000000000582,628.5500000000009
2025-12-12 22:00:00,90186.0,90392.3,90184.7,90339.7,67.57906932,6102963.808878532,6102963.808878532,1,207.60000000000582,200.3000000000029,7.30000000000291,207.60000000000582,616.5214285714299
2025-12-12 23:00:00,90339.9,90387.0,90225.1,90268.1,43.02290384,3886376.254715724,3886376.254715724,1,161.89999999999418,47.30000000000291,114.59999999999127,161.89999999999418,594.4571428571435
2025-12-13 00:00:00,90268.1,90436.5,90206.9,90317.6,72.87979636,6583395.67486858,6583395.67486858,1,229.60000000000582,168.39999999999418,61.20000000001164,229.60000000000582,594.9785714285723
2025-12-13 01:00:00,90317.6,90360.0,90112.4,90224.9,53.88380277,4863702.025621173,4863702.025621173,1,247.60000000000582,42.39999999999418,205.20000000001164,247.60000000000582,597.1785714285725
2025-12-13 02:00:00,90225.0,90318.0,90206.2,90227.1,85.2432324,7693250.624685539,7693250.624685539,1,111.80000000000291,93.10000000000582,18.69999999999709,111.80000000000291,580.9357142857147
2025-12-13 03:00:00,90227.1,90469.9,90196.0,90341.9,135.46026992,12236562.817418255,12236562.817418255,1,273.8999999999942,242.79999999998836,31.10000000000582,273.8999999999942,581.5499999999998
2025-12-13 04:00:00,90341.9,90421.0,90271.5,90375.9,66.51295067,6009310.843948976,6009310.843948976,1,149.5,79.10000000000582,70.39999999999418,149.5,537.6571428571426
2025-12-13 05:00:00,90375.9,90394.0,90246.5,90340.4,162.18434809,14647563.439590031,14647563.439590031,1,147.5,18.10000000000582,129.39999999999418,147.5,357.63571428571385
2025-12-13 06:00:00,90340.5,90370.7,90251.6,90348.1,116.02051912,10478012.26595885,10478012.26595885,1,119.09999999999127,30.30000000000291,88.79999999998836,119.09999999999127,296.64999999999935
2025-12-13 07:00:00,90348.2,90416.9,90311.9,90330.0,559.66099937,50572556.425659322,50572556.425659322,1,105.0,68.79999999998836,36.20000000001164,105.0,247.0
2025-12-13 08:00:00,90330.1,90576.7,90314.6,90450.9,239.47088858,21661720.310185571,21661720.310185571,1,262.09999999999127,246.6999999999971,15.39999999999418,262.09999999999127,221.37142857142837
2025-12-13 09:00:00,90450.9,90513.5,90361.9,90415.0,142.43273878,12877980.376253072,12877980.376253072,1,151.60000000000582,62.60000000000582,89.0,151.60000000000582,203.9857142857145
2025-12-13 10:00:00,90415.1,90638.2,90415.1,90592.9,183.38279702,16595402.929461443,16595402.929461443,1,223.09999999999127,223.1999999999971,0.10000000000582077,223.1999999999971,188.42857142857142
2025-12-13 11:00:00,90592.9,90611.8,90300.0,90341.7,106.74044916,9656012.031319075,9656012.031319075,1,311.8000000000029,18.90000000000873,292.8999999999942,311.8000000000029,193.0142857142855
2025-12-13 12:00:00,90341.7,90486.0,90294.5,90355.1,54.66533858,4940466.232547556,4940466.232547556,1,191.5,144.3000000000029,47.19999999999709,191.5,191.8642857142851
2025-12-13 13:00:00,90355.1,90468.8,90200.0,90262.0,297.84272778,26904469.798221174,26904469.798221174,1,268.8000000000029,113.69999999999709,155.10000000000582,268.8000000000029,199.5
2025-12-13 14:00:00,90262.0,90348.1,89930.1,90086.0,152.71142529,13765120.287583045,13765120.287583045,1,418.0,86.10000000000582,331.8999999999942,418.0,212.95714285714243
2025-12-13 15:00:00,90085.9,90293.1,90038.7,90100.7,74.60630179,6725709.608373839,6725709.608373839,1,254.40000000000873,207.10000000000582,47.30000000000291,254.40000000000873,213.44285714285692
2025-12-13 16:00:00,90100.6,90275.0,90032.5,90097.6,47.03441241,4239349.313035252,4239349.313035252,1,242.5,174.3000000000029,68.19999999999709,242.5,222.778571428571
2025-12-13 17:00:00,90097.6,90105.8,89990.0,90054.0,36.70012025,3304003.122741532,3304003.122741532,1,115.80000000000291,8.19999999999709,107.60000000000582,115.80000000000291,211.4857142857145
2025-12-13 18:00:00,90054.1,90190.6,90044.1,90123.9,21.37263691,1926583.75852249,1926583.75852249,1,146.5,136.60000000000582,9.89999999999418,146.5,211.27142857142877
2025-12-13 19:00:00,90124.0,90225.5,90108.7,90182.5,16.58305732,1495351.356629241,1495351.356629241,1,116.80000000000291,101.60000000000582,15.19999999999709,116.80000000000291,209.07857142857185
2025-12-13 20:00:00,90182.4,90215.9,90044.0,90092.6,64.72020751,5836225.620077551,5836225.620077551,1,171.89999999999418,33.39999999999418,138.5,171.89999999999418,212.85000000000062
2025-12-13 21:00:00,90092.6,90192.0,89764.8,90171.5,67.18613368,6043540.506136839,6043540.506136839,1,427.1999999999971,99.39999999999418,327.8000000000029,427.1999999999971,235.86428571428613
2025-12-13 22:00:00,90171.5,90252.4,90002.5,90137.0,37.07301635,3341869.940098472,3341869.940098472,1,249.89999999999418,80.89999999999418,169.0,249.89999999999418,234.99285714285776
2025-12-13 23:00:00,90137.0,90279.0,90067.0,90241.1,25.03486913,2258498.808299851,2258498.808299851,1,212.0,142.0,70.0,212.0,239.30714285714308
2025-12-14 00:00:00,90241.1,90475.0,90125.0,90339.1,107.15131775,9678115.616046229,9678115.616046229,1,350.0,233.89999999999418,116.10000000000582,350.0,248.36428571428613
2025-12-14 01:00:00,90339.1,90458.2,90212.5,90300.4,57.87306423,5228086.693414258,5228086.693414258,1,245.6999999999971,119.09999999999127,126.60000000000582,245.6999999999971,243.64285714285714
2025-12-14 02:00:00,90300.5,90394.0,90247.2,90293.0,36.08459461,3259247.2491152,3259247.2491152,1,146.8000000000029,93.60000000000582,53.19999999999709,146.8000000000029,240.45000000000022
2025-12-14 03:00:00,90293.1,90310.0,90247.2,90266.5,46.3393048,4183271.292433037,4183271.292433037,1,62.80000000000291,17.0,45.80000000000291,62.80000000000291,225.7357142857145
2025-12-14 04:00:00,90266.6,90346.3,90131.3,90205.0,54.69097451,4934947.287390021,4934947.287390021,1,215.0,79.80000000000291,135.1999999999971,215.0,211.2357142857145
2025-12-14 05:00:00,90205.0,90234.0,90051.0,90208.7,72.44141003,6530321.369876209,6530321.369876209,1,183.0,29.0,154.0,183.0,206.13571428571387
2025-12-14 06:00:00,90208.7,90249.7,90100.0,90151.1,29.74349959,2681907.606510695,2681907.606510695,1,149.6999999999971,41.0,108.69999999999709,149.6999999999971,199.50714285714224
2025-12-14 07:00:00,90151.1,90291.1,90085.2,90256.1,114.17679632,10301894.803587832,10301894.803587832,1,205.90000000000873,140.0,65.90000000000873,205.90000000000873,205.94285714285692
2025-12-14 08:00:00,90256.0,90307.6,90104.9,90114.9,205.22209862,18514264.553928792,18514264.553928792,1,202.70000000001164,51.5,151.20000000001164,202.70000000001164,209.95714285714348
2025-12-14 09:00:00,90115.0,90158.0,90007.0,90025.9,57.74668524,5201026.422919042,5201026.422919042,1,151.0,43.10000000000582,107.89999999999418,151.0,212.4000000000004
2025-12-14 10:00:00,90026.0,90133.3,89786.4,89857.0,356.79876067,32105372.509623506,32105372.509623506,1,346.90000000000873,107.40000000000873,239.5,346.90000000000873,224.90000000000146
2025-12-14 11:00:00,89857.1,89857.1,88632.9,89355.0,716.52021275,63954194.407106409,63954194.407106409,1,1224.2000000000116,0.10000000000582077,1224.1000000000058,1224.2000000000116,281.8285714285739
2025-12-14 12:00:00,89355.1,89662.6,89100.0,89418.5,142.95710451,12781971.11729148,12781971.11729148,1,562.6000000000058,307.6000000000058,255.0,562.6000000000058,304.16428571428906
2025-12-14 13:00:00,89417.1,89498.0,89083.9,89484.1,93.66485585,8360013.411800478,8360013.411800478,1,414.1000000000058,79.5,334.6000000000058,414.1000000000058,318.6000000000037
2025-12-14 14:00:00,89484.1,89559.4,88884.0,89112.1,169.43066117,15107379.798435572,15107379.798435572,1,675.3999999999942,75.29999999998836,600.1000000000058,675.3999999999942,341.84285714286045
2025-12-14 15:00:00,89112.1,89180.0,88880.0,89027.7,76.91047471,6846523.108176784,6846523.108176784,1,300.0,67.89999999999418,232.10000000000582,300.0,345.7214285714321
2025-12-14 16:00:00,89027.7,89397.9,88505.4,88832.9,191.920253,17061467.715589613,17061467.715589613,1,892.5,370.1999999999971,522.3000000000029,892.5,398.9857142857176
2025-12-14 17:00:00,88833.0,89029.2,88600.0,88804.9,135.47267914,12032329.846435835,12032329.846435835,1,429.1999999999971,196.3000000000029,232.89999999999418,429.1999999999971,425.15714285714574
2025-12-14 18:00:00,88805.0,89082.4,88720.2,89004.7,85.78959057,7626048.986024495,7626048.986024495,1,362.1999999999971,277.5,84.69999999999709,362.1999999999971,435.67142857143125
2025-12-10 16:00:00,92070.0,92597.0,91896.0,92174.9,409.94351588,37842079.90724178,37842079.90724178,1,701.0,,,701.0,701.0
2025-12-10 17:00:00,92174.0,92512.9,92102.1,92384.3,207.68625127,19170970.652357702,19170970.652357702,1,410.79999999998836,338.0,72.79999999998836,410.79999999998836,555.8999999999942
2025-12-10 18:00:00,92384.4,93058.6,91980.0,92499.7,298.38256632,27616070.944104083,27616070.944104083,1,1078.6000000000058,674.3000000000029,404.3000000000029,1078.6000000000058,730.1333333333314
2025-12-10 19:00:00,92499.6,93283.2,91685.5,92959.6,972.23919566,90090268.073227589,90090268.073227589,1,1597.699999999997,783.5,814.1999999999971,1597.699999999997,947.0249999999978
2025-12-10 20:00:00,92959.7,94495.2,92260.0,92453.3,804.77893571,75194775.672259686,75194775.672259686,1,2235.199999999997,1535.5999999999913,699.6000000000058,2235.199999999997,1204.6599999999976
2025-12-10 21:00:00,92453.2,92772.6,91873.8,92351.4,241.87182423,22321154.565788121,22321154.565788121,1,898.8000000000029,319.3000000000029,579.5,898.8000000000029,1153.6833333333318
2025-12-10 22:00:00,92351.5,92695.4,91953.7,92514.9,167.87256569,15508749.722818461,15508749.722818461,1,741.6999999999971,344.0,397.6999999999971,741.6999999999971,1094.8285714285698
2025-12-10 23:00:00,92514.9,92592.9,91938.1,92013.7,173.18754256,15964940.66082367,15964940.66082367,1,654.7999999999884,78.0,576.7999999999884,654.7999999999884,1039.824999999997
2025-12-11 00:00:00,92013.6,92082.8,91048.1,91385.2,335.30472018,30694976.096124609,30694976.096124609,1,1034.699999999997,69.10000000000582,965.5999999999913,1034.699999999997,1039.2555555555527
2025-12-11 01:00:00,91385.3,91408.0,90653.4,90673.8,279.1833207,25392865.860305077,25392865.860305077,1,754.6000000000058,22.80000000000291,731.8000000000029,754.6000000000058,1010.7899999999979
2025-12-11 02:00:00,90673.8,90673.8,89872.5,90070.3,512.38051515,46206933.823016915,46206933.823016915,1,801.3000000000029,0.0,801.3000000000029,801.3000000000029,991.745454545453
2025-12-11 03:00:00,90070.5,90083.5,89389.8,89881.1,397.6365867,35697833.048224359,35697833.048224359,1,693.6999999999971,13.19999999999709,680.5,693.6999999999971,966.9083333333316
2025-12-11 04:00:00,89881.0,90483.3,89688.0,90437.0,290.53147763,26164546.266505642,26164546.266505642,1,795.3000000000029,602.1999999999971,193.10000000000582,795.3000000000029,953.707692307691
2025-12-11 05:00:00,90437.0,90437.0,90066.1,90303.8,199.17020937,17972015.207016023,17972015.207016023,1,370.8999999999942,0.0,370.8999999999942,370.8999999999942,912.0785714285697
2025-12-11 06:00:00,90303.8,90445.9,89954.9,90292.2,187.19643679,16889051.661337297,16889051.661337297,1,491.0,142.09999999999127,348.90000000000873,491.0,897.0785714285697
2025-12-11 07:00:00,90292.3,90329.2,90057.2,90271.0,271.86738121,24519779.769281561,24519779.769281561,1,272.0,37.0,235.0,272.0,887.1642857142849
2025-12-11 08:00:00,90270.9,90271.0,89964.9,90186.4,126.31077616,11381625.647527792,11381625.647527792,1,306.1000000000058,0.0,306.1000000000058,306.1000000000058,831.9857142857135
2025-12-11 09:00:00,90186.5,90523.3,90111.9,90233.0,800.5978254,72292353.878754779,72292353.878754779,1,411.40000000000873,336.90000000000873,74.5,411.40000000000873,747.25
2025-12-11 10:00:00,90233.3,90347.1,90170.0,90317.3,155.557461,14037011.886429888,14037011.886429888,1,177.10000000000582,114.10000000000582,63.0,177.10000000000582,600.2428571428578
2025-12-11 11:00:00,90317.4,90414.0,90204.1,90234.8,551.81074857,49834622.130277799,49834622.130277799,1,209.89999999999418,96.69999999999709,113.19999999999709,209.89999999999418,551.0357142857143
2025-12-11 12:00:00,90234.8,90381.3,90008.0,90029.0,148.4028197,13390022.619956618,13390022.619956618,1,373.3000000000029,146.5,226.8000000000029,373.3000000000029,524.721428571429
2025-12-11 13:00:00,90029.1,90170.0,89876.1,90101.0,150.53066277,13555048.64929751,13555048.64929751,1,293.8999999999942,141.0,152.89999999999418,293.8999999999942,498.942857142858
2025-12-11 14:00:00,90101.0,90484.2,89255.9,89548.1,500.5589693,45038872.432556601,45038872.432556601,1,1228.300000000003,383.1999999999971,845.1000000000058,1228.300000000003,512.7714285714299
2025-12-11 15:00:00,89548.1,90642.7,89408.0,89875.1,485.2247252,43702912.661672633,43702912.661672633,1,1234.699999999997,1094.5999999999913,140.10000000000582,1234.699999999997,547.0642857142864
2025-12-11 16:00:00,89875.0,90180.2,89333.3,89736.9,204.82634057,18369819.972935307,18369819.972935307,1,846.8999999999942,305.09999999999127,541.8000000000029,846.8999999999942,550.3214285714286
2025-12-11 17:00:00,89737.1,90255.1,89630.0,89979.4,161.71465129,14553734.661389972,14553734.661389972,1,625.1000000000058,518.2000000000116,106.89999999999418,625.1000000000058,545.4214285714291
2025-12-11 18:00:00,89971.6,91183.4,89891.1,90705.9,335.91158054,30446395.022196414,30446395.022196414,1,1292.2999999999884,1204.0,88.29999999998836,1292.2999999999884,580.9214285714281
2025-12-11 19:00:00,90705.7,91541.2,90583.1,90835.6,281.02742739,25605873.434216176,25605873.434216176,1,958.0999999999913,835.3000000000029,122.79999999998836,958.0999999999913,622.8642857142851
2025-12-11 20:00:00,90835.6,91829.2,90802.5,91781.4,186.21123828,17014826.359211654,17014826.359211654,1,1026.699999999997,993.5999999999913,33.10000000000582,1026.699999999997,661.1285714285706
2025-12-11 21:00:00,91789.2,93564.4,91703.3,92867.6,620.82572248,57645800.030164525,57645800.030164525,1,1861.0999999999913,1783.0,78.09999999999127,1861.0999999999913,774.6357142857129
2025-12-11 22:00:00,92867.7,93198.2,92097.6,92371.5,376.20738183,34826129.694224646,34826129.694224646,1,1100.5999999999913,330.59999999999127,770.0,1100.5999999999913,831.3857142857117
2025-12-11 23:00:00,92373.3,92804.5,92337.1,92522.3,399.27092309,36961470.86925368,36961470.86925368,1,467.3999999999942,433.0,34.39999999999418,467.3999999999942,835.3857142857107
2025-12-12 00:00:00,92522.2,92658.5,91280.4,91577.7,358.3292851,33005770.886541213,33005770.886541213,1,1378.1000000000058,136.1999999999971,1241.9000000000087,1378.1000000000058,921.171428571425
2025-12-12 01:00:00,91577.7,92317.0,91545.9,92171.8,210.07472527,19322611.47707797,19322611.47707797,1,771.1000000000058,739.3000000000029,31.80000000000291,771.1000000000058,961.2571428571401
2025-12-12 02:00:00,92171.9,92747.2,91929.1,92584.4,249.48219932,23067183.070103246,23067183.070103246,1,818.0999999999913,575.3999999999942,242.6999999999971,818.0999999999913,993.028571428568
2025-12-12 03:00:00,92584.5,92752.5,92175.0,92275.1,142.86960433,13196568.63684372,13196568.63684372,1,577.5,168.10000000000582,409.3999999999942,577.5,1013.2857142857112
2025-12-12 04:00:00,92274.9,92468.1,92123.0,92397.5,168.48839422,15545834.088353661,15545834.088353661,1,345.1000000000058,193.0,152.10000000000582,345.1000000000058,950.1999999999971
2025-12-12 05:00:00,92397.6,92502.3,92078.6,92443.2,134.01676677,12368300.369900802,12368300.369900802,1,423.6999999999971,104.80000000000291,318.8999999999942,423.6999999999971,892.2714285714256
2025-12-12 06:00:00,92443.2,92719.3,92403.1,92506.6,134.63047044,12466374.304033229,12466374.304033229,1,316.1999999999971,276.1000000000058,40.09999999999127,316.1999999999971,854.364285714283
2025-12-12 07:00:00,92506.7,92562.6,92250.3,92427.1,198.62147521,18363238.511646634,18363238.511646634,1,312.3000000000029,56.0,256.3000000000029,312.3000000000029,832.0214285714256
2025-12-12 08:00:00,92427.2,92479.1,92103.1,92347.4,159.40891768,14712170.015336549,14712170.015336549,1,376.0,52.0,324.0,376.0,766.5714285714265
2025-12-12 09:00:00,92346.9,92559.3,92088.5,92522.5,103.49380457,9554816.047931844,9554816.047931844,1,470.8000000000029,211.90000000000873,258.8999999999942,470.8000000000029,731.7642857142845
2025-12-12 10:00:00,92522.6,92635.6,92413.3,92493.0,183.00963292,16931789.121531478,16931789.121531478,1,222.3000000000029,113.10000000000582,109.19999999999709,222.3000000000029,674.307142857142
2025-12-12 11:00:00,92493.1,92493.1,92276.3,92411.9,62.00548005,5727795.329903857,5727795.329903857,1,216.8000000000029,0.10000000000582077,216.6999999999971,216.8000000000029,556.8571428571429
2025-12-12 12:00:00,92411.8,92425.1,92085.9,92425.1,165.86361655,15300734.520564509,15300734.520564509,1,339.20000000001164,13.200000000011642,326.0,339.20000000001164,502.47142857143
2025-12-12 13:00:00,92425.1,92515.6,92250.3,92311.9,129.70306513,11981370.903314232,11981370.903314232,1,265.3000000000029,90.5,174.8000000000029,265.3000000000029,488.0357142857164
2025-12-12 14:00:00,92311.9,92666.5,91902.5,92445.5,329.62106883,30444218.069092544,30444218.069092544,1,764.0,354.6000000000058,409.3999999999942,764.0,444.1714285714302
2025-12-12 15:00:00,92445.5,92445.5,89777.7,89941.4,1021.78373382,93036374.085344914,93036374.085344914,1,2667.800000000003,0.0,2667.800000000003,2667.800000000003,579.6500000000015
2025-12-12 16:00:00,89933.7,90439.5,89466.6,90040.1,539.75715832,48513696.953162542,48513696.953162542,1,972.8999999999942,498.1000000000058,474.79999999998836,972.8999999999942,590.7071428571445
2025-12-12 17:00:00,90040.2,90622.7,89822.6,90075.6,335.39684545,30256725.64032449,30256725.64032449,1,800.0999999999913,582.5999999999913,217.5,800.0999999999913,606.6071428571439
2025-12-12 18:00:00,90075.7,90659.9,90039.0,90366.0,350.93473832,31740116.294646766,31740116.294646766,1,620.8999999999942,584.2999999999884,36.60000000000582,620.8999999999942,626.307142857143
2025-12-12 19:00:00,90366.1,90398.9,90003.9,90197.1,179.75798504,16211958.551396132,16211958.551396132,1,395.0,32.89999999999418,362.1000000000058,395.0,624.2571428571433
2025-12-12 20:00:00,90197.1,90329.8,89888.8,90211.3,143.77395516,12959956.555020375,12959956.555020375,1,441.0,132.6999999999971,308.3000000000029,441.0,633.1714285714291
2025-12-12 21:00:00,90211.2,90347.6,90100.0,90192.0,100.17990399,9039494.043334048,9039494.043334048,1,247.60000000000582,136.3000000000029,111.30000000000291,247.60000000000582,628.5500000000009
2025-12-12 22:00:00,90186.0,90392.3,90184.7,90339.7,67.57906932,6102963.808878532,6102963.808878532,1,207.60000000000582,200.3000000000029,7.30000000000291,207.60000000000582,616.5214285714299
2025-12-12 23:00:00,90339.9,90387.0,90225.1,90268.1,43.02290384,3886376.254715724,3886376.254715724,1,161.89999999999418,47.30000000000291,114.59999999999127,161.89999999999418,594.4571428571435
2025-12-13 00:00:00,90268.1,90436.5,90206.9,90317.6,72.87979636,6583395.67486858,6583395.67486858,1,229.60000000000582,168.39999999999418,61.20000000001164,229.60000000000582,594.9785714285723
2025-12-13 01:00:00,90317.6,90360.0,90112.4,90224.9,53.88380277,4863702.025621173,4863702.025621173,1,247.60000000000582,42.39999999999418,205.20000000001164,247.60000000000582,597.1785714285725
2025-12-13 02:00:00,90225.0,90318.0,90206.2,90227.1,85.2432324,7693250.624685539,7693250.624685539,1,111.80000000000291,93.10000000000582,18.69999999999709,111.80000000000291,580.9357142857147
2025-12-13 03:00:00,90227.1,90469.9,90196.0,90341.9,135.46026992,12236562.817418255,12236562.817418255,1,273.8999999999942,242.79999999998836,31.10000000000582,273.8999999999942,581.5499999999998
2025-12-13 04:00:00,90341.9,90421.0,90271.5,90375.9,66.51295067,6009310.843948976,6009310.843948976,1,149.5,79.10000000000582,70.39999999999418,149.5,537.6571428571426
2025-12-13 05:00:00,90375.9,90394.0,90246.5,90340.4,162.18434809,14647563.439590031,14647563.439590031,1,147.5,18.10000000000582,129.39999999999418,147.5,357.63571428571385
2025-12-13 06:00:00,90340.5,90370.7,90251.6,90348.1,116.02051912,10478012.26595885,10478012.26595885,1,119.09999999999127,30.30000000000291,88.79999999998836,119.09999999999127,296.64999999999935
2025-12-13 07:00:00,90348.2,90416.9,90311.9,90330.0,559.66099937,50572556.425659322,50572556.425659322,1,105.0,68.79999999998836,36.20000000001164,105.0,247.0
2025-12-13 08:00:00,90330.1,90576.7,90314.6,90450.9,239.47088858,21661720.310185571,21661720.310185571,1,262.09999999999127,246.6999999999971,15.39999999999418,262.09999999999127,221.37142857142837
2025-12-13 09:00:00,90450.9,90513.5,90361.9,90415.0,142.43273878,12877980.376253072,12877980.376253072,1,151.60000000000582,62.60000000000582,89.0,151.60000000000582,203.9857142857145
2025-12-13 10:00:00,90415.1,90638.2,90415.1,90592.9,183.38279702,16595402.929461443,16595402.929461443,1,223.09999999999127,223.1999999999971,0.10000000000582077,223.1999999999971,188.42857142857142
2025-12-13 11:00:00,90592.9,90611.8,90300.0,90341.7,106.74044916,9656012.031319075,9656012.031319075,1,311.8000000000029,18.90000000000873,292.8999999999942,311.8000000000029,193.0142857142855
2025-12-13 12:00:00,90341.7,90486.0,90294.5,90355.1,54.66533858,4940466.232547556,4940466.232547556,1,191.5,144.3000000000029,47.19999999999709,191.5,191.8642857142851
2025-12-13 13:00:00,90355.1,90468.8,90200.0,90262.0,297.84272778,26904469.798221174,26904469.798221174,1,268.8000000000029,113.69999999999709,155.10000000000582,268.8000000000029,199.5
2025-12-13 14:00:00,90262.0,90348.1,89930.1,90086.0,152.71142529,13765120.287583045,13765120.287583045,1,418.0,86.10000000000582,331.8999999999942,418.0,212.95714285714243
2025-12-13 15:00:00,90085.9,90293.1,90038.7,90100.7,74.60630179,6725709.608373839,6725709.608373839,1,254.40000000000873,207.10000000000582,47.30000000000291,254.40000000000873,213.44285714285692
2025-12-13 16:00:00,90100.6,90275.0,90032.5,90097.6,47.03441241,4239349.313035252,4239349.313035252,1,242.5,174.3000000000029,68.19999999999709,242.5,222.778571428571
2025-12-13 17:00:00,90097.6,90105.8,89990.0,90054.0,36.70012025,3304003.122741532,3304003.122741532,1,115.80000000000291,8.19999999999709,107.60000000000582,115.80000000000291,211.4857142857145
2025-12-13 18:00:00,90054.1,90190.6,90044.1,90123.9,21.37263691,1926583.75852249,1926583.75852249,1,146.5,136.60000000000582,9.89999999999418,146.5,211.27142857142877
2025-12-13 19:00:00,90124.0,90225.5,90108.7,90182.5,16.58305732,1495351.356629241,1495351.356629241,1,116.80000000000291,101.60000000000582,15.19999999999709,116.80000000000291,209.07857142857185
2025-12-13 20:00:00,90182.4,90215.9,90044.0,90092.6,64.72020751,5836225.620077551,5836225.620077551,1,171.89999999999418,33.39999999999418,138.5,171.89999999999418,212.85000000000062
2025-12-13 21:00:00,90092.6,90192.0,89764.8,90171.5,67.18613368,6043540.506136839,6043540.506136839,1,427.1999999999971,99.39999999999418,327.8000000000029,427.1999999999971,235.86428571428613
2025-12-13 22:00:00,90171.5,90252.4,90002.5,90137.0,37.07301635,3341869.940098472,3341869.940098472,1,249.89999999999418,80.89999999999418,169.0,249.89999999999418,234.99285714285776
2025-12-13 23:00:00,90137.0,90279.0,90067.0,90241.1,25.03486913,2258498.808299851,2258498.808299851,1,212.0,142.0,70.0,212.0,239.30714285714308
2025-12-14 00:00:00,90241.1,90475.0,90125.0,90339.1,107.15131775,9678115.616046229,9678115.616046229,1,350.0,233.89999999999418,116.10000000000582,350.0,248.36428571428613
2025-12-14 01:00:00,90339.1,90458.2,90212.5,90300.4,57.87306423,5228086.693414258,5228086.693414258,1,245.6999999999971,119.09999999999127,126.60000000000582,245.6999999999971,243.64285714285714
2025-12-14 02:00:00,90300.5,90394.0,90247.2,90293.0,36.08459461,3259247.2491152,3259247.2491152,1,146.8000000000029,93.60000000000582,53.19999999999709,146.8000000000029,240.45000000000022
2025-12-14 03:00:00,90293.1,90310.0,90247.2,90266.5,46.3393048,4183271.292433037,4183271.292433037,1,62.80000000000291,17.0,45.80000000000291,62.80000000000291,225.7357142857145
2025-12-14 04:00:00,90266.6,90346.3,90131.3,90205.0,54.69097451,4934947.287390021,4934947.287390021,1,215.0,79.80000000000291,135.1999999999971,215.0,211.2357142857145
2025-12-14 05:00:00,90205.0,90234.0,90051.0,90208.7,72.44141003,6530321.369876209,6530321.369876209,1,183.0,29.0,154.0,183.0,206.13571428571387
2025-12-14 06:00:00,90208.7,90249.7,90100.0,90151.1,29.74349959,2681907.606510695,2681907.606510695,1,149.6999999999971,41.0,108.69999999999709,149.6999999999971,199.50714285714224
2025-12-14 07:00:00,90151.1,90291.1,90085.2,90256.1,114.17679632,10301894.803587832,10301894.803587832,1,205.90000000000873,140.0,65.90000000000873,205.90000000000873,205.94285714285692
2025-12-14 08:00:00,90256.0,90307.6,90104.9,90114.9,205.22209862,18514264.553928792,18514264.553928792,1,202.70000000001164,51.5,151.20000000001164,202.70000000001164,209.95714285714348
2025-12-14 09:00:00,90115.0,90158.0,90007.0,90025.9,57.74668524,5201026.422919042,5201026.422919042,1,151.0,43.10000000000582,107.89999999999418,151.0,212.4000000000004
2025-12-14 10:00:00,90026.0,90133.3,89786.4,89857.0,356.79876067,32105372.509623506,32105372.509623506,1,346.90000000000873,107.40000000000873,239.5,346.90000000000873,224.90000000000146
2025-12-14 11:00:00,89857.1,89857.1,88632.9,89355.0,716.52021275,63954194.407106409,63954194.407106409,1,1224.2000000000116,0.10000000000582077,1224.1000000000058,1224.2000000000116,281.8285714285739
2025-12-14 12:00:00,89355.1,89662.6,89100.0,89418.5,142.95710451,12781971.11729148,12781971.11729148,1,562.6000000000058,307.6000000000058,255.0,562.6000000000058,304.16428571428906
2025-12-14 13:00:00,89417.1,89498.0,89083.9,89484.1,93.66485585,8360013.411800478,8360013.411800478,1,414.1000000000058,79.5,334.6000000000058,414.1000000000058,318.6000000000037
2025-12-14 14:00:00,89484.1,89559.4,88884.0,89112.1,169.43066117,15107379.798435572,15107379.798435572,1,675.3999999999942,75.29999999998836,600.1000000000058,675.3999999999942,341.84285714286045
2025-12-14 15:00:00,89112.1,89180.0,88880.0,89027.7,76.91047471,6846523.108176784,6846523.108176784,1,300.0,67.89999999999418,232.10000000000582,300.0,345.7214285714321
2025-12-14 16:00:00,89027.7,89397.9,88505.4,88832.9,191.920253,17061467.715589613,17061467.715589613,1,892.5,370.1999999999971,522.3000000000029,892.5,398.9857142857176
2025-12-14 17:00:00,88833.0,89029.2,88600.0,88804.9,135.47267914,12032329.846435835,12032329.846435835,1,429.1999999999971,196.3000000000029,232.89999999999418,429.1999999999971,425.15714285714574
2025-12-14 18:00:00,88805.0,89082.4,88720.2,89004.7,85.78959057,7626048.986024495,7626048.986024495,1,362.1999999999971,277.5,84.69999999999709,362.1999999999971,435.67142857143125
2025-12-14 19:00:00,89004.7,89004.7,88465.9,88644.0,104.8662025,9297334.104744129,9297334.104744129,1,538.8000000000029,0.0,538.8000000000029,538.8000000000029,461.0857142857172
2025-12-10 16:00:00,92070.0,92597.0,91896.0,92174.9,409.94351588,37842079.90724178,37842079.90724178,1,701.0,,,701.0,701.0
2025-12-10 17:00:00,92174.0,92512.9,92102.1,92384.3,207.68625127,19170970.652357702,19170970.652357702,1,410.79999999998836,338.0,72.79999999998836,410.79999999998836,555.8999999999942
2025-12-10 18:00:00,92384.4,93058.6,91980.0,92499.7,298.38256632,27616070.944104083,27616070.944104083,1,1078.6000000000058,674.3000000000029,404.3000000000029,1078.6000000000058,730.1333333333314
2025-12-10 19:00:00,92499.6,93283.2,91685.5,92959.6,972.23919566,90090268.073227589,90090268.073227589,1,1597.699999999997,783.5,814.1999999999971,1597.699999999997,947.0249999999978
2025-12-10 20:00:00,92959.7,94495.2,92260.0,92453.3,804.77893571,75194775.672259686,75194775.672259686,1,2235.199999999997,1535.5999999999913,699.6000000000058,2235.199999999997,1204.6599999999976
2025-12-10 21:00:00,92453.2,92772.6,91873.8,92351.4,241.87182423,22321154.565788121,22321154.565788121,1,898.8000000000029,319.3000000000029,579.5,898.8000000000029,1153.6833333333318
2025-12-10 22:00:00,92351.5,92695.4,91953.7,92514.9,167.87256569,15508749.722818461,15508749.722818461,1,741.6999999999971,344.0,397.6999999999971,741.6999999999971,1094.8285714285698
2025-12-10 23:00:00,92514.9,92592.9,91938.1,92013.7,173.18754256,15964940.66082367,15964940.66082367,1,654.7999999999884,78.0,576.7999999999884,654.7999999999884,1039.824999999997
2025-12-11 00:00:00,92013.6,92082.8,91048.1,91385.2,335.30472018,30694976.096124609,30694976.096124609,1,1034.699999999997,69.10000000000582,965.5999999999913,1034.699999999997,1039.2555555555527
2025-12-11 01:00:00,91385.3,91408.0,90653.4,90673.8,279.1833207,25392865.860305077,25392865.860305077,1,754.6000000000058,22.80000000000291,731.8000000000029,754.6000000000058,1010.7899999999979
2025-12-11 02:00:00,90673.8,90673.8,89872.5,90070.3,512.38051515,46206933.823016915,46206933.823016915,1,801.3000000000029,0.0,801.3000000000029,801.3000000000029,991.745454545453
2025-12-11 03:00:00,90070.5,90083.5,89389.8,89881.1,397.6365867,35697833.048224359,35697833.048224359,1,693.6999999999971,13.19999999999709,680.5,693.6999999999971,966.9083333333316
2025-12-11 04:00:00,89881.0,90483.3,89688.0,90437.0,290.53147763,26164546.266505642,26164546.266505642,1,795.3000000000029,602.1999999999971,193.10000000000582,795.3000000000029,953.707692307691
2025-12-11 05:00:00,90437.0,90437.0,90066.1,90303.8,199.17020937,17972015.207016023,17972015.207016023,1,370.8999999999942,0.0,370.8999999999942,370.8999999999942,912.0785714285697
2025-12-11 06:00:00,90303.8,90445.9,89954.9,90292.2,187.19643679,16889051.661337297,16889051.661337297,1,491.0,142.09999999999127,348.90000000000873,491.0,897.0785714285697
2025-12-11 07:00:00,90292.3,90329.2,90057.2,90271.0,271.86738121,24519779.769281561,24519779.769281561,1,272.0,37.0,235.0,272.0,887.1642857142849
2025-12-11 08:00:00,90270.9,90271.0,89964.9,90186.4,126.31077616,11381625.647527792,11381625.647527792,1,306.1000000000058,0.0,306.1000000000058,306.1000000000058,831.9857142857135
2025-12-11 09:00:00,90186.5,90523.3,90111.9,90233.0,800.5978254,72292353.878754779,72292353.878754779,1,411.40000000000873,336.90000000000873,74.5,411.40000000000873,747.25
2025-12-11 10:00:00,90233.3,90347.1,90170.0,90317.3,155.557461,14037011.886429888,14037011.886429888,1,177.10000000000582,114.10000000000582,63.0,177.10000000000582,600.2428571428578
2025-12-11 11:00:00,90317.4,90414.0,90204.1,90234.8,551.81074857,49834622.130277799,49834622.130277799,1,209.89999999999418,96.69999999999709,113.19999999999709,209.89999999999418,551.0357142857143
2025-12-11 12:00:00,90234.8,90381.3,90008.0,90029.0,148.4028197,13390022.619956618,13390022.619956618,1,373.3000000000029,146.5,226.8000000000029,373.3000000000029,524.721428571429
2025-12-11 13:00:00,90029.1,90170.0,89876.1,90101.0,150.53066277,13555048.64929751,13555048.64929751,1,293.8999999999942,141.0,152.89999999999418,293.8999999999942,498.942857142858
2025-12-11 14:00:00,90101.0,90484.2,89255.9,89548.1,500.5589693,45038872.432556601,45038872.432556601,1,1228.300000000003,383.1999999999971,845.1000000000058,1228.300000000003,512.7714285714299
2025-12-11 15:00:00,89548.1,90642.7,89408.0,89875.1,485.2247252,43702912.661672633,43702912.661672633,1,1234.699999999997,1094.5999999999913,140.10000000000582,1234.699999999997,547.0642857142864
2025-12-11 16:00:00,89875.0,90180.2,89333.3,89736.9,204.82634057,18369819.972935307,18369819.972935307,1,846.8999999999942,305.09999999999127,541.8000000000029,846.8999999999942,550.3214285714286
2025-12-11 17:00:00,89737.1,90255.1,89630.0,89979.4,161.71465129,14553734.661389972,14553734.661389972,1,625.1000000000058,518.2000000000116,106.89999999999418,625.1000000000058,545.4214285714291
2025-12-11 18:00:00,89971.6,91183.4,89891.1,90705.9,335.91158054,30446395.022196414,30446395.022196414,1,1292.2999999999884,1204.0,88.29999999998836,1292.2999999999884,580.9214285714281
2025-12-11 19:00:00,90705.7,91541.2,90583.1,90835.6,281.02742739,25605873.434216176,25605873.434216176,1,958.0999999999913,835.3000000000029,122.79999999998836,958.0999999999913,622.8642857142851
2025-12-11 20:00:00,90835.6,91829.2,90802.5,91781.4,186.21123828,17014826.359211654,17014826.359211654,1,1026.699999999997,993.5999999999913,33.10000000000582,1026.699999999997,661.1285714285706
2025-12-11 21:00:00,91789.2,93564.4,91703.3,92867.6,620.82572248,57645800.030164525,57645800.030164525,1,1861.0999999999913,1783.0,78.09999999999127,1861.0999999999913,774.6357142857129
2025-12-11 22:00:00,92867.7,93198.2,92097.6,92371.5,376.20738183,34826129.694224646,34826129.694224646,1,1100.5999999999913,330.59999999999127,770.0,1100.5999999999913,831.3857142857117
2025-12-11 23:00:00,92373.3,92804.5,92337.1,92522.3,399.27092309,36961470.86925368,36961470.86925368,1,467.3999999999942,433.0,34.39999999999418,467.3999999999942,835.3857142857107
2025-12-12 00:00:00,92522.2,92658.5,91280.4,91577.7,358.3292851,33005770.886541213,33005770.886541213,1,1378.1000000000058,136.1999999999971,1241.9000000000087,1378.1000000000058,921.171428571425
2025-12-12 01:00:00,91577.7,92317.0,91545.9,92171.8,210.07472527,19322611.47707797,19322611.47707797,1,771.1000000000058,739.3000000000029,31.80000000000291,771.1000000000058,961.2571428571401
2025-12-12 02:00:00,92171.9,92747.2,91929.1,92584.4,249.48219932,23067183.070103246,23067183.070103246,1,818.0999999999913,575.3999999999942,242.6999999999971,818.0999999999913,993.028571428568
2025-12-12 03:00:00,92584.5,92752.5,92175.0,92275.1,142.86960433,13196568.63684372,13196568.63684372,1,577.5,168.10000000000582,409.3999999999942,577.5,1013.2857142857112
2025-12-12 04:00:00,92274.9,92468.1,92123.0,92397.5,168.48839422,15545834.088353661,15545834.088353661,1,345.1000000000058,193.0,152.10000000000582,345.1000000000058,950.1999999999971
2025-12-12 05:00:00,92397.6,92502.3,92078.6,92443.2,134.01676677,12368300.369900802,12368300.369900802,1,423.6999999999971,104.80000000000291,318.8999999999942,423.6999999999971,892.2714285714256
2025-12-12 06:00:00,92443.2,92719.3,92403.1,92506.6,134.63047044,12466374.304033229,12466374.304033229,1,316.1999999999971,276.1000000000058,40.09999999999127,316.1999999999971,854.364285714283
2025-12-12 07:00:00,92506.7,92562.6,92250.3,92427.1,198.62147521,18363238.511646634,18363238.511646634,1,312.3000000000029,56.0,256.3000000000029,312.3000000000029,832.0214285714256
2025-12-12 08:00:00,92427.2,92479.1,92103.1,92347.4,159.40891768,14712170.015336549,14712170.015336549,1,376.0,52.0,324.0,376.0,766.5714285714265
2025-12-12 09:00:00,92346.9,92559.3,92088.5,92522.5,103.49380457,9554816.047931844,9554816.047931844,1,470.8000000000029,211.90000000000873,258.8999999999942,470.8000000000029,731.7642857142845
2025-12-12 10:00:00,92522.6,92635.6,92413.3,92493.0,183.00963292,16931789.121531478,16931789.121531478,1,222.3000000000029,113.10000000000582,109.19999999999709,222.3000000000029,674.307142857142
2025-12-12 11:00:00,92493.1,92493.1,92276.3,92411.9,62.00548005,5727795.329903857,5727795.329903857,1,216.8000000000029,0.10000000000582077,216.6999999999971,216.8000000000029,556.8571428571429
2025-12-12 12:00:00,92411.8,92425.1,92085.9,92425.1,165.86361655,15300734.520564509,15300734.520564509,1,339.20000000001164,13.200000000011642,326.0,339.20000000001164,502.47142857143
2025-12-12 13:00:00,92425.1,92515.6,92250.3,92311.9,129.70306513,11981370.903314232,11981370.903314232,1,265.3000000000029,90.5,174.8000000000029,265.3000000000029,488.0357142857164
2025-12-12 14:00:00,92311.9,92666.5,91902.5,92445.5,329.62106883,30444218.069092544,30444218.069092544,1,764.0,354.6000000000058,409.3999999999942,764.0,444.1714285714302
2025-12-12 15:00:00,92445.5,92445.5,89777.7,89941.4,1021.78373382,93036374.085344914,93036374.085344914,1,2667.800000000003,0.0,2667.800000000003,2667.800000000003,579.6500000000015
2025-12-12 16:00:00,89933.7,90439.5,89466.6,90040.1,539.75715832,48513696.953162542,48513696.953162542,1,972.8999999999942,498.1000000000058,474.79999999998836,972.8999999999942,590.7071428571445
2025-12-12 17:00:00,90040.2,90622.7,89822.6,90075.6,335.39684545,30256725.64032449,30256725.64032449,1,800.0999999999913,582.5999999999913,217.5,800.0999999999913,606.6071428571439
2025-12-12 18:00:00,90075.7,90659.9,90039.0,90366.0,350.93473832,31740116.294646766,31740116.294646766,1,620.8999999999942,584.2999999999884,36.60000000000582,620.8999999999942,626.307142857143
2025-12-12 19:00:00,90366.1,90398.9,90003.9,90197.1,179.75798504,16211958.551396132,16211958.551396132,1,395.0,32.89999999999418,362.1000000000058,395.0,624.2571428571433
2025-12-12 20:00:00,90197.1,90329.8,89888.8,90211.3,143.77395516,12959956.555020375,12959956.555020375,1,441.0,132.6999999999971,308.3000000000029,441.0,633.1714285714291
2025-12-12 21:00:00,90211.2,90347.6,90100.0,90192.0,100.17990399,9039494.043334048,9039494.043334048,1,247.60000000000582,136.3000000000029,111.30000000000291,247.60000000000582,628.5500000000009
2025-12-12 22:00:00,90186.0,90392.3,90184.7,90339.7,67.57906932,6102963.808878532,6102963.808878532,1,207.60000000000582,200.3000000000029,7.30000000000291,207.60000000000582,616.5214285714299
2025-12-12 23:00:00,90339.9,90387.0,90225.1,90268.1,43.02290384,3886376.254715724,3886376.254715724,1,161.89999999999418,47.30000000000291,114.59999999999127,161.89999999999418,594.4571428571435
2025-12-13 00:00:00,90268.1,90436.5,90206.9,90317.6,72.87979636,6583395.67486858,6583395.67486858,1,229.60000000000582,168.39999999999418,61.20000000001164,229.60000000000582,594.9785714285723
2025-12-13 01:00:00,90317.6,90360.0,90112.4,90224.9,53.88380277,4863702.025621173,4863702.025621173,1,247.60000000000582,42.39999999999418,205.20000000001164,247.60000000000582,597.1785714285725
2025-12-13 02:00:00,90225.0,90318.0,90206.2,90227.1,85.2432324,7693250.624685539,7693250.624685539,1,111.80000000000291,93.10000000000582,18.69999999999709,111.80000000000291,580.9357142857147
2025-12-13 03:00:00,90227.1,90469.9,90196.0,90341.9,135.46026992,12236562.817418255,12236562.817418255,1,273.8999999999942,242.79999999998836,31.10000000000582,273.8999999999942,581.5499999999998
2025-12-13 04:00:00,90341.9,90421.0,90271.5,90375.9,66.51295067,6009310.843948976,6009310.843948976,1,149.5,79.10000000000582,70.39999999999418,149.5,537.6571428571426
2025-12-13 05:00:00,90375.9,90394.0,90246.5,90340.4,162.18434809,14647563.439590031,14647563.439590031,1,147.5,18.10000000000582,129.39999999999418,147.5,357.63571428571385
2025-12-13 06:00:00,90340.5,90370.7,90251.6,90348.1,116.02051912,10478012.26595885,10478012.26595885,1,119.09999999999127,30.30000000000291,88.79999999998836,119.09999999999127,296.64999999999935
2025-12-13 07:00:00,90348.2,90416.9,90311.9,90330.0,559.66099937,50572556.425659322,50572556.425659322,1,105.0,68.79999999998836,36.20000000001164,105.0,247.0
2025-12-13 08:00:00,90330.1,90576.7,90314.6,90450.9,239.47088858,21661720.310185571,21661720.310185571,1,262.09999999999127,246.6999999999971,15.39999999999418,262.09999999999127,221.37142857142837
2025-12-13 09:00:00,90450.9,90513.5,90361.9,90415.0,142.43273878,12877980.376253072,12877980.376253072,1,151.60000000000582,62.60000000000582,89.0,151.60000000000582,203.9857142857145
2025-12-13 10:00:00,90415.1,90638.2,90415.1,90592.9,183.38279702,16595402.929461443,16595402.929461443,1,223.09999999999127,223.1999999999971,0.10000000000582077,223.1999999999971,188.42857142857142
2025-12-13 11:00:00,90592.9,90611.8,90300.0,90341.7,106.74044916,9656012.031319075,9656012.031319075,1,311.8000000000029,18.90000000000873,292.8999999999942,311.8000000000029,193.0142857142855
2025-12-13 12:00:00,90341.7,90486.0,90294.5,90355.1,54.66533858,4940466.232547556,4940466.232547556,1,191.5,144.3000000000029,47.19999999999709,191.5,191.8642857142851
2025-12-13 13:00:00,90355.1,90468.8,90200.0,90262.0,297.84272778,26904469.798221174,26904469.798221174,1,268.8000000000029,113.69999999999709,155.10000000000582,268.8000000000029,199.5
2025-12-13 14:00:00,90262.0,90348.1,89930.1,90086.0,152.71142529,13765120.287583045,13765120.287583045,1,418.0,86.10000000000582,331.8999999999942,418.0,212.95714285714243
2025-12-13 15:00:00,90085.9,90293.1,90038.7,90100.7,74.60630179,6725709.608373839,6725709.608373839,1,254.40000000000873,207.10000000000582,47.30000000000291,254.40000000000873,213.44285714285692
2025-12-13 16:00:00,90100.6,90275.0,90032.5,90097.6,47.03441241,4239349.313035252,4239349.313035252,1,242.5,174.3000000000029,68.19999999999709,242.5,222.778571428571
2025-12-13 17:00:00,90097.6,90105.8,89990.0,90054.0,36.70012025,3304003.122741532,3304003.122741532,1,115.80000000000291,8.19999999999709,107.60000000000582,115.80000000000291,211.4857142857145
2025-12-13 18:00:00,90054.1,90190.6,90044.1,90123.9,21.37263691,1926583.75852249,1926583.75852249,1,146.5,136.60000000000582,9.89999999999418,146.5,211.27142857142877
2025-12-13 19:00:00,90124.0,90225.5,90108.7,90182.5,16.58305732,1495351.356629241,1495351.356629241,1,116.80000000000291,101.60000000000582,15.19999999999709,116.80000000000291,209.07857142857185
2025-12-13 20:00:00,90182.4,90215.9,90044.0,90092.6,64.72020751,5836225.620077551,5836225.620077551,1,171.89999999999418,33.39999999999418,138.5,171.89999999999418,212.85000000000062
2025-12-13 21:00:00,90092.6,90192.0,89764.8,90171.5,67.18613368,6043540.506136839,6043540.506136839,1,427.1999999999971,99.39999999999418,327.8000000000029,427.1999999999971,235.86428571428613
2025-12-13 22:00:00,90171.5,90252.4,90002.5,90137.0,37.07301635,3341869.940098472,3341869.940098472,1,249.89999999999418,80.89999999999418,169.0,249.89999999999418,234.99285714285776
2025-12-13 23:00:00,90137.0,90279.0,90067.0,90241.1,25.03486913,2258498.808299851,2258498.808299851,1,212.0,142.0,70.0,212.0,239.30714285714308
2025-12-14 00:00:00,90241.1,90475.0,90125.0,90339.1,107.15131775,9678115.616046229,9678115.616046229,1,350.0,233.89999999999418,116.10000000000582,350.0,248.36428571428613
2025-12-14 01:00:00,90339.1,90458.2,90212.5,90300.4,57.87306423,5228086.693414258,5228086.693414258,1,245.6999999999971,119.09999999999127,126.60000000000582,245.6999999999971,243.64285714285714
2025-12-14 02:00:00,90300.5,90394.0,90247.2,90293.0,36.08459461,3259247.2491152,3259247.2491152,1,146.8000000000029,93.60000000000582,53.19999999999709,146.8000000000029,240.45000000000022
2025-12-14 03:00:00,90293.1,90310.0,90247.2,90266.5,46.3393048,4183271.292433037,4183271.292433037,1,62.80000000000291,17.0,45.80000000000291,62.80000000000291,225.7357142857145
2025-12-14 04:00:00,90266.6,90346.3,90131.3,90205.0,54.69097451,4934947.287390021,4934947.287390021,1,215.0,79.80000000000291,135.1999999999971,215.0,211.2357142857145
2025-12-14 05:00:00,90205.0,90234.0,90051.0,90208.7,72.44141003,6530321.369876209,6530321.369876209,1,183.0,29.0,154.0,183.0,206.13571428571387
2025-12-14 06:00:00,90208.7,90249.7,90100.0,90151.1,29.74349959,2681907.606510695,2681907.606510695,1,149.6999999999971,41.0,108.69999999999709,149.6999999999971,199.50714285714224
2025-12-14 07:00:00,90151.1,90291.1,90085.2,90256.1,114.17679632,10301894.803587832,10301894.803587832,1,205.90000000000873,140.0,65.90000000000873,205.90000000000873,205.94285714285692
2025-12-14 08:00:00,90256.0,90307.6,90104.9,90114.9,205.22209862,18514264.553928792,18514264.553928792,1,202.70000000001164,51.5,151.20000000001164,202.70000000001164,209.95714285714348
2025-12-14 09:00:00,90115.0,90158.0,90007.0,90025.9,57.74668524,5201026.422919042,5201026.422919042,1,151.0,43.10000000000582,107.89999999999418,151.0,212.4000000000004
2025-12-14 10:00:00,90026.0,90133.3,89786.4,89857.0,356.79876067,32105372.509623506,32105372.509623506,1,346.90000000000873,107.40000000000873,239.5,346.90000000000873,224.90000000000146
2025-12-14 11:00:00,89857.1,89857.1,88632.9,89355.0,716.52021275,63954194.407106409,63954194.407106409,1,1224.2000000000116,0.10000000000582077,1224.1000000000058,1224.2000000000116,281.8285714285739
2025-12-14 12:00:00,89355.1,89662.6,89100.0,89418.5,142.95710451,12781971.11729148,12781971.11729148,1,562.6000000000058,307.6000000000058,255.0,562.6000000000058,304.16428571428906
2025-12-14 13:00:00,89417.1,89498.0,89083.9,89484.1,93.66485585,8360013.411800478,8360013.411800478,1,414.1000000000058,79.5,334.6000000000058,414.1000000000058,318.6000000000037
2025-12-14 14:00:00,89484.1,89559.4,88884.0,89112.1,169.43066117,15107379.798435572,15107379.798435572,1,675.3999999999942,75.29999999998836,600.1000000000058,675.3999999999942,341.84285714286045
2025-12-14 15:00:00,89112.1,89180.0,88880.0,89027.7,76.91047471,6846523.108176784,6846523.108176784,1,300.0,67.89999999999418,232.10000000000582,300.0,345.7214285714321
2025-12-14 16:00:00,89027.7,89397.9,88505.4,88832.9,191.920253,17061467.715589613,17061467.715589613,1,892.5,370.1999999999971,522.3000000000029,892.5,398.9857142857176
2025-12-14 17:00:00,88833.0,89029.2,88600.0,88804.9,135.47267914,12032329.846435835,12032329.846435835,1,429.1999999999971,196.3000000000029,232.89999999999418,429.1999999999971,425.15714285714574
2025-12-14 18:00:00,88805.0,89082.4,88720.2,89004.7,85.78959057,7626048.986024495,7626048.986024495,1,362.1999999999971,277.5,84.69999999999709,362.1999999999971,435.67142857143125
2025-12-14 19:00:00,89004.7,89004.7,88465.9,88644.0,104.8662025,9297334.104744129,9297334.104744129,1,538.8000000000029,0.0,538.8000000000029,538.8000000000029,461.0857142857172
2025-12-10 16:00:00,92070.0,92597.0,91896.0,92174.9,409.94351588,37842079.90724178,37842079.90724178,1,701.0,,,701.0,701.0
2025-12-10 17:00:00,92174.0,92512.9,92102.1,92384.3,207.68625127,19170970.652357702,19170970.652357702,1,410.79999999998836,338.0,72.79999999998836,410.79999999998836,555.8999999999942
2025-12-10 18:00:00,92384.4,93058.6,91980.0,92499.7,298.38256632,27616070.944104083,27616070.944104083,1,1078.6000000000058,674.3000000000029,404.3000000000029,1078.6000000000058,730.1333333333314
2025-12-10 19:00:00,92499.6,93283.2,91685.5,92959.6,972.23919566,90090268.073227589,90090268.073227589,1,1597.699999999997,783.5,814.1999999999971,1597.699999999997,947.0249999999978
2025-12-10 20:00:00,92959.7,94495.2,92260.0,92453.3,804.77893571,75194775.672259686,75194775.672259686,1,2235.199999999997,1535.5999999999913,699.6000000000058,2235.199999999997,1204.6599999999976
2025-12-10 21:00:00,92453.2,92772.6,91873.8,92351.4,241.87182423,22321154.565788121,22321154.565788121,1,898.8000000000029,319.3000000000029,579.5,898.8000000000029,1153.6833333333318
2025-12-10 22:00:00,92351.5,92695.4,91953.7,92514.9,167.87256569,15508749.722818461,15508749.722818461,1,741.6999999999971,344.0,397.6999999999971,741.6999999999971,1094.8285714285698
2025-12-10 23:00:00,92514.9,92592.9,91938.1,92013.7,173.18754256,15964940.66082367,15964940.66082367,1,654.7999999999884,78.0,576.7999999999884,654.7999999999884,1039.824999999997
2025-12-11 00:00:00,92013.6,92082.8,91048.1,91385.2,335.30472018,30694976.096124609,30694976.096124609,1,1034.699999999997,69.10000000000582,965.5999999999913,1034.699999999997,1039.2555555555527
2025-12-11 01:00:00,91385.3,91408.0,90653.4,90673.8,279.1833207,25392865.860305077,25392865.860305077,1,754.6000000000058,22.80000000000291,731.8000000000029,754.6000000000058,1010.7899999999979
2025-12-11 02:00:00,90673.8,90673.8,89872.5,90070.3,512.38051515,46206933.823016915,46206933.823016915,1,801.3000000000029,0.0,801.3000000000029,801.3000000000029,991.745454545453
2025-12-11 03:00:00,90070.5,90083.5,89389.8,89881.1,397.6365867,35697833.048224359,35697833.048224359,1,693.6999999999971,13.19999999999709,680.5,693.6999999999971,966.9083333333316
2025-12-11 04:00:00,89881.0,90483.3,89688.0,90437.0,290.53147763,26164546.266505642,26164546.266505642,1,795.3000000000029,602.1999999999971,193.10000000000582,795.3000000000029,953.707692307691
2025-12-11 05:00:00,90437.0,90437.0,90066.1,90303.8,199.17020937,17972015.207016023,17972015.207016023,1,370.8999999999942,0.0,370.8999999999942,370.8999999999942,912.0785714285697
2025-12-11 06:00:00,90303.8,90445.9,89954.9,90292.2,187.19643679,16889051.661337297,16889051.661337297,1,491.0,142.09999999999127,348.90000000000873,491.0,897.0785714285697
2025-12-11 07:00:00,90292.3,90329.2,90057.2,90271.0,271.86738121,24519779.769281561,24519779.769281561,1,272.0,37.0,235.0,272.0,887.1642857142849
2025-12-11 08:00:00,90270.9,90271.0,89964.9,90186.4,126.31077616,11381625.647527792,11381625.647527792,1,306.1000000000058,0.0,306.1000000000058,306.1000000000058,831.9857142857135
2025-12-11 09:00:00,90186.5,90523.3,90111.9,90233.0,800.5978254,72292353.878754779,72292353.878754779,1,411.40000000000873,336.90000000000873,74.5,411.40000000000873,747.25
2025-12-11 10:00:00,90233.3,90347.1,90170.0,90317.3,155.557461,14037011.886429888,14037011.886429888,1,177.10000000000582,114.10000000000582,63.0,177.10000000000582,600.2428571428578
2025-12-11 11:00:00,90317.4,90414.0,90204.1,90234.8,551.81074857,49834622.130277799,49834622.130277799,1,209.89999999999418,96.69999999999709,113.19999999999709,209.89999999999418,551.0357142857143
2025-12-11 12:00:00,90234.8,90381.3,90008.0,90029.0,148.4028197,13390022.619956618,13390022.619956618,1,373.3000000000029,146.5,226.8000000000029,373.3000000000029,524.721428571429
2025-12-11 13:00:00,90029.1,90170.0,89876.1,90101.0,150.53066277,13555048.64929751,13555048.64929751,1,293.8999999999942,141.0,152.89999999999418,293.8999999999942,498.942857142858
2025-12-11 14:00:00,90101.0,90484.2,89255.9,89548.1,500.5589693,45038872.432556601,45038872.432556601,1,1228.300000000003,383.1999999999971,845.1000000000058,1228.300000000003,512.7714285714299
2025-12-11 15:00:00,89548.1,90642.7,89408.0,89875.1,485.2247252,43702912.661672633,43702912.661672633,1,1234.699999999997,1094.5999999999913,140.10000000000582,1234.699999999997,547.0642857142864
2025-12-11 16:00:00,89875.0,90180.2,89333.3,89736.9,204.82634057,18369819.972935307,18369819.972935307,1,846.8999999999942,305.09999999999127,541.8000000000029,846.8999999999942,550.3214285714286
2025-12-11 17:00:00,89737.1,90255.1,89630.0,89979.4,161.71465129,14553734.661389972,14553734.661389972,1,625.1000000000058,518.2000000000116,106.89999999999418,625.1000000000058,545.4214285714291
2025-12-11 18:00:00,89971.6,91183.4,89891.1,90705.9,335.91158054,30446395.022196414,30446395.022196414,1,1292.2999999999884,1204.0,88.29999999998836,1292.2999999999884,580.9214285714281
2025-12-11 19:00:00,90705.7,91541.2,90583.1,90835.6,281.02742739,25605873.434216176,25605873.434216176,1,958.0999999999913,835.3000000000029,122.79999999998836,958.0999999999913,622.8642857142851
2025-12-11 20:00:00,90835.6,91829.2,90802.5,91781.4,186.21123828,17014826.359211654,17014826.359211654,1,1026.699999999997,993.5999999999913,33.10000000000582,1026.699999999997,661.1285714285706
2025-12-11 21:00:00,91789.2,93564.4,91703.3,92867.6,620.82572248,57645800.030164525,57645800.030164525,1,1861.0999999999913,1783.0,78.09999999999127,1861.0999999999913,774.6357142857129
2025-12-11 22:00:00,92867.7,93198.2,92097.6,92371.5,376.20738183,34826129.694224646,34826129.694224646,1,1100.5999999999913,330.59999999999127,770.0,1100.5999999999913,831.3857142857117
2025-12-11 23:00:00,92373.3,92804.5,92337.1,92522.3,399.27092309,36961470.86925368,36961470.86925368,1,467.3999999999942,433.0,34.39999999999418,467.3999999999942,835.3857142857107
2025-12-12 00:00:00,92522.2,92658.5,91280.4,91577.7,358.3292851,33005770.886541213,33005770.886541213,1,1378.1000000000058,136.1999999999971,1241.9000000000087,1378.1000000000058,921.171428571425
2025-12-12 01:00:00,91577.7,92317.0,91545.9,92171.8,210.07472527,19322611.47707797,19322611.47707797,1,771.1000000000058,739.3000000000029,31.80000000000291,771.1000000000058,961.2571428571401
2025-12-12 02:00:00,92171.9,92747.2,91929.1,92584.4,249.48219932,23067183.070103246,23067183.070103246,1,818.0999999999913,575.3999999999942,242.6999999999971,818.0999999999913,993.028571428568
2025-12-12 03:00:00,92584.5,92752.5,92175.0,92275.1,142.86960433,13196568.63684372,13196568.63684372,1,577.5,168.10000000000582,409.3999999999942,577.5,1013.2857142857112
2025-12-12 04:00:00,92274.9,92468.1,92123.0,92397.5,168.48839422,15545834.088353661,15545834.088353661,1,345.1000000000058,193.0,152.10000000000582,345.1000000000058,950.1999999999971
2025-12-12 05:00:00,92397.6,92502.3,92078.6,92443.2,134.01676677,12368300.369900802,12368300.369900802,1,423.6999999999971,104.80000000000291,318.8999999999942,423.6999999999971,892.2714285714256
2025-12-12 06:00:00,92443.2,92719.3,92403.1,92506.6,134.63047044,12466374.304033229,12466374.304033229,1,316.1999999999971,276.1000000000058,40.09999999999127,316.1999999999971,854.364285714283
2025-12-12 07:00:00,92506.7,92562.6,92250.3,92427.1,198.62147521,18363238.511646634,18363238.511646634,1,312.3000000000029,56.0,256.3000000000029,312.3000000000029,832.0214285714256
2025-12-12 08:00:00,92427.2,92479.1,92103.1,92347.4,159.40891768,14712170.015336549,14712170.015336549,1,376.0,52.0,324.0,376.0,766.5714285714265
2025-12-12 09:00:00,92346.9,92559.3,92088.5,92522.5,103.49380457,9554816.047931844,9554816.047931844,1,470.8000000000029,211.90000000000873,258.8999999999942,470.8000000000029,731.7642857142845
2025-12-12 10:00:00,92522.6,92635.6,92413.3,92493.0,183.00963292,16931789.121531478,16931789.121531478,1,222.3000000000029,113.10000000000582,109.19999999999709,222.3000000000029,674.307142857142
2025-12-12 11:00:00,92493.1,92493.1,92276.3,92411.9,62.00548005,5727795.329903857,5727795.329903857,1,216.8000000000029,0.10000000000582077,216.6999999999971,216.8000000000029,556.8571428571429
2025-12-12 12:00:00,92411.8,92425.1,92085.9,92425.1,165.86361655,15300734.520564509,15300734.520564509,1,339.20000000001164,13.200000000011642,326.0,339.20000000001164,502.47142857143
2025-12-12 13:00:00,92425.1,92515.6,92250.3,92311.9,129.70306513,11981370.903314232,11981370.903314232,1,265.3000000000029,90.5,174.8000000000029,265.3000000000029,488.0357142857164
2025-12-12 14:00:00,92311.9,92666.5,91902.5,92445.5,329.62106883,30444218.069092544,30444218.069092544,1,764.0,354.6000000000058,409.3999999999942,764.0,444.1714285714302
2025-12-12 15:00:00,92445.5,92445.5,89777.7,89941.4,1021.78373382,93036374.085344914,93036374.085344914,1,2667.800000000003,0.0,2667.800000000003,2667.800000000003,579.6500000000015
2025-12-12 16:00:00,89933.7,90439.5,89466.6,90040.1,539.75715832,48513696.953162542,48513696.953162542,1,972.8999999999942,498.1000000000058,474.79999999998836,972.8999999999942,590.7071428571445
2025-12-12 17:00:00,90040.2,90622.7,89822.6,90075.6,335.39684545,30256725.64032449,30256725.64032449,1,800.0999999999913,582.5999999999913,217.5,800.0999999999913,606.6071428571439
2025-12-12 18:00:00,90075.7,90659.9,90039.0,90366.0,350.93473832,31740116.294646766,31740116.294646766,1,620.8999999999942,584.2999999999884,36.60000000000582,620.8999999999942,626.307142857143
2025-12-12 19:00:00,90366.1,90398.9,90003.9,90197.1,179.75798504,16211958.551396132,16211958.551396132,1,395.0,32.89999999999418,362.1000000000058,395.0,624.2571428571433
2025-12-12 20:00:00,90197.1,90329.8,89888.8,90211.3,143.77395516,12959956.555020375,12959956.555020375,1,441.0,132.6999999999971,308.3000000000029,441.0,633.1714285714291
2025-12-12 21:00:00,90211.2,90347.6,90100.0,90192.0,100.17990399,9039494.043334048,9039494.043334048,1,247.60000000000582,136.3000000000029,111.30000000000291,247.60000000000582,628.5500000000009
2025-12-12 22:00:00,90186.0,90392.3,90184.7,90339.7,67.57906932,6102963.808878532,6102963.808878532,1,207.60000000000582,200.3000000000029,7.30000000000291,207.60000000000582,616.5214285714299
2025-12-12 23:00:00,90339.9,90387.0,90225.1,90268.1,43.02290384,3886376.254715724,3886376.254715724,1,161.89999999999418,47.30000000000291,114.59999999999127,161.89999999999418,594.4571428571435
2025-12-13 00:00:00,90268.1,90436.5,90206.9,90317.6,72.87979636,6583395.67486858,6583395.67486858,1,229.60000000000582,168.39999999999418,61.20000000001164,229.60000000000582,594.9785714285723
2025-12-13 01:00:00,90317.6,90360.0,90112.4,90224.9,53.88380277,4863702.025621173,4863702.025621173,1,247.60000000000582,42.39999999999418,205.20000000001164,247.60000000000582,597.1785714285725
2025-12-13 02:00:00,90225.0,90318.0,90206.2,90227.1,85.2432324,7693250.624685539,7693250.624685539,1,111.80000000000291,93.10000000000582,18.69999999999709,111.80000000000291,580.9357142857147
2025-12-13 03:00:00,90227.1,90469.9,90196.0,90341.9,135.46026992,12236562.817418255,12236562.817418255,1,273.8999999999942,242.79999999998836,31.10000000000582,273.8999999999942,581.5499999999998
2025-12-13 04:00:00,90341.9,90421.0,90271.5,90375.9,66.51295067,6009310.843948976,6009310.843948976,1,149.5,79.10000000000582,70.39999999999418,149.5,537.6571428571426
2025-12-13 05:00:00,90375.9,90394.0,90246.5,90340.4,162.18434809,14647563.439590031,14647563.439590031,1,147.5,18.10000000000582,129.39999999999418,147.5,357.63571428571385
2025-12-13 06:00:00,90340.5,90370.7,90251.6,90348.1,116.02051912,10478012.26595885,10478012.26595885,1,119.09999999999127,30.30000000000291,88.79999999998836,119.09999999999127,296.64999999999935
2025-12-13 07:00:00,90348.2,90416.9,90311.9,90330.0,559.66099937,50572556.425659322,50572556.425659322,1,105.0,68.79999999998836,36.20000000001164,105.0,247.0
2025-12-13 08:00:00,90330.1,90576.7,90314.6,90450.9,239.47088858,21661720.310185571,21661720.310185571,1,262.09999999999127,246.6999999999971,15.39999999999418,262.09999999999127,221.37142857142837
2025-12-13 09:00:00,90450.9,90513.5,90361.9,90415.0,142.43273878,12877980.376253072,12877980.376253072,1,151.60000000000582,62.60000000000582,89.0,151.60000000000582,203.9857142857145
2025-12-13 10:00:00,90415.1,90638.2,90415.1,90592.9,183.38279702,16595402.929461443,16595402.929461443,1,223.09999999999127,223.1999999999971,0.10000000000582077,223.1999999999971,188.42857142857142
2025-12-13 11:00:00,90592.9,90611.8,90300.0,90341.7,106.74044916,9656012.031319075,9656012.031319075,1,311.8000000000029,18.90000000000873,292.8999999999942,311.8000000000029,193.0142857142855
2025-12-13 12:00:00,90341.7,90486.0,90294.5,90355.1,54.66533858,4940466.232547556,4940466.232547556,1,191.5,144.3000000000029,47.19999999999709,191.5,191.8642857142851
2025-12-13 13:00:00,90355.1,90468.8,90200.0,90262.0,297.84272778,26904469.798221174,26904469.798221174,1,268.8000000000029,113.69999999999709,155.10000000000582,268.8000000000029,199.5
2025-12-13 14:00:00,90262.0,90348.1,89930.1,90086.0,152.71142529,13765120.287583045,13765120.287583045,1,418.0,86.10000000000582,331.8999999999942,418.0,212.95714285714243
2025-12-13 15:00:00,90085.9,90293.1,90038.7,90100.7,74.60630179,6725709.608373839,6725709.608373839,1,254.40000000000873,207.10000000000582,47.30000000000291,254.40000000000873,213.44285714285692
2025-12-13 16:00:00,90100.6,90275.0,90032.5,90097.6,47.03441241,4239349.313035252,4239349.313035252,1,242.5,174.3000000000029,68.19999999999709,242.5,222.778571428571
2025-12-13 17:00:00,90097.6,90105.8,89990.0,90054.0,36.70012025,3304003.122741532,3304003.122741532,1,115.80000000000291,8.19999999999709,107.60000000000582,115.80000000000291,211.4857142857145
2025-12-13 18:00:00,90054.1,90190.6,90044.1,90123.9,21.37263691,1926583.75852249,1926583.75852249,1,146.5,136.60000000000582,9.89999999999418,146.5,211.27142857142877
2025-12-13 19:00:00,90124.0,90225.5,90108.7,90182.5,16.58305732,1495351.356629241,1495351.356629241,1,116.80000000000291,101.60000000000582,15.19999999999709,116.80000000000291,209.07857142857185
2025-12-13 20:00:00,90182.4,90215.9,90044.0,90092.6,64.72020751,5836225.620077551,5836225.620077551,1,171.89999999999418,33.39999999999418,138.5,171.89999999999418,212.85000000000062
2025-12-13 21:00:00,90092.6,90192.0,89764.8,90171.5,67.18613368,6043540.506136839,6043540.506136839,1,427.1999999999971,99.39999999999418,327.8000000000029,427.1999999999971,235.86428571428613
2025-12-13 22:00:00,90171.5,90252.4,90002.5,90137.0,37.07301635,3341869.940098472,3341869.940098472,1,249.89999999999418,80.89999999999418,169.0,249.89999999999418,234.99285714285776
2025-12-13 23:00:00,90137.0,90279.0,90067.0,90241.1,25.03486913,2258498.808299851,2258498.808299851,1,212.0,142.0,70.0,212.0,239.30714285714308
2025-12-14 00:00:00,90241.1,90475.0,90125.0,90339.1,107.15131775,9678115.616046229,9678115.616046229,1,350.0,233.89999999999418,116.10000000000582,350.0,248.36428571428613
2025-12-14 01:00:00,90339.1,90458.2,90212.5,90300.4,57.87306423,5228086.693414258,5228086.693414258,1,245.6999999999971,119.09999999999127,126.60000000000582,245.6999999999971,243.64285714285714
2025-12-14 02:00:00,90300.5,90394.0,90247.2,90293.0,36.08459461,3259247.2491152,3259247.2491152,1,146.8000000000029,93.60000000000582,53.19999999999709,146.8000000000029,240.45000000000022
2025-12-14 03:00:00,90293.1,90310.0,90247.2,90266.5,46.3393048,4183271.292433037,4183271.292433037,1,62.80000000000291,17.0,45.80000000000291,62.80000000000291,225.7357142857145
2025-12-14 04:00:00,90266.6,90346.3,90131.3,90205.0,54.69097451,4934947.287390021,4934947.287390021,1,215.0,79.80000000000291,135.1999999999971,215.0,211.2357142857145
2025-12-14 05:00:00,90205.0,90234.0,90051.0,90208.7,72.44141003,6530321.369876209,6530321.369876209,1,183.0,29.0,154.0,183.0,206.13571428571387
2025-12-14 06:00:00,90208.7,90249.7,90100.0,90151.1,29.74349959,2681907.606510695,2681907.606510695,1,149.6999999999971,41.0,108.69999999999709,149.6999999999971,199.50714285714224
2025-12-14 07:00:00,90151.1,90291.1,90085.2,90256.1,114.17679632,10301894.803587832,10301894.803587832,1,205.90000000000873,140.0,65.90000000000873,205.90000000000873,205.94285714285692
2025-12-14 08:00:00,90256.0,90307.6,90104.9,90114.9,205.22209862,18514264.553928792,18514264.553928792,1,202.70000000001164,51.5,151.20000000001164,202.70000000001164,209.95714285714348
2025-12-14 09:00:00,90115.0,90158.0,90007.0,90025.9,57.74668524,5201026.422919042,5201026.422919042,1,151.0,43.10000000000582,107.89999999999418,151.0,212.4000000000004
2025-12-14 10:00:00,90026.0,90133.3,89786.4,89857.0,356.79876067,32105372.509623506,32105372.509623506,1,346.90000000000873,107.40000000000873,239.5,346.90000000000873,224.90000000000146
2025-12-14 11:00:00,89857.1,89857.1,88632.9,89355.0,716.52021275,63954194.407106409,63954194.407106409,1,1224.2000000000116,0.10000000000582077,1224.1000000000058,1224.2000000000116,281.8285714285739
2025-12-14 12:00:00,89355.1,89662.6,89100.0,89418.5,142.95710451,12781971.11729148,12781971.11729148,1,562.6000000000058,307.6000000000058,255.0,562.6000000000058,304.16428571428906
2025-12-14 13:00:00,89417.1,89498.0,89083.9,89484.1,93.66485585,8360013.411800478,8360013.411800478,1,414.1000000000058,79.5,334.6000000000058,414.1000000000058,318.6000000000037
2025-12-14 14:00:00,89484.1,89559.4,88884.0,89112.1,169.43066117,15107379.798435572,15107379.798435572,1,675.3999999999942,75.29999999998836,600.1000000000058,675.3999999999942,341.84285714286045
2025-12-14 15:00:00,89112.1,89180.0,88880.0,89027.7,76.91047471,6846523.108176784,6846523.108176784,1,300.0,67.89999999999418,232.10000000000582,300.0,345.7214285714321
2025-12-14 16:00:00,89027.7,89397.9,88505.4,88832.9,191.920253,17061467.715589613,17061467.715589613,1,892.5,370.1999999999971,522.3000000000029,892.5,398.9857142857176
2025-12-14 17:00:00,88833.0,89029.2,88600.0,88804.9,135.47267914,12032329.846435835,12032329.846435835,1,429.1999999999971,196.3000000000029,232.89999999999418,429.1999999999971,425.15714285714574
2025-12-14 18:00:00,88805.0,89082.4,88720.2,89004.7,85.78959057,7626048.986024495,7626048.986024495,1,362.1999999999971,277.5,84.69999999999709,362.1999999999971,435.67142857143125
2025-12-14 19:00:00,89004.7,89004.7,88465.9,88644.0,104.8662025,9297334.104744129,9297334.104744129,1,538.8000000000029,0.0,538.8000000000029,538.8000000000029,461.0857142857172
2025-12-10 17:00:00,92174.0,92512.9,92102.1,92384.3,207.68625127,19170970.652357702,19170970.652357702,1,410.79999999998836,,,410.79999999998836,410.79999999998836
2025-12-10 18:00:00,92384.4,93058.6,91980.0,92499.7,298.38256632,27616070.944104083,27616070.944104083,1,1078.6000000000058,674.3000000000029,404.3000000000029,1078.6000000000058,744.6999999999971
2025-12-10 19:00:00,92499.6,93283.2,91685.5,92959.6,972.23919566,90090268.073227589,90090268.073227589,1,1597.699999999997,783.5,814.1999999999971,1597.699999999997,1029.0333333333303
2025-12-10 20:00:00,92959.7,94495.2,92260.0,92453.3,804.77893571,75194775.672259686,75194775.672259686,1,2235.199999999997,1535.5999999999913,699.6000000000058,2235.199999999997,1330.574999999997
2025-12-10 21:00:00,92453.2,92772.6,91873.8,92351.4,241.87182423,22321154.565788121,22321154.565788121,1,898.8000000000029,319.3000000000029,579.5,898.8000000000029,1244.2199999999982
2025-12-10 22:00:00,92351.5,92695.4,91953.7,92514.9,167.87256569,15508749.722818461,15508749.722818461,1,741.6999999999971,344.0,397.6999999999971,741.6999999999971,1160.4666666666647
2025-12-10 23:00:00,92514.9,92592.9,91938.1,92013.7,173.18754256,15964940.66082367,15964940.66082367,1,654.7999999999884,78.0,576.7999999999884,654.7999999999884,1088.228571428568
2025-12-11 00:00:00,92013.6,92082.8,91048.1,91385.2,335.30472018,30694976.096124609,30694976.096124609,1,1034.699999999997,69.10000000000582,965.5999999999913,1034.699999999997,1081.5374999999967
2025-12-11 01:00:00,91385.3,91408.0,90653.4,90673.8,279.1833207,25392865.860305077,25392865.860305077,1,754.6000000000058,22.80000000000291,731.8000000000029,754.6000000000058,1045.211111111109
2025-12-11 02:00:00,90673.8,90673.8,89872.5,90070.3,512.38051515,46206933.823016915,46206933.823016915,1,801.3000000000029,0.0,801.3000000000029,801.3000000000029,1020.8199999999982
2025-12-11 03:00:00,90070.5,90083.5,89389.8,89881.1,397.6365867,35697833.048224359,35697833.048224359,1,693.6999999999971,13.19999999999709,680.5,693.6999999999971,991.0818181818163
2025-12-11 04:00:00,89881.0,90483.3,89688.0,90437.0,290.53147763,26164546.266505642,26164546.266505642,1,795.3000000000029,602.1999999999971,193.10000000000582,795.3000000000029,974.7666666666652
2025-12-11 05:00:00,90437.0,90437.0,90066.1,90303.8,199.17020937,17972015.207016023,17972015.207016023,1,370.8999999999942,0.0,370.8999999999942,370.8999999999942,928.3153846153829
2025-12-11 06:00:00,90303.8,90445.9,89954.9,90292.2,187.19643679,16889051.661337297,16889051.661337297,1,491.0,142.09999999999127,348.90000000000873,491.0,897.0785714285697
2025-12-11 07:00:00,90292.3,90329.2,90057.2,90271.0,271.86738121,24519779.769281561,24519779.769281561,1,272.0,37.0,235.0,272.0,887.1642857142849
2025-12-11 08:00:00,90270.9,90271.0,89964.9,90186.4,126.31077616,11381625.647527792,11381625.647527792,1,306.1000000000058,0.0,306.1000000000058,306.1000000000058,831.9857142857135
2025-12-11 09:00:00,90186.5,90523.3,90111.9,90233.0,800.5978254,72292353.878754779,72292353.878754779,1,411.40000000000873,336.90000000000873,74.5,411.40000000000873,747.25
2025-12-11 10:00:00,90233.3,90347.1,90170.0,90317.3,155.557461,14037011.886429888,14037011.886429888,1,177.10000000000582,114.10000000000582,63.0,177.10000000000582,600.2428571428578
2025-12-11 11:00:00,90317.4,90414.0,90204.1,90234.8,551.81074857,49834622.130277799,49834622.130277799,1,209.89999999999418,96.69999999999709,113.19999999999709,209.89999999999418,551.0357142857143
2025-12-11 12:00:00,90234.8,90381.3,90008.0,90029.0,148.4028197,13390022.619956618,13390022.619956618,1,373.3000000000029,146.5,226.8000000000029,373.3000000000029,524.721428571429
2025-12-11 13:00:00,90029.1,90170.0,89876.1,90101.0,150.53066277,13555048.64929751,13555048.64929751,1,293.8999999999942,141.0,152.89999999999418,293.8999999999942,498.942857142858
2025-12-11 14:00:00,90101.0,90484.2,89255.9,89548.1,500.5589693,45038872.432556601,45038872.432556601,1,1228.300000000003,383.1999999999971,845.1000000000058,1228.300000000003,512.7714285714299
2025-12-11 15:00:00,89548.1,90642.7,89408.0,89875.1,485.2247252,43702912.661672633,43702912.661672633,1,1234.699999999997,1094.5999999999913,140.10000000000582,1234.699999999997,547.0642857142864
2025-12-11 16:00:00,89875.0,90180.2,89333.3,89736.9,204.82634057,18369819.972935307,18369819.972935307,1,846.8999999999942,305.09999999999127,541.8000000000029,846.8999999999942,550.3214285714286
2025-12-11 17:00:00,89737.1,90255.1,89630.0,89979.4,161.71465129,14553734.661389972,14553734.661389972,1,625.1000000000058,518.2000000000116,106.89999999999418,625.1000000000058,545.4214285714291
2025-12-11 18:00:00,89971.6,91183.4,89891.1,90705.9,335.91158054,30446395.022196414,30446395.022196414,1,1292.2999999999884,1204.0,88.29999999998836,1292.2999999999884,580.9214285714281
2025-12-11 19:00:00,90705.7,91541.2,90583.1,90835.6,281.02742739,25605873.434216176,25605873.434216176,1,958.0999999999913,835.3000000000029,122.79999999998836,958.0999999999913,622.8642857142851
2025-12-11 20:00:00,90835.6,91829.2,90802.5,91781.4,186.21123828,17014826.359211654,17014826.359211654,1,1026.699999999997,993.5999999999913,33.10000000000582,1026.699999999997,661.1285714285706
2025-12-11 21:00:00,91789.2,93564.4,91703.3,92867.6,620.82572248,57645800.030164525,57645800.030164525,1,1861.0999999999913,1783.0,78.09999999999127,1861.0999999999913,774.6357142857129
2025-12-11 22:00:00,92867.7,93198.2,92097.6,92371.5,376.20738183,34826129.694224646,34826129.694224646,1,1100.5999999999913,330.59999999999127,770.0,1100.5999999999913,831.3857142857117
2025-12-11 23:00:00,92373.3,92804.5,92337.1,92522.3,399.27092309,36961470.86925368,36961470.86925368,1,467.3999999999942,433.0,34.39999999999418,467.3999999999942,835.3857142857107
2025-12-12 00:00:00,92522.2,92658.5,91280.4,91577.7,358.3292851,33005770.886541213,33005770.886541213,1,1378.1000000000058,136.1999999999971,1241.9000000000087,1378.1000000000058,921.171428571425
2025-12-12 01:00:00,91577.7,92317.0,91545.9,92171.8,210.07472527,19322611.47707797,19322611.47707797,1,771.1000000000058,739.3000000000029,31.80000000000291,771.1000000000058,961.2571428571401
2025-12-12 02:00:00,92171.9,92747.2,91929.1,92584.4,249.48219932,23067183.070103246,23067183.070103246,1,818.0999999999913,575.3999999999942,242.6999999999971,818.0999999999913,993.028571428568
2025-12-12 03:00:00,92584.5,92752.5,92175.0,92275.1,142.86960433,13196568.63684372,13196568.63684372,1,577.5,168.10000000000582,409.3999999999942,577.5,1013.2857142857112
2025-12-12 04:00:00,92274.9,92468.1,92123.0,92397.5,168.48839422,15545834.088353661,15545834.088353661,1,345.1000000000058,193.0,152.10000000000582,345.1000000000058,950.1999999999971
2025-12-12 05:00:00,92397.6,92502.3,92078.6,92443.2,134.01676677,12368300.369900802,12368300.369900802,1,423.6999999999971,104.80000000000291,318.8999999999942,423.6999999999971,892.2714285714256
2025-12-12 06:00:00,92443.2,92719.3,92403.1,92506.6,134.63047044,12466374.304033229,12466374.304033229,1,316.1999999999971,276.1000000000058,40.09999999999127,316.1999999999971,854.364285714283
2025-12-12 07:00:00,92506.7,92562.6,92250.3,92427.1,198.62147521,18363238.511646634,18363238.511646634,1,312.3000000000029,56.0,256.3000000000029,312.3000000000029,832.0214285714256
2025-12-12 08:00:00,92427.2,92479.1,92103.1,92347.4,159.40891768,14712170.015336549,14712170.015336549,1,376.0,52.0,324.0,376.0,766.5714285714265
2025-12-12 09:00:00,92346.9,92559.3,92088.5,92522.5,103.49380457,9554816.047931844,9554816.047931844,1,470.8000000000029,211.90000000000873,258.8999999999942,470.8000000000029,731.7642857142845
2025-12-12 10:00:00,92522.6,92635.6,92413.3,92493.0,183.00963292,16931789.121531478,16931789.121531478,1,222.3000000000029,113.10000000000582,109.19999999999709,222.3000000000029,674.307142857142
2025-12-12 11:00:00,92493.1,92493.1,92276.3,92411.9,62.00548005,5727795.329903857,5727795.329903857,1,216.8000000000029,0.10000000000582077,216.6999999999971,216.8000000000029,556.8571428571429
2025-12-12 12:00:00,92411.8,92425.1,92085.9,92425.1,165.86361655,15300734.520564509,15300734.520564509,1,339.20000000001164,13.200000000011642,326.0,339.20000000001164,502.47142857143
2025-12-12 13:00:00,92425.1,92515.6,92250.3,92311.9,129.70306513,11981370.903314232,11981370.903314232,1,265.3000000000029,90.5,174.8000000000029,265.3000000000029,488.0357142857164
2025-12-12 14:00:00,92311.9,92666.5,91902.5,92445.5,329.62106883,30444218.069092544,30444218.069092544,1,764.0,354.6000000000058,409.3999999999942,764.0,444.1714285714302
2025-12-12 15:00:00,92445.5,92445.5,89777.7,89941.4,1021.78373382,93036374.085344914,93036374.085344914,1,2667.800000000003,0.0,2667.800000000003,2667.800000000003,579.6500000000015
2025-12-12 16:00:00,89933.7,90439.5,89466.6,90040.1,539.75715832,48513696.953162542,48513696.953162542,1,972.8999999999942,498.1000000000058,474.79999999998836,972.8999999999942,590.7071428571445
2025-12-12 17:00:00,90040.2,90622.7,89822.6,90075.6,335.39684545,30256725.64032449,30256725.64032449,1,800.0999999999913,582.5999999999913,217.5,800.0999999999913,606.6071428571439
2025-12-12 18:00:00,90075.7,90659.9,90039.0,90366.0,350.93473832,31740116.294646766,31740116.294646766,1,620.8999999999942,584.2999999999884,36.60000000000582,620.8999999999942,626.307142857143
2025-12-12 19:00:00,90366.1,90398.9,90003.9,90197.1,179.75798504,16211958.551396132,16211958.551396132,1,395.0,32.89999999999418,362.1000000000058,395.0,624.2571428571433
2025-12-12 20:00:00,90197.1,90329.8,89888.8,90211.3,143.77395516,12959956.555020375,12959956.555020375,1,441.0,132.6999999999971,308.3000000000029,441.0,633.1714285714291
2025-12-12 21:00:00,90211.2,90347.6,90100.0,90192.0,100.17990399,9039494.043334048,9039494.043334048,1,247.60000000000582,136.3000000000029,111.30000000000291,247.60000000000582,628.5500000000009
2025-12-12 22:00:00,90186.0,90392.3,90184.7,90339.7,67.57906932,6102963.808878532,6102963.808878532,1,207.60000000000582,200.3000000000029,7.30000000000291,207.60000000000582,616.5214285714299
2025-12-12 23:00:00,90339.9,90387.0,90225.1,90268.1,43.02290384,3886376.254715724,3886376.254715724,1,161.89999999999418,47.30000000000291,114.59999999999127,161.89999999999418,594.4571428571435
2025-12-13 00:00:00,90268.1,90436.5,90206.9,90317.6,72.87979636,6583395.67486858,6583395.67486858,1,229.60000000000582,168.39999999999418,61.20000000001164,229.60000000000582,594.9785714285723
2025-12-13 01:00:00,90317.6,90360.0,90112.4,90224.9,53.88380277,4863702.025621173,4863702.025621173,1,247.60000000000582,42.39999999999418,205.20000000001164,247.60000000000582,597.1785714285725
2025-12-13 02:00:00,90225.0,90318.0,90206.2,90227.1,85.2432324,7693250.624685539,7693250.624685539,1,111.80000000000291,93.10000000000582,18.69999999999709,111.80000000000291,580.9357142857147
2025-12-13 03:00:00,90227.1,90469.9,90196.0,90341.9,135.46026992,12236562.817418255,12236562.817418255,1,273.8999999999942,242.79999999998836,31.10000000000582,273.8999999999942,581.5499999999998
2025-12-13 04:00:00,90341.9,90421.0,90271.5,90375.9,66.51295067,6009310.843948976,6009310.843948976,1,149.5,79.10000000000582,70.39999999999418,149.5,537.6571428571426
2025-12-13 05:00:00,90375.9,90394.0,90246.5,90340.4,162.18434809,14647563.439590031,14647563.439590031,1,147.5,18.10000000000582,129.39999999999418,147.5,357.63571428571385
2025-12-13 06:00:00,90340.5,90370.7,90251.6,90348.1,116.02051912,10478012.26595885,10478012.26595885,1,119.09999999999127,30.30000000000291,88.79999999998836,119.09999999999127,296.64999999999935
2025-12-13 07:00:00,90348.2,90416.9,90311.9,90330.0,559.66099937,50572556.425659322,50572556.425659322,1,105.0,68.79999999998836,36.20000000001164,105.0,247.0
2025-12-13 08:00:00,90330.1,90576.7,90314.6,90450.9,239.47088858,21661720.310185571,21661720.310185571,1,262.09999999999127,246.6999999999971,15.39999999999418,262.09999999999127,221.37142857142837
2025-12-13 09:00:00,90450.9,90513.5,90361.9,90415.0,142.43273878,12877980.376253072,12877980.376253072,1,151.60000000000582,62.60000000000582,89.0,151.60000000000582,203.9857142857145
2025-12-13 10:00:00,90415.1,90638.2,90415.1,90592.9,183.38279702,16595402.929461443,16595402.929461443,1,223.09999999999127,223.1999999999971,0.10000000000582077,223.1999999999971,188.42857142857142
2025-12-13 11:00:00,90592.9,90611.8,90300.0,90341.7,106.74044916,9656012.031319075,9656012.031319075,1,311.8000000000029,18.90000000000873,292.8999999999942,311.8000000000029,193.0142857142855
2025-12-13 12:00:00,90341.7,90486.0,90294.5,90355.1,54.66533858,4940466.232547556,4940466.232547556,1,191.5,144.3000000000029,47.19999999999709,191.5,191.8642857142851
2025-12-13 13:00:00,90355.1,90468.8,90200.0,90262.0,297.84272778,26904469.798221174,26904469.798221174,1,268.8000000000029,113.69999999999709,155.10000000000582,268.8000000000029,199.5
2025-12-13 14:00:00,90262.0,90348.1,89930.1,90086.0,152.71142529,13765120.287583045,13765120.287583045,1,418.0,86.10000000000582,331.8999999999942,418.0,212.95714285714243
2025-12-13 15:00:00,90085.9,90293.1,90038.7,90100.7,74.60630179,6725709.608373839,6725709.608373839,1,254.40000000000873,207.10000000000582,47.30000000000291,254.40000000000873,213.44285714285692
2025-12-13 16:00:00,90100.6,90275.0,90032.5,90097.6,47.03441241,4239349.313035252,4239349.313035252,1,242.5,174.3000000000029,68.19999999999709,242.5,222.778571428571
2025-12-13 17:00:00,90097.6,90105.8,89990.0,90054.0,36.70012025,3304003.122741532,3304003.122741532,1,115.80000000000291,8.19999999999709,107.60000000000582,115.80000000000291,211.4857142857145
2025-12-13 18:00:00,90054.1,90190.6,90044.1,90123.9,21.37263691,1926583.75852249,1926583.75852249,1,146.5,136.60000000000582,9.89999999999418,146.5,211.27142857142877
2025-12-13 19:00:00,90124.0,90225.5,90108.7,90182.5,16.58305732,1495351.356629241,1495351.356629241,1,116.80000000000291,101.60000000000582,15.19999999999709,116.80000000000291,209.07857142857185
2025-12-13 20:00:00,90182.4,90215.9,90044.0,90092.6,64.72020751,5836225.620077551,5836225.620077551,1,171.89999999999418,33.39999999999418,138.5,171.89999999999418,212.85000000000062
2025-12-13 21:00:00,90092.6,90192.0,89764.8,90171.5,67.18613368,6043540.506136839,6043540.506136839,1,427.1999999999971,99.39999999999418,327.8000000000029,427.1999999999971,235.86428571428613
2025-12-13 22:00:00,90171.5,90252.4,90002.5,90137.0,37.07301635,3341869.940098472,3341869.940098472,1,249.89999999999418,80.89999999999418,169.0,249.89999999999418,234.99285714285776
2025-12-13 23:00:00,90137.0,90279.0,90067.0,90241.1,25.03486913,2258498.808299851,2258498.808299851,1,212.0,142.0,70.0,212.0,239.30714285714308
2025-12-14 00:00:00,90241.1,90475.0,90125.0,90339.1,107.15131775,9678115.616046229,9678115.616046229,1,350.0,233.89999999999418,116.10000000000582,350.0,248.36428571428613
2025-12-14 01:00:00,90339.1,90458.2,90212.5,90300.4,57.87306423,5228086.693414258,5228086.693414258,1,245.6999999999971,119.09999999999127,126.60000000000582,245.6999999999971,243.64285714285714
2025-12-14 02:00:00,90300.5,90394.0,90247.2,90293.0,36.08459461,3259247.2491152,3259247.2491152,1,146.8000000000029,93.60000000000582,53.19999999999709,146.8000000000029,240.45000000000022
2025-12-14 03:00:00,90293.1,90310.0,90247.2,90266.5,46.3393048,4183271.292433037,4183271.292433037,1,62.80000000000291,17.0,45.80000000000291,62.80000000000291,225.7357142857145
2025-12-14 04:00:00,90266.6,90346.3,90131.3,90205.0,54.69097451,4934947.287390021,4934947.287390021,1,215.0,79.80000000000291,135.1999999999971,215.0,211.2357142857145
2025-12-14 05:00:00,90205.0,90234.0,90051.0,90208.7,72.44141003,6530321.369876209,6530321.369876209,1,183.0,29.0,154.0,183.0,206.13571428571387
2025-12-14 06:00:00,90208.7,90249.7,90100.0,90151.1,29.74349959,2681907.606510695,2681907.606510695,1,149.6999999999971,41.0,108.69999999999709,149.6999999999971,199.50714285714224
2025-12-14 07:00:00,90151.1,90291.1,90085.2,90256.1,114.17679632,10301894.803587832,10301894.803587832,1,205.90000000000873,140.0,65.90000000000873,205.90000000000873,205.94285714285692
2025-12-14 08:00:00,90256.0,90307.6,90104.9,90114.9,205.22209862,18514264.553928792,18514264.553928792,1,202.70000000001164,51.5,151.20000000001164,202.70000000001164,209.95714285714348
2025-12-14 09:00:00,90115.0,90158.0,90007.0,90025.9,57.74668524,5201026.422919042,5201026.422919042,1,151.0,43.10000000000582,107.89999999999418,151.0,212.4000000000004
2025-12-14 10:00:00,90026.0,90133.3,89786.4,89857.0,356.79876067,32105372.509623506,32105372.509623506,1,346.90000000000873,107.40000000000873,239.5,346.90000000000873,224.90000000000146
2025-12-14 11:00:00,89857.1,89857.1,88632.9,89355.0,716.52021275,63954194.407106409,63954194.407106409,1,1224.2000000000116,0.10000000000582077,1224.1000000000058,1224.2000000000116,281.8285714285739
2025-12-14 12:00:00,89355.1,89662.6,89100.0,89418.5,142.95710451,12781971.11729148,12781971.11729148,1,562.6000000000058,307.6000000000058,255.0,562.6000000000058,304.16428571428906
2025-12-14 13:00:00,89417.1,89498.0,89083.9,89484.1,93.66485585,8360013.411800478,8360013.411800478,1,414.1000000000058,79.5,334.6000000000058,414.1000000000058,318.6000000000037
2025-12-14 14:00:00,89484.1,89559.4,88884.0,89112.1,169.43066117,15107379.798435572,15107379.798435572,1,675.3999999999942,75.29999999998836,600.1000000000058,675.3999999999942,341.84285714286045
2025-12-14 15:00:00,89112.1,89180.0,88880.0,89027.7,76.91047471,6846523.108176784,6846523.108176784,1,300.0,67.89999999999418,232.10000000000582,300.0,345.7214285714321
2025-12-14 16:00:00,89027.7,89397.9,88505.4,88832.9,191.920253,17061467.715589613,17061467.715589613,1,892.5,370.1999999999971,522.3000000000029,892.5,398.9857142857176
2025-12-14 17:00:00,88833.0,89029.2,88600.0,88804.9,135.47267914,12032329.846435835,12032329.846435835,1,429.1999999999971,196.3000000000029,232.89999999999418,429.1999999999971,425.15714285714574
2025-12-14 18:00:00,88805.0,89082.4,88720.2,89004.7,85.78959057,7626048.986024495,7626048.986024495,1,362.1999999999971,277.5,84.69999999999709,362.1999999999971,435.67142857143125
2025-12-14 19:00:00,89004.7,89004.7,88465.9,88644.0,104.8662025,9297334.104744129,9297334.104744129,1,538.8000000000029,0.0,538.8000000000029,538.8000000000029,461.0857142857172
2025-12-14 20:00:00,88644.1,88833.0,88350.0,88556.9,147.3055239,13051626.840066244,13051626.840066244,1,483.0,189.0,294.0,483.0,484.89285714286024
2025-12-10 17:00:00,92174.0,92512.9,92102.1,92384.3,207.68625127,19170970.652357702,19170970.652357702,1,410.79999999998836,,,410.79999999998836,410.79999999998836
2025-12-10 18:00:00,92384.4,93058.6,91980.0,92499.7,298.38256632,27616070.944104083,27616070.944104083,1,1078.6000000000058,674.3000000000029,404.3000000000029,1078.6000000000058,744.6999999999971
2025-12-10 19:00:00,92499.6,93283.2,91685.5,92959.6,972.23919566,90090268.073227589,90090268.073227589,1,1597.699999999997,783.5,814.1999999999971,1597.699999999997,1029.0333333333303
2025-12-10 20:00:00,92959.7,94495.2,92260.0,92453.3,804.77893571,75194775.672259686,75194775.672259686,1,2235.199999999997,1535.5999999999913,699.6000000000058,2235.199999999997,1330.574999999997
2025-12-10 21:00:00,92453.2,92772.6,91873.8,92351.4,241.87182423,22321154.565788121,22321154.565788121,1,898.8000000000029,319.3000000000029,579.5,898.8000000000029,1244.2199999999982
2025-12-10 22:00:00,92351.5,92695.4,91953.7,92514.9,167.87256569,15508749.722818461,15508749.722818461,1,741.6999999999971,344.0,397.6999999999971,741.6999999999971,1160.4666666666647
2025-12-10 23:00:00,92514.9,92592.9,91938.1,92013.7,173.18754256,15964940.66082367,15964940.66082367,1,654.7999999999884,78.0,576.7999999999884,654.7999999999884,1088.228571428568
2025-12-11 00:00:00,92013.6,92082.8,91048.1,91385.2,335.30472018,30694976.096124609,30694976.096124609,1,1034.699999999997,69.10000000000582,965.5999999999913,1034.699999999997,1081.5374999999967
2025-12-11 01:00:00,91385.3,91408.0,90653.4,90673.8,279.1833207,25392865.860305077,25392865.860305077,1,754.6000000000058,22.80000000000291,731.8000000000029,754.6000000000058,1045.211111111109
2025-12-11 02:00:00,90673.8,90673.8,89872.5,90070.3,512.38051515,46206933.823016915,46206933.823016915,1,801.3000000000029,0.0,801.3000000000029,801.3000000000029,1020.8199999999982
2025-12-11 03:00:00,90070.5,90083.5,89389.8,89881.1,397.6365867,35697833.048224359,35697833.048224359,1,693.6999999999971,13.19999999999709,680.5,693.6999999999971,991.0818181818163
2025-12-11 04:00:00,89881.0,90483.3,89688.0,90437.0,290.53147763,26164546.266505642,26164546.266505642,1,795.3000000000029,602.1999999999971,193.10000000000582,795.3000000000029,974.7666666666652
2025-12-11 05:00:00,90437.0,90437.0,90066.1,90303.8,199.17020937,17972015.207016023,17972015.207016023,1,370.8999999999942,0.0,370.8999999999942,370.8999999999942,928.3153846153829
2025-12-11 06:00:00,90303.8,90445.9,89954.9,90292.2,187.19643679,16889051.661337297,16889051.661337297,1,491.0,142.09999999999127,348.90000000000873,491.0,897.0785714285697
2025-12-11 07:00:00,90292.3,90329.2,90057.2,90271.0,271.86738121,24519779.769281561,24519779.769281561,1,272.0,37.0,235.0,272.0,887.1642857142849
2025-12-11 08:00:00,90270.9,90271.0,89964.9,90186.4,126.31077616,11381625.647527792,11381625.647527792,1,306.1000000000058,0.0,306.1000000000058,306.1000000000058,831.9857142857135
2025-12-11 09:00:00,90186.5,90523.3,90111.9,90233.0,800.5978254,72292353.878754779,72292353.878754779,1,411.40000000000873,336.90000000000873,74.5,411.40000000000873,747.25
2025-12-11 10:00:00,90233.3,90347.1,90170.0,90317.3,155.557461,14037011.886429888,14037011.886429888,1,177.10000000000582,114.10000000000582,63.0,177.10000000000582,600.2428571428578
2025-12-11 11:00:00,90317.4,90414.0,90204.1,90234.8,551.81074857,49834622.130277799,49834622.130277799,1,209.89999999999418,96.69999999999709,113.19999999999709,209.89999999999418,551.0357142857143
2025-12-11 12:00:00,90234.8,90381.3,90008.0,90029.0,148.4028197,13390022.619956618,13390022.619956618,1,373.3000000000029,146.5,226.8000000000029,373.3000000000029,524.721428571429
2025-12-11 13:00:00,90029.1,90170.0,89876.1,90101.0,150.53066277,13555048.64929751,13555048.64929751,1,293.8999999999942,141.0,152.89999999999418,293.8999999999942,498.942857142858
2025-12-11 14:00:00,90101.0,90484.2,89255.9,89548.1,500.5589693,45038872.432556601,45038872.432556601,1,1228.300000000003,383.1999999999971,845.1000000000058,1228.300000000003,512.7714285714299
2025-12-11 15:00:00,89548.1,90642.7,89408.0,89875.1,485.2247252,43702912.661672633,43702912.661672633,1,1234.699999999997,1094.5999999999913,140.10000000000582,1234.699999999997,547.0642857142864
2025-12-11 16:00:00,89875.0,90180.2,89333.3,89736.9,204.82634057,18369819.972935307,18369819.972935307,1,846.8999999999942,305.09999999999127,541.8000000000029,846.8999999999942,550.3214285714286
2025-12-11 17:00:00,89737.1,90255.1,89630.0,89979.4,161.71465129,14553734.661389972,14553734.661389972,1,625.1000000000058,518.2000000000116,106.89999999999418,625.1000000000058,545.4214285714291
2025-12-11 18:00:00,89971.6,91183.4,89891.1,90705.9,335.91158054,30446395.022196414,30446395.022196414,1,1292.2999999999884,1204.0,88.29999999998836,1292.2999999999884,580.9214285714281
2025-12-11 19:00:00,90705.7,91541.2,90583.1,90835.6,281.02742739,25605873.434216176,25605873.434216176,1,958.0999999999913,835.3000000000029,122.79999999998836,958.0999999999913,622.8642857142851
2025-12-11 20:00:00,90835.6,91829.2,90802.5,91781.4,186.21123828,17014826.359211654,17014826.359211654,1,1026.699999999997,993.5999999999913,33.10000000000582,1026.699999999997,661.1285714285706
2025-12-11 21:00:00,91789.2,93564.4,91703.3,92867.6,620.82572248,57645800.030164525,57645800.030164525,1,1861.0999999999913,1783.0,78.09999999999127,1861.0999999999913,774.6357142857129
2025-12-11 22:00:00,92867.7,93198.2,92097.6,92371.5,376.20738183,34826129.694224646,34826129.694224646,1,1100.5999999999913,330.59999999999127,770.0,1100.5999999999913,831.3857142857117
2025-12-11 23:00:00,92373.3,92804.5,92337.1,92522.3,399.27092309,36961470.86925368,36961470.86925368,1,467.3999999999942,433.0,34.39999999999418,467.3999999999942,835.3857142857107
2025-12-12 00:00:00,92522.2,92658.5,91280.4,91577.7,358.3292851,33005770.886541213,33005770.886541213,1,1378.1000000000058,136.1999999999971,1241.9000000000087,1378.1000000000058,921.171428571425
2025-12-12 01:00:00,91577.7,92317.0,91545.9,92171.8,210.07472527,19322611.47707797,19322611.47707797,1,771.1000000000058,739.3000000000029,31.80000000000291,771.1000000000058,961.2571428571401
2025-12-12 02:00:00,92171.9,92747.2,91929.1,92584.4,249.48219932,23067183.070103246,23067183.070103246,1,818.0999999999913,575.3999999999942,242.6999999999971,818.0999999999913,993.028571428568
2025-12-12 03:00:00,92584.5,92752.5,92175.0,92275.1,142.86960433,13196568.63684372,13196568.63684372,1,577.5,168.10000000000582,409.3999999999942,577.5,1013.2857142857112
2025-12-12 04:00:00,92274.9,92468.1,92123.0,92397.5,168.48839422,15545834.088353661,15545834.088353661,1,345.1000000000058,193.0,152.10000000000582,345.1000000000058,950.1999999999971
2025-12-12 05:00:00,92397.6,92502.3,92078.6,92443.2,134.01676677,12368300.369900802,12368300.369900802,1,423.6999999999971,104.80000000000291,318.8999999999942,423.6999999999971,892.2714285714256
2025-12-12 06:00:00,92443.2,92719.3,92403.1,92506.6,134.63047044,12466374.304033229,12466374.304033229,1,316.1999999999971,276.1000000000058,40.09999999999127,316.1999999999971,854.364285714283
2025-12-12 07:00:00,92506.7,92562.6,92250.3,92427.1,198.62147521,18363238.511646634,18363238.511646634,1,312.3000000000029,56.0,256.3000000000029,312.3000000000029,832.0214285714256
2025-12-12 08:00:00,92427.2,92479.1,92103.1,92347.4,159.40891768,14712170.015336549,14712170.015336549,1,376.0,52.0,324.0,376.0,766.5714285714265
2025-12-12 09:00:00,92346.9,92559.3,92088.5,92522.5,103.49380457,9554816.047931844,9554816.047931844,1,470.8000000000029,211.90000000000873,258.8999999999942,470.8000000000029,731.7642857142845
2025-12-12 10:00:00,92522.6,92635.6,92413.3,92493.0,183.00963292,16931789.121531478,16931789.121531478,1,222.3000000000029,113.10000000000582,109.19999999999709,222.3000000000029,674.307142857142
2025-12-12 11:00:00,92493.1,92493.1,92276.3,92411.9,62.00548005,5727795.329903857,5727795.329903857,1,216.8000000000029,0.10000000000582077,216.6999999999971,216.8000000000029,556.8571428571429
2025-12-12 12:00:00,92411.8,92425.1,92085.9,92425.1,165.86361655,15300734.520564509,15300734.520564509,1,339.20000000001164,13.200000000011642,326.0,339.20000000001164,502.47142857143
2025-12-12 13:00:00,92425.1,92515.6,92250.3,92311.9,129.70306513,11981370.903314232,11981370.903314232,1,265.3000000000029,90.5,174.8000000000029,265.3000000000029,488.0357142857164
2025-12-12 14:00:00,92311.9,92666.5,91902.5,92445.5,329.62106883,30444218.069092544,30444218.069092544,1,764.0,354.6000000000058,409.3999999999942,764.0,444.1714285714302
2025-12-12 15:00:00,92445.5,92445.5,89777.7,89941.4,1021.78373382,93036374.085344914,93036374.085344914,1,2667.800000000003,0.0,2667.800000000003,2667.800000000003,579.6500000000015
2025-12-12 16:00:00,89933.7,90439.5,89466.6,90040.1,539.75715832,48513696.953162542,48513696.953162542,1,972.8999999999942,498.1000000000058,474.79999999998836,972.8999999999942,590.7071428571445
2025-12-12 17:00:00,90040.2,90622.7,89822.6,90075.6,335.39684545,30256725.64032449,30256725.64032449,1,800.0999999999913,582.5999999999913,217.5,800.0999999999913,606.6071428571439
2025-12-12 18:00:00,90075.7,90659.9,90039.0,90366.0,350.93473832,31740116.294646766,31740116.294646766,1,620.8999999999942,584.2999999999884,36.60000000000582,620.8999999999942,626.307142857143
2025-12-12 19:00:00,90366.1,90398.9,90003.9,90197.1,179.75798504,16211958.551396132,16211958.551396132,1,395.0,32.89999999999418,362.1000000000058,395.0,624.2571428571433
2025-12-12 20:00:00,90197.1,90329.8,89888.8,90211.3,143.77395516,12959956.555020375,12959956.555020375,1,441.0,132.6999999999971,308.3000000000029,441.0,633.1714285714291
2025-12-12 21:00:00,90211.2,90347.6,90100.0,90192.0,100.17990399,9039494.043334048,9039494.043334048,1,247.60000000000582,136.3000000000029,111.30000000000291,247.60000000000582,628.5500000000009
2025-12-12 22:00:00,90186.0,90392.3,90184.7,90339.7,67.57906932,6102963.808878532,6102963.808878532,1,207.60000000000582,200.3000000000029,7.30000000000291,207.60000000000582,616.5214285714299
2025-12-12 23:00:00,90339.9,90387.0,90225.1,90268.1,43.02290384,3886376.254715724,3886376.254715724,1,161.89999999999418,47.30000000000291,114.59999999999127,161.89999999999418,594.4571428571435
2025-12-13 00:00:00,90268.1,90436.5,90206.9,90317.6,72.87979636,6583395.67486858,6583395.67486858,1,229.60000000000582,168.39999999999418,61.20000000001164,229.60000000000582,594.9785714285723
2025-12-13 01:00:00,90317.6,90360.0,90112.4,90224.9,53.88380277,4863702.025621173,4863702.025621173,1,247.60000000000582,42.39999999999418,205.20000000001164,247.60000000000582,597.1785714285725
2025-12-13 02:00:00,90225.0,90318.0,90206.2,90227.1,85.2432324,7693250.624685539,7693250.624685539,1,111.80000000000291,93.10000000000582,18.69999999999709,111.80000000000291,580.9357142857147
2025-12-13 03:00:00,90227.1,90469.9,90196.0,90341.9,135.46026992,12236562.817418255,12236562.817418255,1,273.8999999999942,242.79999999998836,31.10000000000582,273.8999999999942,581.5499999999998
2025-12-13 04:00:00,90341.9,90421.0,90271.5,90375.9,66.51295067,6009310.843948976,6009310.843948976,1,149.5,79.10000000000582,70.39999999999418,149.5,537.6571428571426
2025-12-13 05:00:00,90375.9,90394.0,90246.5,90340.4,162.18434809,14647563.439590031,14647563.439590031,1,147.5,18.10000000000582,129.39999999999418,147.5,357.63571428571385
2025-12-13 06:00:00,90340.5,90370.7,90251.6,90348.1,116.02051912,10478012.26595885,10478012.26595885,1,119.09999999999127,30.30000000000291,88.79999999998836,119.09999999999127,296.64999999999935
2025-12-13 07:00:00,90348.2,90416.9,90311.9,90330.0,559.66099937,50572556.425659322,50572556.425659322,1,105.0,68.79999999998836,36.20000000001164,105.0,247.0
2025-12-13 08:00:00,90330.1,90576.7,90314.6,90450.9,239.47088858,21661720.310185571,21661720.310185571,1,262.09999999999127,246.6999999999971,15.39999999999418,262.09999999999127,221.37142857142837
2025-12-13 09:00:00,90450.9,90513.5,90361.9,90415.0,142.43273878,12877980.376253072,12877980.376253072,1,151.60000000000582,62.60000000000582,89.0,151.60000000000582,203.9857142857145
2025-12-13 10:00:00,90415.1,90638.2,90415.1,90592.9,183.38279702,16595402.929461443,16595402.929461443,1,223.09999999999127,223.1999999999971,0.10000000000582077,223.1999999999971,188.42857142857142
2025-12-13 11:00:00,90592.9,90611.8,90300.0,90341.7,106.74044916,9656012.031319075,9656012.031319075,1,311.8000000000029,18.90000000000873,292.8999999999942,311.8000000000029,193.0142857142855
2025-12-13 12:00:00,90341.7,90486.0,90294.5,90355.1,54.66533858,4940466.232547556,4940466.232547556,1,191.5,144.3000000000029,47.19999999999709,191.5,191.8642857142851
2025-12-13 13:00:00,90355.1,90468.8,90200.0,90262.0,297.84272778,26904469.798221174,26904469.798221174,1,268.8000000000029,113.69999999999709,155.10000000000582,268.8000000000029,199.5
2025-12-13 14:00:00,90262.0,90348.1,89930.1,90086.0,152.71142529,13765120.287583045,13765120.287583045,1,418.0,86.10000000000582,331.8999999999942,418.0,212.95714285714243
2025-12-13 15:00:00,90085.9,90293.1,90038.7,90100.7,74.60630179,6725709.608373839,6725709.608373839,1,254.40000000000873,207.10000000000582,47.30000000000291,254.40000000000873,213.44285714285692
2025-12-13 16:00:00,90100.6,90275.0,90032.5,90097.6,47.03441241,4239349.313035252,4239349.313035252,1,242.5,174.3000000000029,68.19999999999709,242.5,222.778571428571
2025-12-13 17:00:00,90097.6,90105.8,89990.0,90054.0,36.70012025,3304003.122741532,3304003.122741532,1,115.80000000000291,8.19999999999709,107.60000000000582,115.80000000000291,211.4857142857145
2025-12-13 18:00:00,90054.1,90190.6,90044.1,90123.9,21.37263691,1926583.75852249,1926583.75852249,1,146.5,136.60000000000582,9.89999999999418,146.5,211.27142857142877
2025-12-13 19:00:00,90124.0,90225.5,90108.7,90182.5,16.58305732,1495351.356629241,1495351.356629241,1,116.80000000000291,101.60000000000582,15.19999999999709,116.80000000000291,209.07857142857185
2025-12-13 20:00:00,90182.4,90215.9,90044.0,90092.6,64.72020751,5836225.620077551,5836225.620077551,1,171.89999999999418,33.39999999999418,138.5,171.89999999999418,212.85000000000062
2025-12-13 21:00:00,90092.6,90192.0,89764.8,90171.5,67.18613368,6043540.506136839,6043540.506136839,1,427.1999999999971,99.39999999999418,327.8000000000029,427.1999999999971,235.86428571428613
2025-12-13 22:00:00,90171.5,90252.4,90002.5,90137.0,37.07301635,3341869.940098472,3341869.940098472,1,249.89999999999418,80.89999999999418,169.0,249.89999999999418,234.99285714285776
2025-12-13 23:00:00,90137.0,90279.0,90067.0,90241.1,25.03486913,2258498.808299851,2258498.808299851,1,212.0,142.0,70.0,212.0,239.30714285714308
2025-12-14 00:00:00,90241.1,90475.0,90125.0,90339.1,107.15131775,9678115.616046229,9678115.616046229,1,350.0,233.89999999999418,116.10000000000582,350.0,248.36428571428613
2025-12-14 01:00:00,90339.1,90458.2,90212.5,90300.4,57.87306423,5228086.693414258,5228086.693414258,1,245.6999999999971,119.09999999999127,126.60000000000582,245.6999999999971,243.64285714285714
2025-12-14 02:00:00,90300.5,90394.0,90247.2,90293.0,36.08459461,3259247.2491152,3259247.2491152,1,146.8000000000029,93.60000000000582,53.19999999999709,146.8000000000029,240.45000000000022
2025-12-14 03:00:00,90293.1,90310.0,90247.2,90266.5,46.3393048,4183271.292433037,4183271.292433037,1,62.80000000000291,17.0,45.80000000000291,62.80000000000291,225.7357142857145
2025-12-14 04:00:00,90266.6,90346.3,90131.3,90205.0,54.69097451,4934947.287390021,4934947.287390021,1,215.0,79.80000000000291,135.1999999999971,215.0,211.2357142857145
2025-12-14 05:00:00,90205.0,90234.0,90051.0,90208.7,72.44141003,6530321.369876209,6530321.369876209,1,183.0,29.0,154.0,183.0,206.13571428571387
2025-12-14 06:00:00,90208.7,90249.7,90100.0,90151.1,29.74349959,2681907.606510695,2681907.606510695,1,149.6999999999971,41.0,108.69999999999709,149.6999999999971,199.50714285714224
2025-12-14 07:00:00,90151.1,90291.1,90085.2,90256.1,114.17679632,10301894.803587832,10301894.803587832,1,205.90000000000873,140.0,65.90000000000873,205.90000000000873,205.94285714285692
2025-12-14 08:00:00,90256.0,90307.6,90104.9,90114.9,205.22209862,18514264.553928792,18514264.553928792,1,202.70000000001164,51.5,151.20000000001164,202.70000000001164,209.95714285714348
2025-12-14 09:00:00,90115.0,90158.0,90007.0,90025.9,57.74668524,5201026.422919042,5201026.422919042,1,151.0,43.10000000000582,107.89999999999418,151.0,212.4000000000004
2025-12-14 10:00:00,90026.0,90133.3,89786.4,89857.0,356.79876067,32105372.509623506,32105372.509623506,1,346.90000000000873,107.40000000000873,239.5,346.90000000000873,224.90000000000146
2025-12-14 11:00:00,89857.1,89857.1,88632.9,89355.0,716.52021275,63954194.407106409,63954194.407106409,1,1224.2000000000116,0.10000000000582077,1224.1000000000058,1224.2000000000116,281.8285714285739
2025-12-14 12:00:00,89355.1,89662.6,89100.0,89418.5,142.95710451,12781971.11729148,12781971.11729148,1,562.6000000000058,307.6000000000058,255.0,562.6000000000058,304.16428571428906
2025-12-14 13:00:00,89417.1,89498.0,89083.9,89484.1,93.66485585,8360013.411800478,8360013.411800478,1,414.1000000000058,79.5,334.6000000000058,414.1000000000058,318.6000000000037
2025-12-14 14:00:00,89484.1,89559.4,88884.0,89112.1,169.43066117,15107379.798435572,15107379.798435572,1,675.3999999999942,75.29999999998836,600.1000000000058,675.3999999999942,341.84285714286045
2025-12-14 15:00:00,89112.1,89180.0,88880.0,89027.7,76.91047471,6846523.108176784,6846523.108176784,1,300.0,67.89999999999418,232.10000000000582,300.0,345.7214285714321
2025-12-14 16:00:00,89027.7,89397.9,88505.4,88832.9,191.920253,17061467.715589613,17061467.715589613,1,892.5,370.1999999999971,522.3000000000029,892.5,398.9857142857176
2025-12-14 17:00:00,88833.0,89029.2,88600.0,88804.9,135.47267914,12032329.846435835,12032329.846435835,1,429.1999999999971,196.3000000000029,232.89999999999418,429.1999999999971,425.15714285714574
2025-12-14 18:00:00,88805.0,89082.4,88720.2,89004.7,85.78959057,7626048.986024495,7626048.986024495,1,362.1999999999971,277.5,84.69999999999709,362.1999999999971,435.67142857143125
2025-12-14 19:00:00,89004.7,89004.7,88465.9,88644.0,104.8662025,9297334.104744129,9297334.104744129,1,538.8000000000029,0.0,538.8000000000029,538.8000000000029,461.0857142857172
2025-12-14 20:00:00,88644.1,88833.0,88350.0,88556.9,147.3055239,13051626.840066244,13051626.840066244,1,483.0,189.0,294.0,483.0,484.89285714286024
2025-12-10 17:00:00,92174.0,92512.9,92102.1,92384.3,207.68625127,19170970.652357702,19170970.652357702,1,410.79999999998836,,,410.79999999998836,410.79999999998836
2025-12-10 18:00:00,92384.4,93058.6,91980.0,92499.7,298.38256632,27616070.944104083,27616070.944104083,1,1078.6000000000058,674.3000000000029,404.3000000000029,1078.6000000000058,744.6999999999971
2025-12-10 19:00:00,92499.6,93283.2,91685.5,92959.6,972.23919566,90090268.073227589,90090268.073227589,1,1597.699999999997,783.5,814.1999999999971,1597.699999999997,1029.0333333333303
2025-12-10 20:00:00,92959.7,94495.2,92260.0,92453.3,804.77893571,75194775.672259686,75194775.672259686,1,2235.199999999997,1535.5999999999913,699.6000000000058,2235.199999999997,1330.574999999997
2025-12-10 21:00:00,92453.2,92772.6,91873.8,92351.4,241.87182423,22321154.565788121,22321154.565788121,1,898.8000000000029,319.3000000000029,579.5,898.8000000000029,1244.2199999999982
2025-12-10 22:00:00,92351.5,92695.4,91953.7,92514.9,167.87256569,15508749.722818461,15508749.722818461,1,741.6999999999971,344.0,397.6999999999971,741.6999999999971,1160.4666666666647
2025-12-10 23:00:00,92514.9,92592.9,91938.1,92013.7,173.18754256,15964940.66082367,15964940.66082367,1,654.7999999999884,78.0,576.7999999999884,654.7999999999884,1088.228571428568
2025-12-11 00:00:00,92013.6,92082.8,91048.1,91385.2,335.30472018,30694976.096124609,30694976.096124609,1,1034.699999999997,69.10000000000582,965.5999999999913,1034.699999999997,1081.5374999999967
2025-12-11 01:00:00,91385.3,91408.0,90653.4,90673.8,279.1833207,25392865.860305077,25392865.860305077,1,754.6000000000058,22.80000000000291,731.8000000000029,754.6000000000058,1045.211111111109
2025-12-11 02:00:00,90673.8,90673.8,89872.5,90070.3,512.38051515,46206933.823016915,46206933.823016915,1,801.3000000000029,0.0,801.3000000000029,801.3000000000029,1020.8199999999982
2025-12-11 03:00:00,90070.5,90083.5,89389.8,89881.1,397.6365867,35697833.048224359,35697833.048224359,1,693.6999999999971,13.19999999999709,680.5,693.6999999999971,991.0818181818163
2025-12-11 04:00:00,89881.0,90483.3,89688.0,90437.0,290.53147763,26164546.266505642,26164546.266505642,1,795.3000000000029,602.1999999999971,193.10000000000582,795.3000000000029,974.7666666666652
2025-12-11 05:00:00,90437.0,90437.0,90066.1,90303.8,199.17020937,17972015.207016023,17972015.207016023,1,370.8999999999942,0.0,370.8999999999942,370.8999999999942,928.3153846153829
2025-12-11 06:00:00,90303.8,90445.9,89954.9,90292.2,187.19643679,16889051.661337297,16889051.661337297,1,491.0,142.09999999999127,348.90000000000873,491.0,897.0785714285697
2025-12-11 07:00:00,90292.3,90329.2,90057.2,90271.0,271.86738121,24519779.769281561,24519779.769281561,1,272.0,37.0,235.0,272.0,887.1642857142849
2025-12-11 08:00:00,90270.9,90271.0,89964.9,90186.4,126.31077616,11381625.647527792,11381625.647527792,1,306.1000000000058,0.0,306.1000000000058,306.1000000000058,831.9857142857135
2025-12-11 09:00:00,90186.5,90523.3,90111.9,90233.0,800.5978254,72292353.878754779,72292353.878754779,1,411.40000000000873,336.90000000000873,74.5,411.40000000000873,747.25
2025-12-11 10:00:00,90233.3,90347.1,90170.0,90317.3,155.557461,14037011.886429888,14037011.886429888,1,177.10000000000582,114.10000000000582,63.0,177.10000000000582,600.2428571428578
2025-12-11 11:00:00,90317.4,90414.0,90204.1,90234.8,551.81074857,49834622.130277799,49834622.130277799,1,209.89999999999418,96.69999999999709,113.19999999999709,209.89999999999418,551.0357142857143
2025-12-11 12:00:00,90234.8,90381.3,90008.0,90029.0,148.4028197,13390022.619956618,13390022.619956618,1,373.3000000000029,146.5,226.8000000000029,373.3000000000029,524.721428571429
2025-12-11 13:00:00,90029.1,90170.0,89876.1,90101.0,150.53066277,13555048.64929751,13555048.64929751,1,293.8999999999942,141.0,152.89999999999418,293.8999999999942,498.942857142858
2025-12-11 14:00:00,90101.0,90484.2,89255.9,89548.1,500.5589693,45038872.432556601,45038872.432556601,1,1228.300000000003,383.1999999999971,845.1000000000058,1228.300000000003,512.7714285714299
2025-12-11 15:00:00,89548.1,90642.7,89408.0,89875.1,485.2247252,43702912.661672633,43702912.661672633,1,1234.699999999997,1094.5999999999913,140.10000000000582,1234.699999999997,547.0642857142864
2025-12-11 16:00:00,89875.0,90180.2,89333.3,89736.9,204.82634057,18369819.972935307,18369819.972935307,1,846.8999999999942,305.09999999999127,541.8000000000029,846.8999999999942,550.3214285714286
2025-12-11 17:00:00,89737.1,90255.1,89630.0,89979.4,161.71465129,14553734.661389972,14553734.661389972,1,625.1000000000058,518.2000000000116,106.89999999999418,625.1000000000058,545.4214285714291
2025-12-11 18:00:00,89971.6,91183.4,89891.1,90705.9,335.91158054,30446395.022196414,30446395.022196414,1,1292.2999999999884,1204.0,88.29999999998836,1292.2999999999884,580.9214285714281
2025-12-11 19:00:00,90705.7,91541.2,90583.1,90835.6,281.02742739,25605873.434216176,25605873.434216176,1,958.0999999999913,835.3000000000029,122.79999999998836,958.0999999999913,622.8642857142851
2025-12-11 20:00:00,90835.6,91829.2,90802.5,91781.4,186.21123828,17014826.359211654,17014826.359211654,1,1026.699999999997,993.5999999999913,33.10000000000582,1026.699999999997,661.1285714285706
2025-12-11 21:00:00,91789.2,93564.4,91703.3,92867.6,620.82572248,57645800.030164525,57645800.030164525,1,1861.0999999999913,1783.0,78.09999999999127,1861.0999999999913,774.6357142857129
2025-12-11 22:00:00,92867.7,93198.2,92097.6,92371.5,376.20738183,34826129.694224646,34826129.694224646,1,1100.5999999999913,330.59999999999127,770.0,1100.5999999999913,831.3857142857117
2025-12-11 23:00:00,92373.3,92804.5,92337.1,92522.3,399.27092309,36961470.86925368,36961470.86925368,1,467.3999999999942,433.0,34.39999999999418,467.3999999999942,835.3857142857107
2025-12-12 00:00:00,92522.2,92658.5,91280.4,91577.7,358.3292851,33005770.886541213,33005770.886541213,1,1378.1000000000058,136.1999999999971,1241.9000000000087,1378.1000000000058,921.171428571425
2025-12-12 01:00:00,91577.7,92317.0,91545.9,92171.8,210.07472527,19322611.47707797,19322611.47707797,1,771.1000000000058,739.3000000000029,31.80000000000291,771.1000000000058,961.2571428571401
2025-12-12 02:00:00,92171.9,92747.2,91929.1,92584.4,249.48219932,23067183.070103246,23067183.070103246,1,818.0999999999913,575.3999999999942,242.6999999999971,818.0999999999913,993.028571428568
2025-12-12 03:00:00,92584.5,92752.5,92175.0,92275.1,142.86960433,13196568.63684372,13196568.63684372,1,577.5,168.10000000000582,409.3999999999942,577.5,1013.2857142857112
2025-12-12 04:00:00,92274.9,92468.1,92123.0,92397.5,168.48839422,15545834.088353661,15545834.088353661,1,345.1000000000058,193.0,152.10000000000582,345.1000000000058,950.1999999999971
2025-12-12 05:00:00,92397.6,92502.3,92078.6,92443.2,134.01676677,12368300.369900802,12368300.369900802,1,423.6999999999971,104.80000000000291,318.8999999999942,423.6999999999971,892.2714285714256
2025-12-12 06:00:00,92443.2,92719.3,92403.1,92506.6,134.63047044,12466374.304033229,12466374.304033229,1,316.1999999999971,276.1000000000058,40.09999999999127,316.1999999999971,854.364285714283
2025-12-12 07:00:00,92506.7,92562.6,92250.3,92427.1,198.62147521,18363238.511646634,18363238.511646634,1,312.3000000000029,56.0,256.3000000000029,312.3000000000029,832.0214285714256
2025-12-12 08:00:00,92427.2,92479.1,92103.1,92347.4,159.40891768,14712170.015336549,14712170.015336549,1,376.0,52.0,324.0,376.0,766.5714285714265
2025-12-12 09:00:00,92346.9,92559.3,92088.5,92522.5,103.49380457,9554816.047931844,9554816.047931844,1,470.8000000000029,211.90000000000873,258.8999999999942,470.8000000000029,731.7642857142845
2025-12-12 10:00:00,92522.6,92635.6,92413.3,92493.0,183.00963292,16931789.121531478,16931789.121531478,1,222.3000000000029,113.10000000000582,109.19999999999709,222.3000000000029,674.307142857142
2025-12-12 11:00:00,92493.1,92493.1,92276.3,92411.9,62.00548005,5727795.329903857,5727795.329903857,1,216.8000000000029,0.10000000000582077,216.6999999999971,216.8000000000029,556.8571428571429
2025-12-12 12:00:00,92411.8,92425.1,92085.9,92425.1,165.86361655,15300734.520564509,15300734.520564509,1,339.20000000001164,13.200000000011642,326.0,339.20000000001164,502.47142857143
2025-12-12 13:00:00,92425.1,92515.6,92250.3,92311.9,129.70306513,11981370.903314232,11981370.903314232,1,265.3000000000029,90.5,174.8000000000029,265.3000000000029,488.0357142857164
2025-12-12 14:00:00,92311.9,92666.5,91902.5,92445.5,329.62106883,30444218.069092544,30444218.069092544,1,764.0,354.6000000000058,409.3999999999942,764.0,444.1714285714302
2025-12-12 15:00:00,92445.5,92445.5,89777.7,89941.4,1021.78373382,93036374.085344914,93036374.085344914,1,2667.800000000003,0.0,2667.800000000003,2667.800000000003,579.6500000000015
2025-12-12 16:00:00,89933.7,90439.5,89466.6,90040.1,539.75715832,48513696.953162542,48513696.953162542,1,972.8999999999942,498.1000000000058,474.79999999998836,972.8999999999942,590.7071428571445
2025-12-12 17:00:00,90040.2,90622.7,89822.6,90075.6,335.39684545,30256725.64032449,30256725.64032449,1,800.0999999999913,582.5999999999913,217.5,800.0999999999913,606.6071428571439
2025-12-12 18:00:00,90075.7,90659.9,90039.0,90366.0,350.93473832,31740116.294646766,31740116.294646766,1,620.8999999999942,584.2999999999884,36.60000000000582,620.8999999999942,626.307142857143
2025-12-12 19:00:00,90366.1,90398.9,90003.9,90197.1,179.75798504,16211958.551396132,16211958.551396132,1,395.0,32.89999999999418,362.1000000000058,395.0,624.2571428571433
2025-12-12 20:00:00,90197.1,90329.8,89888.8,90211.3,143.77395516,12959956.555020375,12959956.555020375,1,441.0,132.6999999999971,308.3000000000029,441.0,633.1714285714291
2025-12-12 21:00:00,90211.2,90347.6,90100.0,90192.0,100.17990399,9039494.043334048,9039494.043334048,1,247.60000000000582,136.3000000000029,111.30000000000291,247.60000000000582,628.5500000000009
2025-12-12 22:00:00,90186.0,90392.3,90184.7,90339.7,67.57906932,6102963.808878532,6102963.808878532,1,207.60000000000582,200.3000000000029,7.30000000000291,207.60000000000582,616.5214285714299
2025-12-12 23:00:00,90339.9,90387.0,90225.1,90268.1,43.02290384,3886376.254715724,3886376.254715724,1,161.89999999999418,47.30000000000291,114.59999999999127,161.89999999999418,594.4571428571435
2025-12-13 00:00:00,90268.1,90436.5,90206.9,90317.6,72.87979636,6583395.67486858,6583395.67486858,1,229.60000000000582,168.39999999999418,61.20000000001164,229.60000000000582,594.9785714285723
2025-12-13 01:00:00,90317.6,90360.0,90112.4,90224.9,53.88380277,4863702.025621173,4863702.025621173,1,247.60000000000582,42.39999999999418,205.20000000001164,247.60000000000582,597.1785714285725
2025-12-13 02:00:00,90225.0,90318.0,90206.2,90227.1,85.2432324,7693250.624685539,7693250.624685539,1,111.80000000000291,93.10000000000582,18.69999999999709,111.80000000000291,580.9357142857147
2025-12-13 03:00:00,90227.1,90469.9,90196.0,90341.9,135.46026992,12236562.817418255,12236562.817418255,1,273.8999999999942,242.79999999998836,31.10000000000582,273.8999999999942,581.5499999999998
2025-12-13 04:00:00,90341.9,90421.0,90271.5,90375.9,66.51295067,6009310.843948976,6009310.843948976,1,149.5,79.10000000000582,70.39999999999418,149.5,537.6571428571426
2025-12-13 05:00:00,90375.9,90394.0,90246.5,90340.4,162.18434809,14647563.439590031,14647563.439590031,1,147.5,18.10000000000582,129.39999999999418,147.5,357.63571428571385
2025-12-13 06:00:00,90340.5,90370.7,90251.6,90348.1,116.02051912,10478012.26595885,10478012.26595885,1,119.09999999999127,30.30000000000291,88.79999999998836,119.09999999999127,296.64999999999935
2025-12-13 07:00:00,90348.2,90416.9,90311.9,90330.0,559.66099937,50572556.425659322,50572556.425659322,1,105.0,68.79999999998836,36.20000000001164,105.0,247.0
2025-12-13 08:00:00,90330.1,90576.7,90314.6,90450.9,239.47088858,21661720.310185571,21661720.310185571,1,262.09999999999127,246.6999999999971,15.39999999999418,262.09999999999127,221.37142857142837
2025-12-13 09:00:00,90450.9,90513.5,90361.9,90415.0,142.43273878,12877980.376253072,12877980.376253072,1,151.60000000000582,62.60000000000582,89.0,151.60000000000582,203.9857142857145
2025-12-13 10:00:00,90415.1,90638.2,90415.1,90592.9,183.38279702,16595402.929461443,16595402.929461443,1,223.09999999999127,223.1999999999971,0.10000000000582077,223.1999999999971,188.42857142857142
2025-12-13 11:00:00,90592.9,90611.8,90300.0,90341.7,106.74044916,9656012.031319075,9656012.031319075,1,311.8000000000029,18.90000000000873,292.8999999999942,311.8000000000029,193.0142857142855
2025-12-13 12:00:00,90341.7,90486.0,90294.5,90355.1,54.66533858,4940466.232547556,4940466.232547556,1,191.5,144.3000000000029,47.19999999999709,191.5,191.8642857142851
2025-12-13 13:00:00,90355.1,90468.8,90200.0,90262.0,297.84272778,26904469.798221174,26904469.798221174,1,268.8000000000029,113.69999999999709,155.10000000000582,268.8000000000029,199.5
2025-12-13 14:00:00,90262.0,90348.1,89930.1,90086.0,152.71142529,13765120.287583045,13765120.287583045,1,418.0,86.10000000000582,331.8999999999942,418.0,212.95714285714243
2025-12-13 15:00:00,90085.9,90293.1,90038.7,90100.7,74.60630179,6725709.608373839,6725709.608373839,1,254.40000000000873,207.10000000000582,47.30000000000291,254.40000000000873,213.44285714285692
2025-12-13 16:00:00,90100.6,90275.0,90032.5,90097.6,47.03441241,4239349.313035252,4239349.313035252,1,242.5,174.3000000000029,68.19999999999709,242.5,222.778571428571
2025-12-13 17:00:00,90097.6,90105.8,89990.0,90054.0,36.70012025,3304003.122741532,3304003.122741532,1,115.80000000000291,8.19999999999709,107.60000000000582,115.80000000000291,211.4857142857145
2025-12-13 18:00:00,90054.1,90190.6,90044.1,90123.9,21.37263691,1926583.75852249,1926583.75852249,1,146.5,136.60000000000582,9.89999999999418,146.5,211.27142857142877
2025-12-13 19:00:00,90124.0,90225.5,90108.7,90182.5,16.58305732,1495351.356629241,1495351.356629241,1,116.80000000000291,101.60000000000582,15.19999999999709,116.80000000000291,209.07857142857185
2025-12-13 20:00:00,90182.4,90215.9,90044.0,90092.6,64.72020751,5836225.620077551,5836225.620077551,1,171.89999999999418,33.39999999999418,138.5,171.89999999999418,212.85000000000062
2025-12-13 21:00:00,90092.6,90192.0,89764.8,90171.5,67.18613368,6043540.506136839,6043540.506136839,1,427.1999999999971,99.39999999999418,327.8000000000029,427.1999999999971,235.86428571428613
2025-12-13 22:00:00,90171.5,90252.4,90002.5,90137.0,37.07301635,3341869.940098472,3341869.940098472,1,249.89999999999418,80.89999999999418,169.0,249.89999999999418,234.99285714285776
2025-12-13 23:00:00,90137.0,90279.0,90067.0,90241.1,25.03486913,2258498.808299851,2258498.808299851,1,212.0,142.0,70.0,212.0,239.30714285714308
2025-12-14 00:00:00,90241.1,90475.0,90125.0,90339.1,107.15131775,9678115.616046229,9678115.616046229,1,350.0,233.89999999999418,116.10000000000582,350.0,248.36428571428613
2025-12-14 01:00:00,90339.1,90458.2,90212.5,90300.4,57.87306423,5228086.693414258,5228086.693414258,1,245.6999999999971,119.09999999999127,126.60000000000582,245.6999999999971,243.64285714285714
2025-12-14 02:00:00,90300.5,90394.0,90247.2,90293.0,36.08459461,3259247.2491152,3259247.2491152,1,146.8000000000029,93.60000000000582,53.19999999999709,146.8000000000029,240.45000000000022
2025-12-14 03:00:00,90293.1,90310.0,90247.2,90266.5,46.3393048,4183271.292433037,4183271.292433037,1,62.80000000000291,17.0,45.80000000000291,62.80000000000291,225.7357142857145
2025-12-14 04:00:00,90266.6,90346.3,90131.3,90205.0,54.69097451,4934947.287390021,4934947.287390021,1,215.0,79.80000000000291,135.1999999999971,215.0,211.2357142857145
2025-12-14 05:00:00,90205.0,90234.0,90051.0,90208.7,72.44141003,6530321.369876209,6530321.369876209,1,183.0,29.0,154.0,183.0,206.13571428571387
2025-12-14 06:00:00,90208.7,90249.7,90100.0,90151.1,29.74349959,2681907.606510695,2681907.606510695,1,149.6999999999971,41.0,108.69999999999709,149.6999999999971,199.50714285714224
2025-12-14 07:00:00,90151.1,90291.1,90085.2,90256.1,114.17679632,10301894.803587832,10301894.803587832,1,205.90000000000873,140.0,65.90000000000873,205.90000000000873,205.94285714285692
2025-12-14 08:00:00,90256.0,90307.6,90104.9,90114.9,205.22209862,18514264.553928792,18514264.553928792,1,202.70000000001164,51.5,151.20000000001164,202.70000000001164,209.95714285714348
2025-12-14 09:00:00,90115.0,90158.0,90007.0,90025.9,57.74668524,5201026.422919042,5201026.422919042,1,151.0,43.10000000000582,107.89999999999418,151.0,212.4000000000004
2025-12-14 10:00:00,90026.0,90133.3,89786.4,89857.0,356.79876067,32105372.509623506,32105372.509623506,1,346.90000000000873,107.40000000000873,239.5,346.90000000000873,224.90000000000146
2025-12-14 11:00:00,89857.1,89857.1,88632.9,89355.0,716.52021275,63954194.407106409,63954194.407106409,1,1224.2000000000116,0.10000000000582077,1224.1000000000058,1224.2000000000116,281.8285714285739
2025-12-14 12:00:00,89355.1,89662.6,89100.0,89418.5,142.95710451,12781971.11729148,12781971.11729148,1,562.6000000000058,307.6000000000058,255.0,562.6000000000058,304.16428571428906
2025-12-14 13:00:00,89417.1,89498.0,89083.9,89484.1,93.66485585,8360013.411800478,8360013.411800478,1,414.1000000000058,79.5,334.6000000000058,414.1000000000058,318.6000000000037
2025-12-14 14:00:00,89484.1,89559.4,88884.0,89112.1,169.43066117,15107379.798435572,15107379.798435572,1,675.3999999999942,75.29999999998836,600.1000000000058,675.3999999999942,341.84285714286045
2025-12-14 15:00:00,89112.1,89180.0,88880.0,89027.7,76.91047471,6846523.108176784,6846523.108176784,1,300.0,67.89999999999418,232.10000000000582,300.0,345.7214285714321
2025-12-14 16:00:00,89027.7,89397.9,88505.4,88832.9,191.920253,17061467.715589613,17061467.715589613,1,892.5,370.1999999999971,522.3000000000029,892.5,398.9857142857176
2025-12-14 17:00:00,88833.0,89029.2,88600.0,88804.9,135.47267914,12032329.846435835,12032329.846435835,1,429.1999999999971,196.3000000000029,232.89999999999418,429.1999999999971,425.15714285714574
2025-12-14 18:00:00,88805.0,89082.4,88720.2,89004.7,85.78959057,7626048.986024495,7626048.986024495,1,362.1999999999971,277.5,84.69999999999709,362.1999999999971,435.67142857143125
2025-12-14 19:00:00,89004.7,89004.7,88465.9,88644.0,104.8662025,9297334.104744129,9297334.104744129,1,538.8000000000029,0.0,538.8000000000029,538.8000000000029,461.0857142857172
2025-12-14 20:00:00,88644.1,88833.0,88350.0,88556.9,147.3055239,13051626.840066244,13051626.840066244,1,483.0,189.0,294.0,483.0,484.89285714286024
2025-12-10 18:00:00,92384.4,93058.6,91980.0,92499.7,298.38256632,27616070.944104083,27616070.944104083,1,1078.6000000000058,,,1078.6000000000058,1078.6000000000058
2025-12-10 19:00:00,92499.6,93283.2,91685.5,92959.6,972.23919566,90090268.073227589,90090268.073227589,1,1597.699999999997,783.5,814.1999999999971,1597.699999999997,1338.1500000000015
2025-12-10 20:00:00,92959.7,94495.2,92260.0,92453.3,804.77893571,75194775.672259686,75194775.672259686,1,2235.199999999997,1535.5999999999913,699.6000000000058,2235.199999999997,1637.1666666666667
2025-12-10 21:00:00,92453.2,92772.6,91873.8,92351.4,241.87182423,22321154.565788121,22321154.565788121,1,898.8000000000029,319.3000000000029,579.5,898.8000000000029,1452.5750000000007
2025-12-10 22:00:00,92351.5,92695.4,91953.7,92514.9,167.87256569,15508749.722818461,15508749.722818461,1,741.6999999999971,344.0,397.6999999999971,741.6999999999971,1310.4
2025-12-10 23:00:00,92514.9,92592.9,91938.1,92013.7,173.18754256,15964940.66082367,15964940.66082367,1,654.7999999999884,78.0,576.7999999999884,654.7999999999884,1201.1333333333314
2025-12-11 00:00:00,92013.6,92082.8,91048.1,91385.2,335.30472018,30694976.096124609,30694976.096124609,1,1034.699999999997,69.10000000000582,965.5999999999913,1034.699999999997,1177.3571428571408
2025-12-11 01:00:00,91385.3,91408.0,90653.4,90673.8,279.1833207,25392865.860305077,25392865.860305077,1,754.6000000000058,22.80000000000291,731.8000000000029,754.6000000000058,1124.512499999999
2025-12-11 02:00:00,90673.8,90673.8,89872.5,90070.3,512.38051515,46206933.823016915,46206933.823016915,1,801.3000000000029,0.0,801.3000000000029,801.3000000000029,1088.5999999999995
2025-12-11 03:00:00,90070.5,90083.5,89389.8,89881.1,397.6365867,35697833.048224359,35697833.048224359,1,693.6999999999971,13.19999999999709,680.5,693.6999999999971,1049.1099999999992
2025-12-11 04:00:00,89881.0,90483.3,89688.0,90437.0,290.53147763,26164546.266505642,26164546.266505642,1,795.3000000000029,602.1999999999971,193.10000000000582,795.3000000000029,1026.0363636363631
2025-12-11 05:00:00,90437.0,90437.0,90066.1,90303.8,199.17020937,17972015.207016023,17972015.207016023,1,370.8999999999942,0.0,370.8999999999942,370.8999999999942,971.4416666666657
2025-12-11 06:00:00,90303.8,90445.9,89954.9,90292.2,187.19643679,16889051.661337297,16889051.661337297,1,491.0,142.09999999999127,348.90000000000873,491.0,934.4846153846145
2025-12-11 07:00:00,90292.3,90329.2,90057.2,90271.0,271.86738121,24519779.769281561,24519779.769281561,1,272.0,37.0,235.0,272.0,887.1642857142849
2025-12-11 08:00:00,90270.9,90271.0,89964.9,90186.4,126.31077616,11381625.647527792,11381625.647527792,1,306.1000000000058,0.0,306.1000000000058,306.1000000000058,831.9857142857135
2025-12-11 09:00:00,90186.5,90523.3,90111.9,90233.0,800.5978254,72292353.878754779,72292353.878754779,1,411.40000000000873,336.90000000000873,74.5,411.40000000000873,747.25
2025-12-11 10:00:00,90233.3,90347.1,90170.0,90317.3,155.557461,14037011.886429888,14037011.886429888,1,177.10000000000582,114.10000000000582,63.0,177.10000000000582,600.2428571428578
2025-12-11 11:00:00,90317.4,90414.0,90204.1,90234.8,551.81074857,49834622.130277799,49834622.130277799,1,209.89999999999418,96.69999999999709,113.19999999999709,209.89999999999418,551.0357142857143
2025-12-11 12:00:00,90234.8,90381.3,90008.0,90029.0,148.4028197,13390022.619956618,13390022.619956618,1,373.3000000000029,146.5,226.8000000000029,373.3000000000029,524.721428571429
2025-12-11 13:00:00,90029.1,90170.0,89876.1,90101.0,150.53066277,13555048.64929751,13555048.64929751,1,293.8999999999942,141.0,152.89999999999418,293.8999999999942,498.942857142858
2025-12-11 14:00:00,90101.0,90484.2,89255.9,89548.1,500.5589693,45038872.432556601,45038872.432556601,1,1228.300000000003,383.1999999999971,845.1000000000058,1228.300000000003,512.7714285714299
2025-12-11 15:00:00,89548.1,90642.7,89408.0,89875.1,485.2247252,43702912.661672633,43702912.661672633,1,1234.699999999997,1094.5999999999913,140.10000000000582,1234.699999999997,547.0642857142864
2025-12-11 16:00:00,89875.0,90180.2,89333.3,89736.9,204.82634057,18369819.972935307,18369819.972935307,1,846.8999999999942,305.09999999999127,541.8000000000029,846.8999999999942,550.3214285714286
2025-12-11 17:00:00,89737.1,90255.1,89630.0,89979.4,161.71465129,14553734.661389972,14553734.661389972,1,625.1000000000058,518.2000000000116,106.89999999999418,625.1000000000058,545.4214285714291
2025-12-11 18:00:00,89971.6,91183.4,89891.1,90705.9,335.91158054,30446395.022196414,30446395.022196414,1,1292.2999999999884,1204.0,88.29999999998836,1292.2999999999884,580.9214285714281
2025-12-11 19:00:00,90705.7,91541.2,90583.1,90835.6,281.02742739,25605873.434216176,25605873.434216176,1,958.0999999999913,835.3000000000029,122.79999999998836,958.0999999999913,622.8642857142851
2025-12-11 20:00:00,90835.6,91829.2,90802.5,91781.4,186.21123828,17014826.359211654,17014826.359211654,1,1026.699999999997,993.5999999999913,33.10000000000582,1026.699999999997,661.1285714285706
2025-12-11 21:00:00,91789.2,93564.4,91703.3,92867.6,620.82572248,57645800.030164525,57645800.030164525,1,1861.0999999999913,1783.0,78.09999999999127,1861.0999999999913,774.6357142857129
2025-12-11 22:00:00,92867.7,93198.2,92097.6,92371.5,376.20738183,34826129.694224646,34826129.694224646,1,1100.5999999999913,330.59999999999127,770.0,1100.5999999999913,831.3857142857117
2025-12-11 23:00:00,92373.3,92804.5,92337.1,92522.3,399.27092309,36961470.86925368,36961470.86925368,1,467.3999999999942,433.0,34.39999999999418,467.3999999999942,835.3857142857107
2025-12-12 00:00:00,92522.2,92658.5,91280.4,91577.7,358.3292851,33005770.886541213,33005770.886541213,1,1378.1000000000058,136.1999999999971,1241.9000000000087,1378.1000000000058,921.171428571425
2025-12-12 01:00:00,91577.7,92317.0,91545.9,92171.8,210.07472527,19322611.47707797,19322611.47707797,1,771.1000000000058,739.3000000000029,31.80000000000291,771.1000000000058,961.2571428571401
2025-12-12 02:00:00,92171.9,92747.2,91929.1,92584.4,249.48219932,23067183.070103246,23067183.070103246,1,818.0999999999913,575.3999999999942,242.6999999999971,818.0999999999913,993.028571428568
2025-12-12 03:00:00,92584.5,92752.5,92175.0,92275.1,142.86960433,13196568.63684372,13196568.63684372,1,577.5,168.10000000000582,409.3999999999942,577.5,1013.2857142857112
2025-12-12 04:00:00,92274.9,92468.1,92123.0,92397.5,168.48839422,15545834.088353661,15545834.088353661,1,345.1000000000058,193.0,152.10000000000582,345.1000000000058,950.1999999999971
2025-12-12 05:00:00,92397.6,92502.3,92078.6,92443.2,134.01676677,12368300.369900802,12368300.369900802,1,423.6999999999971,104.80000000000291,318.8999999999942,423.6999999999971,892.2714285714256
2025-12-12 06:00:00,92443.2,92719.3,92403.1,92506.6,134.63047044,12466374.304033229,12466374.304033229,1,316.1999999999971,276.1000000000058,40.09999999999127,316.1999999999971,854.364285714283
2025-12-12 07:00:00,92506.7,92562.6,92250.3,92427.1,198.62147521,18363238.511646634,18363238.511646634,1,312.3000000000029,56.0,256.3000000000029,312.3000000000029,832.0214285714256
2025-12-12 08:00:00,92427.2,92479.1,92103.1,92347.4,159.40891768,14712170.015336549,14712170.015336549,1,376.0,52.0,324.0,376.0,766.5714285714265
2025-12-12 09:00:00,92346.9,92559.3,92088.5,92522.5,103.49380457,9554816.047931844,9554816.047931844,1,470.8000000000029,211.90000000000873,258.8999999999942,470.8000000000029,731.7642857142845
2025-12-12 10:00:00,92522.6,92635.6,92413.3,92493.0,183.00963292,16931789.121531478,16931789.121531478,1,222.3000000000029,113.10000000000582,109.19999999999709,222.3000000000029,674.307142857142
2025-12-12 11:00:00,92493.1,92493.1,92276.3,92411.9,62.00548005,5727795.329903857,5727795.329903857,1,216.8000000000029,0.10000000000582077,216.6999999999971,216.8000000000029,556.8571428571429
2025-12-12 12:00:00,92411.8,92425.1,92085.9,92425.1,165.86361655,15300734.520564509,15300734.520564509,1,339.20000000001164,13.200000000011642,326.0,339.20000000001164,502.47142857143
2025-12-12 13:00:00,92425.1,92515.6,92250.3,92311.9,129.70306513,11981370.903314232,11981370.903314232,1,265.3000000000029,90.5,174.8000000000029,265.3000000000029,488.0357142857164
2025-12-12 14:00:00,92311.9,92666.5,91902.5,92445.5,329.62106883,30444218.069092544,30444218.069092544,1,764.0,354.6000000000058,409.3999999999942,764.0,444.1714285714302
2025-12-12 15:00:00,92445.5,92445.5,89777.7,89941.4,1021.78373382,93036374.085344914,93036374.085344914,1,2667.800000000003,0.0,2667.800000000003,2667.800000000003,579.6500000000015
2025-12-12 16:00:00,89933.7,90439.5,89466.6,90040.1,539.75715832,48513696.953162542,48513696.953162542,1,972.8999999999942,498.1000000000058,474.79999999998836,972.8999999999942,590.7071428571445
2025-12-12 17:00:00,90040.2,90622.7,89822.6,90075.6,335.39684545,30256725.64032449,30256725.64032449,1,800.0999999999913,582.5999999999913,217.5,800.0999999999913,606.6071428571439
2025-12-12 18:00:00,90075.7,90659.9,90039.0,90366.0,350.93473832,31740116.294646766,31740116.294646766,1,620.8999999999942,584.2999999999884,36.60000000000582,620.8999999999942,626.307142857143
2025-12-12 19:00:00,90366.1,90398.9,90003.9,90197.1,179.75798504,16211958.551396132,16211958.551396132,1,395.0,32.89999999999418,362.1000000000058,395.0,624.2571428571433
2025-12-12 20:00:00,90197.1,90329.8,89888.8,90211.3,143.77395516,12959956.555020375,12959956.555020375,1,441.0,132.6999999999971,308.3000000000029,441.0,633.1714285714291
2025-12-12 21:00:00,90211.2,90347.6,90100.0,90192.0,100.17990399,9039494.043334048,9039494.043334048,1,247.60000000000582,136.3000000000029,111.30000000000291,247.60000000000582,628.5500000000009
2025-12-12 22:00:00,90186.0,90392.3,90184.7,90339.7,67.57906932,6102963.808878532,6102963.808878532,1,207.60000000000582,200.3000000000029,7.30000000000291,207.60000000000582,616.5214285714299
2025-12-12 23:00:00,90339.9,90387.0,90225.1,90268.1,43.02290384,3886376.254715724,3886376.254715724,1,161.89999999999418,47.30000000000291,114.59999999999127,161.89999999999418,594.4571428571435
2025-12-13 00:00:00,90268.1,90436.5,90206.9,90317.6,72.87979636,6583395.67486858,6583395.67486858,1,229.60000000000582,168.39999999999418,61.20000000001164,229.60000000000582,594.9785714285723
2025-12-13 01:00:00,90317.6,90360.0,90112.4,90224.9,53.88380277,4863702.025621173,4863702.025621173,1,247.60000000000582,42.39999999999418,205.20000000001164,247.60000000000582,597.1785714285725
2025-12-13 02:00:00,90225.0,90318.0,90206.2,90227.1,85.2432324,7693250.624685539,7693250.624685539,1,111.80000000000291,93.10000000000582,18.69999999999709,111.80000000000291,580.9357142857147
2025-12-13 03:00:00,90227.1,90469.9,90196.0,90341.9,135.46026992,12236562.817418255,12236562.817418255,1,273.8999999999942,242.79999999998836,31.10000000000582,273.8999999999942,581.5499999999998
2025-12-13 04:00:00,90341.9,90421.0,90271.5,90375.9,66.51295067,6009310.843948976,6009310.843948976,1,149.5,79.10000000000582,70.39999999999418,149.5,537.6571428571426
2025-12-13 05:00:00,90375.9,90394.0,90246.5,90340.4,162.18434809,14647563.439590031,14647563.439590031,1,147.5,18.10000000000582,129.39999999999418,147.5,357.63571428571385
2025-12-13 06:00:00,90340.5,90370.7,90251.6,90348.1,116.02051912,10478012.26595885,10478012.26595885,1,119.09999999999127,30.30000000000291,88.79999999998836,119.09999999999127,296.64999999999935
2025-12-13 07:00:00,90348.2,90416.9,90311.9,90330.0,559.66099937,50572556.425659322,50572556.425659322,1,105.0,68.79999999998836,36.20000000001164,105.0,247.0
2025-12-13 08:00:00,90330.1,90576.7,90314.6,90450.9,239.47088858,21661720.310185571,21661720.310185571,1,262.09999999999127,246.6999999999971,15.39999999999418,262.09999999999127,221.37142857142837
2025-12-13 09:00:00,90450.9,90513.5,90361.9,90415.0,142.43273878,12877980.376253072,12877980.376253072,1,151.60000000000582,62.60000000000582,89.0,151.60000000000582,203.9857142857145
2025-12-13 10:00:00,90415.1,90638.2,90415.1,90592.9,183.38279702,16595402.929461443,16595402.929461443,1,223.09999999999127,223.1999999999971,0.10000000000582077,223.1999999999971,188.42857142857142
2025-12-13 11:00:00,90592.9,90611.8,90300.0,90341.7,106.74044916,9656012.031319075,9656012.031319075,1,311.8000000000029,18.90000000000873,292.8999999999942,311.8000000000029,193.0142857142855
2025-12-13 12:00:00,90341.7,90486.0,90294.5,90355.1,54.66533858,4940466.232547556,4940466.232547556,1,191.5,144.3000000000029,47.19999999999709,191.5,191.8642857142851
2025-12-13 13:00:00,90355.1,90468.8,90200.0,90262.0,297.84272778,26904469.798221174,26904469.798221174,1,268.8000000000029,113.69999999999709,155.10000000000582,268.8000000000029,199.5
2025-12-13 14:00:00,90262.0,90348.1,89930.1,90086.0,152.71142529,13765120.287583045,13765120.287583045,1,418.0,86.10000000000582,331.8999999999942,418.0,212.95714285714243
2025-12-13 15:00:00,90085.9,90293.1,90038.7,90100.7,74.60630179,6725709.608373839,6725709.608373839,1,254.40000000000873,207.10000000000582,47.30000000000291,254.40000000000873,213.44285714285692
2025-12-13 16:00:00,90100.6,90275.0,90032.5,90097.6,47.03441241,4239349.313035252,4239349.313035252,1,242.5,174.3000000000029,68.19999999999709,242.5,222.778571428571
2025-12-13 17:00:00,90097.6,90105.8,89990.0,90054.0,36.70012025,3304003.122741532,3304003.122741532,1,115.80000000000291,8.19999999999709,107.60000000000582,115.80000000000291,211.4857142857145
2025-12-13 18:00:00,90054.1,90190.6,90044.1,90123.9,21.37263691,1926583.75852249,1926583.75852249,1,146.5,136.60000000000582,9.89999999999418,146.5,211.27142857142877
2025-12-13 19:00:00,90124.0,90225.5,90108.7,90182.5,16.58305732,1495351.356629241,1495351.356629241,1,116.80000000000291,101.60000000000582,15.19999999999709,116.80000000000291,209.07857142857185
2025-12-13 20:00:00,90182.4,90215.9,90044.0,90092.6,64.72020751,5836225.620077551,5836225.620077551,1,171.89999999999418,33.39999999999418,138.5,171.89999999999418,212.85000000000062
2025-12-13 21:00:00,90092.6,90192.0,89764.8,90171.5,67.18613368,6043540.506136839,6043540.506136839,1,427.1999999999971,99.39999999999418,327.8000000000029,427.1999999999971,235.86428571428613
2025-12-13 22:00:00,90171.5,90252.4,90002.5,90137.0,37.07301635,3341869.940098472,3341869.940098472,1,249.89999999999418,80.89999999999418,169.0,249.89999999999418,234.99285714285776
2025-12-13 23:00:00,90137.0,90279.0,90067.0,90241.1,25.03486913,2258498.808299851,2258498.808299851,1,212.0,142.0,70.0,212.0,239.30714285714308
2025-12-14 00:00:00,90241.1,90475.0,90125.0,90339.1,107.15131775,9678115.616046229,9678115.616046229,1,350.0,233.89999999999418,116.10000000000582,350.0,248.36428571428613
2025-12-14 01:00:00,90339.1,90458.2,90212.5,90300.4,57.87306423,5228086.693414258,5228086.693414258,1,245.6999999999971,119.09999999999127,126.60000000000582,245.6999999999971,243.64285714285714
2025-12-14 02:00:00,90300.5,90394.0,90247.2,90293.0,36.08459461,3259247.2491152,3259247.2491152,1,146.8000000000029,93.60000000000582,53.19999999999709,146.8000000000029,240.45000000000022
2025-12-14 03:00:00,90293.1,90310.0,90247.2,90266.5,46.3393048,4183271.292433037,4183271.292433037,1,62.80000000000291,17.0,45.80000000000291,62.80000000000291,225.7357142857145
2025-12-14 04:00:00,90266.6,90346.3,90131.3,90205.0,54.69097451,4934947.287390021,4934947.287390021,1,215.0,79.80000000000291,135.1999999999971,215.0,211.2357142857145
2025-12-14 05:00:00,90205.0,90234.0,90051.0,90208.7,72.44141003,6530321.369876209,6530321.369876209,1,183.0,29.0,154.0,183.0,206.13571428571387
2025-12-14 06:00:00,90208.7,90249.7,90100.0,90151.1,29.74349959,2681907.606510695,2681907.606510695,1,149.6999999999971,41.0,108.69999999999709,149.6999999999971,199.50714285714224
2025-12-14 07:00:00,90151.1,90291.1,90085.2,90256.1,114.17679632,10301894.803587832,10301894.803587832,1,205.90000000000873,140.0,65.90000000000873,205.90000000000873,205.94285714285692
2025-12-14 08:00:00,90256.0,90307.6,90104.9,90114.9,205.22209862,18514264.553928792,18514264.553928792,1,202.70000000001164,51.5,151.20000000001164,202.70000000001164,209.95714285714348
2025-12-14 09:00:00,90115.0,90158.0,90007.0,90025.9,57.74668524,5201026.422919042,5201026.422919042,1,151.0,43.10000000000582,107.89999999999418,151.0,212.4000000000004
2025-12-14 10:00:00,90026.0,90133.3,89786.4,89857.0,356.79876067,32105372.509623506,32105372.509623506,1,346.90000000000873,107.40000000000873,239.5,346.90000000000873,224.90000000000146
2025-12-14 11:00:00,89857.1,89857.1,88632.9,89355.0,716.52021275,63954194.407106409,63954194.407106409,1,1224.2000000000116,0.10000000000582077,1224.1000000000058,1224.2000000000116,281.8285714285739
2025-12-14 12:00:00,89355.1,89662.6,89100.0,89418.5,142.95710451,12781971.11729148,12781971.11729148,1,562.6000000000058,307.6000000000058,255.0,562.6000000000058,304.16428571428906
2025-12-14 13:00:00,89417.1,89498.0,89083.9,89484.1,93.66485585,8360013.411800478,8360013.411800478,1,414.1000000000058,79.5,334.6000000000058,414.1000000000058,318.6000000000037
2025-12-14 14:00:00,89484.1,89559.4,88884.0,89112.1,169.43066117,15107379.798435572,15107379.798435572,1,675.3999999999942,75.29999999998836,600.1000000000058,675.3999999999942,341.84285714286045
2025-12-14 15:00:00,89112.1,89180.0,88880.0,89027.7,76.91047471,6846523.108176784,6846523.108176784,1,300.0,67.89999999999418,232.10000000000582,300.0,345.7214285714321
2025-12-14 16:00:00,89027.7,89397.9,88505.4,88832.9,191.920253,17061467.715589613,17061467.715589613,1,892.5,370.1999999999971,522.3000000000029,892.5,398.9857142857176
2025-12-14 17:00:00,88833.0,89029.2,88600.0,88804.9,135.47267914,12032329.846435835,12032329.846435835,1,429.1999999999971,196.3000000000029,232.89999999999418,429.1999999999971,425.15714285714574
2025-12-14 18:00:00,88805.0,89082.4,88720.2,89004.7,85.78959057,7626048.986024495,7626048.986024495,1,362.1999999999971,277.5,84.69999999999709,362.1999999999971,435.67142857143125
2025-12-14 19:00:00,89004.7,89004.7,88465.9,88644.0,104.8662025,9297334.104744129,9297334.104744129,1,538.8000000000029,0.0,538.8000000000029,538.8000000000029,461.0857142857172
2025-12-14 20:00:00,88644.1,88833.0,88350.0,88556.9,147.3055239,13051626.840066244,13051626.840066244,1,483.0,189.0,294.0,483.0,484.89285714286024
2025-12-14 21:00:00,88557.0,88711.6,88342.4,88444.0,66.05346172,5847611.748482705,5847611.748482705,1,369.20000000001164,154.70000000001164,214.5,369.20000000001164,496.5571428571462
2025-12-10 18:00:00,92384.4,93058.6,91980.0,92499.7,298.38256632,27616070.944104083,27616070.944104083,1,1078.6000000000058,,,1078.6000000000058,1078.6000000000058
2025-12-10 19:00:00,92499.6,93283.2,91685.5,92959.6,972.23919566,90090268.073227589,90090268.073227589,1,1597.699999999997,783.5,814.1999999999971,1597.699999999997,1338.1500000000015
2025-12-10 20:00:00,92959.7,94495.2,92260.0,92453.3,804.77893571,75194775.672259686,75194775.672259686,1,2235.199999999997,1535.5999999999913,699.6000000000058,2235.199999999997,1637.1666666666667
2025-12-10 21:00:00,92453.2,92772.6,91873.8,92351.4,241.87182423,22321154.565788121,22321154.565788121,1,898.8000000000029,319.3000000000029,579.5,898.8000000000029,1452.5750000000007
2025-12-10 22:00:00,92351.5,92695.4,91953.7,92514.9,167.87256569,15508749.722818461,15508749.722818461,1,741.6999999999971,344.0,397.6999999999971,741.6999999999971,1310.4
2025-12-10 23:00:00,92514.9,92592.9,91938.1,92013.7,173.18754256,15964940.66082367,15964940.66082367,1,654.7999999999884,78.0,576.7999999999884,654.7999999999884,1201.1333333333314
2025-12-11 00:00:00,92013.6,92082.8,91048.1,91385.2,335.30472018,30694976.096124609,30694976.096124609,1,1034.699999999997,69.10000000000582,965.5999999999913,1034.699999999997,1177.3571428571408
2025-12-11 01:00:00,91385.3,91408.0,90653.4,90673.8,279.1833207,25392865.860305077,25392865.860305077,1,754.6000000000058,22.80000000000291,731.8000000000029,754.6000000000058,1124.512499999999
2025-12-11 02:00:00,90673.8,90673.8,89872.5,90070.3,512.38051515,46206933.823016915,46206933.823016915,1,801.3000000000029,0.0,801.3000000000029,801.3000000000029,1088.5999999999995
2025-12-11 03:00:00,90070.5,90083.5,89389.8,89881.1,397.6365867,35697833.048224359,35697833.048224359,1,693.6999999999971,13.19999999999709,680.5,693.6999999999971,1049.1099999999992
2025-12-11 04:00:00,89881.0,90483.3,89688.0,90437.0,290.53147763,26164546.266505642,26164546.266505642,1,795.3000000000029,602.1999999999971,193.10000000000582,795.3000000000029,1026.0363636363631
2025-12-11 05:00:00,90437.0,90437.0,90066.1,90303.8,199.17020937,17972015.207016023,17972015.207016023,1,370.8999999999942,0.0,370.8999999999942,370.8999999999942,971.4416666666657
2025-12-11 06:00:00,90303.8,90445.9,89954.9,90292.2,187.19643679,16889051.661337297,16889051.661337297,1,491.0,142.09999999999127,348.90000000000873,491.0,934.4846153846145
2025-12-11 07:00:00,90292.3,90329.2,90057.2,90271.0,271.86738121,24519779.769281561,24519779.769281561,1,272.0,37.0,235.0,272.0,887.1642857142849
2025-12-11 08:00:00,90270.9,90271.0,89964.9,90186.4,126.31077616,11381625.647527792,11381625.647527792,1,306.1000000000058,0.0,306.1000000000058,306.1000000000058,831.9857142857135
2025-12-11 09:00:00,90186.5,90523.3,90111.9,90233.0,800.5978254,72292353.878754779,72292353.878754779,1,411.40000000000873,336.90000000000873,74.5,411.40000000000873,747.25
2025-12-11 10:00:00,90233.3,90347.1,90170.0,90317.3,155.557461,14037011.886429888,14037011.886429888,1,177.10000000000582,114.10000000000582,63.0,177.10000000000582,600.2428571428578
2025-12-11 11:00:00,90317.4,90414.0,90204.1,90234.8,551.81074857,49834622.130277799,49834622.130277799,1,209.89999999999418,96.69999999999709,113.19999999999709,209.89999999999418,551.0357142857143
2025-12-11 12:00:00,90234.8,90381.3,90008.0,90029.0,148.4028197,13390022.619956618,13390022.619956618,1,373.3000000000029,146.5,226.8000000000029,373.3000000000029,524.721428571429
2025-12-11 13:00:00,90029.1,90170.0,89876.1,90101.0,150.53066277,13555048.64929751,13555048.64929751,1,293.8999999999942,141.0,152.89999999999418,293.8999999999942,498.942857142858
2025-12-11 14:00:00,90101.0,90484.2,89255.9,89548.1,500.5589693,45038872.432556601,45038872.432556601,1,1228.300000000003,383.1999999999971,845.1000000000058,1228.300000000003,512.7714285714299
2025-12-11 15:00:00,89548.1,90642.7,89408.0,89875.1,485.2247252,43702912.661672633,43702912.661672633,1,1234.699999999997,1094.5999999999913,140.10000000000582,1234.699999999997,547.0642857142864
2025-12-11 16:00:00,89875.0,90180.2,89333.3,89736.9,204.82634057,18369819.972935307,18369819.972935307,1,846.8999999999942,305.09999999999127,541.8000000000029,846.8999999999942,550.3214285714286
2025-12-11 17:00:00,89737.1,90255.1,89630.0,89979.4,161.71465129,14553734.661389972,14553734.661389972,1,625.1000000000058,518.2000000000116,106.89999999999418,625.1000000000058,545.4214285714291
2025-12-11 18:00:00,89971.6,91183.4,89891.1,90705.9,335.91158054,30446395.022196414,30446395.022196414,1,1292.2999999999884,1204.0,88.29999999998836,1292.2999999999884,580.9214285714281
2025-12-11 19:00:00,90705.7,91541.2,90583.1,90835.6,281.02742739,25605873.434216176,25605873.434216176,1,958.0999999999913,835.3000000000029,122.79999999998836,958.0999999999913,622.8642857142851
2025-12-11 20:00:00,90835.6,91829.2,90802.5,91781.4,186.21123828,17014826.359211654,17014826.359211654,1,1026.699999999997,993.5999999999913,33.10000000000582,1026.699999999997,661.1285714285706
2025-12-11 21:00:00,91789.2,93564.4,91703.3,92867.6,620.82572248,57645800.030164525,57645800.030164525,1,1861.0999999999913,1783.0,78.09999999999127,1861.0999999999913,774.6357142857129
2025-12-11 22:00:00,92867.7,93198.2,92097.6,92371.5,376.20738183,34826129.694224646,34826129.694224646,1,1100.5999999999913,330.59999999999127,770.0,1100.5999999999913,831.3857142857117
2025-12-11 23:00:00,92373.3,92804.5,92337.1,92522.3,399.27092309,36961470.86925368,36961470.86925368,1,467.3999999999942,433.0,34.39999999999418,467.3999999999942,835.3857142857107
2025-12-12 00:00:00,92522.2,92658.5,91280.4,91577.7,358.3292851,33005770.886541213,33005770.886541213,1,1378.1000000000058,136.1999999999971,1241.9000000000087,1378.1000000000058,921.171428571425
2025-12-12 01:00:00,91577.7,92317.0,91545.9,92171.8,210.07472527,19322611.47707797,19322611.47707797,1,771.1000000000058,739.3000000000029,31.80000000000291,771.1000000000058,961.2571428571401
2025-12-12 02:00:00,92171.9,92747.2,91929.1,92584.4,249.48219932,23067183.070103246,23067183.070103246,1,818.0999999999913,575.3999999999942,242.6999999999971,818.0999999999913,993.028571428568
2025-12-12 03:00:00,92584.5,92752.5,92175.0,92275.1,142.86960433,13196568.63684372,13196568.63684372,1,577.5,168.10000000000582,409.3999999999942,577.5,1013.2857142857112
2025-12-12 04:00:00,92274.9,92468.1,92123.0,92397.5,168.48839422,15545834.088353661,15545834.088353661,1,345.1000000000058,193.0,152.10000000000582,345.1000000000058,950.1999999999971
2025-12-12 05:00:00,92397.6,92502.3,92078.6,92443.2,134.01676677,12368300.369900802,12368300.369900802,1,423.6999999999971,104.80000000000291,318.8999999999942,423.6999999999971,892.2714285714256
2025-12-12 06:00:00,92443.2,92719.3,92403.1,92506.6,134.63047044,12466374.304033229,12466374.304033229,1,316.1999999999971,276.1000000000058,40.09999999999127,316.1999999999971,854.364285714283
2025-12-12 07:00:00,92506.7,92562.6,92250.3,92427.1,198.62147521,18363238.511646634,18363238.511646634,1,312.3000000000029,56.0,256.3000000000029,312.3000000000029,832.0214285714256
2025-12-12 08:00:00,92427.2,92479.1,92103.1,92347.4,159.40891768,14712170.015336549,14712170.015336549,1,376.0,52.0,324.0,376.0,766.5714285714265
2025-12-12 09:00:00,92346.9,92559.3,92088.5,92522.5,103.49380457,9554816.047931844,9554816.047931844,1,470.8000000000029,211.90000000000873,258.8999999999942,470.8000000000029,731.7642857142845
2025-12-12 10:00:00,92522.6,92635.6,92413.3,92493.0,183.00963292,16931789.121531478,16931789.121531478,1,222.3000000000029,113.10000000000582,109.19999999999709,222.3000000000029,674.307142857142
2025-12-12 11:00:00,92493.1,92493.1,92276.3,92411.9,62.00548005,5727795.329903857,5727795.329903857,1,216.8000000000029,0.10000000000582077,216.6999999999971,216.8000000000029,556.8571428571429
2025-12-12 12:00:00,92411.8,92425.1,92085.9,92425.1,165.86361655,15300734.520564509,15300734.520564509,1,339.20000000001164,13.200000000011642,326.0,339.20000000001164,502.47142857143
2025-12-12 13:00:00,92425.1,92515.6,92250.3,92311.9,129.70306513,11981370.903314232,11981370.903314232,1,265.3000000000029,90.5,174.8000000000029,265.3000000000029,488.0357142857164
2025-12-12 14:00:00,92311.9,92666.5,91902.5,92445.5,329.62106883,30444218.069092544,30444218.069092544,1,764.0,354.6000000000058,409.3999999999942,764.0,444.1714285714302
2025-12-12 15:00:00,92445.5,92445.5,89777.7,89941.4,1021.78373382,93036374.085344914,93036374.085344914,1,2667.800000000003,0.0,2667.800000000003,2667.800000000003,579.6500000000015
2025-12-12 16:00:00,89933.7,90439.5,89466.6,90040.1,539.75715832,48513696.953162542,48513696.953162542,1,972.8999999999942,498.1000000000058,474.79999999998836,972.8999999999942,590.7071428571445
2025-12-12 17:00:00,90040.2,90622.7,89822.6,90075.6,335.39684545,30256725.64032449,30256725.64032449,1,800.0999999999913,582.5999999999913,217.5,800.0999999999913,606.6071428571439
2025-12-12 18:00:00,90075.7,90659.9,90039.0,90366.0,350.93473832,31740116.294646766,31740116.294646766,1,620.8999999999942,584.2999999999884,36.60000000000582,620.8999999999942,626.307142857143
2025-12-12 19:00:00,90366.1,90398.9,90003.9,90197.1,179.75798504,16211958.551396132,16211958.551396132,1,395.0,32.89999999999418,362.1000000000058,395.0,624.2571428571433
2025-12-12 20:00:00,90197.1,90329.8,89888.8,90211.3,143.77395516,12959956.555020375,12959956.555020375,1,441.0,132.6999999999971,308.3000000000029,441.0,633.1714285714291
2025-12-12 21:00:00,90211.2,90347.6,90100.0,90192.0,100.17990399,9039494.043334048,9039494.043334048,1,247.60000000000582,136.3000000000029,111.30000000000291,247.60000000000582,628.5500000000009
2025-12-12 22:00:00,90186.0,90392.3,90184.7,90339.7,67.57906932,6102963.808878532,6102963.808878532,1,207.60000000000582,200.3000000000029,7.30000000000291,207.60000000000582,616.5214285714299
2025-12-12 23:00:00,90339.9,90387.0,90225.1,90268.1,43.02290384,3886376.254715724,3886376.254715724,1,161.89999999999418,47.30000000000291,114.59999999999127,161.89999999999418,594.4571428571435
2025-12-13 00:00:00,90268.1,90436.5,90206.9,90317.6,72.87979636,6583395.67486858,6583395.67486858,1,229.60000000000582,168.39999999999418,61.20000000001164,229.60000000000582,594.9785714285723
2025-12-13 01:00:00,90317.6,90360.0,90112.4,90224.9,53.88380277,4863702.025621173,4863702.025621173,1,247.60000000000582,42.39999999999418,205.20000000001164,247.60000000000582,597.1785714285725
2025-12-13 02:00:00,90225.0,90318.0,90206.2,90227.1,85.2432324,7693250.624685539,7693250.624685539,1,111.80000000000291,93.10000000000582,18.69999999999709,111.80000000000291,580.9357142857147
2025-12-13 03:00:00,90227.1,90469.9,90196.0,90341.9,135.46026992,12236562.817418255,12236562.817418255,1,273.8999999999942,242.79999999998836,31.10000000000582,273.8999999999942,581.5499999999998
2025-12-13 04:00:00,90341.9,90421.0,90271.5,90375.9,66.51295067,6009310.843948976,6009310.843948976,1,149.5,79.10000000000582,70.39999999999418,149.5,537.6571428571426
2025-12-13 05:00:00,90375.9,90394.0,90246.5,90340.4,162.18434809,14647563.439590031,14647563.439590031,1,147.5,18.10000000000582,129.39999999999418,147.5,357.63571428571385
2025-12-13 06:00:00,90340.5,90370.7,90251.6,90348.1,116.02051912,10478012.26595885,10478012.26595885,1,119.09999999999127,30.30000000000291,88.79999999998836,119.09999999999127,296.64999999999935
2025-12-13 07:00:00,90348.2,90416.9,90311.9,90330.0,559.66099937,50572556.425659322,50572556.425659322,1,105.0,68.79999999998836,36.20000000001164,105.0,247.0
2025-12-13 08:00:00,90330.1,90576.7,90314.6,90450.9,239.47088858,21661720.310185571,21661720.310185571,1,262.09999999999127,246.6999999999971,15.39999999999418,262.09999999999127,221.37142857142837
2025-12-13 09:00:00,90450.9,90513.5,90361.9,90415.0,142.43273878,12877980.376253072,12877980.376253072,1,151.60000000000582,62.60000000000582,89.0,151.60000000000582,203.9857142857145
2025-12-13 10:00:00,90415.1,90638.2,90415.1,90592.9,183.38279702,16595402.929461443,16595402.929461443,1,223.09999999999127,223.1999999999971,0.10000000000582077,223.1999999999971,188.42857142857142
2025-12-13 11:00:00,90592.9,90611.8,90300.0,90341.7,106.74044916,9656012.031319075,9656012.031319075,1,311.8000000000029,18.90000000000873,292.8999999999942,311.8000000000029,193.0142857142855
2025-12-13 12:00:00,90341.7,90486.0,90294.5,90355.1,54.66533858,4940466.232547556,4940466.232547556,1,191.5,144.3000000000029,47.19999999999709,191.5,191.8642857142851
2025-12-13 13:00:00,90355.1,90468.8,90200.0,90262.0,297.84272778,26904469.798221174,26904469.798221174,1,268.8000000000029,113.69999999999709,155.10000000000582,268.8000000000029,199.5
2025-12-13 14:00:00,90262.0,90348.1,89930.1,90086.0,152.71142529,13765120.287583045,13765120.287583045,1,418.0,86.10000000000582,331.8999999999942,418.0,212.95714285714243
2025-12-13 15:00:00,90085.9,90293.1,90038.7,90100.7,74.60630179,6725709.608373839,6725709.608373839,1,254.40000000000873,207.10000000000582,47.30000000000291,254.40000000000873,213.44285714285692
2025-12-13 16:00:00,90100.6,90275.0,90032.5,90097.6,47.03441241,4239349.313035252,4239349.313035252,1,242.5,174.3000000000029,68.19999999999709,242.5,222.778571428571
2025-12-13 17:00:00,90097.6,90105.8,89990.0,90054.0,36.70012025,3304003.122741532,3304003.122741532,1,115.80000000000291,8.19999999999709,107.60000000000582,115.80000000000291,211.4857142857145
2025-12-13 18:00:00,90054.1,90190.6,90044.1,90123.9,21.37263691,1926583.75852249,1926583.75852249,1,146.5,136.60000000000582,9.89999999999418,146.5,211.27142857142877
2025-12-13 19:00:00,90124.0,90225.5,90108.7,90182.5,16.58305732,1495351.356629241,1495351.356629241,1,116.80000000000291,101.60000000000582,15.19999999999709,116.80000000000291,209.07857142857185
2025-12-13 20:00:00,90182.4,90215.9,90044.0,90092.6,64.72020751,5836225.620077551,5836225.620077551,1,171.89999999999418,33.39999999999418,138.5,171.89999999999418,212.85000000000062
2025-12-13 21:00:00,90092.6,90192.0,89764.8,90171.5,67.18613368,6043540.506136839,6043540.506136839,1,427.1999999999971,99.39999999999418,327.8000000000029,427.1999999999971,235.86428571428613
2025-12-13 22:00:00,90171.5,90252.4,90002.5,90137.0,37.07301635,3341869.940098472,3341869.940098472,1,249.89999999999418,80.89999999999418,169.0,249.89999999999418,234.99285714285776
2025-12-13 23:00:00,90137.0,90279.0,90067.0,90241.1,25.03486913,2258498.808299851,2258498.808299851,1,212.0,142.0,70.0,212.0,239.30714285714308
2025-12-14 00:00:00,90241.1,90475.0,90125.0,90339.1,107.15131775,9678115.616046229,9678115.616046229,1,350.0,233.89999999999418,116.10000000000582,350.0,248.36428571428613
2025-12-14 01:00:00,90339.1,90458.2,90212.5,90300.4,57.87306423,5228086.693414258,5228086.693414258,1,245.6999999999971,119.09999999999127,126.60000000000582,245.6999999999971,243.64285714285714
2025-12-14 02:00:00,90300.5,90394.0,90247.2,90293.0,36.08459461,3259247.2491152,3259247.2491152,1,146.8000000000029,93.60000000000582,53.19999999999709,146.8000000000029,240.45000000000022
2025-12-14 03:00:00,90293.1,90310.0,90247.2,90266.5,46.3393048,4183271.292433037,4183271.292433037,1,62.80000000000291,17.0,45.80000000000291,62.80000000000291,225.7357142857145
2025-12-14 04:00:00,90266.6,90346.3,90131.3,90205.0,54.69097451,4934947.287390021,4934947.287390021,1,215.0,79.80000000000291,135.1999999999971,215.0,211.2357142857145
2025-12-14 05:00:00,90205.0,90234.0,90051.0,90208.7,72.44141003,6530321.369876209,6530321.369876209,1,183.0,29.0,154.0,183.0,206.13571428571387
2025-12-14 06:00:00,90208.7,90249.7,90100.0,90151.1,29.74349959,2681907.606510695,2681907.606510695,1,149.6999999999971,41.0,108.69999999999709,149.6999999999971,199.50714285714224
2025-12-14 07:00:00,90151.1,90291.1,90085.2,90256.1,114.17679632,10301894.803587832,10301894.803587832,1,205.90000000000873,140.0,65.90000000000873,205.90000000000873,205.94285714285692
2025-12-14 08:00:00,90256.0,90307.6,90104.9,90114.9,205.22209862,18514264.553928792,18514264.553928792,1,202.70000000001164,51.5,151.20000000001164,202.70000000001164,209.95714285714348
2025-12-14 09:00:00,90115.0,90158.0,90007.0,90025.9,57.74668524,5201026.422919042,5201026.422919042,1,151.0,43.10000000000582,107.89999999999418,151.0,212.4000000000004
2025-12-14 10:00:00,90026.0,90133.3,89786.4,89857.0,356.79876067,32105372.509623506,32105372.509623506,1,346.90000000000873,107.40000000000873,239.5,346.90000000000873,224.90000000000146
2025-12-14 11:00:00,89857.1,89857.1,88632.9,89355.0,716.52021275,63954194.407106409,63954194.407106409,1,1224.2000000000116,0.10000000000582077,1224.1000000000058,1224.2000000000116,281.8285714285739
2025-12-14 12:00:00,89355.1,89662.6,89100.0,89418.5,142.95710451,12781971.11729148,12781971.11729148,1,562.6000000000058,307.6000000000058,255.0,562.6000000000058,304.16428571428906
2025-12-14 13:00:00,89417.1,89498.0,89083.9,89484.1,93.66485585,8360013.411800478,8360013.411800478,1,414.1000000000058,79.5,334.6000000000058,414.1000000000058,318.6000000000037
2025-12-14 14:00:00,89484.1,89559.4,88884.0,89112.1,169.43066117,15107379.798435572,15107379.798435572,1,675.3999999999942,75.29999999998836,600.1000000000058,675.3999999999942,341.84285714286045
2025-12-14 15:00:00,89112.1,89180.0,88880.0,89027.7,76.91047471,6846523.108176784,6846523.108176784,1,300.0,67.89999999999418,232.10000000000582,300.0,345.7214285714321
2025-12-14 16:00:00,89027.7,89397.9,88505.4,88832.9,191.920253,17061467.715589613,17061467.715589613,1,892.5,370.1999999999971,522.3000000000029,892.5,398.9857142857176
2025-12-14 17:00:00,88833.0,89029.2,88600.0,88804.9,135.47267914,12032329.846435835,12032329.846435835,1,429.1999999999971,196.3000000000029,232.89999999999418,429.1999999999971,425.15714285714574
2025-12-14 18:00:00,88805.0,89082.4,88720.2,89004.7,85.78959057,7626048.986024495,7626048.986024495,1,362.1999999999971,277.5,84.69999999999709,362.1999999999971,435.67142857143125
2025-12-14 19:00:00,89004.7,89004.7,88465.9,88644.0,104.8662025,9297334.104744129,9297334.104744129,1,538.8000000000029,0.0,538.8000000000029,538.8000000000029,461.0857142857172
2025-12-14 20:00:00,88644.1,88833.0,88350.0,88556.9,147.3055239,13051626.840066244,13051626.840066244,1,483.0,189.0,294.0,483.0,484.89285714286024
2025-12-14 21:00:00,88557.0,88711.6,88342.4,88444.0,66.05346172,5847611.748482705,5847611.748482705,1,369.20000000001164,154.70000000001164,214.5,369.20000000001164,496.5571428571462
2025-12-10 18:00:00,92384.4,93058.6,91980.0,92499.7,298.38256632,27616070.944104083,27616070.944104083,1,1078.6000000000058,,,1078.6000000000058,1078.6000000000058
2025-12-10 19:00:00,92499.6,93283.2,91685.5,92959.6,972.23919566,90090268.073227589,90090268.073227589,1,1597.699999999997,783.5,814.1999999999971,1597.699999999997,1338.1500000000015
2025-12-10 20:00:00,92959.7,94495.2,92260.0,92453.3,804.77893571,75194775.672259686,75194775.672259686,1,2235.199999999997,1535.5999999999913,699.6000000000058,2235.199999999997,1637.1666666666667
2025-12-10 21:00:00,92453.2,92772.6,91873.8,92351.4,241.87182423,22321154.565788121,22321154.565788121,1,898.8000000000029,319.3000000000029,579.5,898.8000000000029,1452.5750000000007
2025-12-10 22:00:00,92351.5,92695.4,91953.7,92514.9,167.87256569,15508749.722818461,15508749.722818461,1,741.6999999999971,344.0,397.6999999999971,741.6999999999971,1310.4
2025-12-10 23:00:00,92514.9,92592.9,91938.1,92013.7,173.18754256,15964940.66082367,15964940.66082367,1,654.7999999999884,78.0,576.7999999999884,654.7999999999884,1201.1333333333314
2025-12-11 00:00:00,92013.6,92082.8,91048.1,91385.2,335.30472018,30694976.096124609,30694976.096124609,1,1034.699999999997,69.10000000000582,965.5999999999913,1034.699999999997,1177.3571428571408
2025-12-11 01:00:00,91385.3,91408.0,90653.4,90673.8,279.1833207,25392865.860305077,25392865.860305077,1,754.6000000000058,22.80000000000291,731.8000000000029,754.6000000000058,1124.512499999999
2025-12-11 02:00:00,90673.8,90673.8,89872.5,90070.3,512.38051515,46206933.823016915,46206933.823016915,1,801.3000000000029,0.0,801.3000000000029,801.3000000000029,1088.5999999999995
2025-12-11 03:00:00,90070.5,90083.5,89389.8,89881.1,397.6365867,35697833.048224359,35697833.048224359,1,693.6999999999971,13.19999999999709,680.5,693.6999999999971,1049.1099999999992
2025-12-11 04:00:00,89881.0,90483.3,89688.0,90437.0,290.53147763,26164546.266505642,26164546.266505642,1,795.3000000000029,602.1999999999971,193.10000000000582,795.3000000000029,1026.0363636363631
2025-12-11 05:00:00,90437.0,90437.0,90066.1,90303.8,199.17020937,17972015.207016023,17972015.207016023,1,370.8999999999942,0.0,370.8999999999942,370.8999999999942,971.4416666666657
2025-12-11 06:00:00,90303.8,90445.9,89954.9,90292.2,187.19643679,16889051.661337297,16889051.661337297,1,491.0,142.09999999999127,348.90000000000873,491.0,934.4846153846145
2025-12-11 07:00:00,90292.3,90329.2,90057.2,90271.0,271.86738121,24519779.769281561,24519779.769281561,1,272.0,37.0,235.0,272.0,887.1642857142849
2025-12-11 08:00:00,90270.9,90271.0,89964.9,90186.4,126.31077616,11381625.647527792,11381625.647527792,1,306.1000000000058,0.0,306.1000000000058,306.1000000000058,831.9857142857135
2025-12-11 09:00:00,90186.5,90523.3,90111.9,90233.0,800.5978254,72292353.878754779,72292353.878754779,1,411.40000000000873,336.90000000000873,74.5,411.40000000000873,747.25
2025-12-11 10:00:00,90233.3,90347.1,90170.0,90317.3,155.557461,14037011.886429888,14037011.886429888,1,177.10000000000582,114.10000000000582,63.0,177.10000000000582,600.2428571428578
2025-12-11 11:00:00,90317.4,90414.0,90204.1,90234.8,551.81074857,49834622.130277799,49834622.130277799,1,209.89999999999418,96.69999999999709,113.19999999999709,209.89999999999418,551.0357142857143
2025-12-11 12:00:00,90234.8,90381.3,90008.0,90029.0,148.4028197,13390022.619956618,13390022.619956618,1,373.3000000000029,146.5,226.8000000000029,373.3000000000029,524.721428571429
2025-12-11 13:00:00,90029.1,90170.0,89876.1,90101.0,150.53066277,13555048.64929751,13555048.64929751,1,293.8999999999942,141.0,152.89999999999418,293.8999999999942,498.942857142858
2025-12-11 14:00:00,90101.0,90484.2,89255.9,89548.1,500.5589693,45038872.432556601,45038872.432556601,1,1228.300000000003,383.1999999999971,845.1000000000058,1228.300000000003,512.7714285714299
2025-12-11 15:00:00,89548.1,90642.7,89408.0,89875.1,485.2247252,43702912.661672633,43702912.661672633,1,1234.699999999997,1094.5999999999913,140.10000000000582,1234.699999999997,547.0642857142864
2025-12-11 16:00:00,89875.0,90180.2,89333.3,89736.9,204.82634057,18369819.972935307,18369819.972935307,1,846.8999999999942,305.09999999999127,541.8000000000029,846.8999999999942,550.3214285714286
2025-12-11 17:00:00,89737.1,90255.1,89630.0,89979.4,161.71465129,14553734.661389972,14553734.661389972,1,625.1000000000058,518.2000000000116,106.89999999999418,625.1000000000058,545.4214285714291
2025-12-11 18:00:00,89971.6,91183.4,89891.1,90705.9,335.91158054,30446395.022196414,30446395.022196414,1,1292.2999999999884,1204.0,88.29999999998836,1292.2999999999884,580.9214285714281
2025-12-11 19:00:00,90705.7,91541.2,90583.1,90835.6,281.02742739,25605873.434216176,25605873.434216176,1,958.0999999999913,835.3000000000029,122.79999999998836,958.0999999999913,622.8642857142851
2025-12-11 20:00:00,90835.6,91829.2,90802.5,91781.4,186.21123828,17014826.359211654,17014826.359211654,1,1026.699999999997,993.5999999999913,33.10000000000582,1026.699999999997,661.1285714285706
2025-12-11 21:00:00,91789.2,93564.4,91703.3,92867.6,620.82572248,57645800.030164525,57645800.030164525,1,1861.0999999999913,1783.0,78.09999999999127,1861.0999999999913,774.6357142857129
2025-12-11 22:00:00,92867.7,93198.2,92097.6,92371.5,376.20738183,34826129.694224646,34826129.694224646,1,1100.5999999999913,330.59999999999127,770.0,1100.5999999999913,831.3857142857117
2025-12-11 23:00:00,92373.3,92804.5,92337.1,92522.3,399.27092309,36961470.86925368,36961470.86925368,1,467.3999999999942,433.0,34.39999999999418,467.3999999999942,835.3857142857107
2025-12-12 00:00:00,92522.2,92658.5,91280.4,91577.7,358.3292851,33005770.886541213,33005770.886541213,1,1378.1000000000058,136.1999999999971,1241.9000000000087,1378.1000000000058,921.171428571425
2025-12-12 01:00:00,91577.7,92317.0,91545.9,92171.8,210.07472527,19322611.47707797,19322611.47707797,1,771.1000000000058,739.3000000000029,31.80000000000291,771.1000000000058,961.2571428571401
2025-12-12 02:00:00,92171.9,92747.2,91929.1,92584.4,249.48219932,23067183.070103246,23067183.070103246,1,818.0999999999913,575.3999999999942,242.6999999999971,818.0999999999913,993.028571428568
2025-12-12 03:00:00,92584.5,92752.5,92175.0,92275.1,142.86960433,13196568.63684372,13196568.63684372,1,577.5,168.10000000000582,409.3999999999942,577.5,1013.2857142857112
2025-12-12 04:00:00,92274.9,92468.1,92123.0,92397.5,168.48839422,15545834.088353661,15545834.088353661,1,345.1000000000058,193.0,152.10000000000582,345.1000000000058,950.1999999999971
2025-12-12 05:00:00,92397.6,92502.3,92078.6,92443.2,134.01676677,12368300.369900802,12368300.369900802,1,423.6999999999971,104.80000000000291,318.8999999999942,423.6999999999971,892.2714285714256
2025-12-12 06:00:00,92443.2,92719.3,92403.1,92506.6,134.63047044,12466374.304033229,12466374.304033229,1,316.1999999999971,276.1000000000058,40.09999999999127,316.1999999999971,854.364285714283
2025-12-12 07:00:00,92506.7,92562.6,92250.3,92427.1,198.62147521,18363238.511646634,18363238.511646634,1,312.3000000000029,56.0,256.3000000000029,312.3000000000029,832.0214285714256
2025-12-12 08:00:00,92427.2,92479.1,92103.1,92347.4,159.40891768,14712170.015336549,14712170.015336549,1,376.0,52.0,324.0,376.0,766.5714285714265
2025-12-12 09:00:00,92346.9,92559.3,92088.5,92522.5,103.49380457,9554816.047931844,9554816.047931844,1,470.8000000000029,211.90000000000873,258.8999999999942,470.8000000000029,731.7642857142845
2025-12-12 10:00:00,92522.6,92635.6,92413.3,92493.0,183.00963292,16931789.121531478,16931789.121531478,1,222.3000000000029,113.10000000000582,109.19999999999709,222.3000000000029,674.307142857142
2025-12-12 11:00:00,92493.1,92493.1,92276.3,92411.9,62.00548005,5727795.329903857,5727795.329903857,1,216.8000000000029,0.10000000000582077,216.6999999999971,216.8000000000029,556.8571428571429
2025-12-12 12:00:00,92411.8,92425.1,92085.9,92425.1,165.86361655,15300734.520564509,15300734.520564509,1,339.20000000001164,13.200000000011642,326.0,339.20000000001164,502.47142857143
2025-12-12 13:00:00,92425.1,92515.6,92250.3,92311.9,129.70306513,11981370.903314232,11981370.903314232,1,265.3000000000029,90.5,174.8000000000029,265.3000000000029,488.0357142857164
2025-12-12 14:00:00,92311.9,92666.5,91902.5,92445.5,329.62106883,30444218.069092544,30444218.069092544,1,764.0,354.6000000000058,409.3999999999942,764.0,444.1714285714302
2025-12-12 15:00:00,92445.5,92445.5,89777.7,89941.4,1021.78373382,93036374.085344914,93036374.085344914,1,2667.800000000003,0.0,2667.800000000003,2667.800000000003,579.6500000000015
2025-12-12 16:00:00,89933.7,90439.5,89466.6,90040.1,539.75715832,48513696.953162542,48513696.953162542,1,972.8999999999942,498.1000000000058,474.79999999998836,972.8999999999942,590.7071428571445
2025-12-12 17:00:00,90040.2,90622.7,89822.6,90075.6,335.39684545,30256725.64032449,30256725.64032449,1,800.0999999999913,582.5999999999913,217.5,800.0999999999913,606.6071428571439
2025-12-12 18:00:00,90075.7,90659.9,90039.0,90366.0,350.93473832,31740116.294646766,31740116.294646766,1,620.8999999999942,584.2999999999884,36.60000000000582,620.8999999999942,626.307142857143
2025-12-12 19:00:00,90366.1,90398.9,90003.9,90197.1,179.75798504,16211958.551396132,16211958.551396132,1,395.0,32.89999999999418,362.1000000000058,395.0,624.2571428571433
2025-12-12 20:00:00,90197.1,90329.8,89888.8,90211.3,143.77395516,12959956.555020375,12959956.555020375,1,441.0,132.6999999999971,308.3000000000029,441.0,633.1714285714291
2025-12-12 21:00:00,90211.2,90347.6,90100.0,90192.0,100.17990399,9039494.043334048,9039494.043334048,1,247.60000000000582,136.3000000000029,111.30000000000291,247.60000000000582,628.5500000000009
2025-12-12 22:00:00,90186.0,90392.3,90184.7,90339.7,67.57906932,6102963.808878532,6102963.808878532,1,207.60000000000582,200.3000000000029,7.30000000000291,207.60000000000582,616.5214285714299
2025-12-12 23:00:00,90339.9,90387.0,90225.1,90268.1,43.02290384,3886376.254715724,3886376.254715724,1,161.89999999999418,47.30000000000291,114.59999999999127,161.89999999999418,594.4571428571435
2025-12-13 00:00:00,90268.1,90436.5,90206.9,90317.6,72.87979636,6583395.67486858,6583395.67486858,1,229.60000000000582,168.39999999999418,61.20000000001164,229.60000000000582,594.9785714285723
2025-12-13 01:00:00,90317.6,90360.0,90112.4,90224.9,53.88380277,4863702.025621173,4863702.025621173,1,247.60000000000582,42.39999999999418,205.20000000001164,247.60000000000582,597.1785714285725
2025-12-13 02:00:00,90225.0,90318.0,90206.2,90227.1,85.2432324,7693250.624685539,7693250.624685539,1,111.80000000000291,93.10000000000582,18.69999999999709,111.80000000000291,580.9357142857147
2025-12-13 03:00:00,90227.1,90469.9,90196.0,90341.9,135.46026992,12236562.817418255,12236562.817418255,1,273.8999999999942,242.79999999998836,31.10000000000582,273.8999999999942,581.5499999999998
2025-12-13 04:00:00,90341.9,90421.0,90271.5,90375.9,66.51295067,6009310.843948976,6009310.843948976,1,149.5,79.10000000000582,70.39999999999418,149.5,537.6571428571426
2025-12-13 05:00:00,90375.9,90394.0,90246.5,90340.4,162.18434809,14647563.439590031,14647563.439590031,1,147.5,18.10000000000582,129.39999999999418,147.5,357.63571428571385
2025-12-13 06:00:00,90340.5,90370.7,90251.6,90348.1,116.02051912,10478012.26595885,10478012.26595885,1,119.09999999999127,30.30000000000291,88.79999999998836,119.09999999999127,296.64999999999935
2025-12-13 07:00:00,90348.2,90416.9,90311.9,90330.0,559.66099937,50572556.425659322,50572556.425659322,1,105.0,68.79999999998836,36.20000000001164,105.0,247.0
2025-12-13 08:00:00,90330.1,90576.7,90314.6,90450.9,239.47088858,21661720.310185571,21661720.310185571,1,262.09999999999127,246.6999999999971,15.39999999999418,262.09999999999127,221.37142857142837
2025-12-13 09:00:00,90450.9,90513.5,90361.9,90415.0,142.43273878,12877980.376253072,12877980.376253072,1,151.60000000000582,62.60000000000582,89.0,151.60000000000582,203.9857142857145
2025-12-13 10:00:00,90415.1,90638.2,90415.1,90592.9,183.38279702,16595402.929461443,16595402.929461443,1,223.09999999999127,223.1999999999971,0.10000000000582077,223.1999999999971,188.42857142857142
2025-12-13 11:00:00,90592.9,90611.8,90300.0,90341.7,106.74044916,9656012.031319075,9656012.031319075,1,311.8000000000029,18.90000000000873,292.8999999999942,311.8000000000029,193.0142857142855
2025-12-13 12:00:00,90341.7,90486.0,90294.5,90355.1,54.66533858,4940466.232547556,4940466.232547556,1,191.5,144.3000000000029,47.19999999999709,191.5,191.8642857142851
2025-12-13 13:00:00,90355.1,90468.8,90200.0,90262.0,297.84272778,26904469.798221174,26904469.798221174,1,268.8000000000029,113.69999999999709,155.10000000000582,268.8000000000029,199.5
2025-12-13 14:00:00,90262.0,90348.1,89930.1,90086.0,152.71142529,13765120.287583045,13765120.287583045,1,418.0,86.10000000000582,331.8999999999942,418.0,212.95714285714243
2025-12-13 15:00:00,90085.9,90293.1,90038.7,90100.7,74.60630179,6725709.608373839,6725709.608373839,1,254.40000000000873,207.10000000000582,47.30000000000291,254.40000000000873,213.44285714285692
2025-12-13 16:00:00,90100.6,90275.0,90032.5,90097.6,47.03441241,4239349.313035252,4239349.313035252,1,242.5,174.3000000000029,68.19999999999709,242.5,222.778571428571
2025-12-13 17:00:00,90097.6,90105.8,89990.0,90054.0,36.70012025,3304003.122741532,3304003.122741532,1,115.80000000000291,8.19999999999709,107.60000000000582,115.80000000000291,211.4857142857145
2025-12-13 18:00:00,90054.1,90190.6,90044.1,90123.9,21.37263691,1926583.75852249,1926583.75852249,1,146.5,136.60000000000582,9.89999999999418,146.5,211.27142857142877
2025-12-13 19:00:00,90124.0,90225.5,90108.7,90182.5,16.58305732,1495351.356629241,1495351.356629241,1,116.80000000000291,101.60000000000582,15.19999999999709,116.80000000000291,209.07857142857185
2025-12-13 20:00:00,90182.4,90215.9,90044.0,90092.6,64.72020751,5836225.620077551,5836225.620077551,1,171.89999999999418,33.39999999999418,138.5,171.89999999999418,212.85000000000062
2025-12-13 21:00:00,90092.6,90192.0,89764.8,90171.5,67.18613368,6043540.506136839,6043540.506136839,1,427.1999999999971,99.39999999999418,327.8000000000029,427.1999999999971,235.86428571428613
2025-12-13 22:00:00,90171.5,90252.4,90002.5,90137.0,37.07301635,3341869.940098472,3341869.940098472,1,249.89999999999418,80.89999999999418,169.0,249.89999999999418,234.99285714285776
2025-12-13 23:00:00,90137.0,90279.0,90067.0,90241.1,25.03486913,2258498.808299851,2258498.808299851,1,212.0,142.0,70.0,212.0,239.30714285714308
2025-12-14 00:00:00,90241.1,90475.0,90125.0,90339.1,107.15131775,9678115.616046229,9678115.616046229,1,350.0,233.89999999999418,116.10000000000582,350.0,248.36428571428613
2025-12-14 01:00:00,90339.1,90458.2,90212.5,90300.4,57.87306423,5228086.693414258,5228086.693414258,1,245.6999999999971,119.09999999999127,126.60000000000582,245.6999999999971,243.64285714285714
2025-12-14 02:00:00,90300.5,90394.0,90247.2,90293.0,36.08459461,3259247.2491152,3259247.2491152,1,146.8000000000029,93.60000000000582,53.19999999999709,146.8000000000029,240.45000000000022
2025-12-14 03:00:00,90293.1,90310.0,90247.2,90266.5,46.3393048,4183271.292433037,4183271.292433037,1,62.80000000000291,17.0,45.80000000000291,62.80000000000291,225.7357142857145
2025-12-14 04:00:00,90266.6,90346.3,90131.3,90205.0,54.69097451,4934947.287390021,4934947.287390021,1,215.0,79.80000000000291,135.1999999999971,215.0,211.2357142857145
2025-12-14 05:00:00,90205.0,90234.0,90051.0,90208.7,72.44141003,6530321.369876209,6530321.369876209,1,183.0,29.0,154.0,183.0,206.13571428571387
2025-12-14 06:00:00,90208.7,90249.7,90100.0,90151.1,29.74349959,2681907.606510695,2681907.606510695,1,149.6999999999971,41.0,108.69999999999709,149.6999999999971,199.50714285714224
2025-12-14 07:00:00,90151.1,90291.1,90085.2,90256.1,114.17679632,10301894.803587832,10301894.803587832,1,205.90000000000873,140.0,65.90000000000873,205.90000000000873,205.94285714285692
2025-12-14 08:00:00,90256.0,90307.6,90104.9,90114.9,205.22209862,18514264.553928792,18514264.553928792,1,202.70000000001164,51.5,151.20000000001164,202.70000000001164,209.95714285714348
2025-12-14 09:00:00,90115.0,90158.0,90007.0,90025.9,57.74668524,5201026.422919042,5201026.422919042,1,151.0,43.10000000000582,107.89999999999418,151.0,212.4000000000004
2025-12-14 10:00:00,90026.0,90133.3,89786.4,89857.0,356.79876067,32105372.509623506,32105372.509623506,1,346.90000000000873,107.40000000000873,239.5,346.90000000000873,224.90000000000146
2025-12-14 11:00:00,89857.1,89857.1,88632.9,89355.0,716.52021275,63954194.407106409,63954194.407106409,1,1224.2000000000116,0.10000000000582077,1224.1000000000058,1224.2000000000116,281.8285714285739
2025-12-14 12:00:00,89355.1,89662.6,89100.0,89418.5,142.95710451,12781971.11729148,12781971.11729148,1,562.6000000000058,307.6000000000058,255.0,562.6000000000058,304.16428571428906
2025-12-14 13:00:00,89417.1,89498.0,89083.9,89484.1,93.66485585,8360013.411800478,8360013.411800478,1,414.1000000000058,79.5,334.6000000000058,414.1000000000058,318.6000000000037
2025-12-14 14:00:00,89484.1,89559.4,88884.0,89112.1,169.43066117,15107379.798435572,15107379.798435572,1,675.3999999999942,75.29999999998836,600.1000000000058,675.3999999999942,341.84285714286045
2025-12-14 15:00:00,89112.1,89180.0,88880.0,89027.7,76.91047471,6846523.108176784,6846523.108176784,1,300.0,67.89999999999418,232.10000000000582,300.0,345.7214285714321
2025-12-14 16:00:00,89027.7,89397.9,88505.4,88832.9,191.920253,17061467.715589613,17061467.715589613,1,892.5,370.1999999999971,522.3000000000029,892.5,398.9857142857176
2025-12-14 17:00:00,88833.0,89029.2,88600.0,88804.9,135.47267914,12032329.846435835,12032329.846435835,1,429.1999999999971,196.3000000000029,232.89999999999418,429.1999999999971,425.15714285714574
2025-12-14 18:00:00,88805.0,89082.4,88720.2,89004.7,85.78959057,7626048.986024495,7626048.986024495,1,362.1999999999971,277.5,84.69999999999709,362.1999999999971,435.67142857143125
2025-12-14 19:00:00,89004.7,89004.7,88465.9,88644.0,104.8662025,9297334.104744129,9297334.104744129,1,538.8000000000029,0.0,538.8000000000029,538.8000000000029,461.0857142857172
2025-12-14 20:00:00,88644.1,88833.0,88350.0,88556.9,147.3055239,13051626.840066244,13051626.840066244,1,483.0,189.0,294.0,483.0,484.89285714286024
2025-12-14 21:00:00,88557.0,88711.6,88342.4,88444.0,66.05346172,5847611.748482705,5847611.748482705,1,369.20000000001164,154.70000000001164,214.5,369.20000000001164,496.5571428571462
2025-12-10 19:00:00,92499.6,93283.2,91685.5,92959.6,972.23919566,90090268.073227589,90090268.073227589,1,1597.699999999997,,,1597.699999999997,1597.699999999997
2025-12-10 20:00:00,92959.7,94495.2,92260.0,92453.3,804.77893571,75194775.672259686,75194775.672259686,1,2235.199999999997,1535.5999999999913,699.6000000000058,2235.199999999997,1916.449999999997
2025-12-10 21:00:00,92453.2,92772.6,91873.8,92351.4,241.87182423,22321154.565788121,22321154.565788121,1,898.8000000000029,319.3000000000029,579.5,898.8000000000029,1577.2333333333324
2025-12-10 22:00:00,92351.5,92695.4,91953.7,92514.9,167.87256569,15508749.722818461,15508749.722818461,1,741.6999999999971,344.0,397.6999999999971,741.6999999999971,1368.3499999999985
2025-12-10 23:00:00,92514.9,92592.9,91938.1,92013.7,173.18754256,15964940.66082367,15964940.66082367,1,654.7999999999884,78.0,576.7999999999884,654.7999999999884,1225.6399999999965
2025-12-11 00:00:00,92013.6,92082.8,91048.1,91385.2,335.30472018,30694976.096124609,30694976.096124609,1,1034.699999999997,69.10000000000582,965.5999999999913,1034.699999999997,1193.8166666666632
2025-12-11 01:00:00,91385.3,91408.0,90653.4,90673.8,279.1833207,25392865.860305077,25392865.860305077,1,754.6000000000058,22.80000000000291,731.8000000000029,754.6000000000058,1131.0714285714264
2025-12-11 02:00:00,90673.8,90673.8,89872.5,90070.3,512.38051515,46206933.823016915,46206933.823016915,1,801.3000000000029,0.0,801.3000000000029,801.3000000000029,1089.8499999999985
2025-12-11 03:00:00,90070.5,90083.5,89389.8,89881.1,397.6365867,35697833.048224359,35697833.048224359,1,693.6999999999971,13.19999999999709,680.5,693.6999999999971,1045.8333333333317
2025-12-11 04:00:00,89881.0,90483.3,89688.0,90437.0,290.53147763,26164546.266505642,26164546.266505642,1,795.3000000000029,602.1999999999971,193.10000000000582,795.3000000000029,1020.7799999999988
2025-12-11 05:00:00,90437.0,90437.0,90066.1,90303.8,199.17020937,17972015.207016023,17972015.207016023,1,370.8999999999942,0.0,370.8999999999942,370.8999999999942,961.6999999999985
2025-12-11 06:00:00,90303.8,90445.9,89954.9,90292.2,187.19643679,16889051.661337297,16889051.661337297,1,491.0,142.09999999999127,348.90000000000873,491.0,922.4749999999985
2025-12-11 07:00:00,90292.3,90329.2,90057.2,90271.0,271.86738121,24519779.769281561,24519779.769281561,1,272.0,37.0,235.0,272.0,872.4384615384602
2025-12-11 08:00:00,90270.9,90271.0,89964.9,90186.4,126.31077616,11381625.647527792,11381625.647527792,1,306.1000000000058,0.0,306.1000000000058,306.1000000000058,831.9857142857135
2025-12-11 09:00:00,90186.5,90523.3,90111.9,90233.0,800.5978254,72292353.878754779,72292353.878754779,1,411.40000000000873,336.90000000000873,74.5,411.40000000000873,747.25
2025-12-11 10:00:00,90233.3,90347.1,90170.0,90317.3,155.557461,14037011.886429888,14037011.886429888,1,177.10000000000582,114.10000000000582,63.0,177.10000000000582,600.2428571428578
2025-12-11 11:00:00,90317.4,90414.0,90204.1,90234.8,551.81074857,49834622.130277799,49834622.130277799,1,209.89999999999418,96.69999999999709,113.19999999999709,209.89999999999418,551.0357142857143
2025-12-11 12:00:00,90234.8,90381.3,90008.0,90029.0,148.4028197,13390022.619956618,13390022.619956618,1,373.3000000000029,146.5,226.8000000000029,373.3000000000029,524.721428571429
2025-12-11 13:00:00,90029.1,90170.0,89876.1,90101.0,150.53066277,13555048.64929751,13555048.64929751,1,293.8999999999942,141.0,152.89999999999418,293.8999999999942,498.942857142858
2025-12-11 14:00:00,90101.0,90484.2,89255.9,89548.1,500.5589693,45038872.432556601,45038872.432556601,1,1228.300000000003,383.1999999999971,845.1000000000058,1228.300000000003,512.7714285714299
2025-12-11 15:00:00,89548.1,90642.7,89408.0,89875.1,485.2247252,43702912.661672633,43702912.661672633,1,1234.699999999997,1094.5999999999913,140.10000000000582,1234.699999999997,547.0642857142864
2025-12-11 16:00:00,89875.0,90180.2,89333.3,89736.9,204.82634057,18369819.972935307,18369819.972935307,1,846.8999999999942,305.09999999999127,541.8000000000029,846.8999999999942,550.3214285714286
2025-12-11 17:00:00,89737.1,90255.1,89630.0,89979.4,161.71465129,14553734.661389972,14553734.661389972,1,625.1000000000058,518.2000000000116,106.89999999999418,625.1000000000058,545.4214285714291
2025-12-11 18:00:00,89971.6,91183.4,89891.1,90705.9,335.91158054,30446395.022196414,30446395.022196414,1,1292.2999999999884,1204.0,88.29999999998836,1292.2999999999884,580.9214285714281
2025-12-11 19:00:00,90705.7,91541.2,90583.1,90835.6,281.02742739,25605873.434216176,25605873.434216176,1,958.0999999999913,835.3000000000029,122.79999999998836,958.0999999999913,622.8642857142851
2025-12-11 20:00:00,90835.6,91829.2,90802.5,91781.4,186.21123828,17014826.359211654,17014826.359211654,1,1026.699999999997,993.5999999999913,33.10000000000582,1026.699999999997,661.1285714285706
2025-12-11 21:00:00,91789.2,93564.4,91703.3,92867.6,620.82572248,57645800.030164525,57645800.030164525,1,1861.0999999999913,1783.0,78.09999999999127,1861.0999999999913,774.6357142857129
2025-12-11 22:00:00,92867.7,93198.2,92097.6,92371.5,376.20738183,34826129.694224646,34826129.694224646,1,1100.5999999999913,330.59999999999127,770.0,1100.5999999999913,831.3857142857117
2025-12-11 23:00:00,92373.3,92804.5,92337.1,92522.3,399.27092309,36961470.86925368,36961470.86925368,1,467.3999999999942,433.0,34.39999999999418,467.3999999999942,835.3857142857107
2025-12-12 00:00:00,92522.2,92658.5,91280.4,91577.7,358.3292851,33005770.886541213,33005770.886541213,1,1378.1000000000058,136.1999999999971,1241.9000000000087,1378.1000000000058,921.171428571425
2025-12-12 01:00:00,91577.7,92317.0,91545.9,92171.8,210.07472527,19322611.47707797,19322611.47707797,1,771.1000000000058,739.3000000000029,31.80000000000291,771.1000000000058,961.2571428571401
2025-12-12 02:00:00,92171.9,92747.2,91929.1,92584.4,249.48219932,23067183.070103246,23067183.070103246,1,818.0999999999913,575.3999999999942,242.6999999999971,818.0999999999913,993.028571428568
2025-12-12 03:00:00,92584.5,92752.5,92175.0,92275.1,142.86960433,13196568.63684372,13196568.63684372,1,577.5,168.10000000000582,409.3999999999942,577.5,1013.2857142857112
2025-12-12 04:00:00,92274.9,92468.1,92123.0,92397.5,168.48839422,15545834.088353661,15545834.088353661,1,345.1000000000058,193.0,152.10000000000582,345.1000000000058,950.1999999999971
2025-12-12 05:00:00,92397.6,92502.3,92078.6,92443.2,134.01676677,12368300.369900802,12368300.369900802,1,423.6999999999971,104.80000000000291,318.8999999999942,423.6999999999971,892.2714285714256
2025-12-12 06:00:00,92443.2,92719.3,92403.1,92506.6,134.63047044,12466374.304033229,12466374.304033229,1,316.1999999999971,276.1000000000058,40.09999999999127,316.1999999999971,854.364285714283
2025-12-12 07:00:00,92506.7,92562.6,92250.3,92427.1,198.62147521,18363238.511646634,18363238.511646634,1,312.3000000000029,56.0,256.3000000000029,312.3000000000029,832.0214285714256
2025-12-12 08:00:00,92427.2,92479.1,92103.1,92347.4,159.40891768,14712170.015336549,14712170.015336549,1,376.0,52.0,324.0,376.0,766.5714285714265
2025-12-12 09:00:00,92346.9,92559.3,92088.5,92522.5,103.49380457,9554816.047931844,9554816.047931844,1,470.8000000000029,211.90000000000873,258.8999999999942,470.8000000000029,731.7642857142845
2025-12-12 10:00:00,92522.6,92635.6,92413.3,92493.0,183.00963292,16931789.121531478,16931789.121531478,1,222.3000000000029,113.10000000000582,109.19999999999709,222.3000000000029,674.307142857142
2025-12-12 11:00:00,92493.1,92493.1,92276.3,92411.9,62.00548005,5727795.329903857,5727795.329903857,1,216.8000000000029,0.10000000000582077,216.6999999999971,216.8000000000029,556.8571428571429
2025-12-12 12:00:00,92411.8,92425.1,92085.9,92425.1,165.86361655,15300734.520564509,15300734.520564509,1,339.20000000001164,13.200000000011642,326.0,339.20000000001164,502.47142857143
2025-12-12 13:00:00,92425.1,92515.6,92250.3,92311.9,129.70306513,11981370.903314232,11981370.903314232,1,265.3000000000029,90.5,174.8000000000029,265.3000000000029,488.0357142857164
2025-12-12 14:00:00,92311.9,92666.5,91902.5,92445.5,329.62106883,30444218.069092544,30444218.069092544,1,764.0,354.6000000000058,409.3999999999942,764.0,444.1714285714302
2025-12-12 15:00:00,92445.5,92445.5,89777.7,89941.4,1021.78373382,93036374.085344914,93036374.085344914,1,2667.800000000003,0.0,2667.800000000003,2667.800000000003,579.6500000000015
2025-12-12 16:00:00,89933.7,90439.5,89466.6,90040.1,539.75715832,48513696.953162542,48513696.953162542,1,972.8999999999942,498.1000000000058,474.79999999998836,972.8999999999942,590.7071428571445
2025-12-12 17:00:00,90040.2,90622.7,89822.6,90075.6,335.39684545,30256725.64032449,30256725.64032449,1,800.0999999999913,582.5999999999913,217.5,800.0999999999913,606.6071428571439
2025-12-12 18:00:00,90075.7,90659.9,90039.0,90366.0,350.93473832,31740116.294646766,31740116.294646766,1,620.8999999999942,584.2999999999884,36.60000000000582,620.8999999999942,626.307142857143
2025-12-12 19:00:00,90366.1,90398.9,90003.9,90197.1,179.75798504,16211958.551396132,16211958.551396132,1,395.0,32.89999999999418,362.1000000000058,395.0,624.2571428571433
2025-12-12 20:00:00,90197.1,90329.8,89888.8,90211.3,143.77395516,12959956.555020375,12959956.555020375,1,441.0,132.6999999999971,308.3000000000029,441.0,633.1714285714291
2025-12-12 21:00:00,90211.2,90347.6,90100.0,90192.0,100.17990399,9039494.043334048,9039494.043334048,1,247.60000000000582,136.3000000000029,111.30000000000291,247.60000000000582,628.5500000000009
2025-12-12 22:00:00,90186.0,90392.3,90184.7,90339.7,67.57906932,6102963.808878532,6102963.808878532,1,207.60000000000582,200.3000000000029,7.30000000000291,207.60000000000582,616.5214285714299
2025-12-12 23:00:00,90339.9,90387.0,90225.1,90268.1,43.02290384,3886376.254715724,3886376.254715724,1,161.89999999999418,47.30000000000291,114.59999999999127,161.89999999999418,594.4571428571435
2025-12-13 00:00:00,90268.1,90436.5,90206.9,90317.6,72.87979636,6583395.67486858,6583395.67486858,1,229.60000000000582,168.39999999999418,61.20000000001164,229.60000000000582,594.9785714285723
2025-12-13 01:00:00,90317.6,90360.0,90112.4,90224.9,53.88380277,4863702.025621173,4863702.025621173,1,247.60000000000582,42.39999999999418,205.20000000001164,247.60000000000582,597.1785714285725
2025-12-13 02:00:00,90225.0,90318.0,90206.2,90227.1,85.2432324,7693250.624685539,7693250.624685539,1,111.80000000000291,93.10000000000582,18.69999999999709,111.80000000000291,580.9357142857147
2025-12-13 03:00:00,90227.1,90469.9,90196.0,90341.9,135.46026992,12236562.817418255,12236562.817418255,1,273.8999999999942,242.79999999998836,31.10000000000582,273.8999999999942,581.5499999999998
2025-12-13 04:00:00,90341.9,90421.0,90271.5,90375.9,66.51295067,6009310.843948976,6009310.843948976,1,149.5,79.10000000000582,70.39999999999418,149.5,537.6571428571426
2025-12-13 05:00:00,90375.9,90394.0,90246.5,90340.4,162.18434809,14647563.439590031,14647563.439590031,1,147.5,18.10000000000582,129.39999999999418,147.5,357.63571428571385
2025-12-13 06:00:00,90340.5,90370.7,90251.6,90348.1,116.02051912,10478012.26595885,10478012.26595885,1,119.09999999999127,30.30000000000291,88.79999999998836,119.09999999999127,296.64999999999935
2025-12-13 07:00:00,90348.2,90416.9,90311.9,90330.0,559.66099937,50572556.425659322,50572556.425659322,1,105.0,68.79999999998836,36.20000000001164,105.0,247.0
2025-12-13 08:00:00,90330.1,90576.7,90314.6,90450.9,239.47088858,21661720.310185571,21661720.310185571,1,262.09999999999127,246.6999999999971,15.39999999999418,262.09999999999127,221.37142857142837
2025-12-13 09:00:00,90450.9,90513.5,90361.9,90415.0,142.43273878,12877980.376253072,12877980.376253072,1,151.60000000000582,62.60000000000582,89.0,151.60000000000582,203.9857142857145
2025-12-13 10:00:00,90415.1,90638.2,90415.1,90592.9,183.38279702,16595402.929461443,16595402.929461443,1,223.09999999999127,223.1999999999971,0.10000000000582077,223.1999999999971,188.42857142857142
2025-12-13 11:00:00,90592.9,90611.8,90300.0,90341.7,106.74044916,9656012.031319075,9656012.031319075,1,311.8000000000029,18.90000000000873,292.8999999999942,311.8000000000029,193.0142857142855
2025-12-13 12:00:00,90341.7,90486.0,90294.5,90355.1,54.66533858,4940466.232547556,4940466.232547556,1,191.5,144.3000000000029,47.19999999999709,191.5,191.8642857142851
2025-12-13 13:00:00,90355.1,90468.8,90200.0,90262.0,297.84272778,26904469.798221174,26904469.798221174,1,268.8000000000029,113.69999999999709,155.10000000000582,268.8000000000029,199.5
2025-12-13 14:00:00,90262.0,90348.1,89930.1,90086.0,152.71142529,13765120.287583045,13765120.287583045,1,418.0,86.10000000000582,331.8999999999942,418.0,212.95714285714243
2025-12-13 15:00:00,90085.9,90293.1,90038.7,90100.7,74.60630179,6725709.608373839,6725709.608373839,1,254.40000000000873,207.10000000000582,47.30000000000291,254.40000000000873,213.44285714285692
2025-12-13 16:00:00,90100.6,90275.0,90032.5,90097.6,47.03441241,4239349.313035252,4239349.313035252,1,242.5,174.3000000000029,68.19999999999709,242.5,222.778571428571
2025-12-13 17:00:00,90097.6,90105.8,89990.0,90054.0,36.70012025,3304003.122741532,3304003.122741532,1,115.80000000000291,8.19999999999709,107.60000000000582,115.80000000000291,211.4857142857145
2025-12-13 18:00:00,90054.1,90190.6,90044.1,90123.9,21.37263691,1926583.75852249,1926583.75852249,1,146.5,136.60000000000582,9.89999999999418,146.5,211.27142857142877
2025-12-13 19:00:00,90124.0,90225.5,90108.7,90182.5,16.58305732,1495351.356629241,1495351.356629241,1,116.80000000000291,101.60000000000582,15.19999999999709,116.80000000000291,209.07857142857185
2025-12-13 20:00:00,90182.4,90215.9,90044.0,90092.6,64.72020751,5836225.620077551,5836225.620077551,1,171.89999999999418,33.39999999999418,138.5,171.89999999999418,212.85000000000062
2025-12-13 21:00:00,90092.6,90192.0,89764.8,90171.5,67.18613368,6043540.506136839,6043540.506136839,1,427.1999999999971,99.39999999999418,327.8000000000029,427.1999999999971,235.86428571428613
2025-12-13 22:00:00,90171.5,90252.4,90002.5,90137.0,37.07301635,3341869.940098472,3341869.940098472,1,249.89999999999418,80.89999999999418,169.0,249.89999999999418,234.99285714285776
2025-12-13 23:00:00,90137.0,90279.0,90067.0,90241.1,25.03486913,2258498.808299851,2258498.808299851,1,212.0,142.0,70.0,212.0,239.30714285714308
2025-12-14 00:00:00,90241.1,90475.0,90125.0,90339.1,107.15131775,9678115.616046229,9678115.616046229,1,350.0,233.89999999999418,116.10000000000582,350.0,248.36428571428613
2025-12-14 01:00:00,90339.1,90458.2,90212.5,90300.4,57.87306423,5228086.693414258,5228086.693414258,1,245.6999999999971,119.09999999999127,126.60000000000582,245.6999999999971,243.64285714285714
2025-12-14 02:00:00,90300.5,90394.0,90247.2,90293.0,36.08459461,3259247.2491152,3259247.2491152,1,146.8000000000029,93.60000000000582,53.19999999999709,146.8000000000029,240.45000000000022
2025-12-14 03:00:00,90293.1,90310.0,90247.2,90266.5,46.3393048,4183271.292433037,4183271.292433037,1,62.80000000000291,17.0,45.80000000000291,62.80000000000291,225.7357142857145
2025-12-14 04:00:00,90266.6,90346.3,90131.3,90205.0,54.69097451,4934947.287390021,4934947.287390021,1,215.0,79.80000000000291,135.1999999999971,215.0,211.2357142857145
2025-12-14 05:00:00,90205.0,90234.0,90051.0,90208.7,72.44141003,6530321.369876209,6530321.369876209,1,183.0,29.0,154.0,183.0,206.13571428571387
2025-12-14 06:00:00,90208.7,90249.7,90100.0,90151.1,29.74349959,2681907.606510695,2681907.606510695,1,149.6999999999971,41.0,108.69999999999709,149.6999999999971,199.50714285714224
2025-12-14 07:00:00,90151.1,90291.1,90085.2,90256.1,114.17679632,10301894.803587832,10301894.803587832,1,205.90000000000873,140.0,65.90000000000873,205.90000000000873,205.94285714285692
2025-12-14 08:00:00,90256.0,90307.6,90104.9,90114.9,205.22209862,18514264.553928792,18514264.553928792,1,202.70000000001164,51.5,151.20000000001164,202.70000000001164,209.95714285714348
2025-12-14 09:00:00,90115.0,90158.0,90007.0,90025.9,57.74668524,5201026.422919042,5201026.422919042,1,151.0,43.10000000000582,107.89999999999418,151.0,212.4000000000004
2025-12-14 10:00:00,90026.0,90133.3,89786.4,89857.0,356.79876067,32105372.509623506,32105372.509623506,1,346.90000000000873,107.40000000000873,239.5,346.90000000000873,224.90000000000146
2025-12-14 11:00:00,89857.1,89857.1,88632.9,89355.0,716.52021275,63954194.407106409,63954194.407106409,1,1224.2000000000116,0.10000000000582077,1224.1000000000058,1224.2000000000116,281.8285714285739
2025-12-14 12:00:00,89355.1,89662.6,89100.0,89418.5,142.95710451,12781971.11729148,12781971.11729148,1,562.6000000000058,307.6000000000058,255.0,562.6000000000058,304.16428571428906
2025-12-14 13:00:00,89417.1,89498.0,89083.9,89484.1,93.66485585,8360013.411800478,8360013.411800478,1,414.1000000000058,79.5,334.6000000000058,414.1000000000058,318.6000000000037
2025-12-14 14:00:00,89484.1,89559.4,88884.0,89112.1,169.43066117,15107379.798435572,15107379.798435572,1,675.3999999999942,75.29999999998836,600.1000000000058,675.3999999999942,341.84285714286045
2025-12-14 15:00:00,89112.1,89180.0,88880.0,89027.7,76.91047471,6846523.108176784,6846523.108176784,1,300.0,67.89999999999418,232.10000000000582,300.0,345.7214285714321
2025-12-14 16:00:00,89027.7,89397.9,88505.4,88832.9,191.920253,17061467.715589613,17061467.715589613,1,892.5,370.1999999999971,522.3000000000029,892.5,398.9857142857176
2025-12-14 17:00:00,88833.0,89029.2,88600.0,88804.9,135.47267914,12032329.846435835,12032329.846435835,1,429.1999999999971,196.3000000000029,232.89999999999418,429.1999999999971,425.15714285714574
2025-12-14 18:00:00,88805.0,89082.4,88720.2,89004.7,85.78959057,7626048.986024495,7626048.986024495,1,362.1999999999971,277.5,84.69999999999709,362.1999999999971,435.67142857143125
2025-12-14 19:00:00,89004.7,89004.7,88465.9,88644.0,104.8662025,9297334.104744129,9297334.104744129,1,538.8000000000029,0.0,538.8000000000029,538.8000000000029,461.0857142857172
2025-12-14 20:00:00,88644.1,88833.0,88350.0,88556.9,147.3055239,13051626.840066244,13051626.840066244,1,483.0,189.0,294.0,483.0,484.89285714286024
2025-12-14 21:00:00,88557.0,88711.6,88342.4,88444.0,66.05346172,5847611.748482705,5847611.748482705,1,369.20000000001164,154.70000000001164,214.5,369.20000000001164,496.5571428571462
2025-12-14 22:00:00,88444.1,88604.9,88018.0,88411.0,162.34966857,14332668.440990824,14332668.440990824,1,586.8999999999942,160.89999999999418,426.0,586.8999999999942,524.000000000002
2025-12-10 19:00:00,92499.6,93283.2,91685.5,92959.6,972.23919566,90090268.073227589,90090268.073227589,1,1597.699999999997,,,1597.699999999997,1597.699999999997
2025-12-10 20:00:00,92959.7,94495.2,92260.0,92453.3,804.77893571,75194775.672259686,75194775.672259686,1,2235.199999999997,1535.5999999999913,699.6000000000058,2235.199999999997,1916.449999999997
2025-12-10 21:00:00,92453.2,92772.6,91873.8,92351.4,241.87182423,22321154.565788121,22321154.565788121,1,898.8000000000029,319.3000000000029,579.5,898.8000000000029,1577.2333333333324
2025-12-10 22:00:00,92351.5,92695.4,91953.7,92514.9,167.87256569,15508749.722818461,15508749.722818461,1,741.6999999999971,344.0,397.6999999999971,741.6999999999971,1368.3499999999985
2025-12-10 23:00:00,92514.9,92592.9,91938.1,92013.7,173.18754256,15964940.66082367,15964940.66082367,1,654.7999999999884,78.0,576.7999999999884,654.7999999999884,1225.6399999999965
2025-12-11 00:00:00,92013.6,92082.8,91048.1,91385.2,335.30472018,30694976.096124609,30694976.096124609,1,1034.699999999997,69.10000000000582,965.5999999999913,1034.699999999997,1193.8166666666632
2025-12-11 01:00:00,91385.3,91408.0,90653.4,90673.8,279.1833207,25392865.860305077,25392865.860305077,1,754.6000000000058,22.80000000000291,731.8000000000029,754.6000000000058,1131.0714285714264
2025-12-11 02:00:00,90673.8,90673.8,89872.5,90070.3,512.38051515,46206933.823016915,46206933.823016915,1,801.3000000000029,0.0,801.3000000000029,801.3000000000029,1089.8499999999985
2025-12-11 03:00:00,90070.5,90083.5,89389.8,89881.1,397.6365867,35697833.048224359,35697833.048224359,1,693.6999999999971,13.19999999999709,680.5,693.6999999999971,1045.8333333333317
2025-12-11 04:00:00,89881.0,90483.3,89688.0,90437.0,290.53147763,26164546.266505642,26164546.266505642,1,795.3000000000029,602.1999999999971,193.10000000000582,795.3000000000029,1020.7799999999988
2025-12-11 05:00:00,90437.0,90437.0,90066.1,90303.8,199.17020937,17972015.207016023,17972015.207016023,1,370.8999999999942,0.0,370.8999999999942,370.8999999999942,961.6999999999985
2025-12-11 06:00:00,90303.8,90445.9,89954.9,90292.2,187.19643679,16889051.661337297,16889051.661337297,1,491.0,142.09999999999127,348.90000000000873,491.0,922.4749999999985
2025-12-11 07:00:00,90292.3,90329.2,90057.2,90271.0,271.86738121,24519779.769281561,24519779.769281561,1,272.0,37.0,235.0,272.0,872.4384615384602
2025-12-11 08:00:00,90270.9,90271.0,89964.9,90186.4,126.31077616,11381625.647527792,11381625.647527792,1,306.1000000000058,0.0,306.1000000000058,306.1000000000058,831.9857142857135
2025-12-11 09:00:00,90186.5,90523.3,90111.9,90233.0,800.5978254,72292353.878754779,72292353.878754779,1,411.40000000000873,336.90000000000873,74.5,411.40000000000873,747.25
2025-12-11 10:00:00,90233.3,90347.1,90170.0,90317.3,155.557461,14037011.886429888,14037011.886429888,1,177.10000000000582,114.10000000000582,63.0,177.10000000000582,600.2428571428578
2025-12-11 11:00:00,90317.4,90414.0,90204.1,90234.8,551.81074857,49834622.130277799,49834622.130277799,1,209.89999999999418,96.69999999999709,113.19999999999709,209.89999999999418,551.0357142857143
2025-12-11 12:00:00,90234.8,90381.3,90008.0,90029.0,148.4028197,13390022.619956618,13390022.619956618,1,373.3000000000029,146.5,226.8000000000029,373.3000000000029,524.721428571429
2025-12-11 13:00:00,90029.1,90170.0,89876.1,90101.0,150.53066277,13555048.64929751,13555048.64929751,1,293.8999999999942,141.0,152.89999999999418,293.8999999999942,498.942857142858
2025-12-11 14:00:00,90101.0,90484.2,89255.9,89548.1,500.5589693,45038872.432556601,45038872.432556601,1,1228.300000000003,383.1999999999971,845.1000000000058,1228.300000000003,512.7714285714299
2025-12-11 15:00:00,89548.1,90642.7,89408.0,89875.1,485.2247252,43702912.661672633,43702912.661672633,1,1234.699999999997,1094.5999999999913,140.10000000000582,1234.699999999997,547.0642857142864
2025-12-11 16:00:00,89875.0,90180.2,89333.3,89736.9,204.82634057,18369819.972935307,18369819.972935307,1,846.8999999999942,305.09999999999127,541.8000000000029,846.8999999999942,550.3214285714286
2025-12-11 17:00:00,89737.1,90255.1,89630.0,89979.4,161.71465129,14553734.661389972,14553734.661389972,1,625.1000000000058,518.2000000000116,106.89999999999418,625.1000000000058,545.4214285714291
2025-12-11 18:00:00,89971.6,91183.4,89891.1,90705.9,335.91158054,30446395.022196414,30446395.022196414,1,1292.2999999999884,1204.0,88.29999999998836,1292.2999999999884,580.9214285714281
2025-12-11 19:00:00,90705.7,91541.2,90583.1,90835.6,281.02742739,25605873.434216176,25605873.434216176,1,958.0999999999913,835.3000000000029,122.79999999998836,958.0999999999913,622.8642857142851
2025-12-11 20:00:00,90835.6,91829.2,90802.5,91781.4,186.21123828,17014826.359211654,17014826.359211654,1,1026.699999999997,993.5999999999913,33.10000000000582,1026.699999999997,661.1285714285706
2025-12-11 21:00:00,91789.2,93564.4,91703.3,92867.6,620.82572248,57645800.030164525,57645800.030164525,1,1861.0999999999913,1783.0,78.09999999999127,1861.0999999999913,774.6357142857129
2025-12-11 22:00:00,92867.7,93198.2,92097.6,92371.5,376.20738183,34826129.694224646,34826129.694224646,1,1100.5999999999913,330.59999999999127,770.0,1100.5999999999913,831.3857142857117
2025-12-11 23:00:00,92373.3,92804.5,92337.1,92522.3,399.27092309,36961470.86925368,36961470.86925368,1,467.3999999999942,433.0,34.39999999999418,467.3999999999942,835.3857142857107
2025-12-12 00:00:00,92522.2,92658.5,91280.4,91577.7,358.3292851,33005770.886541213,33005770.886541213,1,1378.1000000000058,136.1999999999971,1241.9000000000087,1378.1000000000058,921.171428571425
2025-12-12 01:00:00,91577.7,92317.0,91545.9,92171.8,210.07472527,19322611.47707797,19322611.47707797,1,771.1000000000058,739.3000000000029,31.80000000000291,771.1000000000058,961.2571428571401
2025-12-12 02:00:00,92171.9,92747.2,91929.1,92584.4,249.48219932,23067183.070103246,23067183.070103246,1,818.0999999999913,575.3999999999942,242.6999999999971,818.0999999999913,993.028571428568
2025-12-12 03:00:00,92584.5,92752.5,92175.0,92275.1,142.86960433,13196568.63684372,13196568.63684372,1,577.5,168.10000000000582,409.3999999999942,577.5,1013.2857142857112
2025-12-12 04:00:00,92274.9,92468.1,92123.0,92397.5,168.48839422,15545834.088353661,15545834.088353661,1,345.1000000000058,193.0,152.10000000000582,345.1000000000058,950.1999999999971
2025-12-12 05:00:00,92397.6,92502.3,92078.6,92443.2,134.01676677,12368300.369900802,12368300.369900802,1,423.6999999999971,104.80000000000291,318.8999999999942,423.6999999999971,892.2714285714256
2025-12-12 06:00:00,92443.2,92719.3,92403.1,92506.6,134.63047044,12466374.304033229,12466374.304033229,1,316.1999999999971,276.1000000000058,40.09999999999127,316.1999999999971,854.364285714283
2025-12-12 07:00:00,92506.7,92562.6,92250.3,92427.1,198.62147521,18363238.511646634,18363238.511646634,1,312.3000000000029,56.0,256.3000000000029,312.3000000000029,832.0214285714256
2025-12-12 08:00:00,92427.2,92479.1,92103.1,92347.4,159.40891768,14712170.015336549,14712170.015336549,1,376.0,52.0,324.0,376.0,766.5714285714265
2025-12-12 09:00:00,92346.9,92559.3,92088.5,92522.5,103.49380457,9554816.047931844,9554816.047931844,1,470.8000000000029,211.90000000000873,258.8999999999942,470.8000000000029,731.7642857142845
2025-12-12 10:00:00,92522.6,92635.6,92413.3,92493.0,183.00963292,16931789.121531478,16931789.121531478,1,222.3000000000029,113.10000000000582,109.19999999999709,222.3000000000029,674.307142857142
2025-12-12 11:00:00,92493.1,92493.1,92276.3,92411.9,62.00548005,5727795.329903857,5727795.329903857,1,216.8000000000029,0.10000000000582077,216.6999999999971,216.8000000000029,556.8571428571429
2025-12-12 12:00:00,92411.8,92425.1,92085.9,92425.1,165.86361655,15300734.520564509,15300734.520564509,1,339.20000000001164,13.200000000011642,326.0,339.20000000001164,502.47142857143
2025-12-12 13:00:00,92425.1,92515.6,92250.3,92311.9,129.70306513,11981370.903314232,11981370.903314232,1,265.3000000000029,90.5,174.8000000000029,265.3000000000029,488.0357142857164
2025-12-12 14:00:00,92311.9,92666.5,91902.5,92445.5,329.62106883,30444218.069092544,30444218.069092544,1,764.0,354.6000000000058,409.3999999999942,764.0,444.1714285714302
2025-12-12 15:00:00,92445.5,92445.5,89777.7,89941.4,1021.78373382,93036374.085344914,93036374.085344914,1,2667.800000000003,0.0,2667.800000000003,2667.800000000003,579.6500000000015
2025-12-12 16:00:00,89933.7,90439.5,89466.6,90040.1,539.75715832,48513696.953162542,48513696.953162542,1,972.8999999999942,498.1000000000058,474.79999999998836,972.8999999999942,590.7071428571445
2025-12-12 17:00:00,90040.2,90622.7,89822.6,90075.6,335.39684545,30256725.64032449,30256725.64032449,1,800.0999999999913,582.5999999999913,217.5,800.0999999999913,606.6071428571439
2025-12-12 18:00:00,90075.7,90659.9,90039.0,90366.0,350.93473832,31740116.294646766,31740116.294646766,1,620.8999999999942,584.2999999999884,36.60000000000582,620.8999999999942,626.307142857143
2025-12-12 19:00:00,90366.1,90398.9,90003.9,90197.1,179.75798504,16211958.551396132,16211958.551396132,1,395.0,32.89999999999418,362.1000000000058,395.0,624.2571428571433
2025-12-12 20:00:00,90197.1,90329.8,89888.8,90211.3,143.77395516,12959956.555020375,12959956.555020375,1,441.0,132.6999999999971,308.3000000000029,441.0,633.1714285714291
2025-12-12 21:00:00,90211.2,90347.6,90100.0,90192.0,100.17990399,9039494.043334048,9039494.043334048,1,247.60000000000582,136.3000000000029,111.30000000000291,247.60000000000582,628.5500000000009
2025-12-12 22:00:00,90186.0,90392.3,90184.7,90339.7,67.57906932,6102963.808878532,6102963.808878532,1,207.60000000000582,200.3000000000029,7.30000000000291,207.60000000000582,616.5214285714299
2025-12-12 23:00:00,90339.9,90387.0,90225.1,90268.1,43.02290384,3886376.254715724,3886376.254715724,1,161.89999999999418,47.30000000000291,114.59999999999127,161.89999999999418,594.4571428571435
2025-12-13 00:00:00,90268.1,90436.5,90206.9,90317.6,72.87979636,6583395.67486858,6583395.67486858,1,229.60000000000582,168.39999999999418,61.20000000001164,229.60000000000582,594.9785714285723
2025-12-13 01:00:00,90317.6,90360.0,90112.4,90224.9,53.88380277,4863702.025621173,4863702.025621173,1,247.60000000000582,42.39999999999418,205.20000000001164,247.60000000000582,597.1785714285725
2025-12-13 02:00:00,90225.0,90318.0,90206.2,90227.1,85.2432324,7693250.624685539,7693250.624685539,1,111.80000000000291,93.10000000000582,18.69999999999709,111.80000000000291,580.9357142857147
2025-12-13 03:00:00,90227.1,90469.9,90196.0,90341.9,135.46026992,12236562.817418255,12236562.817418255,1,273.8999999999942,242.79999999998836,31.10000000000582,273.8999999999942,581.5499999999998
2025-12-13 04:00:00,90341.9,90421.0,90271.5,90375.9,66.51295067,6009310.843948976,6009310.843948976,1,149.5,79.10000000000582,70.39999999999418,149.5,537.6571428571426
2025-12-13 05:00:00,90375.9,90394.0,90246.5,90340.4,162.18434809,14647563.439590031,14647563.439590031,1,147.5,18.10000000000582,129.39999999999418,147.5,357.63571428571385
2025-12-13 06:00:00,90340.5,90370.7,90251.6,90348.1,116.02051912,10478012.26595885,10478012.26595885,1,119.09999999999127,30.30000000000291,88.79999999998836,119.09999999999127,296.64999999999935
2025-12-13 07:00:00,90348.2,90416.9,90311.9,90330.0,559.66099937,50572556.425659322,50572556.425659322,1,105.0,68.79999999998836,36.20000000001164,105.0,247.0
2025-12-13 08:00:00,90330.1,90576.7,90314.6,90450.9,239.47088858,21661720.310185571,21661720.310185571,1,262.09999999999127,246.6999999999971,15.39999999999418,262.09999999999127,221.37142857142837
2025-12-13 09:00:00,90450.9,90513.5,90361.9,90415.0,142.43273878,12877980.376253072,12877980.376253072,1,151.60000000000582,62.60000000000582,89.0,151.60000000000582,203.9857142857145
2025-12-13 10:00:00,90415.1,90638.2,90415.1,90592.9,183.38279702,16595402.929461443,16595402.929461443,1,223.09999999999127,223.1999999999971,0.10000000000582077,223.1999999999971,188.42857142857142
2025-12-13 11:00:00,90592.9,90611.8,90300.0,90341.7,106.74044916,9656012.031319075,9656012.031319075,1,311.8000000000029,18.90000000000873,292.8999999999942,311.8000000000029,193.0142857142855
2025-12-13 12:00:00,90341.7,90486.0,90294.5,90355.1,54.66533858,4940466.232547556,4940466.232547556,1,191.5,144.3000000000029,47.19999999999709,191.5,191.8642857142851
2025-12-13 13:00:00,90355.1,90468.8,90200.0,90262.0,297.84272778,26904469.798221174,26904469.798221174,1,268.8000000000029,113.69999999999709,155.10000000000582,268.8000000000029,199.5
2025-12-13 14:00:00,90262.0,90348.1,89930.1,90086.0,152.71142529,13765120.287583045,13765120.287583045,1,418.0,86.10000000000582,331.8999999999942,418.0,212.95714285714243
2025-12-13 15:00:00,90085.9,90293.1,90038.7,90100.7,74.60630179,6725709.608373839,6725709.608373839,1,254.40000000000873,207.10000000000582,47.30000000000291,254.40000000000873,213.44285714285692
2025-12-13 16:00:00,90100.6,90275.0,90032.5,90097.6,47.03441241,4239349.313035252,4239349.313035252,1,242.5,174.3000000000029,68.19999999999709,242.5,222.778571428571
2025-12-13 17:00:00,90097.6,90105.8,89990.0,90054.0,36.70012025,3304003.122741532,3304003.122741532,1,115.80000000000291,8.19999999999709,107.60000000000582,115.80000000000291,211.4857142857145
2025-12-13 18:00:00,90054.1,90190.6,90044.1,90123.9,21.37263691,1926583.75852249,1926583.75852249,1,146.5,136.60000000000582,9.89999999999418,146.5,211.27142857142877
2025-12-13 19:00:00,90124.0,90225.5,90108.7,90182.5,16.58305732,1495351.356629241,1495351.356629241,1,116.80000000000291,101.60000000000582,15.19999999999709,116.80000000000291,209.07857142857185
2025-12-13 20:00:00,90182.4,90215.9,90044.0,90092.6,64.72020751,5836225.620077551,5836225.620077551,1,171.89999999999418,33.39999999999418,138.5,171.89999999999418,212.85000000000062
2025-12-13 21:00:00,90092.6,90192.0,89764.8,90171.5,67.18613368,6043540.506136839,6043540.506136839,1,427.1999999999971,99.39999999999418,327.8000000000029,427.1999999999971,235.86428571428613
2025-12-13 22:00:00,90171.5,90252.4,90002.5,90137.0,37.07301635,3341869.940098472,3341869.940098472,1,249.89999999999418,80.89999999999418,169.0,249.89999999999418,234.99285714285776
2025-12-13 23:00:00,90137.0,90279.0,90067.0,90241.1,25.03486913,2258498.808299851,2258498.808299851,1,212.0,142.0,70.0,212.0,239.30714285714308
2025-12-14 00:00:00,90241.1,90475.0,90125.0,90339.1,107.15131775,9678115.616046229,9678115.616046229,1,350.0,233.89999999999418,116.10000000000582,350.0,248.36428571428613
2025-12-14 01:00:00,90339.1,90458.2,90212.5,90300.4,57.87306423,5228086.693414258,5228086.693414258,1,245.6999999999971,119.09999999999127,126.60000000000582,245.6999999999971,243.64285714285714
2025-12-14 02:00:00,90300.5,90394.0,90247.2,90293.0,36.08459461,3259247.2491152,3259247.2491152,1,146.8000000000029,93.60000000000582,53.19999999999709,146.8000000000029,240.45000000000022
2025-12-14 03:00:00,90293.1,90310.0,90247.2,90266.5,46.3393048,4183271.292433037,4183271.292433037,1,62.80000000000291,17.0,45.80000000000291,62.80000000000291,225.7357142857145
2025-12-14 04:00:00,90266.6,90346.3,90131.3,90205.0,54.69097451,4934947.287390021,4934947.287390021,1,215.0,79.80000000000291,135.1999999999971,215.0,211.2357142857145
2025-12-14 05:00:00,90205.0,90234.0,90051.0,90208.7,72.44141003,6530321.369876209,6530321.369876209,1,183.0,29.0,154.0,183.0,206.13571428571387
2025-12-14 06:00:00,90208.7,90249.7,90100.0,90151.1,29.74349959,2681907.606510695,2681907.606510695,1,149.6999999999971,41.0,108.69999999999709,149.6999999999971,199.50714285714224
2025-12-14 07:00:00,90151.1,90291.1,90085.2,90256.1,114.17679632,10301894.803587832,10301894.803587832,1,205.90000000000873,140.0,65.90000000000873,205.90000000000873,205.94285714285692
2025-12-14 08:00:00,90256.0,90307.6,90104.9,90114.9,205.22209862,18514264.553928792,18514264.553928792,1,202.70000000001164,51.5,151.20000000001164,202.70000000001164,209.95714285714348
2025-12-14 09:00:00,90115.0,90158.0,90007.0,90025.9,57.74668524,5201026.422919042,5201026.422919042,1,151.0,43.10000000000582,107.89999999999418,151.0,212.4000000000004
2025-12-14 10:00:00,90026.0,90133.3,89786.4,89857.0,356.79876067,32105372.509623506,32105372.509623506,1,346.90000000000873,107.40000000000873,239.5,346.90000000000873,224.90000000000146
2025-12-14 11:00:00,89857.1,89857.1,88632.9,89355.0,716.52021275,63954194.407106409,63954194.407106409,1,1224.2000000000116,0.10000000000582077,1224.1000000000058,1224.2000000000116,281.8285714285739
2025-12-14 12:00:00,89355.1,89662.6,89100.0,89418.5,142.95710451,12781971.11729148,12781971.11729148,1,562.6000000000058,307.6000000000058,255.0,562.6000000000058,304.16428571428906
2025-12-14 13:00:00,89417.1,89498.0,89083.9,89484.1,93.66485585,8360013.411800478,8360013.411800478,1,414.1000000000058,79.5,334.6000000000058,414.1000000000058,318.6000000000037
2025-12-14 14:00:00,89484.1,89559.4,88884.0,89112.1,169.43066117,15107379.798435572,15107379.798435572,1,675.3999999999942,75.29999999998836,600.1000000000058,675.3999999999942,341.84285714286045
2025-12-14 15:00:00,89112.1,89180.0,88880.0,89027.7,76.91047471,6846523.108176784,6846523.108176784,1,300.0,67.89999999999418,232.10000000000582,300.0,345.7214285714321
2025-12-14 16:00:00,89027.7,89397.9,88505.4,88832.9,191.920253,17061467.715589613,17061467.715589613,1,892.5,370.1999999999971,522.3000000000029,892.5,398.9857142857176
2025-12-14 17:00:00,88833.0,89029.2,88600.0,88804.9,135.47267914,12032329.846435835,12032329.846435835,1,429.1999999999971,196.3000000000029,232.89999999999418,429.1999999999971,425.15714285714574
2025-12-14 18:00:00,88805.0,89082.4,88720.2,89004.7,85.78959057,7626048.986024495,7626048.986024495,1,362.1999999999971,277.5,84.69999999999709,362.1999999999971,435.67142857143125
2025-12-14 19:00:00,89004.7,89004.7,88465.9,88644.0,104.8662025,9297334.104744129,9297334.104744129,1,538.8000000000029,0.0,538.8000000000029,538.8000000000029,461.0857142857172
2025-12-14 20:00:00,88644.1,88833.0,88350.0,88556.9,147.3055239,13051626.840066244,13051626.840066244,1,483.0,189.0,294.0,483.0,484.89285714286024
2025-12-14 21:00:00,88557.0,88711.6,88342.4,88444.0,66.05346172,5847611.748482705,5847611.748482705,1,369.20000000001164,154.70000000001164,214.5,369.20000000001164,496.5571428571462
2025-12-14 22:00:00,88444.1,88604.9,88018.0,88411.0,162.34966857,14332668.440990824,14332668.440990824,1,586.8999999999942,160.89999999999418,426.0,586.8999999999942,524.000000000002
2025-12-10 19:00:00,92499.6,93283.2,91685.5,92959.6,972.23919566,90090268.073227589,90090268.073227589,1,1597.699999999997,,,1597.699999999997,1597.699999999997
2025-12-10 20:00:00,92959.7,94495.2,92260.0,92453.3,804.77893571,75194775.672259686,75194775.672259686,1,2235.199999999997,1535.5999999999913,699.6000000000058,2235.199999999997,1916.449999999997
2025-12-10 21:00:00,92453.2,92772.6,91873.8,92351.4,241.87182423,22321154.565788121,22321154.565788121,1,898.8000000000029,319.3000000000029,579.5,898.8000000000029,1577.2333333333324
2025-12-10 22:00:00,92351.5,92695.4,91953.7,92514.9,167.87256569,15508749.722818461,15508749.722818461,1,741.6999999999971,344.0,397.6999999999971,741.6999999999971,1368.3499999999985
2025-12-10 23:00:00,92514.9,92592.9,91938.1,92013.7,173.18754256,15964940.66082367,15964940.66082367,1,654.7999999999884,78.0,576.7999999999884,654.7999999999884,1225.6399999999965
2025-12-11 00:00:00,92013.6,92082.8,91048.1,91385.2,335.30472018,30694976.096124609,30694976.096124609,1,1034.699999999997,69.10000000000582,965.5999999999913,1034.699999999997,1193.8166666666632
2025-12-11 01:00:00,91385.3,91408.0,90653.4,90673.8,279.1833207,25392865.860305077,25392865.860305077,1,754.6000000000058,22.80000000000291,731.8000000000029,754.6000000000058,1131.0714285714264
2025-12-11 02:00:00,90673.8,90673.8,89872.5,90070.3,512.38051515,46206933.823016915,46206933.823016915,1,801.3000000000029,0.0,801.3000000000029,801.3000000000029,1089.8499999999985
2025-12-11 03:00:00,90070.5,90083.5,89389.8,89881.1,397.6365867,35697833.048224359,35697833.048224359,1,693.6999999999971,13.19999999999709,680.5,693.6999999999971,1045.8333333333317
2025-12-11 04:00:00,89881.0,90483.3,89688.0,90437.0,290.53147763,26164546.266505642,26164546.266505642,1,795.3000000000029,602.1999999999971,193.10000000000582,795.3000000000029,1020.7799999999988
2025-12-11 05:00:00,90437.0,90437.0,90066.1,90303.8,199.17020937,17972015.207016023,17972015.207016023,1,370.8999999999942,0.0,370.8999999999942,370.8999999999942,961.6999999999985
2025-12-11 06:00:00,90303.8,90445.9,89954.9,90292.2,187.19643679,16889051.661337297,16889051.661337297,1,491.0,142.09999999999127,348.90000000000873,491.0,922.4749999999985
2025-12-11 07:00:00,90292.3,90329.2,90057.2,90271.0,271.86738121,24519779.769281561,24519779.769281561,1,272.0,37.0,235.0,272.0,872.4384615384602
2025-12-11 08:00:00,90270.9,90271.0,89964.9,90186.4,126.31077616,11381625.647527792,11381625.647527792,1,306.1000000000058,0.0,306.1000000000058,306.1000000000058,831.9857142857135
2025-12-11 09:00:00,90186.5,90523.3,90111.9,90233.0,800.5978254,72292353.878754779,72292353.878754779,1,411.40000000000873,336.90000000000873,74.5,411.40000000000873,747.25
2025-12-11 10:00:00,90233.3,90347.1,90170.0,90317.3,155.557461,14037011.886429888,14037011.886429888,1,177.10000000000582,114.10000000000582,63.0,177.10000000000582,600.2428571428578
2025-12-11 11:00:00,90317.4,90414.0,90204.1,90234.8,551.81074857,49834622.130277799,49834622.130277799,1,209.89999999999418,96.69999999999709,113.19999999999709,209.89999999999418,551.0357142857143
2025-12-11 12:00:00,90234.8,90381.3,90008.0,90029.0,148.4028197,13390022.619956618,13390022.619956618,1,373.3000000000029,146.5,226.8000000000029,373.3000000000029,524.721428571429
2025-12-11 13:00:00,90029.1,90170.0,89876.1,90101.0,150.53066277,13555048.64929751,13555048.64929751,1,293.8999999999942,141.0,152.89999999999418,293.8999999999942,498.942857142858
2025-12-11 14:00:00,90101.0,90484.2,89255.9,89548.1,500.5589693,45038872.432556601,45038872.432556601,1,1228.300000000003,383.1999999999971,845.1000000000058,1228.300000000003,512.7714285714299
2025-12-11 15:00:00,89548.1,90642.7,89408.0,89875.1,485.2247252,43702912.661672633,43702912.661672633,1,1234.699999999997,1094.5999999999913,140.10000000000582,1234.699999999997,547.0642857142864
2025-12-11 16:00:00,89875.0,90180.2,89333.3,89736.9,204.82634057,18369819.972935307,18369819.972935307,1,846.8999999999942,305.09999999999127,541.8000000000029,846.8999999999942,550.3214285714286
2025-12-11 17:00:00,89737.1,90255.1,89630.0,89979.4,161.71465129,14553734.661389972,14553734.661389972,1,625.1000000000058,518.2000000000116,106.89999999999418,625.1000000000058,545.4214285714291
2025-12-11 18:00:00,89971.6,91183.4,89891.1,90705.9,335.91158054,30446395.022196414,30446395.022196414,1,1292.2999999999884,1204.0,88.29999999998836,1292.2999999999884,580.9214285714281
2025-12-11 19:00:00,90705.7,91541.2,90583.1,90835.6,281.02742739,25605873.434216176,25605873.434216176,1,958.0999999999913,835.3000000000029,122.79999999998836,958.0999999999913,622.8642857142851
2025-12-11 20:00:00,90835.6,91829.2,90802.5,91781.4,186.21123828,17014826.359211654,17014826.359211654,1,1026.699999999997,993.5999999999913,33.10000000000582,1026.699999999997,661.1285714285706
2025-12-11 21:00:00,91789.2,93564.4,91703.3,92867.6,620.82572248,57645800.030164525,57645800.030164525,1,1861.0999999999913,1783.0,78.09999999999127,1861.0999999999913,774.6357142857129
2025-12-11 22:00:00,92867.7,93198.2,92097.6,92371.5,376.20738183,34826129.694224646,34826129.694224646,1,1100.5999999999913,330.59999999999127,770.0,1100.5999999999913,831.3857142857117
2025-12-11 23:00:00,92373.3,92804.5,92337.1,92522.3,399.27092309,36961470.86925368,36961470.86925368,1,467.3999999999942,433.0,34.39999999999418,467.3999999999942,835.3857142857107
2025-12-12 00:00:00,92522.2,92658.5,91280.4,91577.7,358.3292851,33005770.886541213,33005770.886541213,1,1378.1000000000058,136.1999999999971,1241.9000000000087,1378.1000000000058,921.171428571425
2025-12-12 01:00:00,91577.7,92317.0,91545.9,92171.8,210.07472527,19322611.47707797,19322611.47707797,1,771.1000000000058,739.3000000000029,31.80000000000291,771.1000000000058,961.2571428571401
2025-12-12 02:00:00,92171.9,92747.2,91929.1,92584.4,249.48219932,23067183.070103246,23067183.070103246,1,818.0999999999913,575.3999999999942,242.6999999999971,818.0999999999913,993.028571428568
2025-12-12 03:00:00,92584.5,92752.5,92175.0,92275.1,142.86960433,13196568.63684372,13196568.63684372,1,577.5,168.10000000000582,409.3999999999942,577.5,1013.2857142857112
2025-12-12 04:00:00,92274.9,92468.1,92123.0,92397.5,168.48839422,15545834.088353661,15545834.088353661,1,345.1000000000058,193.0,152.10000000000582,345.1000000000058,950.1999999999971
2025-12-12 05:00:00,92397.6,92502.3,92078.6,92443.2,134.01676677,12368300.369900802,12368300.369900802,1,423.6999999999971,104.80000000000291,318.8999999999942,423.6999999999971,892.2714285714256
2025-12-12 06:00:00,92443.2,92719.3,92403.1,92506.6,134.63047044,12466374.304033229,12466374.304033229,1,316.1999999999971,276.1000000000058,40.09999999999127,316.1999999999971,854.364285714283
2025-12-12 07:00:00,92506.7,92562.6,92250.3,92427.1,198.62147521,18363238.511646634,18363238.511646634,1,312.3000000000029,56.0,256.3000000000029,312.3000000000029,832.0214285714256
2025-12-12 08:00:00,92427.2,92479.1,92103.1,92347.4,159.40891768,14712170.015336549,14712170.015336549,1,376.0,52.0,324.0,376.0,766.5714285714265
2025-12-12 09:00:00,92346.9,92559.3,92088.5,92522.5,103.49380457,9554816.047931844,9554816.047931844,1,470.8000000000029,211.90000000000873,258.8999999999942,470.8000000000029,731.7642857142845
2025-12-12 10:00:00,92522.6,92635.6,92413.3,92493.0,183.00963292,16931789.121531478,16931789.121531478,1,222.3000000000029,113.10000000000582,109.19999999999709,222.3000000000029,674.307142857142
2025-12-12 11:00:00,92493.1,92493.1,92276.3,92411.9,62.00548005,5727795.329903857,5727795.329903857,1,216.8000000000029,0.10000000000582077,216.6999999999971,216.8000000000029,556.8571428571429
2025-12-12 12:00:00,92411.8,92425.1,92085.9,92425.1,165.86361655,15300734.520564509,15300734.520564509,1,339.20000000001164,13.200000000011642,326.0,339.20000000001164,502.47142857143
2025-12-12 13:00:00,92425.1,92515.6,92250.3,92311.9,129.70306513,11981370.903314232,11981370.903314232,1,265.3000000000029,90.5,174.8000000000029,265.3000000000029,488.0357142857164
2025-12-12 14:00:00,92311.9,92666.5,91902.5,92445.5,329.62106883,30444218.069092544,30444218.069092544,1,764.0,354.6000000000058,409.3999999999942,764.0,444.1714285714302
2025-12-12 15:00:00,92445.5,92445.5,89777.7,89941.4,1021.78373382,93036374.085344914,93036374.085344914,1,2667.800000000003,0.0,2667.800000000003,2667.800000000003,579.6500000000015
2025-12-12 16:00:00,89933.7,90439.5,89466.6,90040.1,539.75715832,48513696.953162542,48513696.953162542,1,972.8999999999942,498.1000000000058,474.79999999998836,972.8999999999942,590.7071428571445
2025-12-12 17:00:00,90040.2,90622.7,89822.6,90075.6,335.39684545,30256725.64032449,30256725.64032449,1,800.0999999999913,582.5999999999913,217.5,800.0999999999913,606.6071428571439
2025-12-12 18:00:00,90075.7,90659.9,90039.0,90366.0,350.93473832,31740116.294646766,31740116.294646766,1,620.8999999999942,584.2999999999884,36.60000000000582,620.8999999999942,626.307142857143
2025-12-12 19:00:00,90366.1,90398.9,90003.9,90197.1,179.75798504,16211958.551396132,16211958.551396132,1,395.0,32.89999999999418,362.1000000000058,395.0,624.2571428571433
2025-12-12 20:00:00,90197.1,90329.8,89888.8,90211.3,143.77395516,12959956.555020375,12959956.555020375,1,441.0,132.6999999999971,308.3000000000029,441.0,633.1714285714291
2025-12-12 21:00:00,90211.2,90347.6,90100.0,90192.0,100.17990399,9039494.043334048,9039494.043334048,1,247.60000000000582,136.3000000000029,111.30000000000291,247.60000000000582,628.5500000000009
2025-12-12 22:00:00,90186.0,90392.3,90184.7,90339.7,67.57906932,6102963.808878532,6102963.808878532,1,207.60000000000582,200.3000000000029,7.30000000000291,207.60000000000582,616.5214285714299
2025-12-12 23:00:00,90339.9,90387.0,90225.1,90268.1,43.02290384,3886376.254715724,3886376.254715724,1,161.89999999999418,47.30000000000291,114.59999999999127,161.89999999999418,594.4571428571435
2025-12-13 00:00:00,90268.1,90436.5,90206.9,90317.6,72.87979636,6583395.67486858,6583395.67486858,1,229.60000000000582,168.39999999999418,61.20000000001164,229.60000000000582,594.9785714285723
2025-12-13 01:00:00,90317.6,90360.0,90112.4,90224.9,53.88380277,4863702.025621173,4863702.025621173,1,247.60000000000582,42.39999999999418,205.20000000001164,247.60000000000582,597.1785714285725
2025-12-13 02:00:00,90225.0,90318.0,90206.2,90227.1,85.2432324,7693250.624685539,7693250.624685539,1,111.80000000000291,93.10000000000582,18.69999999999709,111.80000000000291,580.9357142857147
2025-12-13 03:00:00,90227.1,90469.9,90196.0,90341.9,135.46026992,12236562.817418255,12236562.817418255,1,273.8999999999942,242.79999999998836,31.10000000000582,273.8999999999942,581.5499999999998
2025-12-13 04:00:00,90341.9,90421.0,90271.5,90375.9,66.51295067,6009310.843948976,6009310.843948976,1,149.5,79.10000000000582,70.39999999999418,149.5,537.6571428571426
2025-12-13 05:00:00,90375.9,90394.0,90246.5,90340.4,162.18434809,14647563.439590031,14647563.439590031,1,147.5,18.10000000000582,129.39999999999418,147.5,357.63571428571385
2025-12-13 06:00:00,90340.5,90370.7,90251.6,90348.1,116.02051912,10478012.26595885,10478012.26595885,1,119.09999999999127,30.30000000000291,88.79999999998836,119.09999999999127,296.64999999999935
2025-12-13 07:00:00,90348.2,90416.9,90311.9,90330.0,559.66099937,50572556.425659322,50572556.425659322,1,105.0,68.79999999998836,36.20000000001164,105.0,247.0
2025-12-13 08:00:00,90330.1,90576.7,90314.6,90450.9,239.47088858,21661720.310185571,21661720.310185571,1,262.09999999999127,246.6999999999971,15.39999999999418,262.09999999999127,221.37142857142837
2025-12-13 09:00:00,90450.9,90513.5,90361.9,90415.0,142.43273878,12877980.376253072,12877980.376253072,1,151.60000000000582,62.60000000000582,89.0,151.60000000000582,203.9857142857145
2025-12-13 10:00:00,90415.1,90638.2,90415.1,90592.9,183.38279702,16595402.929461443,16595402.929461443,1,223.09999999999127,223.1999999999971,0.10000000000582077,223.1999999999971,188.42857142857142
2025-12-13 11:00:00,90592.9,90611.8,90300.0,90341.7,106.74044916,9656012.031319075,9656012.031319075,1,311.8000000000029,18.90000000000873,292.8999999999942,311.8000000000029,193.0142857142855
2025-12-13 12:00:00,90341.7,90486.0,90294.5,90355.1,54.66533858,4940466.232547556,4940466.232547556,1,191.5,144.3000000000029,47.19999999999709,191.5,191.8642857142851
2025-12-13 13:00:00,90355.1,90468.8,90200.0,90262.0,297.84272778,26904469.798221174,26904469.798221174,1,268.8000000000029,113.69999999999709,155.10000000000582,268.8000000000029,199.5
2025-12-13 14:00:00,90262.0,90348.1,89930.1,90086.0,152.71142529,13765120.287583045,13765120.287583045,1,418.0,86.10000000000582,331.8999999999942,418.0,212.95714285714243
2025-12-13 15:00:00,90085.9,90293.1,90038.7,90100.7,74.60630179,6725709.608373839,6725709.608373839,1,254.40000000000873,207.10000000000582,47.30000000000291,254.40000000000873,213.44285714285692
2025-12-13 16:00:00,90100.6,90275.0,90032.5,90097.6,47.03441241,4239349.313035252,4239349.313035252,1,242.5,174.3000000000029,68.19999999999709,242.5,222.778571428571
2025-12-13 17:00:00,90097.6,90105.8,89990.0,90054.0,36.70012025,3304003.122741532,3304003.122741532,1,115.80000000000291,8.19999999999709,107.60000000000582,115.80000000000291,211.4857142857145
2025-12-13 18:00:00,90054.1,90190.6,90044.1,90123.9,21.37263691,1926583.75852249,1926583.75852249,1,146.5,136.60000000000582,9.89999999999418,146.5,211.27142857142877
2025-12-13 19:00:00,90124.0,90225.5,90108.7,90182.5,16.58305732,1495351.356629241,1495351.356629241,1,116.80000000000291,101.60000000000582,15.19999999999709,116.80000000000291,209.07857142857185
2025-12-13 20:00:00,90182.4,90215.9,90044.0,90092.6,64.72020751,5836225.620077551,5836225.620077551,1,171.89999999999418,33.39999999999418,138.5,171.89999999999418,212.85000000000062
2025-12-13 21:00:00,90092.6,90192.0,89764.8,90171.5,67.18613368,6043540.506136839,6043540.506136839,1,427.1999999999971,99.39999999999418,327.8000000000029,427.1999999999971,235.86428571428613
2025-12-13 22:00:00,90171.5,90252.4,90002.5,90137.0,37.07301635,3341869.940098472,3341869.940098472,1,249.89999999999418,80.89999999999418,169.0,249.89999999999418,234.99285714285776
2025-12-13 23:00:00,90137.0,90279.0,90067.0,90241.1,25.03486913,2258498.808299851,2258498.808299851,1,212.0,142.0,70.0,212.0,239.30714285714308
2025-12-14 00:00:00,90241.1,90475.0,90125.0,90339.1,107.15131775,9678115.616046229,9678115.616046229,1,350.0,233.89999999999418,116.10000000000582,350.0,248.36428571428613
2025-12-14 01:00:00,90339.1,90458.2,90212.5,90300.4,57.87306423,5228086.693414258,5228086.693414258,1,245.6999999999971,119.09999999999127,126.60000000000582,245.6999999999971,243.64285714285714
2025-12-14 02:00:00,90300.5,90394.0,90247.2,90293.0,36.08459461,3259247.2491152,3259247.2491152,1,146.8000000000029,93.60000000000582,53.19999999999709,146.8000000000029,240.45000000000022
2025-12-14 03:00:00,90293.1,90310.0,90247.2,90266.5,46.3393048,4183271.292433037,4183271.292433037,1,62.80000000000291,17.0,45.80000000000291,62.80000000000291,225.7357142857145
2025-12-14 04:00:00,90266.6,90346.3,90131.3,90205.0,54.69097451,4934947.287390021,4934947.287390021,1,215.0,79.80000000000291,135.1999999999971,215.0,211.2357142857145
2025-12-14 05:00:00,90205.0,90234.0,90051.0,90208.7,72.44141003,6530321.369876209,6530321.369876209,1,183.0,29.0,154.0,183.0,206.13571428571387
2025-12-14 06:00:00,90208.7,90249.7,90100.0,90151.1,29.74349959,2681907.606510695,2681907.606510695,1,149.6999999999971,41.0,108.69999999999709,149.6999999999971,199.50714285714224
2025-12-14 07:00:00,90151.1,90291.1,90085.2,90256.1,114.17679632,10301894.803587832,10301894.803587832,1,205.90000000000873,140.0,65.90000000000873,205.90000000000873,205.94285714285692
2025-12-14 08:00:00,90256.0,90307.6,90104.9,90114.9,205.22209862,18514264.553928792,18514264.553928792,1,202.70000000001164,51.5,151.20000000001164,202.70000000001164,209.95714285714348
2025-12-14 09:00:00,90115.0,90158.0,90007.0,90025.9,57.74668524,5201026.422919042,5201026.422919042,1,151.0,43.10000000000582,107.89999999999418,151.0,212.4000000000004
2025-12-14 10:00:00,90026.0,90133.3,89786.4,89857.0,356.79876067,32105372.509623506,32105372.509623506,1,346.90000000000873,107.40000000000873,239.5,346.90000000000873,224.90000000000146
2025-12-14 11:00:00,89857.1,89857.1,88632.9,89355.0,716.52021275,63954194.407106409,63954194.407106409,1,1224.2000000000116,0.10000000000582077,1224.1000000000058,1224.2000000000116,281.8285714285739
2025-12-14 12:00:00,89355.1,89662.6,89100.0,89418.5,142.95710451,12781971.11729148,12781971.11729148,1,562.6000000000058,307.6000000000058,255.0,562.6000000000058,304.16428571428906
2025-12-14 13:00:00,89417.1,89498.0,89083.9,89484.1,93.66485585,8360013.411800478,8360013.411800478,1,414.1000000000058,79.5,334.6000000000058,414.1000000000058,318.6000000000037
2025-12-14 14:00:00,89484.1,89559.4,88884.0,89112.1,169.43066117,15107379.798435572,15107379.798435572,1,675.3999999999942,75.29999999998836,600.1000000000058,675.3999999999942,341.84285714286045
2025-12-14 15:00:00,89112.1,89180.0,88880.0,89027.7,76.91047471,6846523.108176784,6846523.108176784,1,300.0,67.89999999999418,232.10000000000582,300.0,345.7214285714321
2025-12-14 16:00:00,89027.7,89397.9,88505.4,88832.9,191.920253,17061467.715589613,17061467.715589613,1,892.5,370.1999999999971,522.3000000000029,892.5,398.9857142857176
2025-12-14 17:00:00,88833.0,89029.2,88600.0,88804.9,135.47267914,12032329.846435835,12032329.846435835,1,429.1999999999971,196.3000000000029,232.89999999999418,429.1999999999971,425.15714285714574
2025-12-14 18:00:00,88805.0,89082.4,88720.2,89004.7,85.78959057,7626048.986024495,7626048.986024495,1,362.1999999999971,277.5,84.69999999999709,362.1999999999971,435.67142857143125
2025-12-14 19:00:00,89004.7,89004.7,88465.9,88644.0,104.8662025,9297334.104744129,9297334.104744129,1,538.8000000000029,0.0,538.8000000000029,538.8000000000029,461.0857142857172
2025-12-14 20:00:00,88644.1,88833.0,88350.0,88556.9,147.3055239,13051626.840066244,13051626.840066244,1,483.0,189.0,294.0,483.0,484.89285714286024
2025-12-14 21:00:00,88557.0,88711.6,88342.4,88444.0,66.05346172,5847611.748482705,5847611.748482705,1,369.20000000001164,154.70000000001164,214.5,369.20000000001164,496.5571428571462
2025-12-14 22:00:00,88444.1,88604.9,88018.0,88411.0,162.34966857,14332668.440990824,14332668.440990824,1,586.8999999999942,160.89999999999418,426.0,586.8999999999942,524.000000000002
2025-12-10 21:00:00,92453.2,92772.6,91873.8,92351.4,241.87182423,22321154.565788121,22321154.565788121,1,898.8000000000029,,,898.8000000000029,898.8000000000029
2025-12-10 22:00:00,92351.5,92695.4,91953.7,92514.9,167.87256569,15508749.722818461,15508749.722818461,1,741.6999999999971,344.0,397.6999999999971,741.6999999999971,820.25
2025-12-10 23:00:00,92514.9,92592.9,91938.1,92013.7,173.18754256,15964940.66082367,15964940.66082367,1,654.7999999999884,78.0,576.7999999999884,654.7999999999884,765.0999999999962
2025-12-11 00:00:00,92013.6,92082.8,91048.1,91385.2,335.30472018,30694976.096124609,30694976.096124609,1,1034.699999999997,69.10000000000582,965.5999999999913,1034.699999999997,832.4999999999964
2025-12-11 01:00:00,91385.3,91408.0,90653.4,90673.8,279.1833207,25392865.860305077,25392865.860305077,1,754.6000000000058,22.80000000000291,731.8000000000029,754.6000000000058,816.9199999999983
2025-12-11 02:00:00,90673.8,90673.8,89872.5,90070.3,512.38051515,46206933.823016915,46206933.823016915,1,801.3000000000029,0.0,801.3000000000029,801.3000000000029,814.3166666666657
2025-12-11 03:00:00,90070.5,90083.5,89389.8,89881.1,397.6365867,35697833.048224359,35697833.048224359,1,693.6999999999971,13.19999999999709,680.5,693.6999999999971,797.085714285713
2025-12-11 04:00:00,89881.0,90483.3,89688.0,90437.0,290.53147763,26164546.266505642,26164546.266505642,1,795.3000000000029,602.1999999999971,193.10000000000582,795.3000000000029,796.8624999999993
2025-12-11 05:00:00,90437.0,90437.0,90066.1,90303.8,199.17020937,17972015.207016023,17972015.207016023,1,370.8999999999942,0.0,370.8999999999942,370.8999999999942,749.533333333332
2025-12-11 06:00:00,90303.8,90445.9,89954.9,90292.2,187.19643679,16889051.661337297,16889051.661337297,1,491.0,142.09999999999127,348.90000000000873,491.0,723.6799999999988
2025-12-11 07:00:00,90292.3,90329.2,90057.2,90271.0,271.86738121,24519779.769281561,24519779.769281561,1,272.0,37.0,235.0,272.0,682.6181818181808
2025-12-11 08:00:00,90270.9,90271.0,89964.9,90186.4,126.31077616,11381625.647527792,11381625.647527792,1,306.1000000000058,0.0,306.1000000000058,306.1000000000058,651.2416666666662
2025-12-11 09:00:00,90186.5,90523.3,90111.9,90233.0,800.5978254,72292353.878754779,72292353.878754779,1,411.40000000000873,336.90000000000873,74.5,411.40000000000873,632.7923076923079
2025-12-11 10:00:00,90233.3,90347.1,90170.0,90317.3,155.557461,14037011.886429888,14037011.886429888,1,177.10000000000582,114.10000000000582,63.0,177.10000000000582,600.2428571428578
2025-12-11 11:00:00,90317.4,90414.0,90204.1,90234.8,551.81074857,49834622.130277799,49834622.130277799,1,209.89999999999418,96.69999999999709,113.19999999999709,209.89999999999418,551.0357142857143
2025-12-11 12:00:00,90234.8,90381.3,90008.0,90029.0,148.4028197,13390022.619956618,13390022.619956618,1,373.3000000000029,146.5,226.8000000000029,373.3000000000029,524.721428571429
2025-12-11 13:00:00,90029.1,90170.0,89876.1,90101.0,150.53066277,13555048.64929751,13555048.64929751,1,293.8999999999942,141.0,152.89999999999418,293.8999999999942,498.942857142858
2025-12-11 14:00:00,90101.0,90484.2,89255.9,89548.1,500.5589693,45038872.432556601,45038872.432556601,1,1228.300000000003,383.1999999999971,845.1000000000058,1228.300000000003,512.7714285714299
2025-12-11 15:00:00,89548.1,90642.7,89408.0,89875.1,485.2247252,43702912.661672633,43702912.661672633,1,1234.699999999997,1094.5999999999913,140.10000000000582,1234.699999999997,547.0642857142864
2025-12-11 16:00:00,89875.0,90180.2,89333.3,89736.9,204.82634057,18369819.972935307,18369819.972935307,1,846.8999999999942,305.09999999999127,541.8000000000029,846.8999999999942,550.3214285714286
2025-12-11 17:00:00,89737.1,90255.1,89630.0,89979.4,161.71465129,14553734.661389972,14553734.661389972,1,625.1000000000058,518.2000000000116,106.89999999999418,625.1000000000058,545.4214285714291
2025-12-11 18:00:00,89971.6,91183.4,89891.1,90705.9,335.91158054,30446395.022196414,30446395.022196414,1,1292.2999999999884,1204.0,88.29999999998836,1292.2999999999884,580.9214285714281
2025-12-11 19:00:00,90705.7,91541.2,90583.1,90835.6,281.02742739,25605873.434216176,25605873.434216176,1,958.0999999999913,835.3000000000029,122.79999999998836,958.0999999999913,622.8642857142851
2025-12-11 20:00:00,90835.6,91829.2,90802.5,91781.4,186.21123828,17014826.359211654,17014826.359211654,1,1026.699999999997,993.5999999999913,33.10000000000582,1026.699999999997,661.1285714285706
2025-12-11 21:00:00,91789.2,93564.4,91703.3,92867.6,620.82572248,57645800.030164525,57645800.030164525,1,1861.0999999999913,1783.0,78.09999999999127,1861.0999999999913,774.6357142857129
2025-12-11 22:00:00,92867.7,93198.2,92097.6,92371.5,376.20738183,34826129.694224646,34826129.694224646,1,1100.5999999999913,330.59999999999127,770.0,1100.5999999999913,831.3857142857117
2025-12-11 23:00:00,92373.3,92804.5,92337.1,92522.3,399.27092309,36961470.86925368,36961470.86925368,1,467.3999999999942,433.0,34.39999999999418,467.3999999999942,835.3857142857107
2025-12-12 00:00:00,92522.2,92658.5,91280.4,91577.7,358.3292851,33005770.886541213,33005770.886541213,1,1378.1000000000058,136.1999999999971,1241.9000000000087,1378.1000000000058,921.171428571425
2025-12-12 01:00:00,91577.7,92317.0,91545.9,92171.8,210.07472527,19322611.47707797,19322611.47707797,1,771.1000000000058,739.3000000000029,31.80000000000291,771.1000000000058,961.2571428571401
2025-12-12 02:00:00,92171.9,92747.2,91929.1,92584.4,249.48219932,23067183.070103246,23067183.070103246,1,818.0999999999913,575.3999999999942,242.6999999999971,818.0999999999913,993.028571428568
2025-12-12 03:00:00,92584.5,92752.5,92175.0,92275.1,142.86960433,13196568.63684372,13196568.63684372,1,577.5,168.10000000000582,409.3999999999942,577.5,1013.2857142857112
2025-12-12 04:00:00,92274.9,92468.1,92123.0,92397.5,168.48839422,15545834.088353661,15545834.088353661,1,345.1000000000058,193.0,152.10000000000582,345.1000000000058,950.1999999999971
2025-12-12 05:00:00,92397.6,92502.3,92078.6,92443.2,134.01676677,12368300.369900802,12368300.369900802,1,423.6999999999971,104.80000000000291,318.8999999999942,423.6999999999971,892.2714285714256
2025-12-12 06:00:00,92443.2,92719.3,92403.1,92506.6,134.63047044,12466374.304033229,12466374.304033229,1,316.1999999999971,276.1000000000058,40.09999999999127,316.1999999999971,854.364285714283
2025-12-12 07:00:00,92506.7,92562.6,92250.3,92427.1,198.62147521,18363238.511646634,18363238.511646634,1,312.3000000000029,56.0,256.3000000000029,312.3000000000029,832.0214285714256
2025-12-12 08:00:00,92427.2,92479.1,92103.1,92347.4,159.40891768,14712170.015336549,14712170.015336549,1,376.0,52.0,324.0,376.0,766.5714285714265
2025-12-12 09:00:00,92346.9,92559.3,92088.5,92522.5,103.49380457,9554816.047931844,9554816.047931844,1,470.8000000000029,211.90000000000873,258.8999999999942,470.8000000000029,731.7642857142845
2025-12-12 10:00:00,92522.6,92635.6,92413.3,92493.0,183.00963292,16931789.121531478,16931789.121531478,1,222.3000000000029,113.10000000000582,109.19999999999709,222.3000000000029,674.307142857142
2025-12-12 11:00:00,92493.1,92493.1,92276.3,92411.9,62.00548005,5727795.329903857,5727795.329903857,1,216.8000000000029,0.10000000000582077,216.6999999999971,216.8000000000029,556.8571428571429
2025-12-12 12:00:00,92411.8,92425.1,92085.9,92425.1,165.86361655,15300734.520564509,15300734.520564509,1,339.20000000001164,13.200000000011642,326.0,339.20000000001164,502.47142857143
2025-12-12 13:00:00,92425.1,92515.6,92250.3,92311.9,129.70306513,11981370.903314232,11981370.903314232,1,265.3000000000029,90.5,174.8000000000029,265.3000000000029,488.0357142857164
2025-12-12 14:00:00,92311.9,92666.5,91902.5,92445.5,329.62106883,30444218.069092544,30444218.069092544,1,764.0,354.6000000000058,409.3999999999942,764.0,444.1714285714302
2025-12-12 15:00:00,92445.5,92445.5,89777.7,89941.4,1021.78373382,93036374.085344914,93036374.085344914,1,2667.800000000003,0.0,2667.800000000003,2667.800000000003,579.6500000000015
2025-12-12 16:00:00,89933.7,90439.5,89466.6,90040.1,539.75715832,48513696.953162542,48513696.953162542,1,972.8999999999942,498.1000000000058,474.79999999998836,972.8999999999942,590.7071428571445
2025-12-12 17:00:00,90040.2,90622.7,89822.6,90075.6,335.39684545,30256725.64032449,30256725.64032449,1,800.0999999999913,582.5999999999913,217.5,800.0999999999913,606.6071428571439
2025-12-12 18:00:00,90075.7,90659.9,90039.0,90366.0,350.93473832,31740116.294646766,31740116.294646766,1,620.8999999999942,584.2999999999884,36.60000000000582,620.8999999999942,626.307142857143
2025-12-12 19:00:00,90366.1,90398.9,90003.9,90197.1,179.75798504,16211958.551396132,16211958.551396132,1,395.0,32.89999999999418,362.1000000000058,395.0,624.2571428571433
2025-12-12 20:00:00,90197.1,90329.8,89888.8,90211.3,143.77395516,12959956.555020375,12959956.555020375,1,441.0,132.6999999999971,308.3000000000029,441.0,633.1714285714291
2025-12-12 21:00:00,90211.2,90347.6,90100.0,90192.0,100.17990399,9039494.043334048,9039494.043334048,1,247.60000000000582,136.3000000000029,111.30000000000291,247.60000000000582,628.5500000000009
2025-12-12 22:00:00,90186.0,90392.3,90184.7,90339.7,67.57906932,6102963.808878532,6102963.808878532,1,207.60000000000582,200.3000000000029,7.30000000000291,207.60000000000582,616.5214285714299
2025-12-12 23:00:00,90339.9,90387.0,90225.1,90268.1,43.02290384,3886376.254715724,3886376.254715724,1,161.89999999999418,47.30000000000291,114.59999999999127,161.89999999999418,594.4571428571435
2025-12-13 00:00:00,90268.1,90436.5,90206.9,90317.6,72.87979636,6583395.67486858,6583395.67486858,1,229.60000000000582,168.39999999999418,61.20000000001164,229.60000000000582,594.9785714285723
2025-12-13 01:00:00,90317.6,90360.0,90112.4,90224.9,53.88380277,4863702.025621173,4863702.025621173,1,247.60000000000582,42.39999999999418,205.20000000001164,247.60000000000582,597.1785714285725
2025-12-13 02:00:00,90225.0,90318.0,90206.2,90227.1,85.2432324,7693250.624685539,7693250.624685539,1,111.80000000000291,93.10000000000582,18.69999999999709,111.80000000000291,580.9357142857147
2025-12-13 03:00:00,90227.1,90469.9,90196.0,90341.9,135.46026992,12236562.817418255,12236562.817418255,1,273.8999999999942,242.79999999998836,31.10000000000582,273.8999999999942,581.5499999999998
2025-12-13 04:00:00,90341.9,90421.0,90271.5,90375.9,66.51295067,6009310.843948976,6009310.843948976,1,149.5,79.10000000000582,70.39999999999418,149.5,537.6571428571426
2025-12-13 05:00:00,90375.9,90394.0,90246.5,90340.4,162.18434809,14647563.439590031,14647563.439590031,1,147.5,18.10000000000582,129.39999999999418,147.5,357.63571428571385
2025-12-13 06:00:00,90340.5,90370.7,90251.6,90348.1,116.02051912,10478012.26595885,10478012.26595885,1,119.09999999999127,30.30000000000291,88.79999999998836,119.09999999999127,296.64999999999935
2025-12-13 07:00:00,90348.2,90416.9,90311.9,90330.0,559.66099937,50572556.425659322,50572556.425659322,1,105.0,68.79999999998836,36.20000000001164,105.0,247.0
2025-12-13 08:00:00,90330.1,90576.7,90314.6,90450.9,239.47088858,21661720.310185571,21661720.310185571,1,262.09999999999127,246.6999999999971,15.39999999999418,262.09999999999127,221.37142857142837
2025-12-13 09:00:00,90450.9,90513.5,90361.9,90415.0,142.43273878,12877980.376253072,12877980.376253072,1,151.60000000000582,62.60000000000582,89.0,151.60000000000582,203.9857142857145
2025-12-13 10:00:00,90415.1,90638.2,90415.1,90592.9,183.38279702,16595402.929461443,16595402.929461443,1,223.09999999999127,223.1999999999971,0.10000000000582077,223.1999999999971,188.42857142857142
2025-12-13 11:00:00,90592.9,90611.8,90300.0,90341.7,106.74044916,9656012.031319075,9656012.031319075,1,311.8000000000029,18.90000000000873,292.8999999999942,311.8000000000029,193.0142857142855
2025-12-13 12:00:00,90341.7,90486.0,90294.5,90355.1,54.66533858,4940466.232547556,4940466.232547556,1,191.5,144.3000000000029,47.19999999999709,191.5,191.8642857142851
2025-12-13 13:00:00,90355.1,90468.8,90200.0,90262.0,297.84272778,26904469.798221174,26904469.798221174,1,268.8000000000029,113.69999999999709,155.10000000000582,268.8000000000029,199.5
2025-12-13 14:00:00,90262.0,90348.1,89930.1,90086.0,152.71142529,13765120.287583045,13765120.287583045,1,418.0,86.10000000000582,331.8999999999942,418.0,212.95714285714243
2025-12-13 15:00:00,90085.9,90293.1,90038.7,90100.7,74.60630179,6725709.608373839,6725709.608373839,1,254.40000000000873,207.10000000000582,47.30000000000291,254.40000000000873,213.44285714285692
2025-12-13 16:00:00,90100.6,90275.0,90032.5,90097.6,47.03441241,4239349.313035252,4239349.313035252,1,242.5,174.3000000000029,68.19999999999709,242.5,222.778571428571
2025-12-13 17:00:00,90097.6,90105.8,89990.0,90054.0,36.70012025,3304003.122741532,3304003.122741532,1,115.80000000000291,8.19999999999709,107.60000000000582,115.80000000000291,211.4857142857145
2025-12-13 18:00:00,90054.1,90190.6,90044.1,90123.9,21.37263691,1926583.75852249,1926583.75852249,1,146.5,136.60000000000582,9.89999999999418,146.5,211.27142857142877
2025-12-13 19:00:00,90124.0,90225.5,90108.7,90182.5,16.58305732,1495351.356629241,1495351.356629241,1,116.80000000000291,101.60000000000582,15.19999999999709,116.80000000000291,209.07857142857185
2025-12-13 20:00:00,90182.4,90215.9,90044.0,90092.6,64.72020751,5836225.620077551,5836225.620077551,1,171.89999999999418,33.39999999999418,138.5,171.89999999999418,212.85000000000062
2025-12-13 21:00:00,90092.6,90192.0,89764.8,90171.5,67.18613368,6043540.506136839,6043540.506136839,1,427.1999999999971,99.39999999999418,327.8000000000029,427.1999999999971,235.86428571428613
2025-12-13 22:00:00,90171.5,90252.4,90002.5,90137.0,37.07301635,3341869.940098472,3341869.940098472,1,249.89999999999418,80.89999999999418,169.0,249.89999999999418,234.99285714285776
2025-12-13 23:00:00,90137.0,90279.0,90067.0,90241.1,25.03486913,2258498.808299851,2258498.808299851,1,212.0,142.0,70.0,212.0,239.30714285714308
2025-12-14 00:00:00,90241.1,90475.0,90125.0,90339.1,107.15131775,9678115.616046229,9678115.616046229,1,350.0,233.89999999999418,116.10000000000582,350.0,248.36428571428613
2025-12-14 01:00:00,90339.1,90458.2,90212.5,90300.4,57.87306423,5228086.693414258,5228086.693414258,1,245.6999999999971,119.09999999999127,126.60000000000582,245.6999999999971,243.64285714285714
2025-12-14 02:00:00,90300.5,90394.0,90247.2,90293.0,36.08459461,3259247.2491152,3259247.2491152,1,146.8000000000029,93.60000000000582,53.19999999999709,146.8000000000029,240.45000000000022
2025-12-14 03:00:00,90293.1,90310.0,90247.2,90266.5,46.3393048,4183271.292433037,4183271.292433037,1,62.80000000000291,17.0,45.80000000000291,62.80000000000291,225.7357142857145
2025-12-14 04:00:00,90266.6,90346.3,90131.3,90205.0,54.69097451,4934947.287390021,4934947.287390021,1,215.0,79.80000000000291,135.1999999999971,215.0,211.2357142857145
2025-12-14 05:00:00,90205.0,90234.0,90051.0,90208.7,72.44141003,6530321.369876209,6530321.369876209,1,183.0,29.0,154.0,183.0,206.13571428571387
2025-12-14 06:00:00,90208.7,90249.7,90100.0,90151.1,29.74349959,2681907.606510695,2681907.606510695,1,149.6999999999971,41.0,108.69999999999709,149.6999999999971,199.50714285714224
2025-12-14 07:00:00,90151.1,90291.1,90085.2,90256.1,114.17679632,10301894.803587832,10301894.803587832,1,205.90000000000873,140.0,65.90000000000873,205.90000000000873,205.94285714285692
2025-12-14 08:00:00,90256.0,90307.6,90104.9,90114.9,205.22209862,18514264.553928792,18514264.553928792,1,202.70000000001164,51.5,151.20000000001164,202.70000000001164,209.95714285714348
2025-12-14 09:00:00,90115.0,90158.0,90007.0,90025.9,57.74668524,5201026.422919042,5201026.422919042,1,151.0,43.10000000000582,107.89999999999418,151.0,212.4000000000004
2025-12-14 10:00:00,90026.0,90133.3,89786.4,89857.0,356.79876067,32105372.509623506,32105372.509623506,1,346.90000000000873,107.40000000000873,239.5,346.90000000000873,224.90000000000146
2025-12-14 11:00:00,89857.1,89857.1,88632.9,89355.0,716.52021275,63954194.407106409,63954194.407106409,1,1224.2000000000116,0.10000000000582077,1224.1000000000058,1224.2000000000116,281.8285714285739
2025-12-14 12:00:00,89355.1,89662.6,89100.0,89418.5,142.95710451,12781971.11729148,12781971.11729148,1,562.6000000000058,307.6000000000058,255.0,562.6000000000058,304.16428571428906
2025-12-14 13:00:00,89417.1,89498.0,89083.9,89484.1,93.66485585,8360013.411800478,8360013.411800478,1,414.1000000000058,79.5,334.6000000000058,414.1000000000058,318.6000000000037
2025-12-14 14:00:00,89484.1,89559.4,88884.0,89112.1,169.43066117,15107379.798435572,15107379.798435572,1,675.3999999999942,75.29999999998836,600.1000000000058,675.3999999999942,341.84285714286045
2025-12-14 15:00:00,89112.1,89180.0,88880.0,89027.7,76.91047471,6846523.108176784,6846523.108176784,1,300.0,67.89999999999418,232.10000000000582,300.0,345.7214285714321
2025-12-14 16:00:00,89027.7,89397.9,88505.4,88832.9,191.920253,17061467.715589613,17061467.715589613,1,892.5,370.1999999999971,522.3000000000029,892.5,398.9857142857176
2025-12-14 17:00:00,88833.0,89029.2,88600.0,88804.9,135.47267914,12032329.846435835,12032329.846435835,1,429.1999999999971,196.3000000000029,232.89999999999418,429.1999999999971,425.15714285714574
2025-12-14 18:00:00,88805.0,89082.4,88720.2,89004.7,85.78959057,7626048.986024495,7626048.986024495,1,362.1999999999971,277.5,84.69999999999709,362.1999999999971,435.67142857143125
2025-12-14 19:00:00,89004.7,89004.7,88465.9,88644.0,104.8662025,9297334.104744129,9297334.104744129,1,538.8000000000029,0.0,538.8000000000029,538.8000000000029,461.0857142857172
2025-12-14 20:00:00,88644.1,88833.0,88350.0,88556.9,147.3055239,13051626.840066244,13051626.840066244,1,483.0,189.0,294.0,483.0,484.89285714286024
2025-12-14 21:00:00,88557.0,88711.6,88342.4,88444.0,66.05346172,5847611.748482705,5847611.748482705,1,369.20000000001164,154.70000000001164,214.5,369.20000000001164,496.5571428571462
2025-12-14 22:00:00,88444.1,88604.9,88018.0,88411.0,162.34966857,14332668.440990824,14332668.440990824,1,586.8999999999942,160.89999999999418,426.0,586.8999999999942,524.000000000002
2025-12-14 23:00:00,88411.0,88610.0,87564.5,88162.9,321.36472736,28279038.877735869,28279038.877735869,1,1045.5,199.0,846.5,1045.5,587.8928571428593
2025-12-15 00:00:00,88163.0,88688.0,88072.3,88456.0,187.50243092,16580640.693921828,16580640.693921828,1,615.6999999999971,525.1000000000058,90.59999999999127,615.6999999999971,607.0928571428584
2025-12-10 23:00:00,92514.9,92592.9,91938.1,92013.7,173.18754256,15964940.66082367,15964940.66082367,1,654.7999999999884,,,654.7999999999884,654.7999999999884
2025-12-11 00:00:00,92013.6,92082.8,91048.1,91385.2,335.30472018,30694976.096124609,30694976.096124609,1,1034.699999999997,69.10000000000582,965.5999999999913,1034.699999999997,844.7499999999927
2025-12-11 01:00:00,91385.3,91408.0,90653.4,90673.8,279.1833207,25392865.860305077,25392865.860305077,1,754.6000000000058,22.80000000000291,731.8000000000029,754.6000000000058,814.6999999999971
2025-12-11 02:00:00,90673.8,90673.8,89872.5,90070.3,512.38051515,46206933.823016915,46206933.823016915,1,801.3000000000029,0.0,801.3000000000029,801.3000000000029,811.3499999999985
2025-12-11 03:00:00,90070.5,90083.5,89389.8,89881.1,397.6365867,35697833.048224359,35697833.048224359,1,693.6999999999971,13.19999999999709,680.5,693.6999999999971,787.8199999999982
2025-12-11 04:00:00,89881.0,90483.3,89688.0,90437.0,290.53147763,26164546.266505642,26164546.266505642,1,795.3000000000029,602.1999999999971,193.10000000000582,795.3000000000029,789.0666666666657
2025-12-11 05:00:00,90437.0,90437.0,90066.1,90303.8,199.17020937,17972015.207016023,17972015.207016023,1,370.8999999999942,0.0,370.8999999999942,370.8999999999942,729.3285714285697
2025-12-11 06:00:00,90303.8,90445.9,89954.9,90292.2,187.19643679,16889051.661337297,16889051.661337297,1,491.0,142.09999999999127,348.90000000000873,491.0,699.5374999999985
2025-12-11 07:00:00,90292.3,90329.2,90057.2,90271.0,271.86738121,24519779.769281561,24519779.769281561,1,272.0,37.0,235.0,272.0,652.033333333332
2025-12-11 08:00:00,90270.9,90271.0,89964.9,90186.4,126.31077616,11381625.647527792,11381625.647527792,1,306.1000000000058,0.0,306.1000000000058,306.1000000000058,617.4399999999994
2025-12-11 09:00:00,90186.5,90523.3,90111.9,90233.0,800.5978254,72292353.878754779,72292353.878754779,1,411.40000000000873,336.90000000000873,74.5,411.40000000000873,598.7090909090912
2025-12-11 10:00:00,90233.3,90347.1,90170.0,90317.3,155.557461,14037011.886429888,14037011.886429888,1,177.10000000000582,114.10000000000582,63.0,177.10000000000582,563.5750000000007
2025-12-11 11:00:00,90317.4,90414.0,90204.1,90234.8,551.81074857,49834622.130277799,49834622.130277799,1,209.89999999999418,96.69999999999709,113.19999999999709,209.89999999999418,536.369230769231
2025-12-11 12:00:00,90234.8,90381.3,90008.0,90029.0,148.4028197,13390022.619956618,13390022.619956618,1,373.3000000000029,146.5,226.8000000000029,373.3000000000029,524.721428571429
2025-12-11 13:00:00,90029.1,90170.0,89876.1,90101.0,150.53066277,13555048.64929751,13555048.64929751,1,293.8999999999942,141.0,152.89999999999418,293.8999999999942,498.942857142858
2025-12-11 14:00:00,90101.0,90484.2,89255.9,89548.1,500.5589693,45038872.432556601,45038872.432556601,1,1228.300000000003,383.1999999999971,845.1000000000058,1228.300000000003,512.7714285714299
2025-12-11 15:00:00,89548.1,90642.7,89408.0,89875.1,485.2247252,43702912.661672633,43702912.661672633,1,1234.699999999997,1094.5999999999913,140.10000000000582,1234.699999999997,547.0642857142864
2025-12-11 16:00:00,89875.0,90180.2,89333.3,89736.9,204.82634057,18369819.972935307,18369819.972935307,1,846.8999999999942,305.09999999999127,541.8000000000029,846.8999999999942,550.3214285714286
2025-12-11 17:00:00,89737.1,90255.1,89630.0,89979.4,161.71465129,14553734.661389972,14553734.661389972,1,625.1000000000058,518.2000000000116,106.89999999999418,625.1000000000058,545.4214285714291
2025-12-11 18:00:00,89971.6,91183.4,89891.1,90705.9,335.91158054,30446395.022196414,30446395.022196414,1,1292.2999999999884,1204.0,88.29999999998836,1292.2999999999884,580.9214285714281
2025-12-11 19:00:00,90705.7,91541.2,90583.1,90835.6,281.02742739,25605873.434216176,25605873.434216176,1,958.0999999999913,835.3000000000029,122.79999999998836,958.0999999999913,622.8642857142851
2025-12-11 20:00:00,90835.6,91829.2,90802.5,91781.4,186.21123828,17014826.359211654,17014826.359211654,1,1026.699999999997,993.5999999999913,33.10000000000582,1026.699999999997,661.1285714285706
2025-12-11 21:00:00,91789.2,93564.4,91703.3,92867.6,620.82572248,57645800.030164525,57645800.030164525,1,1861.0999999999913,1783.0,78.09999999999127,1861.0999999999913,774.6357142857129
2025-12-11 22:00:00,92867.7,93198.2,92097.6,92371.5,376.20738183,34826129.694224646,34826129.694224646,1,1100.5999999999913,330.59999999999127,770.0,1100.5999999999913,831.3857142857117
2025-12-11 23:00:00,92373.3,92804.5,92337.1,92522.3,399.27092309,36961470.86925368,36961470.86925368,1,467.3999999999942,433.0,34.39999999999418,467.3999999999942,835.3857142857107
2025-12-12 00:00:00,92522.2,92658.5,91280.4,91577.7,358.3292851,33005770.886541213,33005770.886541213,1,1378.1000000000058,136.1999999999971,1241.9000000000087,1378.1000000000058,921.171428571425
2025-12-12 01:00:00,91577.7,92317.0,91545.9,92171.8,210.07472527,19322611.47707797,19322611.47707797,1,771.1000000000058,739.3000000000029,31.80000000000291,771.1000000000058,961.2571428571401
2025-12-12 02:00:00,92171.9,92747.2,91929.1,92584.4,249.48219932,23067183.070103246,23067183.070103246,1,818.0999999999913,575.3999999999942,242.6999999999971,818.0999999999913,993.028571428568
2025-12-12 03:00:00,92584.5,92752.5,92175.0,92275.1,142.86960433,13196568.63684372,13196568.63684372,1,577.5,168.10000000000582,409.3999999999942,577.5,1013.2857142857112
2025-12-12 04:00:00,92274.9,92468.1,92123.0,92397.5,168.48839422,15545834.088353661,15545834.088353661,1,345.1000000000058,193.0,152.10000000000582,345.1000000000058,950.1999999999971
2025-12-12 05:00:00,92397.6,92502.3,92078.6,92443.2,134.01676677,12368300.369900802,12368300.369900802,1,423.6999999999971,104.80000000000291,318.8999999999942,423.6999999999971,892.2714285714256
2025-12-12 06:00:00,92443.2,92719.3,92403.1,92506.6,134.63047044,12466374.304033229,12466374.304033229,1,316.1999999999971,276.1000000000058,40.09999999999127,316.1999999999971,854.364285714283
2025-12-12 07:00:00,92506.7,92562.6,92250.3,92427.1,198.62147521,18363238.511646634,18363238.511646634,1,312.3000000000029,56.0,256.3000000000029,312.3000000000029,832.0214285714256
2025-12-12 08:00:00,92427.2,92479.1,92103.1,92347.4,159.40891768,14712170.015336549,14712170.015336549,1,376.0,52.0,324.0,376.0,766.5714285714265
2025-12-12 09:00:00,92346.9,92559.3,92088.5,92522.5,103.49380457,9554816.047931844,9554816.047931844,1,470.8000000000029,211.90000000000873,258.8999999999942,470.8000000000029,731.7642857142845
2025-12-12 10:00:00,92522.6,92635.6,92413.3,92493.0,183.00963292,16931789.121531478,16931789.121531478,1,222.3000000000029,113.10000000000582,109.19999999999709,222.3000000000029,674.307142857142
2025-12-12 11:00:00,92493.1,92493.1,92276.3,92411.9,62.00548005,5727795.329903857,5727795.329903857,1,216.8000000000029,0.10000000000582077,216.6999999999971,216.8000000000029,556.8571428571429
2025-12-12 12:00:00,92411.8,92425.1,92085.9,92425.1,165.86361655,15300734.520564509,15300734.520564509,1,339.20000000001164,13.200000000011642,326.0,339.20000000001164,502.47142857143
2025-12-12 13:00:00,92425.1,92515.6,92250.3,92311.9,129.70306513,11981370.903314232,11981370.903314232,1,265.3000000000029,90.5,174.8000000000029,265.3000000000029,488.0357142857164
2025-12-12 14:00:00,92311.9,92666.5,91902.5,92445.5,329.62106883,30444218.069092544,30444218.069092544,1,764.0,354.6000000000058,409.3999999999942,764.0,444.1714285714302
2025-12-12 15:00:00,92445.5,92445.5,89777.7,89941.4,1021.78373382,93036374.085344914,93036374.085344914,1,2667.800000000003,0.0,2667.800000000003,2667.800000000003,579.6500000000015
2025-12-12 16:00:00,89933.7,90439.5,89466.6,90040.1,539.75715832,48513696.953162542,48513696.953162542,1,972.8999999999942,498.1000000000058,474.79999999998836,972.8999999999942,590.7071428571445
2025-12-12 17:00:00,90040.2,90622.7,89822.6,90075.6,335.39684545,30256725.64032449,30256725.64032449,1,800.0999999999913,582.5999999999913,217.5,800.0999999999913,606.6071428571439
2025-12-12 18:00:00,90075.7,90659.9,90039.0,90366.0,350.93473832,31740116.294646766,31740116.294646766,1,620.8999999999942,584.2999999999884,36.60000000000582,620.8999999999942,626.307142857143
2025-12-12 19:00:00,90366.1,90398.9,90003.9,90197.1,179.75798504,16211958.551396132,16211958.551396132,1,395.0,32.89999999999418,362.1000000000058,395.0,624.2571428571433
2025-12-12 20:00:00,90197.1,90329.8,89888.8,90211.3,143.77395516,12959956.555020375,12959956.555020375,1,441.0,132.6999999999971,308.3000000000029,441.0,633.1714285714291
2025-12-12 21:00:00,90211.2,90347.6,90100.0,90192.0,100.17990399,9039494.043334048,9039494.043334048,1,247.60000000000582,136.3000000000029,111.30000000000291,247.60000000000582,628.5500000000009
2025-12-12 22:00:00,90186.0,90392.3,90184.7,90339.7,67.57906932,6102963.808878532,6102963.808878532,1,207.60000000000582,200.3000000000029,7.30000000000291,207.60000000000582,616.5214285714299
2025-12-12 23:00:00,90339.9,90387.0,90225.1,90268.1,43.02290384,3886376.254715724,3886376.254715724,1,161.89999999999418,47.30000000000291,114.59999999999127,161.89999999999418,594.4571428571435
2025-12-13 00:00:00,90268.1,90436.5,90206.9,90317.6,72.87979636,6583395.67486858,6583395.67486858,1,229.60000000000582,168.39999999999418,61.20000000001164,229.60000000000582,594.9785714285723
2025-12-13 01:00:00,90317.6,90360.0,90112.4,90224.9,53.88380277,4863702.025621173,4863702.025621173,1,247.60000000000582,42.39999999999418,205.20000000001164,247.60000000000582,597.1785714285725
2025-12-13 02:00:00,90225.0,90318.0,90206.2,90227.1,85.2432324,7693250.624685539,7693250.624685539,1,111.80000000000291,93.10000000000582,18.69999999999709,111.80000000000291,580.9357142857147
2025-12-13 03:00:00,90227.1,90469.9,90196.0,90341.9,135.46026992,12236562.817418255,12236562.817418255,1,273.8999999999942,242.79999999998836,31.10000000000582,273.8999999999942,581.5499999999998
2025-12-13 04:00:00,90341.9,90421.0,90271.5,90375.9,66.51295067,6009310.843948976,6009310.843948976,1,149.5,79.10000000000582,70.39999999999418,149.5,537.6571428571426
2025-12-13 05:00:00,90375.9,90394.0,90246.5,90340.4,162.18434809,14647563.439590031,14647563.439590031,1,147.5,18.10000000000582,129.39999999999418,147.5,357.63571428571385
2025-12-13 06:00:00,90340.5,90370.7,90251.6,90348.1,116.02051912,10478012.26595885,10478012.26595885,1,119.09999999999127,30.30000000000291,88.79999999998836,119.09999999999127,296.64999999999935
2025-12-13 07:00:00,90348.2,90416.9,90311.9,90330.0,559.66099937,50572556.425659322,50572556.425659322,1,105.0,68.79999999998836,36.20000000001164,105.0,247.0
2025-12-13 08:00:00,90330.1,90576.7,90314.6,90450.9,239.47088858,21661720.310185571,21661720.310185571,1,262.09999999999127,246.6999999999971,15.39999999999418,262.09999999999127,221.37142857142837
2025-12-13 09:00:00,90450.9,90513.5,90361.9,90415.0,142.43273878,12877980.376253072,12877980.376253072,1,151.60000000000582,62.60000000000582,89.0,151.60000000000582,203.9857142857145
2025-12-13 10:00:00,90415.1,90638.2,90415.1,90592.9,183.38279702,16595402.929461443,16595402.929461443,1,223.09999999999127,223.1999999999971,0.10000000000582077,223.1999999999971,188.42857142857142
2025-12-13 11:00:00,90592.9,90611.8,90300.0,90341.7,106.74044916,9656012.031319075,9656012.031319075,1,311.8000000000029,18.90000000000873,292.8999999999942,311.8000000000029,193.0142857142855
2025-12-13 12:00:00,90341.7,90486.0,90294.5,90355.1,54.66533858,4940466.232547556,4940466.232547556,1,191.5,144.3000000000029,47.19999999999709,191.5,191.8642857142851
2025-12-13 13:00:00,90355.1,90468.8,90200.0,90262.0,297.84272778,26904469.798221174,26904469.798221174,1,268.8000000000029,113.69999999999709,155.10000000000582,268.8000000000029,199.5
2025-12-13 14:00:00,90262.0,90348.1,89930.1,90086.0,152.71142529,13765120.287583045,13765120.287583045,1,418.0,86.10000000000582,331.8999999999942,418.0,212.95714285714243
2025-12-13 15:00:00,90085.9,90293.1,90038.7,90100.7,74.60630179,6725709.608373839,6725709.608373839,1,254.40000000000873,207.10000000000582,47.30000000000291,254.40000000000873,213.44285714285692
2025-12-13 16:00:00,90100.6,90275.0,90032.5,90097.6,47.03441241,4239349.313035252,4239349.313035252,1,242.5,174.3000000000029,68.19999999999709,242.5,222.778571428571
2025-12-13 17:00:00,90097.6,90105.8,89990.0,90054.0,36.70012025,3304003.122741532,3304003.122741532,1,115.80000000000291,8.19999999999709,107.60000000000582,115.80000000000291,211.4857142857145
2025-12-13 18:00:00,90054.1,90190.6,90044.1,90123.9,21.37263691,1926583.75852249,1926583.75852249,1,146.5,136.60000000000582,9.89999999999418,146.5,211.27142857142877
2025-12-13 19:00:00,90124.0,90225.5,90108.7,90182.5,16.58305732,1495351.356629241,1495351.356629241,1,116.80000000000291,101.60000000000582,15.19999999999709,116.80000000000291,209.07857142857185
2025-12-13 20:00:00,90182.4,90215.9,90044.0,90092.6,64.72020751,5836225.620077551,5836225.620077551,1,171.89999999999418,33.39999999999418,138.5,171.89999999999418,212.85000000000062
2025-12-13 21:00:00,90092.6,90192.0,89764.8,90171.5,67.18613368,6043540.506136839,6043540.506136839,1,427.1999999999971,99.39999999999418,327.8000000000029,427.1999999999971,235.86428571428613
2025-12-13 22:00:00,90171.5,90252.4,90002.5,90137.0,37.07301635,3341869.940098472,3341869.940098472,1,249.89999999999418,80.89999999999418,169.0,249.89999999999418,234.99285714285776
2025-12-13 23:00:00,90137.0,90279.0,90067.0,90241.1,25.03486913,2258498.808299851,2258498.808299851,1,212.0,142.0,70.0,212.0,239.30714285714308
2025-12-14 00:00:00,90241.1,90475.0,90125.0,90339.1,107.15131775,9678115.616046229,9678115.616046229,1,350.0,233.89999999999418,116.10000000000582,350.0,248.36428571428613
2025-12-14 01:00:00,90339.1,90458.2,90212.5,90300.4,57.87306423,5228086.693414258,5228086.693414258,1,245.6999999999971,119.09999999999127,126.60000000000582,245.6999999999971,243.64285714285714
2025-12-14 02:00:00,90300.5,90394.0,90247.2,90293.0,36.08459461,3259247.2491152,3259247.2491152,1,146.8000000000029,93.60000000000582,53.19999999999709,146.8000000000029,240.45000000000022
2025-12-14 03:00:00,90293.1,90310.0,90247.2,90266.5,46.3393048,4183271.292433037,4183271.292433037,1,62.80000000000291,17.0,45.80000000000291,62.80000000000291,225.7357142857145
2025-12-14 04:00:00,90266.6,90346.3,90131.3,90205.0,54.69097451,4934947.287390021,4934947.287390021,1,215.0,79.80000000000291,135.1999999999971,215.0,211.2357142857145
2025-12-14 05:00:00,90205.0,90234.0,90051.0,90208.7,72.44141003,6530321.369876209,6530321.369876209,1,183.0,29.0,154.0,183.0,206.13571428571387
2025-12-14 06:00:00,90208.7,90249.7,90100.0,90151.1,29.74349959,2681907.606510695,2681907.606510695,1,149.6999999999971,41.0,108.69999999999709,149.6999999999971,199.50714285714224
2025-12-14 07:00:00,90151.1,90291.1,90085.2,90256.1,114.17679632,10301894.803587832,10301894.803587832,1,205.90000000000873,140.0,65.90000000000873,205.90000000000873,205.94285714285692
2025-12-14 08:00:00,90256.0,90307.6,90104.9,90114.9,205.22209862,18514264.553928792,18514264.553928792,1,202.70000000001164,51.5,151.20000000001164,202.70000000001164,209.95714285714348
2025-12-14 09:00:00,90115.0,90158.0,90007.0,90025.9,57.74668524,5201026.422919042,5201026.422919042,1,151.0,43.10000000000582,107.89999999999418,151.0,212.4000000000004
2025-12-14 10:00:00,90026.0,90133.3,89786.4,89857.0,356.79876067,32105372.509623506,32105372.509623506,1,346.90000000000873,107.40000000000873,239.5,346.90000000000873,224.90000000000146
2025-12-14 11:00:00,89857.1,89857.1,88632.9,89355.0,716.52021275,63954194.407106409,63954194.407106409,1,1224.2000000000116,0.10000000000582077,1224.1000000000058,1224.2000000000116,281.8285714285739
2025-12-14 12:00:00,89355.1,89662.6,89100.0,89418.5,142.95710451,12781971.11729148,12781971.11729148,1,562.6000000000058,307.6000000000058,255.0,562.6000000000058,304.16428571428906
2025-12-14 13:00:00,89417.1,89498.0,89083.9,89484.1,93.66485585,8360013.411800478,8360013.411800478,1,414.1000000000058,79.5,334.6000000000058,414.1000000000058,318.6000000000037
2025-12-14 14:00:00,89484.1,89559.4,88884.0,89112.1,169.43066117,15107379.798435572,15107379.798435572,1,675.3999999999942,75.29999999998836,600.1000000000058,675.3999999999942,341.84285714286045
2025-12-14 15:00:00,89112.1,89180.0,88880.0,89027.7,76.91047471,6846523.108176784,6846523.108176784,1,300.0,67.89999999999418,232.10000000000582,300.0,345.7214285714321
2025-12-14 16:00:00,89027.7,89397.9,88505.4,88832.9,191.920253,17061467.715589613,17061467.715589613,1,892.5,370.1999999999971,522.3000000000029,892.5,398.9857142857176
2025-12-14 17:00:00,88833.0,89029.2,88600.0,88804.9,135.47267914,12032329.846435835,12032329.846435835,1,429.1999999999971,196.3000000000029,232.89999999999418,429.1999999999971,425.15714285714574
2025-12-14 18:00:00,88805.0,89082.4,88720.2,89004.7,85.78959057,7626048.986024495,7626048.986024495,1,362.1999999999971,277.5,84.69999999999709,362.1999999999971,435.67142857143125
2025-12-14 19:00:00,89004.7,89004.7,88465.9,88644.0,104.8662025,9297334.104744129,9297334.104744129,1,538.8000000000029,0.0,538.8000000000029,538.8000000000029,461.0857142857172
2025-12-14 20:00:00,88644.1,88833.0,88350.0,88556.9,147.3055239,13051626.840066244,13051626.840066244,1,483.0,189.0,294.0,483.0,484.89285714286024
2025-12-14 21:00:00,88557.0,88711.6,88342.4,88444.0,66.05346172,5847611.748482705,5847611.748482705,1,369.20000000001164,154.70000000001164,214.5,369.20000000001164,496.5571428571462
2025-12-14 22:00:00,88444.1,88604.9,88018.0,88411.0,162.34966857,14332668.440990824,14332668.440990824,1,586.8999999999942,160.89999999999418,426.0,586.8999999999942,524.000000000002
2025-12-14 23:00:00,88411.0,88610.0,87564.5,88162.9,321.36472736,28279038.877735869,28279038.877735869,1,1045.5,199.0,846.5,1045.5,587.8928571428593
2025-12-15 00:00:00,88163.0,88688.0,88072.3,88456.0,187.50243092,16580640.693921828,16580640.693921828,1,615.6999999999971,525.1000000000058,90.59999999999127,615.6999999999971,607.0928571428584
2025-12-15 01:00:00,88456.0,89336.9,88421.0,89248.1,258.90828396,23027334.224691687,23027334.224691687,1,915.8999999999942,880.8999999999942,35.0,915.8999999999942,585.0714285714286
2025-12-15 02:00:00,89248.1,90021.9,89235.1,89315.0,215.7082354,19325674.8293162,19325674.8293162,1,786.7999999999884,773.7999999999884,13.0,786.7999999999884,601.085714285713
2025-12-11 00:00:00,92013.6,92082.8,91048.1,91385.2,335.30472018,30694976.096124609,30694976.096124609,1,1034.699999999997,,,1034.699999999997,1034.699999999997
2025-12-11 01:00:00,91385.3,91408.0,90653.4,90673.8,279.1833207,25392865.860305077,25392865.860305077,1,754.6000000000058,22.80000000000291,731.8000000000029,754.6000000000058,894.6500000000015
2025-12-11 02:00:00,90673.8,90673.8,89872.5,90070.3,512.38051515,46206933.823016915,46206933.823016915,1,801.3000000000029,0.0,801.3000000000029,801.3000000000029,863.5333333333352
2025-12-11 03:00:00,90070.5,90083.5,89389.8,89881.1,397.6365867,35697833.048224359,35697833.048224359,1,693.6999999999971,13.19999999999709,680.5,693.6999999999971,821.0750000000007
2025-12-11 04:00:00,89881.0,90483.3,89688.0,90437.0,290.53147763,26164546.266505642,26164546.266505642,1,795.3000000000029,602.1999999999971,193.10000000000582,795.3000000000029,815.9200000000012
2025-12-11 05:00:00,90437.0,90437.0,90066.1,90303.8,199.17020937,17972015.207016023,17972015.207016023,1,370.8999999999942,0.0,370.8999999999942,370.8999999999942,741.75
2025-12-11 06:00:00,90303.8,90445.9,89954.9,90292.2,187.19643679,16889051.661337297,16889051.661337297,1,491.0,142.09999999999127,348.90000000000873,491.0,705.9285714285714
2025-12-11 07:00:00,90292.3,90329.2,90057.2,90271.0,271.86738121,24519779.769281561,24519779.769281561,1,272.0,37.0,235.0,272.0,651.6875
2025-12-11 08:00:00,90270.9,90271.0,89964.9,90186.4,126.31077616,11381625.647527792,11381625.647527792,1,306.1000000000058,0.0,306.1000000000058,306.1000000000058,613.2888888888896
2025-12-11 09:00:00,90186.5,90523.3,90111.9,90233.0,800.5978254,72292353.878754779,72292353.878754779,1,411.40000000000873,336.90000000000873,74.5,411.40000000000873,593.1000000000015
2025-12-11 10:00:00,90233.3,90347.1,90170.0,90317.3,155.557461,14037011.886429888,14037011.886429888,1,177.10000000000582,114.10000000000582,63.0,177.10000000000582,555.2818181818201
2025-12-11 11:00:00,90317.4,90414.0,90204.1,90234.8,551.81074857,49834622.130277799,49834622.130277799,1,209.89999999999418,96.69999999999709,113.19999999999709,209.89999999999418,526.5000000000013
2025-12-11 12:00:00,90234.8,90381.3,90008.0,90029.0,148.4028197,13390022.619956618,13390022.619956618,1,373.3000000000029,146.5,226.8000000000029,373.3000000000029,514.7153846153859
2025-12-11 13:00:00,90029.1,90170.0,89876.1,90101.0,150.53066277,13555048.64929751,13555048.64929751,1,293.8999999999942,141.0,152.89999999999418,293.8999999999942,498.942857142858
2025-12-11 14:00:00,90101.0,90484.2,89255.9,89548.1,500.5589693,45038872.432556601,45038872.432556601,1,1228.300000000003,383.1999999999971,845.1000000000058,1228.300000000003,512.7714285714299
2025-12-11 15:00:00,89548.1,90642.7,89408.0,89875.1,485.2247252,43702912.661672633,43702912.661672633,1,1234.699999999997,1094.5999999999913,140.10000000000582,1234.699999999997,547.0642857142864
2025-12-11 16:00:00,89875.0,90180.2,89333.3,89736.9,204.82634057,18369819.972935307,18369819.972935307,1,846.8999999999942,305.09999999999127,541.8000000000029,846.8999999999942,550.3214285714286
2025-12-11 17:00:00,89737.1,90255.1,89630.0,89979.4,161.71465129,14553734.661389972,14553734.661389972,1,625.1000000000058,518.2000000000116,106.89999999999418,625.1000000000058,545.4214285714291
2025-12-11 18:00:00,89971.6,91183.4,89891.1,90705.9,335.91158054,30446395.022196414,30446395.022196414,1,1292.2999999999884,1204.0,88.29999999998836,1292.2999999999884,580.9214285714281
2025-12-11 19:00:00,90705.7,91541.2,90583.1,90835.6,281.02742739,25605873.434216176,25605873.434216176,1,958.0999999999913,835.3000000000029,122.79999999998836,958.0999999999913,622.8642857142851
2025-12-11 20:00:00,90835.6,91829.2,90802.5,91781.4,186.21123828,17014826.359211654,17014826.359211654,1,1026.699999999997,993.5999999999913,33.10000000000582,1026.699999999997,661.1285714285706
2025-12-11 21:00:00,91789.2,93564.4,91703.3,92867.6,620.82572248,57645800.030164525,57645800.030164525,1,1861.0999999999913,1783.0,78.09999999999127,1861.0999999999913,774.6357142857129
2025-12-11 22:00:00,92867.7,93198.2,92097.6,92371.5,376.20738183,34826129.694224646,34826129.694224646,1,1100.5999999999913,330.59999999999127,770.0,1100.5999999999913,831.3857142857117
2025-12-11 23:00:00,92373.3,92804.5,92337.1,92522.3,399.27092309,36961470.86925368,36961470.86925368,1,467.3999999999942,433.0,34.39999999999418,467.3999999999942,835.3857142857107
2025-12-12 00:00:00,92522.2,92658.5,91280.4,91577.7,358.3292851,33005770.886541213,33005770.886541213,1,1378.1000000000058,136.1999999999971,1241.9000000000087,1378.1000000000058,921.171428571425
2025-12-12 01:00:00,91577.7,92317.0,91545.9,92171.8,210.07472527,19322611.47707797,19322611.47707797,1,771.1000000000058,739.3000000000029,31.80000000000291,771.1000000000058,961.2571428571401
2025-12-12 02:00:00,92171.9,92747.2,91929.1,92584.4,249.48219932,23067183.070103246,23067183.070103246,1,818.0999999999913,575.3999999999942,242.6999999999971,818.0999999999913,993.028571428568
2025-12-12 03:00:00,92584.5,92752.5,92175.0,92275.1,142.86960433,13196568.63684372,13196568.63684372,1,577.5,168.10000000000582,409.3999999999942,577.5,1013.2857142857112
2025-12-12 04:00:00,92274.9,92468.1,92123.0,92397.5,168.48839422,15545834.088353661,15545834.088353661,1,345.1000000000058,193.0,152.10000000000582,345.1000000000058,950.1999999999971
2025-12-12 05:00:00,92397.6,92502.3,92078.6,92443.2,134.01676677,12368300.369900802,12368300.369900802,1,423.6999999999971,104.80000000000291,318.8999999999942,423.6999999999971,892.2714285714256
2025-12-12 06:00:00,92443.2,92719.3,92403.1,92506.6,134.63047044,12466374.304033229,12466374.304033229,1,316.1999999999971,276.1000000000058,40.09999999999127,316.1999999999971,854.364285714283
2025-12-12 07:00:00,92506.7,92562.6,92250.3,92427.1,198.62147521,18363238.511646634,18363238.511646634,1,312.3000000000029,56.0,256.3000000000029,312.3000000000029,832.0214285714256
2025-12-12 08:00:00,92427.2,92479.1,92103.1,92347.4,159.40891768,14712170.015336549,14712170.015336549,1,376.0,52.0,324.0,376.0,766.5714285714265
2025-12-12 09:00:00,92346.9,92559.3,92088.5,92522.5,103.49380457,9554816.047931844,9554816.047931844,1,470.8000000000029,211.90000000000873,258.8999999999942,470.8000000000029,731.7642857142845
2025-12-12 10:00:00,92522.6,92635.6,92413.3,92493.0,183.00963292,16931789.121531478,16931789.121531478,1,222.3000000000029,113.10000000000582,109.19999999999709,222.3000000000029,674.307142857142
2025-12-12 11:00:00,92493.1,92493.1,92276.3,92411.9,62.00548005,5727795.329903857,5727795.329903857,1,216.8000000000029,0.10000000000582077,216.6999999999971,216.8000000000029,556.8571428571429
2025-12-12 12:00:00,92411.8,92425.1,92085.9,92425.1,165.86361655,15300734.520564509,15300734.520564509,1,339.20000000001164,13.200000000011642,326.0,339.20000000001164,502.47142857143
2025-12-12 13:00:00,92425.1,92515.6,92250.3,92311.9,129.70306513,11981370.903314232,11981370.903314232,1,265.3000000000029,90.5,174.8000000000029,265.3000000000029,488.0357142857164
2025-12-12 14:00:00,92311.9,92666.5,91902.5,92445.5,329.62106883,30444218.069092544,30444218.069092544,1,764.0,354.6000000000058,409.3999999999942,764.0,444.1714285714302
2025-12-12 15:00:00,92445.5,92445.5,89777.7,89941.4,1021.78373382,93036374.085344914,93036374.085344914,1,2667.800000000003,0.0,2667.800000000003,2667.800000000003,579.6500000000015
2025-12-12 16:00:00,89933.7,90439.5,89466.6,90040.1,539.75715832,48513696.953162542,48513696.953162542,1,972.8999999999942,498.1000000000058,474.79999999998836,972.8999999999942,590.7071428571445
2025-12-12 17:00:00,90040.2,90622.7,89822.6,90075.6,335.39684545,30256725.64032449,30256725.64032449,1,800.0999999999913,582.5999999999913,217.5,800.0999999999913,606.6071428571439
2025-12-12 18:00:00,90075.7,90659.9,90039.0,90366.0,350.93473832,31740116.294646766,31740116.294646766,1,620.8999999999942,584.2999999999884,36.60000000000582,620.8999999999942,626.307142857143
2025-12-12 19:00:00,90366.1,90398.9,90003.9,90197.1,179.75798504,16211958.551396132,16211958.551396132,1,395.0,32.89999999999418,362.1000000000058,395.0,624.2571428571433
2025-12-12 20:00:00,90197.1,90329.8,89888.8,90211.3,143.77395516,12959956.555020375,12959956.555020375,1,441.0,132.6999999999971,308.3000000000029,441.0,633.1714285714291
2025-12-12 21:00:00,90211.2,90347.6,90100.0,90192.0,100.17990399,9039494.043334048,9039494.043334048,1,247.60000000000582,136.3000000000029,111.30000000000291,247.60000000000582,628.5500000000009
2025-12-12 22:00:00,90186.0,90392.3,90184.7,90339.7,67.57906932,6102963.808878532,6102963.808878532,1,207.60000000000582,200.3000000000029,7.30000000000291,207.60000000000582,616.5214285714299
2025-12-12 23:00:00,90339.9,90387.0,90225.1,90268.1,43.02290384,3886376.254715724,3886376.254715724,1,161.89999999999418,47.30000000000291,114.59999999999127,161.89999999999418,594.4571428571435
2025-12-13 00:00:00,90268.1,90436.5,90206.9,90317.6,72.87979636,6583395.67486858,6583395.67486858,1,229.60000000000582,168.39999999999418,61.20000000001164,229.60000000000582,594.9785714285723
2025-12-13 01:00:00,90317.6,90360.0,90112.4,90224.9,53.88380277,4863702.025621173,4863702.025621173,1,247.60000000000582,42.39999999999418,205.20000000001164,247.60000000000582,597.1785714285725
2025-12-13 02:00:00,90225.0,90318.0,90206.2,90227.1,85.2432324,7693250.624685539,7693250.624685539,1,111.80000000000291,93.10000000000582,18.69999999999709,111.80000000000291,580.9357142857147
2025-12-13 03:00:00,90227.1,90469.9,90196.0,90341.9,135.46026992,12236562.817418255,12236562.817418255,1,273.8999999999942,242.79999999998836,31.10000000000582,273.8999999999942,581.5499999999998
2025-12-13 04:00:00,90341.9,90421.0,90271.5,90375.9,66.51295067,6009310.843948976,6009310.843948976,1,149.5,79.10000000000582,70.39999999999418,149.5,537.6571428571426
2025-12-13 05:00:00,90375.9,90394.0,90246.5,90340.4,162.18434809,14647563.439590031,14647563.439590031,1,147.5,18.10000000000582,129.39999999999418,147.5,357.63571428571385
2025-12-13 06:00:00,90340.5,90370.7,90251.6,90348.1,116.02051912,10478012.26595885,10478012.26595885,1,119.09999999999127,30.30000000000291,88.79999999998836,119.09999999999127,296.64999999999935
2025-12-13 07:00:00,90348.2,90416.9,90311.9,90330.0,559.66099937,50572556.425659322,50572556.425659322,1,105.0,68.79999999998836,36.20000000001164,105.0,247.0
2025-12-13 08:00:00,90330.1,90576.7,90314.6,90450.9,239.47088858,21661720.310185571,21661720.310185571,1,262.09999999999127,246.6999999999971,15.39999999999418,262.09999999999127,221.37142857142837
2025-12-13 09:00:00,90450.9,90513.5,90361.9,90415.0,142.43273878,12877980.376253072,12877980.376253072,1,151.60000000000582,62.60000000000582,89.0,151.60000000000582,203.9857142857145
2025-12-13 10:00:00,90415.1,90638.2,90415.1,90592.9,183.38279702,16595402.929461443,16595402.929461443,1,223.09999999999127,223.1999999999971,0.10000000000582077,223.1999999999971,188.42857142857142
2025-12-13 11:00:00,90592.9,90611.8,90300.0,90341.7,106.74044916,9656012.031319075,9656012.031319075,1,311.8000000000029,18.90000000000873,292.8999999999942,311.8000000000029,193.0142857142855
2025-12-13 12:00:00,90341.7,90486.0,90294.5,90355.1,54.66533858,4940466.232547556,4940466.232547556,1,191.5,144.3000000000029,47.19999999999709,191.5,191.8642857142851
2025-12-13 13:00:00,90355.1,90468.8,90200.0,90262.0,297.84272778,26904469.798221174,26904469.798221174,1,268.8000000000029,113.69999999999709,155.10000000000582,268.8000000000029,199.5
2025-12-13 14:00:00,90262.0,90348.1,89930.1,90086.0,152.71142529,13765120.287583045,13765120.287583045,1,418.0,86.10000000000582,331.8999999999942,418.0,212.95714285714243
2025-12-13 15:00:00,90085.9,90293.1,90038.7,90100.7,74.60630179,6725709.608373839,6725709.608373839,1,254.40000000000873,207.10000000000582,47.30000000000291,254.40000000000873,213.44285714285692
2025-12-13 16:00:00,90100.6,90275.0,90032.5,90097.6,47.03441241,4239349.313035252,4239349.313035252,1,242.5,174.3000000000029,68.19999999999709,242.5,222.778571428571
2025-12-13 17:00:00,90097.6,90105.8,89990.0,90054.0,36.70012025,3304003.122741532,3304003.122741532,1,115.80000000000291,8.19999999999709,107.60000000000582,115.80000000000291,211.4857142857145
2025-12-13 18:00:00,90054.1,90190.6,90044.1,90123.9,21.37263691,1926583.75852249,1926583.75852249,1,146.5,136.60000000000582,9.89999999999418,146.5,211.27142857142877
2025-12-13 19:00:00,90124.0,90225.5,90108.7,90182.5,16.58305732,1495351.356629241,1495351.356629241,1,116.80000000000291,101.60000000000582,15.19999999999709,116.80000000000291,209.07857142857185
2025-12-13 20:00:00,90182.4,90215.9,90044.0,90092.6,64.72020751,5836225.620077551,5836225.620077551,1,171.89999999999418,33.39999999999418,138.5,171.89999999999418,212.85000000000062
2025-12-13 21:00:00,90092.6,90192.0,89764.8,90171.5,67.18613368,6043540.506136839,6043540.506136839,1,427.1999999999971,99.39999999999418,327.8000000000029,427.1999999999971,235.86428571428613
2025-12-13 22:00:00,90171.5,90252.4,90002.5,90137.0,37.07301635,3341869.940098472,3341869.940098472,1,249.89999999999418,80.89999999999418,169.0,249.89999999999418,234.99285714285776
2025-12-13 23:00:00,90137.0,90279.0,90067.0,90241.1,25.03486913,2258498.808299851,2258498.808299851,1,212.0,142.0,70.0,212.0,239.30714285714308
2025-12-14 00:00:00,90241.1,90475.0,90125.0,90339.1,107.15131775,9678115.616046229,9678115.616046229,1,350.0,233.89999999999418,116.10000000000582,350.0,248.36428571428613
2025-12-14 01:00:00,90339.1,90458.2,90212.5,90300.4,57.87306423,5228086.693414258,5228086.693414258,1,245.6999999999971,119.09999999999127,126.60000000000582,245.6999999999971,243.64285714285714
2025-12-14 02:00:00,90300.5,90394.0,90247.2,90293.0,36.08459461,3259247.2491152,3259247.2491152,1,146.8000000000029,93.60000000000582,53.19999999999709,146.8000000000029,240.45000000000022
2025-12-14 03:00:00,90293.1,90310.0,90247.2,90266.5,46.3393048,4183271.292433037,4183271.292433037,1,62.80000000000291,17.0,45.80000000000291,62.80000000000291,225.7357142857145
2025-12-14 04:00:00,90266.6,90346.3,90131.3,90205.0,54.69097451,4934947.287390021,4934947.287390021,1,215.0,79.80000000000291,135.1999999999971,215.0,211.2357142857145
2025-12-14 05:00:00,90205.0,90234.0,90051.0,90208.7,72.44141003,6530321.369876209,6530321.369876209,1,183.0,29.0,154.0,183.0,206.13571428571387
2025-12-14 06:00:00,90208.7,90249.7,90100.0,90151.1,29.74349959,2681907.606510695,2681907.606510695,1,149.6999999999971,41.0,108.69999999999709,149.6999999999971,199.50714285714224
2025-12-14 07:00:00,90151.1,90291.1,90085.2,90256.1,114.17679632,10301894.803587832,10301894.803587832,1,205.90000000000873,140.0,65.90000000000873,205.90000000000873,205.94285714285692
2025-12-14 08:00:00,90256.0,90307.6,90104.9,90114.9,205.22209862,18514264.553928792,18514264.553928792,1,202.70000000001164,51.5,151.20000000001164,202.70000000001164,209.95714285714348
2025-12-14 09:00:00,90115.0,90158.0,90007.0,90025.9,57.74668524,5201026.422919042,5201026.422919042,1,151.0,43.10000000000582,107.89999999999418,151.0,212.4000000000004
2025-12-14 10:00:00,90026.0,90133.3,89786.4,89857.0,356.79876067,32105372.509623506,32105372.509623506,1,346.90000000000873,107.40000000000873,239.5,346.90000000000873,224.90000000000146
2025-12-14 11:00:00,89857.1,89857.1,88632.9,89355.0,716.52021275,63954194.407106409,63954194.407106409,1,1224.2000000000116,0.10000000000582077,1224.1000000000058,1224.2000000000116,281.8285714285739
2025-12-14 12:00:00,89355.1,89662.6,89100.0,89418.5,142.95710451,12781971.11729148,12781971.11729148,1,562.6000000000058,307.6000000000058,255.0,562.6000000000058,304.16428571428906
2025-12-14 13:00:00,89417.1,89498.0,89083.9,89484.1,93.66485585,8360013.411800478,8360013.411800478,1,414.1000000000058,79.5,334.6000000000058,414.1000000000058,318.6000000000037
2025-12-14 14:00:00,89484.1,89559.4,88884.0,89112.1,169.43066117,15107379.798435572,15107379.798435572,1,675.3999999999942,75.29999999998836,600.1000000000058,675.3999999999942,341.84285714286045
2025-12-14 15:00:00,89112.1,89180.0,88880.0,89027.7,76.91047471,6846523.108176784,6846523.108176784,1,300.0,67.89999999999418,232.10000000000582,300.0,345.7214285714321
2025-12-14 16:00:00,89027.7,89397.9,88505.4,88832.9,191.920253,17061467.715589613,17061467.715589613,1,892.5,370.1999999999971,522.3000000000029,892.5,398.9857142857176
2025-12-14 17:00:00,88833.0,89029.2,88600.0,88804.9,135.47267914,12032329.846435835,12032329.846435835,1,429.1999999999971,196.3000000000029,232.89999999999418,429.1999999999971,425.15714285714574
2025-12-14 18:00:00,88805.0,89082.4,88720.2,89004.7,85.78959057,7626048.986024495,7626048.986024495,1,362.1999999999971,277.5,84.69999999999709,362.1999999999971,435.67142857143125
2025-12-14 19:00:00,89004.7,89004.7,88465.9,88644.0,104.8662025,9297334.104744129,9297334.104744129,1,538.8000000000029,0.0,538.8000000000029,538.8000000000029,461.0857142857172
2025-12-14 20:00:00,88644.1,88833.0,88350.0,88556.9,147.3055239,13051626.840066244,13051626.840066244,1,483.0,189.0,294.0,483.0,484.89285714286024
2025-12-14 21:00:00,88557.0,88711.6,88342.4,88444.0,66.05346172,5847611.748482705,5847611.748482705,1,369.20000000001164,154.70000000001164,214.5,369.20000000001164,496.5571428571462
2025-12-14 22:00:00,88444.1,88604.9,88018.0,88411.0,162.34966857,14332668.440990824,14332668.440990824,1,586.8999999999942,160.89999999999418,426.0,586.8999999999942,524.000000000002
2025-12-14 23:00:00,88411.0,88610.0,87564.5,88162.9,321.36472736,28279038.877735869,28279038.877735869,1,1045.5,199.0,846.5,1045.5,587.8928571428593
2025-12-15 00:00:00,88163.0,88688.0,88072.3,88456.0,187.50243092,16580640.693921828,16580640.693921828,1,615.6999999999971,525.1000000000058,90.59999999999127,615.6999999999971,607.0928571428584
2025-12-15 01:00:00,88456.0,89336.9,88421.0,89248.1,258.90828396,23027334.224691687,23027334.224691687,1,915.8999999999942,880.8999999999942,35.0,915.8999999999942,585.0714285714286
2025-12-15 02:00:00,89248.1,90021.9,89235.1,89315.0,215.7082354,19325674.8293162,19325674.8293162,1,786.7999999999884,773.7999999999884,13.0,786.7999999999884,601.085714285713
2025-12-15 03:00:00,89315.0,89540.0,89226.5,89285.9,166.99620109,14919165.020506581,14919165.020506581,1,313.5,225.0,88.5,313.5,593.8999999999984
2025-12-11 00:00:00,92013.6,92082.8,91048.1,91385.2,335.30472018,30694976.096124609,30694976.096124609,1,1034.699999999997,,,1034.699999999997,1034.699999999997
2025-12-11 01:00:00,91385.3,91408.0,90653.4,90673.8,279.1833207,25392865.860305077,25392865.860305077,1,754.6000000000058,22.80000000000291,731.8000000000029,754.6000000000058,894.6500000000015
2025-12-11 02:00:00,90673.8,90673.8,89872.5,90070.3,512.38051515,46206933.823016915,46206933.823016915,1,801.3000000000029,0.0,801.3000000000029,801.3000000000029,863.5333333333352
2025-12-11 03:00:00,90070.5,90083.5,89389.8,89881.1,397.6365867,35697833.048224359,35697833.048224359,1,693.6999999999971,13.19999999999709,680.5,693.6999999999971,821.0750000000007
2025-12-11 04:00:00,89881.0,90483.3,89688.0,90437.0,290.53147763,26164546.266505642,26164546.266505642,1,795.3000000000029,602.1999999999971,193.10000000000582,795.3000000000029,815.9200000000012
2025-12-11 05:00:00,90437.0,90437.0,90066.1,90303.8,199.17020937,17972015.207016023,17972015.207016023,1,370.8999999999942,0.0,370.8999999999942,370.8999999999942,741.75
2025-12-11 06:00:00,90303.8,90445.9,89954.9,90292.2,187.19643679,16889051.661337297,16889051.661337297,1,491.0,142.09999999999127,348.90000000000873,491.0,705.9285714285714
2025-12-11 07:00:00,90292.3,90329.2,90057.2,90271.0,271.86738121,24519779.769281561,24519779.769281561,1,272.0,37.0,235.0,272.0,651.6875
2025-12-11 08:00:00,90270.9,90271.0,89964.9,90186.4,126.31077616,11381625.647527792,11381625.647527792,1,306.1000000000058,0.0,306.1000000000058,306.1000000000058,613.2888888888896
2025-12-11 09:00:00,90186.5,90523.3,90111.9,90233.0,800.5978254,72292353.878754779,72292353.878754779,1,411.40000000000873,336.90000000000873,74.5,411.40000000000873,593.1000000000015
2025-12-11 10:00:00,90233.3,90347.1,90170.0,90317.3,155.557461,14037011.886429888,14037011.886429888,1,177.10000000000582,114.10000000000582,63.0,177.10000000000582,555.2818181818201
2025-12-11 11:00:00,90317.4,90414.0,90204.1,90234.8,551.81074857,49834622.130277799,49834622.130277799,1,209.89999999999418,96.69999999999709,113.19999999999709,209.89999999999418,526.5000000000013
2025-12-11 12:00:00,90234.8,90381.3,90008.0,90029.0,148.4028197,13390022.619956618,13390022.619956618,1,373.3000000000029,146.5,226.8000000000029,373.3000000000029,514.7153846153859
2025-12-11 13:00:00,90029.1,90170.0,89876.1,90101.0,150.53066277,13555048.64929751,13555048.64929751,1,293.8999999999942,141.0,152.89999999999418,293.8999999999942,498.942857142858
2025-12-11 14:00:00,90101.0,90484.2,89255.9,89548.1,500.5589693,45038872.432556601,45038872.432556601,1,1228.300000000003,383.1999999999971,845.1000000000058,1228.300000000003,512.7714285714299
2025-12-11 15:00:00,89548.1,90642.7,89408.0,89875.1,485.2247252,43702912.661672633,43702912.661672633,1,1234.699999999997,1094.5999999999913,140.10000000000582,1234.699999999997,547.0642857142864
2025-12-11 16:00:00,89875.0,90180.2,89333.3,89736.9,204.82634057,18369819.972935307,18369819.972935307,1,846.8999999999942,305.09999999999127,541.8000000000029,846.8999999999942,550.3214285714286
2025-12-11 17:00:00,89737.1,90255.1,89630.0,89979.4,161.71465129,14553734.661389972,14553734.661389972,1,625.1000000000058,518.2000000000116,106.89999999999418,625.1000000000058,545.4214285714291
2025-12-11 18:00:00,89971.6,91183.4,89891.1,90705.9,335.91158054,30446395.022196414,30446395.022196414,1,1292.2999999999884,1204.0,88.29999999998836,1292.2999999999884,580.9214285714281
2025-12-11 19:00:00,90705.7,91541.2,90583.1,90835.6,281.02742739,25605873.434216176,25605873.434216176,1,958.0999999999913,835.3000000000029,122.79999999998836,958.0999999999913,622.8642857142851
2025-12-11 20:00:00,90835.6,91829.2,90802.5,91781.4,186.21123828,17014826.359211654,17014826.359211654,1,1026.699999999997,993.5999999999913,33.10000000000582,1026.699999999997,661.1285714285706
2025-12-11 21:00:00,91789.2,93564.4,91703.3,92867.6,620.82572248,57645800.030164525,57645800.030164525,1,1861.0999999999913,1783.0,78.09999999999127,1861.0999999999913,774.6357142857129
2025-12-11 22:00:00,92867.7,93198.2,92097.6,92371.5,376.20738183,34826129.694224646,34826129.694224646,1,1100.5999999999913,330.59999999999127,770.0,1100.5999999999913,831.3857142857117
2025-12-11 23:00:00,92373.3,92804.5,92337.1,92522.3,399.27092309,36961470.86925368,36961470.86925368,1,467.3999999999942,433.0,34.39999999999418,467.3999999999942,835.3857142857107
2025-12-12 00:00:00,92522.2,92658.5,91280.4,91577.7,358.3292851,33005770.886541213,33005770.886541213,1,1378.1000000000058,136.1999999999971,1241.9000000000087,1378.1000000000058,921.171428571425
2025-12-12 01:00:00,91577.7,92317.0,91545.9,92171.8,210.07472527,19322611.47707797,19322611.47707797,1,771.1000000000058,739.3000000000029,31.80000000000291,771.1000000000058,961.2571428571401
2025-12-12 02:00:00,92171.9,92747.2,91929.1,92584.4,249.48219932,23067183.070103246,23067183.070103246,1,818.0999999999913,575.3999999999942,242.6999999999971,818.0999999999913,993.028571428568
2025-12-12 03:00:00,92584.5,92752.5,92175.0,92275.1,142.86960433,13196568.63684372,13196568.63684372,1,577.5,168.10000000000582,409.3999999999942,577.5,1013.2857142857112
2025-12-12 04:00:00,92274.9,92468.1,92123.0,92397.5,168.48839422,15545834.088353661,15545834.088353661,1,345.1000000000058,193.0,152.10000000000582,345.1000000000058,950.1999999999971
2025-12-12 05:00:00,92397.6,92502.3,92078.6,92443.2,134.01676677,12368300.369900802,12368300.369900802,1,423.6999999999971,104.80000000000291,318.8999999999942,423.6999999999971,892.2714285714256
2025-12-12 06:00:00,92443.2,92719.3,92403.1,92506.6,134.63047044,12466374.304033229,12466374.304033229,1,316.1999999999971,276.1000000000058,40.09999999999127,316.1999999999971,854.364285714283
2025-12-12 07:00:00,92506.7,92562.6,92250.3,92427.1,198.62147521,18363238.511646634,18363238.511646634,1,312.3000000000029,56.0,256.3000000000029,312.3000000000029,832.0214285714256
2025-12-12 08:00:00,92427.2,92479.1,92103.1,92347.4,159.40891768,14712170.015336549,14712170.015336549,1,376.0,52.0,324.0,376.0,766.5714285714265
2025-12-12 09:00:00,92346.9,92559.3,92088.5,92522.5,103.49380457,9554816.047931844,9554816.047931844,1,470.8000000000029,211.90000000000873,258.8999999999942,470.8000000000029,731.7642857142845
2025-12-12 10:00:00,92522.6,92635.6,92413.3,92493.0,183.00963292,16931789.121531478,16931789.121531478,1,222.3000000000029,113.10000000000582,109.19999999999709,222.3000000000029,674.307142857142
2025-12-12 11:00:00,92493.1,92493.1,92276.3,92411.9,62.00548005,5727795.329903857,5727795.329903857,1,216.8000000000029,0.10000000000582077,216.6999999999971,216.8000000000029,556.8571428571429
2025-12-12 12:00:00,92411.8,92425.1,92085.9,92425.1,165.86361655,15300734.520564509,15300734.520564509,1,339.20000000001164,13.200000000011642,326.0,339.20000000001164,502.47142857143
2025-12-12 13:00:00,92425.1,92515.6,92250.3,92311.9,129.70306513,11981370.903314232,11981370.903314232,1,265.3000000000029,90.5,174.8000000000029,265.3000000000029,488.0357142857164
2025-12-12 14:00:00,92311.9,92666.5,91902.5,92445.5,329.62106883,30444218.069092544,30444218.069092544,1,764.0,354.6000000000058,409.3999999999942,764.0,444.1714285714302
2025-12-12 15:00:00,92445.5,92445.5,89777.7,89941.4,1021.78373382,93036374.085344914,93036374.085344914,1,2667.800000000003,0.0,2667.800000000003,2667.800000000003,579.6500000000015
2025-12-12 16:00:00,89933.7,90439.5,89466.6,90040.1,539.75715832,48513696.953162542,48513696.953162542,1,972.8999999999942,498.1000000000058,474.79999999998836,972.8999999999942,590.7071428571445
2025-12-12 17:00:00,90040.2,90622.7,89822.6,90075.6,335.39684545,30256725.64032449,30256725.64032449,1,800.0999999999913,582.5999999999913,217.5,800.0999999999913,606.6071428571439
2025-12-12 18:00:00,90075.7,90659.9,90039.0,90366.0,350.93473832,31740116.294646766,31740116.294646766,1,620.8999999999942,584.2999999999884,36.60000000000582,620.8999999999942,626.307142857143
2025-12-12 19:00:00,90366.1,90398.9,90003.9,90197.1,179.75798504,16211958.551396132,16211958.551396132,1,395.0,32.89999999999418,362.1000000000058,395.0,624.2571428571433
2025-12-12 20:00:00,90197.1,90329.8,89888.8,90211.3,143.77395516,12959956.555020375,12959956.555020375,1,441.0,132.6999999999971,308.3000000000029,441.0,633.1714285714291
2025-12-12 21:00:00,90211.2,90347.6,90100.0,90192.0,100.17990399,9039494.043334048,9039494.043334048,1,247.60000000000582,136.3000000000029,111.30000000000291,247.60000000000582,628.5500000000009
2025-12-12 22:00:00,90186.0,90392.3,90184.7,90339.7,67.57906932,6102963.808878532,6102963.808878532,1,207.60000000000582,200.3000000000029,7.30000000000291,207.60000000000582,616.5214285714299
2025-12-12 23:00:00,90339.9,90387.0,90225.1,90268.1,43.02290384,3886376.254715724,3886376.254715724,1,161.89999999999418,47.30000000000291,114.59999999999127,161.89999999999418,594.4571428571435
2025-12-13 00:00:00,90268.1,90436.5,90206.9,90317.6,72.87979636,6583395.67486858,6583395.67486858,1,229.60000000000582,168.39999999999418,61.20000000001164,229.60000000000582,594.9785714285723
2025-12-13 01:00:00,90317.6,90360.0,90112.4,90224.9,53.88380277,4863702.025621173,4863702.025621173,1,247.60000000000582,42.39999999999418,205.20000000001164,247.60000000000582,597.1785714285725
2025-12-13 02:00:00,90225.0,90318.0,90206.2,90227.1,85.2432324,7693250.624685539,7693250.624685539,1,111.80000000000291,93.10000000000582,18.69999999999709,111.80000000000291,580.9357142857147
2025-12-13 03:00:00,90227.1,90469.9,90196.0,90341.9,135.46026992,12236562.817418255,12236562.817418255,1,273.8999999999942,242.79999999998836,31.10000000000582,273.8999999999942,581.5499999999998
2025-12-13 04:00:00,90341.9,90421.0,90271.5,90375.9,66.51295067,6009310.843948976,6009310.843948976,1,149.5,79.10000000000582,70.39999999999418,149.5,537.6571428571426
2025-12-13 05:00:00,90375.9,90394.0,90246.5,90340.4,162.18434809,14647563.439590031,14647563.439590031,1,147.5,18.10000000000582,129.39999999999418,147.5,357.63571428571385
2025-12-13 06:00:00,90340.5,90370.7,90251.6,90348.1,116.02051912,10478012.26595885,10478012.26595885,1,119.09999999999127,30.30000000000291,88.79999999998836,119.09999999999127,296.64999999999935
2025-12-13 07:00:00,90348.2,90416.9,90311.9,90330.0,559.66099937,50572556.425659322,50572556.425659322,1,105.0,68.79999999998836,36.20000000001164,105.0,247.0
2025-12-13 08:00:00,90330.1,90576.7,90314.6,90450.9,239.47088858,21661720.310185571,21661720.310185571,1,262.09999999999127,246.6999999999971,15.39999999999418,262.09999999999127,221.37142857142837
2025-12-13 09:00:00,90450.9,90513.5,90361.9,90415.0,142.43273878,12877980.376253072,12877980.376253072,1,151.60000000000582,62.60000000000582,89.0,151.60000000000582,203.9857142857145
2025-12-13 10:00:00,90415.1,90638.2,90415.1,90592.9,183.38279702,16595402.929461443,16595402.929461443,1,223.09999999999127,223.1999999999971,0.10000000000582077,223.1999999999971,188.42857142857142
2025-12-13 11:00:00,90592.9,90611.8,90300.0,90341.7,106.74044916,9656012.031319075,9656012.031319075,1,311.8000000000029,18.90000000000873,292.8999999999942,311.8000000000029,193.0142857142855
2025-12-13 12:00:00,90341.7,90486.0,90294.5,90355.1,54.66533858,4940466.232547556,4940466.232547556,1,191.5,144.3000000000029,47.19999999999709,191.5,191.8642857142851
2025-12-13 13:00:00,90355.1,90468.8,90200.0,90262.0,297.84272778,26904469.798221174,26904469.798221174,1,268.8000000000029,113.69999999999709,155.10000000000582,268.8000000000029,199.5
2025-12-13 14:00:00,90262.0,90348.1,89930.1,90086.0,152.71142529,13765120.287583045,13765120.287583045,1,418.0,86.10000000000582,331.8999999999942,418.0,212.95714285714243
2025-12-13 15:00:00,90085.9,90293.1,90038.7,90100.7,74.60630179,6725709.608373839,6725709.608373839,1,254.40000000000873,207.10000000000582,47.30000000000291,254.40000000000873,213.44285714285692
2025-12-13 16:00:00,90100.6,90275.0,90032.5,90097.6,47.03441241,4239349.313035252,4239349.313035252,1,242.5,174.3000000000029,68.19999999999709,242.5,222.778571428571
2025-12-13 17:00:00,90097.6,90105.8,89990.0,90054.0,36.70012025,3304003.122741532,3304003.122741532,1,115.80000000000291,8.19999999999709,107.60000000000582,115.80000000000291,211.4857142857145
2025-12-13 18:00:00,90054.1,90190.6,90044.1,90123.9,21.37263691,1926583.75852249,1926583.75852249,1,146.5,136.60000000000582,9.89999999999418,146.5,211.27142857142877
2025-12-13 19:00:00,90124.0,90225.5,90108.7,90182.5,16.58305732,1495351.356629241,1495351.356629241,1,116.80000000000291,101.60000000000582,15.19999999999709,116.80000000000291,209.07857142857185
2025-12-13 20:00:00,90182.4,90215.9,90044.0,90092.6,64.72020751,5836225.620077551,5836225.620077551,1,171.89999999999418,33.39999999999418,138.5,171.89999999999418,212.85000000000062
2025-12-13 21:00:00,90092.6,90192.0,89764.8,90171.5,67.18613368,6043540.506136839,6043540.506136839,1,427.1999999999971,99.39999999999418,327.8000000000029,427.1999999999971,235.86428571428613
2025-12-13 22:00:00,90171.5,90252.4,90002.5,90137.0,37.07301635,3341869.940098472,3341869.940098472,1,249.89999999999418,80.89999999999418,169.0,249.89999999999418,234.99285714285776
2025-12-13 23:00:00,90137.0,90279.0,90067.0,90241.1,25.03486913,2258498.808299851,2258498.808299851,1,212.0,142.0,70.0,212.0,239.30714285714308
2025-12-14 00:00:00,90241.1,90475.0,90125.0,90339.1,107.15131775,9678115.616046229,9678115.616046229,1,350.0,233.89999999999418,116.10000000000582,350.0,248.36428571428613
2025-12-14 01:00:00,90339.1,90458.2,90212.5,90300.4,57.87306423,5228086.693414258,5228086.693414258,1,245.6999999999971,119.09999999999127,126.60000000000582,245.6999999999971,243.64285714285714
2025-12-14 02:00:00,90300.5,90394.0,90247.2,90293.0,36.08459461,3259247.2491152,3259247.2491152,1,146.8000000000029,93.60000000000582,53.19999999999709,146.8000000000029,240.45000000000022
2025-12-14 03:00:00,90293.1,90310.0,90247.2,90266.5,46.3393048,4183271.292433037,4183271.292433037,1,62.80000000000291,17.0,45.80000000000291,62.80000000000291,225.7357142857145
2025-12-14 04:00:00,90266.6,90346.3,90131.3,90205.0,54.69097451,4934947.287390021,4934947.287390021,1,215.0,79.80000000000291,135.1999999999971,215.0,211.2357142857145
2025-12-14 05:00:00,90205.0,90234.0,90051.0,90208.7,72.44141003,6530321.369876209,6530321.369876209,1,183.0,29.0,154.0,183.0,206.13571428571387
2025-12-14 06:00:00,90208.7,90249.7,90100.0,90151.1,29.74349959,2681907.606510695,2681907.606510695,1,149.6999999999971,41.0,108.69999999999709,149.6999999999971,199.50714285714224
2025-12-14 07:00:00,90151.1,90291.1,90085.2,90256.1,114.17679632,10301894.803587832,10301894.803587832,1,205.90000000000873,140.0,65.90000000000873,205.90000000000873,205.94285714285692
2025-12-14 08:00:00,90256.0,90307.6,90104.9,90114.9,205.22209862,18514264.553928792,18514264.553928792,1,202.70000000001164,51.5,151.20000000001164,202.70000000001164,209.95714285714348
2025-12-14 09:00:00,90115.0,90158.0,90007.0,90025.9,57.74668524,5201026.422919042,5201026.422919042,1,151.0,43.10000000000582,107.89999999999418,151.0,212.4000000000004
2025-12-14 10:00:00,90026.0,90133.3,89786.4,89857.0,356.79876067,32105372.509623506,32105372.509623506,1,346.90000000000873,107.40000000000873,239.5,346.90000000000873,224.90000000000146
2025-12-14 11:00:00,89857.1,89857.1,88632.9,89355.0,716.52021275,63954194.407106409,63954194.407106409,1,1224.2000000000116,0.10000000000582077,1224.1000000000058,1224.2000000000116,281.8285714285739
2025-12-14 12:00:00,89355.1,89662.6,89100.0,89418.5,142.95710451,12781971.11729148,12781971.11729148,1,562.6000000000058,307.6000000000058,255.0,562.6000000000058,304.16428571428906
2025-12-14 13:00:00,89417.1,89498.0,89083.9,89484.1,93.66485585,8360013.411800478,8360013.411800478,1,414.1000000000058,79.5,334.6000000000058,414.1000000000058,318.6000000000037
2025-12-14 14:00:00,89484.1,89559.4,88884.0,89112.1,169.43066117,15107379.798435572,15107379.798435572,1,675.3999999999942,75.29999999998836,600.1000000000058,675.3999999999942,341.84285714286045
2025-12-14 15:00:00,89112.1,89180.0,88880.0,89027.7,76.91047471,6846523.108176784,6846523.108176784,1,300.0,67.89999999999418,232.10000000000582,300.0,345.7214285714321
2025-12-14 16:00:00,89027.7,89397.9,88505.4,88832.9,191.920253,17061467.715589613,17061467.715589613,1,892.5,370.1999999999971,522.3000000000029,892.5,398.9857142857176
2025-12-14 17:00:00,88833.0,89029.2,88600.0,88804.9,135.47267914,12032329.846435835,12032329.846435835,1,429.1999999999971,196.3000000000029,232.89999999999418,429.1999999999971,425.15714285714574
2025-12-14 18:00:00,88805.0,89082.4,88720.2,89004.7,85.78959057,7626048.986024495,7626048.986024495,1,362.1999999999971,277.5,84.69999999999709,362.1999999999971,435.67142857143125
2025-12-14 19:00:00,89004.7,89004.7,88465.9,88644.0,104.8662025,9297334.104744129,9297334.104744129,1,538.8000000000029,0.0,538.8000000000029,538.8000000000029,461.0857142857172
2025-12-14 20:00:00,88644.1,88833.0,88350.0,88556.9,147.3055239,13051626.840066244,13051626.840066244,1,483.0,189.0,294.0,483.0,484.89285714286024
2025-12-14 21:00:00,88557.0,88711.6,88342.4,88444.0,66.05346172,5847611.748482705,5847611.748482705,1,369.20000000001164,154.70000000001164,214.5,369.20000000001164,496.5571428571462
2025-12-14 22:00:00,88444.1,88604.9,88018.0,88411.0,162.34966857,14332668.440990824,14332668.440990824,1,586.8999999999942,160.89999999999418,426.0,586.8999999999942,524.000000000002
2025-12-14 23:00:00,88411.0,88610.0,87564.5,88162.9,321.36472736,28279038.877735869,28279038.877735869,1,1045.5,199.0,846.5,1045.5,587.8928571428593
2025-12-15 00:00:00,88163.0,88688.0,88072.3,88456.0,187.50243092,16580640.693921828,16580640.693921828,1,615.6999999999971,525.1000000000058,90.59999999999127,615.6999999999971,607.0928571428584
2025-12-15 01:00:00,88456.0,89336.9,88421.0,89248.1,258.90828396,23027334.224691687,23027334.224691687,1,915.8999999999942,880.8999999999942,35.0,915.8999999999942,585.0714285714286
2025-12-15 02:00:00,89248.1,90021.9,89235.1,89315.0,215.7082354,19325674.8293162,19325674.8293162,1,786.7999999999884,773.7999999999884,13.0,786.7999999999884,601.085714285713
2025-12-15 03:00:00,89315.0,89540.0,89226.5,89285.9,166.99620109,14919165.020506581,14919165.020506581,1,313.5,225.0,88.5,313.5,593.8999999999984
2025-12-11 01:00:00,91385.3,91408.0,90653.4,90673.8,279.1833207,25392865.860305077,25392865.860305077,1,754.6000000000058,,,754.6000000000058,754.6000000000058
2025-12-11 02:00:00,90673.8,90673.8,89872.5,90070.3,512.38051515,46206933.823016915,46206933.823016915,1,801.3000000000029,0.0,801.3000000000029,801.3000000000029,777.9500000000044
2025-12-11 03:00:00,90070.5,90083.5,89389.8,89881.1,397.6365867,35697833.048224359,35697833.048224359,1,693.6999999999971,13.19999999999709,680.5,693.6999999999971,749.8666666666686
2025-12-11 04:00:00,89881.0,90483.3,89688.0,90437.0,290.53147763,26164546.266505642,26164546.266505642,1,795.3000000000029,602.1999999999971,193.10000000000582,795.3000000000029,761.2250000000022
2025-12-11 05:00:00,90437.0,90437.0,90066.1,90303.8,199.17020937,17972015.207016023,17972015.207016023,1,370.8999999999942,0.0,370.8999999999942,370.8999999999942,683.1600000000005
2025-12-11 06:00:00,90303.8,90445.9,89954.9,90292.2,187.19643679,16889051.661337297,16889051.661337297,1,491.0,142.09999999999127,348.90000000000873,491.0,651.1333333333338
2025-12-11 07:00:00,90292.3,90329.2,90057.2,90271.0,271.86738121,24519779.769281561,24519779.769281561,1,272.0,37.0,235.0,272.0,596.971428571429
2025-12-11 08:00:00,90270.9,90271.0,89964.9,90186.4,126.31077616,11381625.647527792,11381625.647527792,1,306.1000000000058,0.0,306.1000000000058,306.1000000000058,560.6125000000011
2025-12-11 09:00:00,90186.5,90523.3,90111.9,90233.0,800.5978254,72292353.878754779,72292353.878754779,1,411.40000000000873,336.90000000000873,74.5,411.40000000000873,544.0333333333352
2025-12-11 10:00:00,90233.3,90347.1,90170.0,90317.3,155.557461,14037011.886429888,14037011.886429888,1,177.10000000000582,114.10000000000582,63.0,177.10000000000582,507.3400000000023
2025-12-11 11:00:00,90317.4,90414.0,90204.1,90234.8,551.81074857,49834622.130277799,49834622.130277799,1,209.89999999999418,96.69999999999709,113.19999999999709,209.89999999999418,480.3000000000016
2025-12-11 12:00:00,90234.8,90381.3,90008.0,90029.0,148.4028197,13390022.619956618,13390022.619956618,1,373.3000000000029,146.5,226.8000000000029,373.3000000000029,471.38333333333503
2025-12-11 13:00:00,90029.1,90170.0,89876.1,90101.0,150.53066277,13555048.64929751,13555048.64929751,1,293.8999999999942,141.0,152.89999999999418,293.8999999999942,457.73076923077036
2025-12-11 14:00:00,90101.0,90484.2,89255.9,89548.1,500.5589693,45038872.432556601,45038872.432556601,1,1228.300000000003,383.1999999999971,845.1000000000058,1228.300000000003,512.7714285714299
2025-12-11 15:00:00,89548.1,90642.7,89408.0,89875.1,485.2247252,43702912.661672633,43702912.661672633,1,1234.699999999997,1094.5999999999913,140.10000000000582,1234.699999999997,547.0642857142864
2025-12-11 16:00:00,89875.0,90180.2,89333.3,89736.9,204.82634057,18369819.972935307,18369819.972935307,1,846.8999999999942,305.09999999999127,541.8000000000029,846.8999999999942,550.3214285714286
2025-12-11 17:00:00,89737.1,90255.1,89630.0,89979.4,161.71465129,14553734.661389972,14553734.661389972,1,625.1000000000058,518.2000000000116,106.89999999999418,625.1000000000058,545.4214285714291
2025-12-11 18:00:00,89971.6,91183.4,89891.1,90705.9,335.91158054,30446395.022196414,30446395.022196414,1,1292.2999999999884,1204.0,88.29999999998836,1292.2999999999884,580.9214285714281
2025-12-11 19:00:00,90705.7,91541.2,90583.1,90835.6,281.02742739,25605873.434216176,25605873.434216176,1,958.0999999999913,835.3000000000029,122.79999999998836,958.0999999999913,622.8642857142851
2025-12-11 20:00:00,90835.6,91829.2,90802.5,91781.4,186.21123828,17014826.359211654,17014826.359211654,1,1026.699999999997,993.5999999999913,33.10000000000582,1026.699999999997,661.1285714285706
2025-12-11 21:00:00,91789.2,93564.4,91703.3,92867.6,620.82572248,57645800.030164525,57645800.030164525,1,1861.0999999999913,1783.0,78.09999999999127,1861.0999999999913,774.6357142857129
2025-12-11 22:00:00,92867.7,93198.2,92097.6,92371.5,376.20738183,34826129.694224646,34826129.694224646,1,1100.5999999999913,330.59999999999127,770.0,1100.5999999999913,831.3857142857117
2025-12-11 23:00:00,92373.3,92804.5,92337.1,92522.3,399.27092309,36961470.86925368,36961470.86925368,1,467.3999999999942,433.0,34.39999999999418,467.3999999999942,835.3857142857107
2025-12-12 00:00:00,92522.2,92658.5,91280.4,91577.7,358.3292851,33005770.886541213,33005770.886541213,1,1378.1000000000058,136.1999999999971,1241.9000000000087,1378.1000000000058,921.171428571425
2025-12-12 01:00:00,91577.7,92317.0,91545.9,92171.8,210.07472527,19322611.47707797,19322611.47707797,1,771.1000000000058,739.3000000000029,31.80000000000291,771.1000000000058,961.2571428571401
2025-12-12 02:00:00,92171.9,92747.2,91929.1,92584.4,249.48219932,23067183.070103246,23067183.070103246,1,818.0999999999913,575.3999999999942,242.6999999999971,818.0999999999913,993.028571428568
2025-12-12 03:00:00,92584.5,92752.5,92175.0,92275.1,142.86960433,13196568.63684372,13196568.63684372,1,577.5,168.10000000000582,409.3999999999942,577.5,1013.2857142857112
2025-12-12 04:00:00,92274.9,92468.1,92123.0,92397.5,168.48839422,15545834.088353661,15545834.088353661,1,345.1000000000058,193.0,152.10000000000582,345.1000000000058,950.1999999999971
2025-12-12 05:00:00,92397.6,92502.3,92078.6,92443.2,134.01676677,12368300.369900802,12368300.369900802,1,423.6999999999971,104.80000000000291,318.8999999999942,423.6999999999971,892.2714285714256
2025-12-12 06:00:00,92443.2,92719.3,92403.1,92506.6,134.63047044,12466374.304033229,12466374.304033229,1,316.1999999999971,276.1000000000058,40.09999999999127,316.1999999999971,854.364285714283
2025-12-12 07:00:00,92506.7,92562.6,92250.3,92427.1,198.62147521,18363238.511646634,18363238.511646634,1,312.3000000000029,56.0,256.3000000000029,312.3000000000029,832.0214285714256
2025-12-12 08:00:00,92427.2,92479.1,92103.1,92347.4,159.40891768,14712170.015336549,14712170.015336549,1,376.0,52.0,324.0,376.0,766.5714285714265
2025-12-12 09:00:00,92346.9,92559.3,92088.5,92522.5,103.49380457,9554816.047931844,9554816.047931844,1,470.8000000000029,211.90000000000873,258.8999999999942,470.8000000000029,731.7642857142845
2025-12-12 10:00:00,92522.6,92635.6,92413.3,92493.0,183.00963292,16931789.121531478,16931789.121531478,1,222.3000000000029,113.10000000000582,109.19999999999709,222.3000000000029,674.307142857142
2025-12-12 11:00:00,92493.1,92493.1,92276.3,92411.9,62.00548005,5727795.329903857,5727795.329903857,1,216.8000000000029,0.10000000000582077,216.6999999999971,216.8000000000029,556.8571428571429
2025-12-12 12:00:00,92411.8,92425.1,92085.9,92425.1,165.86361655,15300734.520564509,15300734.520564509,1,339.20000000001164,13.200000000011642,326.0,339.20000000001164,502.47142857143
2025-12-12 13:00:00,92425.1,92515.6,92250.3,92311.9,129.70306513,11981370.903314232,11981370.903314232,1,265.3000000000029,90.5,174.8000000000029,265.3000000000029,488.0357142857164
2025-12-12 14:00:00,92311.9,92666.5,91902.5,92445.5,329.62106883,30444218.069092544,30444218.069092544,1,764.0,354.6000000000058,409.3999999999942,764.0,444.1714285714302
2025-12-12 15:00:00,92445.5,92445.5,89777.7,89941.4,1021.78373382,93036374.085344914,93036374.085344914,1,2667.800000000003,0.0,2667.800000000003,2667.800000000003,579.6500000000015
2025-12-12 16:00:00,89933.7,90439.5,89466.6,90040.1,539.75715832,48513696.953162542,48513696.953162542,1,972.8999999999942,498.1000000000058,474.79999999998836,972.8999999999942,590.7071428571445
2025-12-12 17:00:00,90040.2,90622.7,89822.6,90075.6,335.39684545,30256725.64032449,30256725.64032449,1,800.0999999999913,582.5999999999913,217.5,800.0999999999913,606.6071428571439
2025-12-12 18:00:00,90075.7,90659.9,90039.0,90366.0,350.93473832,31740116.294646766,31740116.294646766,1,620.8999999999942,584.2999999999884,36.60000000000582,620.8999999999942,626.307142857143
2025-12-12 19:00:00,90366.1,90398.9,90003.9,90197.1,179.75798504,16211958.551396132,16211958.551396132,1,395.0,32.89999999999418,362.1000000000058,395.0,624.2571428571433
2025-12-12 20:00:00,90197.1,90329.8,89888.8,90211.3,143.77395516,12959956.555020375,12959956.555020375,1,441.0,132.6999999999971,308.3000000000029,441.0,633.1714285714291
2025-12-12 21:00:00,90211.2,90347.6,90100.0,90192.0,100.17990399,9039494.043334048,9039494.043334048,1,247.60000000000582,136.3000000000029,111.30000000000291,247.60000000000582,628.5500000000009
2025-12-12 22:00:00,90186.0,90392.3,90184.7,90339.7,67.57906932,6102963.808878532,6102963.808878532,1,207.60000000000582,200.3000000000029,7.30000000000291,207.60000000000582,616.5214285714299
2025-12-12 23:00:00,90339.9,90387.0,90225.1,90268.1,43.02290384,3886376.254715724,3886376.254715724,1,161.89999999999418,47.30000000000291,114.59999999999127,161.89999999999418,594.4571428571435
2025-12-13 00:00:00,90268.1,90436.5,90206.9,90317.6,72.87979636,6583395.67486858,6583395.67486858,1,229.60000000000582,168.39999999999418,61.20000000001164,229.60000000000582,594.9785714285723
2025-12-13 01:00:00,90317.6,90360.0,90112.4,90224.9,53.88380277,4863702.025621173,4863702.025621173,1,247.60000000000582,42.39999999999418,205.20000000001164,247.60000000000582,597.1785714285725
2025-12-13 02:00:00,90225.0,90318.0,90206.2,90227.1,85.2432324,7693250.624685539,7693250.624685539,1,111.80000000000291,93.10000000000582,18.69999999999709,111.80000000000291,580.9357142857147
2025-12-13 03:00:00,90227.1,90469.9,90196.0,90341.9,135.46026992,12236562.817418255,12236562.817418255,1,273.8999999999942,242.79999999998836,31.10000000000582,273.8999999999942,581.5499999999998
2025-12-13 04:00:00,90341.9,90421.0,90271.5,90375.9,66.51295067,6009310.843948976,6009310.843948976,1,149.5,79.10000000000582,70.39999999999418,149.5,537.6571428571426
2025-12-13 05:00:00,90375.9,90394.0,90246.5,90340.4,162.18434809,14647563.439590031,14647563.439590031,1,147.5,18.10000000000582,129.39999999999418,147.5,357.63571428571385
2025-12-13 06:00:00,90340.5,90370.7,90251.6,90348.1,116.02051912,10478012.26595885,10478012.26595885,1,119.09999999999127,30.30000000000291,88.79999999998836,119.09999999999127,296.64999999999935
2025-12-13 07:00:00,90348.2,90416.9,90311.9,90330.0,559.66099937,50572556.425659322,50572556.425659322,1,105.0,68.79999999998836,36.20000000001164,105.0,247.0
2025-12-13 08:00:00,90330.1,90576.7,90314.6,90450.9,239.47088858,21661720.310185571,21661720.310185571,1,262.09999999999127,246.6999999999971,15.39999999999418,262.09999999999127,221.37142857142837
2025-12-13 09:00:00,90450.9,90513.5,90361.9,90415.0,142.43273878,12877980.376253072,12877980.376253072,1,151.60000000000582,62.60000000000582,89.0,151.60000000000582,203.9857142857145
2025-12-13 10:00:00,90415.1,90638.2,90415.1,90592.9,183.38279702,16595402.929461443,16595402.929461443,1,223.09999999999127,223.1999999999971,0.10000000000582077,223.1999999999971,188.42857142857142
2025-12-13 11:00:00,90592.9,90611.8,90300.0,90341.7,106.74044916,9656012.031319075,9656012.031319075,1,311.8000000000029,18.90000000000873,292.8999999999942,311.8000000000029,193.0142857142855
2025-12-13 12:00:00,90341.7,90486.0,90294.5,90355.1,54.66533858,4940466.232547556,4940466.232547556,1,191.5,144.3000000000029,47.19999999999709,191.5,191.8642857142851
2025-12-13 13:00:00,90355.1,90468.8,90200.0,90262.0,297.84272778,26904469.798221174,26904469.798221174,1,268.8000000000029,113.69999999999709,155.10000000000582,268.8000000000029,199.5
2025-12-13 14:00:00,90262.0,90348.1,89930.1,90086.0,152.71142529,13765120.287583045,13765120.287583045,1,418.0,86.10000000000582,331.8999999999942,418.0,212.95714285714243
2025-12-13 15:00:00,90085.9,90293.1,90038.7,90100.7,74.60630179,6725709.608373839,6725709.608373839,1,254.40000000000873,207.10000000000582,47.30000000000291,254.40000000000873,213.44285714285692
2025-12-13 16:00:00,90100.6,90275.0,90032.5,90097.6,47.03441241,4239349.313035252,4239349.313035252,1,242.5,174.3000000000029,68.19999999999709,242.5,222.778571428571
2025-12-13 17:00:00,90097.6,90105.8,89990.0,90054.0,36.70012025,3304003.122741532,3304003.122741532,1,115.80000000000291,8.19999999999709,107.60000000000582,115.80000000000291,211.4857142857145
2025-12-13 18:00:00,90054.1,90190.6,90044.1,90123.9,21.37263691,1926583.75852249,1926583.75852249,1,146.5,136.60000000000582,9.89999999999418,146.5,211.27142857142877
2025-12-13 19:00:00,90124.0,90225.5,90108.7,90182.5,16.58305732,1495351.356629241,1495351.356629241,1,116.80000000000291,101.60000000000582,15.19999999999709,116.80000000000291,209.07857142857185
2025-12-13 20:00:00,90182.4,90215.9,90044.0,90092.6,64.72020751,5836225.620077551,5836225.620077551,1,171.89999999999418,33.39999999999418,138.5,171.89999999999418,212.85000000000062
2025-12-13 21:00:00,90092.6,90192.0,89764.8,90171.5,67.18613368,6043540.506136839,6043540.506136839,1,427.1999999999971,99.39999999999418,327.8000000000029,427.1999999999971,235.86428571428613
2025-12-13 22:00:00,90171.5,90252.4,90002.5,90137.0,37.07301635,3341869.940098472,3341869.940098472,1,249.89999999999418,80.89999999999418,169.0,249.89999999999418,234.99285714285776
2025-12-13 23:00:00,90137.0,90279.0,90067.0,90241.1,25.03486913,2258498.808299851,2258498.808299851,1,212.0,142.0,70.0,212.0,239.30714285714308
2025-12-14 00:00:00,90241.1,90475.0,90125.0,90339.1,107.15131775,9678115.616046229,9678115.616046229,1,350.0,233.89999999999418,116.10000000000582,350.0,248.36428571428613
2025-12-14 01:00:00,90339.1,90458.2,90212.5,90300.4,57.87306423,5228086.693414258,5228086.693414258,1,245.6999999999971,119.09999999999127,126.60000000000582,245.6999999999971,243.64285714285714
2025-12-14 02:00:00,90300.5,90394.0,90247.2,90293.0,36.08459461,3259247.2491152,3259247.2491152,1,146.8000000000029,93.60000000000582,53.19999999999709,146.8000000000029,240.45000000000022
2025-12-14 03:00:00,90293.1,90310.0,90247.2,90266.5,46.3393048,4183271.292433037,4183271.292433037,1,62.80000000000291,17.0,45.80000000000291,62.80000000000291,225.7357142857145
2025-12-14 04:00:00,90266.6,90346.3,90131.3,90205.0,54.69097451,4934947.287390021,4934947.287390021,1,215.0,79.80000000000291,135.1999999999971,215.0,211.2357142857145
2025-12-14 05:00:00,90205.0,90234.0,90051.0,90208.7,72.44141003,6530321.369876209,6530321.369876209,1,183.0,29.0,154.0,183.0,206.13571428571387
2025-12-14 06:00:00,90208.7,90249.7,90100.0,90151.1,29.74349959,2681907.606510695,2681907.606510695,1,149.6999999999971,41.0,108.69999999999709,149.6999999999971,199.50714285714224
2025-12-14 07:00:00,90151.1,90291.1,90085.2,90256.1,114.17679632,10301894.803587832,10301894.803587832,1,205.90000000000873,140.0,65.90000000000873,205.90000000000873,205.94285714285692
2025-12-14 08:00:00,90256.0,90307.6,90104.9,90114.9,205.22209862,18514264.553928792,18514264.553928792,1,202.70000000001164,51.5,151.20000000001164,202.70000000001164,209.95714285714348
2025-12-14 09:00:00,90115.0,90158.0,90007.0,90025.9,57.74668524,5201026.422919042,5201026.422919042,1,151.0,43.10000000000582,107.89999999999418,151.0,212.4000000000004
2025-12-14 10:00:00,90026.0,90133.3,89786.4,89857.0,356.79876067,32105372.509623506,32105372.509623506,1,346.90000000000873,107.40000000000873,239.5,346.90000000000873,224.90000000000146
2025-12-14 11:00:00,89857.1,89857.1,88632.9,89355.0,716.52021275,63954194.407106409,63954194.407106409,1,1224.2000000000116,0.10000000000582077,1224.1000000000058,1224.2000000000116,281.8285714285739
2025-12-14 12:00:00,89355.1,89662.6,89100.0,89418.5,142.95710451,12781971.11729148,12781971.11729148,1,562.6000000000058,307.6000000000058,255.0,562.6000000000058,304.16428571428906
2025-12-14 13:00:00,89417.1,89498.0,89083.9,89484.1,93.66485585,8360013.411800478,8360013.411800478,1,414.1000000000058,79.5,334.6000000000058,414.1000000000058,318.6000000000037
2025-12-14 14:00:00,89484.1,89559.4,88884.0,89112.1,169.43066117,15107379.798435572,15107379.798435572,1,675.3999999999942,75.29999999998836,600.1000000000058,675.3999999999942,341.84285714286045
2025-12-14 15:00:00,89112.1,89180.0,88880.0,89027.7,76.91047471,6846523.108176784,6846523.108176784,1,300.0,67.89999999999418,232.10000000000582,300.0,345.7214285714321
2025-12-14 16:00:00,89027.7,89397.9,88505.4,88832.9,191.920253,17061467.715589613,17061467.715589613,1,892.5,370.1999999999971,522.3000000000029,892.5,398.9857142857176
2025-12-14 17:00:00,88833.0,89029.2,88600.0,88804.9,135.47267914,12032329.846435835,12032329.846435835,1,429.1999999999971,196.3000000000029,232.89999999999418,429.1999999999971,425.15714285714574
2025-12-14 18:00:00,88805.0,89082.4,88720.2,89004.7,85.78959057,7626048.986024495,7626048.986024495,1,362.1999999999971,277.5,84.69999999999709,362.1999999999971,435.67142857143125
2025-12-14 19:00:00,89004.7,89004.7,88465.9,88644.0,104.8662025,9297334.104744129,9297334.104744129,1,538.8000000000029,0.0,538.8000000000029,538.8000000000029,461.0857142857172
2025-12-14 20:00:00,88644.1,88833.0,88350.0,88556.9,147.3055239,13051626.840066244,13051626.840066244,1,483.0,189.0,294.0,483.0,484.89285714286024
2025-12-14 21:00:00,88557.0,88711.6,88342.4,88444.0,66.05346172,5847611.748482705,5847611.748482705,1,369.20000000001164,154.70000000001164,214.5,369.20000000001164,496.5571428571462
2025-12-14 22:00:00,88444.1,88604.9,88018.0,88411.0,162.34966857,14332668.440990824,14332668.440990824,1,586.8999999999942,160.89999999999418,426.0,586.8999999999942,524.000000000002
2025-12-14 23:00:00,88411.0,88610.0,87564.5,88162.9,321.36472736,28279038.877735869,28279038.877735869,1,1045.5,199.0,846.5,1045.5,587.8928571428593
2025-12-15 00:00:00,88163.0,88688.0,88072.3,88456.0,187.50243092,16580640.693921828,16580640.693921828,1,615.6999999999971,525.1000000000058,90.59999999999127,615.6999999999971,607.0928571428584
2025-12-15 01:00:00,88456.0,89336.9,88421.0,89248.1,258.90828396,23027334.224691687,23027334.224691687,1,915.8999999999942,880.8999999999942,35.0,915.8999999999942,585.0714285714286
2025-12-15 02:00:00,89248.1,90021.9,89235.1,89315.0,215.7082354,19325674.8293162,19325674.8293162,1,786.7999999999884,773.7999999999884,13.0,786.7999999999884,601.085714285713
2025-12-15 03:00:00,89315.0,89540.0,89226.5,89285.9,166.99620109,14919165.020506581,14919165.020506581,1,313.5,225.0,88.5,313.5,593.8999999999984
2025-12-15 04:00:00,89286.0,89790.9,89279.0,89669.9,183.76306218,16465873.08390852,16465873.08390852,1,511.8999999999942,505.0,6.899999999994179,511.8999999999942,582.2214285714269
2025-12-11 01:00:00,91385.3,91408.0,90653.4,90673.8,279.1833207,25392865.860305077,25392865.860305077,1,754.6000000000058,,,754.6000000000058,754.6000000000058
2025-12-11 02:00:00,90673.8,90673.8,89872.5,90070.3,512.38051515,46206933.823016915,46206933.823016915,1,801.3000000000029,0.0,801.3000000000029,801.3000000000029,777.9500000000044
2025-12-11 03:00:00,90070.5,90083.5,89389.8,89881.1,397.6365867,35697833.048224359,35697833.048224359,1,693.6999999999971,13.19999999999709,680.5,693.6999999999971,749.8666666666686
2025-12-11 04:00:00,89881.0,90483.3,89688.0,90437.0,290.53147763,26164546.266505642,26164546.266505642,1,795.3000000000029,602.1999999999971,193.10000000000582,795.3000000000029,761.2250000000022
2025-12-11 05:00:00,90437.0,90437.0,90066.1,90303.8,199.17020937,17972015.207016023,17972015.207016023,1,370.8999999999942,0.0,370.8999999999942,370.8999999999942,683.1600000000005
2025-12-11 06:00:00,90303.8,90445.9,89954.9,90292.2,187.19643679,16889051.661337297,16889051.661337297,1,491.0,142.09999999999127,348.90000000000873,491.0,651.1333333333338
2025-12-11 07:00:00,90292.3,90329.2,90057.2,90271.0,271.86738121,24519779.769281561,24519779.769281561,1,272.0,37.0,235.0,272.0,596.971428571429
2025-12-11 08:00:00,90270.9,90271.0,89964.9,90186.4,126.31077616,11381625.647527792,11381625.647527792,1,306.1000000000058,0.0,306.1000000000058,306.1000000000058,560.6125000000011
2025-12-11 09:00:00,90186.5,90523.3,90111.9,90233.0,800.5978254,72292353.878754779,72292353.878754779,1,411.40000000000873,336.90000000000873,74.5,411.40000000000873,544.0333333333352
2025-12-11 10:00:00,90233.3,90347.1,90170.0,90317.3,155.557461,14037011.886429888,14037011.886429888,1,177.10000000000582,114.10000000000582,63.0,177.10000000000582,507.3400000000023
2025-12-11 11:00:00,90317.4,90414.0,90204.1,90234.8,551.81074857,49834622.130277799,49834622.130277799,1,209.89999999999418,96.69999999999709,113.19999999999709,209.89999999999418,480.3000000000016
2025-12-11 12:00:00,90234.8,90381.3,90008.0,90029.0,148.4028197,13390022.619956618,13390022.619956618,1,373.3000000000029,146.5,226.8000000000029,373.3000000000029,471.38333333333503
2025-12-11 13:00:00,90029.1,90170.0,89876.1,90101.0,150.53066277,13555048.64929751,13555048.64929751,1,293.8999999999942,141.0,152.89999999999418,293.8999999999942,457.73076923077036
2025-12-11 14:00:00,90101.0,90484.2,89255.9,89548.1,500.5589693,45038872.432556601,45038872.432556601,1,1228.300000000003,383.1999999999971,845.1000000000058,1228.300000000003,512.7714285714299
2025-12-11 15:00:00,89548.1,90642.7,89408.0,89875.1,485.2247252,43702912.661672633,43702912.661672633,1,1234.699999999997,1094.5999999999913,140.10000000000582,1234.699999999997,547.0642857142864
2025-12-11 16:00:00,89875.0,90180.2,89333.3,89736.9,204.82634057,18369819.972935307,18369819.972935307,1,846.8999999999942,305.09999999999127,541.8000000000029,846.8999999999942,550.3214285714286
2025-12-11 17:00:00,89737.1,90255.1,89630.0,89979.4,161.71465129,14553734.661389972,14553734.661389972,1,625.1000000000058,518.2000000000116,106.89999999999418,625.1000000000058,545.4214285714291
2025-12-11 18:00:00,89971.6,91183.4,89891.1,90705.9,335.91158054,30446395.022196414,30446395.022196414,1,1292.2999999999884,1204.0,88.29999999998836,1292.2999999999884,580.9214285714281
2025-12-11 19:00:00,90705.7,91541.2,90583.1,90835.6,281.02742739,25605873.434216176,25605873.434216176,1,958.0999999999913,835.3000000000029,122.79999999998836,958.0999999999913,622.8642857142851
2025-12-11 20:00:00,90835.6,91829.2,90802.5,91781.4,186.21123828,17014826.359211654,17014826.359211654,1,1026.699999999997,993.5999999999913,33.10000000000582,1026.699999999997,661.1285714285706
2025-12-11 21:00:00,91789.2,93564.4,91703.3,92867.6,620.82572248,57645800.030164525,57645800.030164525,1,1861.0999999999913,1783.0,78.09999999999127,1861.0999999999913,774.6357142857129
2025-12-11 22:00:00,92867.7,93198.2,92097.6,92371.5,376.20738183,34826129.694224646,34826129.694224646,1,1100.5999999999913,330.59999999999127,770.0,1100.5999999999913,831.3857142857117
2025-12-11 23:00:00,92373.3,92804.5,92337.1,92522.3,399.27092309,36961470.86925368,36961470.86925368,1,467.3999999999942,433.0,34.39999999999418,467.3999999999942,835.3857142857107
2025-12-12 00:00:00,92522.2,92658.5,91280.4,91577.7,358.3292851,33005770.886541213,33005770.886541213,1,1378.1000000000058,136.1999999999971,1241.9000000000087,1378.1000000000058,921.171428571425
2025-12-12 01:00:00,91577.7,92317.0,91545.9,92171.8,210.07472527,19322611.47707797,19322611.47707797,1,771.1000000000058,739.3000000000029,31.80000000000291,771.1000000000058,961.2571428571401
2025-12-12 02:00:00,92171.9,92747.2,91929.1,92584.4,249.48219932,23067183.070103246,23067183.070103246,1,818.0999999999913,575.3999999999942,242.6999999999971,818.0999999999913,993.028571428568
2025-12-12 03:00:00,92584.5,92752.5,92175.0,92275.1,142.86960433,13196568.63684372,13196568.63684372,1,577.5,168.10000000000582,409.3999999999942,577.5,1013.2857142857112
2025-12-12 04:00:00,92274.9,92468.1,92123.0,92397.5,168.48839422,15545834.088353661,15545834.088353661,1,345.1000000000058,193.0,152.10000000000582,345.1000000000058,950.1999999999971
2025-12-12 05:00:00,92397.6,92502.3,92078.6,92443.2,134.01676677,12368300.369900802,12368300.369900802,1,423.6999999999971,104.80000000000291,318.8999999999942,423.6999999999971,892.2714285714256
2025-12-12 06:00:00,92443.2,92719.3,92403.1,92506.6,134.63047044,12466374.304033229,12466374.304033229,1,316.1999999999971,276.1000000000058,40.09999999999127,316.1999999999971,854.364285714283
2025-12-12 07:00:00,92506.7,92562.6,92250.3,92427.1,198.62147521,18363238.511646634,18363238.511646634,1,312.3000000000029,56.0,256.3000000000029,312.3000000000029,832.0214285714256
2025-12-12 08:00:00,92427.2,92479.1,92103.1,92347.4,159.40891768,14712170.015336549,14712170.015336549,1,376.0,52.0,324.0,376.0,766.5714285714265
2025-12-12 09:00:00,92346.9,92559.3,92088.5,92522.5,103.49380457,9554816.047931844,9554816.047931844,1,470.8000000000029,211.90000000000873,258.8999999999942,470.8000000000029,731.7642857142845
2025-12-12 10:00:00,92522.6,92635.6,92413.3,92493.0,183.00963292,16931789.121531478,16931789.121531478,1,222.3000000000029,113.10000000000582,109.19999999999709,222.3000000000029,674.307142857142
2025-12-12 11:00:00,92493.1,92493.1,92276.3,92411.9,62.00548005,5727795.329903857,5727795.329903857,1,216.8000000000029,0.10000000000582077,216.6999999999971,216.8000000000029,556.8571428571429
2025-12-12 12:00:00,92411.8,92425.1,92085.9,92425.1,165.86361655,15300734.520564509,15300734.520564509,1,339.20000000001164,13.200000000011642,326.0,339.20000000001164,502.47142857143
2025-12-12 13:00:00,92425.1,92515.6,92250.3,92311.9,129.70306513,11981370.903314232,11981370.903314232,1,265.3000000000029,90.5,174.8000000000029,265.3000000000029,488.0357142857164
2025-12-12 14:00:00,92311.9,92666.5,91902.5,92445.5,329.62106883,30444218.069092544,30444218.069092544,1,764.0,354.6000000000058,409.3999999999942,764.0,444.1714285714302
2025-12-12 15:00:00,92445.5,92445.5,89777.7,89941.4,1021.78373382,93036374.085344914,93036374.085344914,1,2667.800000000003,0.0,2667.800000000003,2667.800000000003,579.6500000000015
2025-12-12 16:00:00,89933.7,90439.5,89466.6,90040.1,539.75715832,48513696.953162542,48513696.953162542,1,972.8999999999942,498.1000000000058,474.79999999998836,972.8999999999942,590.7071428571445
2025-12-12 17:00:00,90040.2,90622.7,89822.6,90075.6,335.39684545,30256725.64032449,30256725.64032449,1,800.0999999999913,582.5999999999913,217.5,800.0999999999913,606.6071428571439
2025-12-12 18:00:00,90075.7,90659.9,90039.0,90366.0,350.93473832,31740116.294646766,31740116.294646766,1,620.8999999999942,584.2999999999884,36.60000000000582,620.8999999999942,626.307142857143
2025-12-12 19:00:00,90366.1,90398.9,90003.9,90197.1,179.75798504,16211958.551396132,16211958.551396132,1,395.0,32.89999999999418,362.1000000000058,395.0,624.2571428571433
2025-12-12 20:00:00,90197.1,90329.8,89888.8,90211.3,143.77395516,12959956.555020375,12959956.555020375,1,441.0,132.6999999999971,308.3000000000029,441.0,633.1714285714291
2025-12-12 21:00:00,90211.2,90347.6,90100.0,90192.0,100.17990399,9039494.043334048,9039494.043334048,1,247.60000000000582,136.3000000000029,111.30000000000291,247.60000000000582,628.5500000000009
2025-12-12 22:00:00,90186.0,90392.3,90184.7,90339.7,67.57906932,6102963.808878532,6102963.808878532,1,207.60000000000582,200.3000000000029,7.30000000000291,207.60000000000582,616.5214285714299
2025-12-12 23:00:00,90339.9,90387.0,90225.1,90268.1,43.02290384,3886376.254715724,3886376.254715724,1,161.89999999999418,47.30000000000291,114.59999999999127,161.89999999999418,594.4571428571435
2025-12-13 00:00:00,90268.1,90436.5,90206.9,90317.6,72.87979636,6583395.67486858,6583395.67486858,1,229.60000000000582,168.39999999999418,61.20000000001164,229.60000000000582,594.9785714285723
2025-12-13 01:00:00,90317.6,90360.0,90112.4,90224.9,53.88380277,4863702.025621173,4863702.025621173,1,247.60000000000582,42.39999999999418,205.20000000001164,247.60000000000582,597.1785714285725
2025-12-13 02:00:00,90225.0,90318.0,90206.2,90227.1,85.2432324,7693250.624685539,7693250.624685539,1,111.80000000000291,93.10000000000582,18.69999999999709,111.80000000000291,580.9357142857147
2025-12-13 03:00:00,90227.1,90469.9,90196.0,90341.9,135.46026992,12236562.817418255,12236562.817418255,1,273.8999999999942,242.79999999998836,31.10000000000582,273.8999999999942,581.5499999999998
2025-12-13 04:00:00,90341.9,90421.0,90271.5,90375.9,66.51295067,6009310.843948976,6009310.843948976,1,149.5,79.10000000000582,70.39999999999418,149.5,537.6571428571426
2025-12-13 05:00:00,90375.9,90394.0,90246.5,90340.4,162.18434809,14647563.439590031,14647563.439590031,1,147.5,18.10000000000582,129.39999999999418,147.5,357.63571428571385
2025-12-13 06:00:00,90340.5,90370.7,90251.6,90348.1,116.02051912,10478012.26595885,10478012.26595885,1,119.09999999999127,30.30000000000291,88.79999999998836,119.09999999999127,296.64999999999935
2025-12-13 07:00:00,90348.2,90416.9,90311.9,90330.0,559.66099937,50572556.425659322,50572556.425659322,1,105.0,68.79999999998836,36.20000000001164,105.0,247.0
2025-12-13 08:00:00,90330.1,90576.7,90314.6,90450.9,239.47088858,21661720.310185571,21661720.310185571,1,262.09999999999127,246.6999999999971,15.39999999999418,262.09999999999127,221.37142857142837
2025-12-13 09:00:00,90450.9,90513.5,90361.9,90415.0,142.43273878,12877980.376253072,12877980.376253072,1,151.60000000000582,62.60000000000582,89.0,151.60000000000582,203.9857142857145
2025-12-13 10:00:00,90415.1,90638.2,90415.1,90592.9,183.38279702,16595402.929461443,16595402.929461443,1,223.09999999999127,223.1999999999971,0.10000000000582077,223.1999999999971,188.42857142857142
2025-12-13 11:00:00,90592.9,90611.8,90300.0,90341.7,106.74044916,9656012.031319075,9656012.031319075,1,311.8000000000029,18.90000000000873,292.8999999999942,311.8000000000029,193.0142857142855
2025-12-13 12:00:00,90341.7,90486.0,90294.5,90355.1,54.66533858,4940466.232547556,4940466.232547556,1,191.5,144.3000000000029,47.19999999999709,191.5,191.8642857142851
2025-12-13 13:00:00,90355.1,90468.8,90200.0,90262.0,297.84272778,26904469.798221174,26904469.798221174,1,268.8000000000029,113.69999999999709,155.10000000000582,268.8000000000029,199.5
2025-12-13 14:00:00,90262.0,90348.1,89930.1,90086.0,152.71142529,13765120.287583045,13765120.287583045,1,418.0,86.10000000000582,331.8999999999942,418.0,212.95714285714243
2025-12-13 15:00:00,90085.9,90293.1,90038.7,90100.7,74.60630179,6725709.608373839,6725709.608373839,1,254.40000000000873,207.10000000000582,47.30000000000291,254.40000000000873,213.44285714285692
2025-12-13 16:00:00,90100.6,90275.0,90032.5,90097.6,47.03441241,4239349.313035252,4239349.313035252,1,242.5,174.3000000000029,68.19999999999709,242.5,222.778571428571
2025-12-13 17:00:00,90097.6,90105.8,89990.0,90054.0,36.70012025,3304003.122741532,3304003.122741532,1,115.80000000000291,8.19999999999709,107.60000000000582,115.80000000000291,211.4857142857145
2025-12-13 18:00:00,90054.1,90190.6,90044.1,90123.9,21.37263691,1926583.75852249,1926583.75852249,1,146.5,136.60000000000582,9.89999999999418,146.5,211.27142857142877
2025-12-13 19:00:00,90124.0,90225.5,90108.7,90182.5,16.58305732,1495351.356629241,1495351.356629241,1,116.80000000000291,101.60000000000582,15.19999999999709,116.80000000000291,209.07857142857185
2025-12-13 20:00:00,90182.4,90215.9,90044.0,90092.6,64.72020751,5836225.620077551,5836225.620077551,1,171.89999999999418,33.39999999999418,138.5,171.89999999999418,212.85000000000062
2025-12-13 21:00:00,90092.6,90192.0,89764.8,90171.5,67.18613368,6043540.506136839,6043540.506136839,1,427.1999999999971,99.39999999999418,327.8000000000029,427.1999999999971,235.86428571428613
2025-12-13 22:00:00,90171.5,90252.4,90002.5,90137.0,37.07301635,3341869.940098472,3341869.940098472,1,249.89999999999418,80.89999999999418,169.0,249.89999999999418,234.99285714285776
2025-12-13 23:00:00,90137.0,90279.0,90067.0,90241.1,25.03486913,2258498.808299851,2258498.808299851,1,212.0,142.0,70.0,212.0,239.30714285714308
2025-12-14 00:00:00,90241.1,90475.0,90125.0,90339.1,107.15131775,9678115.616046229,9678115.616046229,1,350.0,233.89999999999418,116.10000000000582,350.0,248.36428571428613
2025-12-14 01:00:00,90339.1,90458.2,90212.5,90300.4,57.87306423,5228086.693414258,5228086.693414258,1,245.6999999999971,119.09999999999127,126.60000000000582,245.6999999999971,243.64285714285714
2025-12-14 02:00:00,90300.5,90394.0,90247.2,90293.0,36.08459461,3259247.2491152,3259247.2491152,1,146.8000000000029,93.60000000000582,53.19999999999709,146.8000000000029,240.45000000000022
2025-12-14 03:00:00,90293.1,90310.0,90247.2,90266.5,46.3393048,4183271.292433037,4183271.292433037,1,62.80000000000291,17.0,45.80000000000291,62.80000000000291,225.7357142857145
2025-12-14 04:00:00,90266.6,90346.3,90131.3,90205.0,54.69097451,4934947.287390021,4934947.287390021,1,215.0,79.80000000000291,135.1999999999971,215.0,211.2357142857145
2025-12-14 05:00:00,90205.0,90234.0,90051.0,90208.7,72.44141003,6530321.369876209,6530321.369876209,1,183.0,29.0,154.0,183.0,206.13571428571387
2025-12-14 06:00:00,90208.7,90249.7,90100.0,90151.1,29.74349959,2681907.606510695,2681907.606510695,1,149.6999999999971,41.0,108.69999999999709,149.6999999999971,199.50714285714224
2025-12-14 07:00:00,90151.1,90291.1,90085.2,90256.1,114.17679632,10301894.803587832,10301894.803587832,1,205.90000000000873,140.0,65.90000000000873,205.90000000000873,205.94285714285692
2025-12-14 08:00:00,90256.0,90307.6,90104.9,90114.9,205.22209862,18514264.553928792,18514264.553928792,1,202.70000000001164,51.5,151.20000000001164,202.70000000001164,209.95714285714348
2025-12-14 09:00:00,90115.0,90158.0,90007.0,90025.9,57.74668524,5201026.422919042,5201026.422919042,1,151.0,43.10000000000582,107.89999999999418,151.0,212.4000000000004
2025-12-14 10:00:00,90026.0,90133.3,89786.4,89857.0,356.79876067,32105372.509623506,32105372.509623506,1,346.90000000000873,107.40000000000873,239.5,346.90000000000873,224.90000000000146
2025-12-14 11:00:00,89857.1,89857.1,88632.9,89355.0,716.52021275,63954194.407106409,63954194.407106409,1,1224.2000000000116,0.10000000000582077,1224.1000000000058,1224.2000000000116,281.8285714285739
2025-12-14 12:00:00,89355.1,89662.6,89100.0,89418.5,142.95710451,12781971.11729148,12781971.11729148,1,562.6000000000058,307.6000000000058,255.0,562.6000000000058,304.16428571428906
2025-12-14 13:00:00,89417.1,89498.0,89083.9,89484.1,93.66485585,8360013.411800478,8360013.411800478,1,414.1000000000058,79.5,334.6000000000058,414.1000000000058,318.6000000000037
2025-12-14 14:00:00,89484.1,89559.4,88884.0,89112.1,169.43066117,15107379.798435572,15107379.798435572,1,675.3999999999942,75.29999999998836,600.1000000000058,675.3999999999942,341.84285714286045
2025-12-14 15:00:00,89112.1,89180.0,88880.0,89027.7,76.91047471,6846523.108176784,6846523.108176784,1,300.0,67.89999999999418,232.10000000000582,300.0,345.7214285714321
2025-12-14 16:00:00,89027.7,89397.9,88505.4,88832.9,191.920253,17061467.715589613,17061467.715589613,1,892.5,370.1999999999971,522.3000000000029,892.5,398.9857142857176
2025-12-14 17:00:00,88833.0,89029.2,88600.0,88804.9,135.47267914,12032329.846435835,12032329.846435835,1,429.1999999999971,196.3000000000029,232.89999999999418,429.1999999999971,425.15714285714574
2025-12-14 18:00:00,88805.0,89082.4,88720.2,89004.7,85.78959057,7626048.986024495,7626048.986024495,1,362.1999999999971,277.5,84.69999999999709,362.1999999999971,435.67142857143125
2025-12-14 19:00:00,89004.7,89004.7,88465.9,88644.0,104.8662025,9297334.104744129,9297334.104744129,1,538.8000000000029,0.0,538.8000000000029,538.8000000000029,461.0857142857172
2025-12-14 20:00:00,88644.1,88833.0,88350.0,88556.9,147.3055239,13051626.840066244,13051626.840066244,1,483.0,189.0,294.0,483.0,484.89285714286024
2025-12-14 21:00:00,88557.0,88711.6,88342.4,88444.0,66.05346172,5847611.748482705,5847611.748482705,1,369.20000000001164,154.70000000001164,214.5,369.20000000001164,496.5571428571462
2025-12-14 22:00:00,88444.1,88604.9,88018.0,88411.0,162.34966857,14332668.440990824,14332668.440990824,1,586.8999999999942,160.89999999999418,426.0,586.8999999999942,524.000000000002
2025-12-14 23:00:00,88411.0,88610.0,87564.5,88162.9,321.36472736,28279038.877735869,28279038.877735869,1,1045.5,199.0,846.5,1045.5,587.8928571428593
2025-12-15 00:00:00,88163.0,88688.0,88072.3,88456.0,187.50243092,16580640.693921828,16580640.693921828,1,615.6999999999971,525.1000000000058,90.59999999999127,615.6999999999971,607.0928571428584
2025-12-15 01:00:00,88456.0,89336.9,88421.0,89248.1,258.90828396,23027334.224691687,23027334.224691687,1,915.8999999999942,880.8999999999942,35.0,915.8999999999942,585.0714285714286
2025-12-15 02:00:00,89248.1,90021.9,89235.1,89315.0,215.7082354,19325674.8293162,19325674.8293162,1,786.7999999999884,773.7999999999884,13.0,786.7999999999884,601.085714285713
2025-12-15 03:00:00,89315.0,89540.0,89226.5,89285.9,166.99620109,14919165.020506581,14919165.020506581,1,313.5,225.0,88.5,313.5,593.8999999999984
2025-12-15 04:00:00,89286.0,89790.9,89279.0,89669.9,183.76306218,16465873.08390852,16465873.08390852,1,511.8999999999942,505.0,6.899999999994179,511.8999999999942,582.2214285714269
2025-12-11 02:00:00,90673.8,90673.8,89872.5,90070.3,512.38051515,46206933.823016915,46206933.823016915,1,801.3000000000029,,,801.3000000000029,801.3000000000029
2025-12-11 03:00:00,90070.5,90083.5,89389.8,89881.1,397.6365867,35697833.048224359,35697833.048224359,1,693.6999999999971,13.19999999999709,680.5,693.6999999999971,747.5
2025-12-11 04:00:00,89881.0,90483.3,89688.0,90437.0,290.53147763,26164546.266505642,26164546.266505642,1,795.3000000000029,602.1999999999971,193.10000000000582,795.3000000000029,763.4333333333343
2025-12-11 05:00:00,90437.0,90437.0,90066.1,90303.8,199.17020937,17972015.207016023,17972015.207016023,1,370.8999999999942,0.0,370.8999999999942,370.8999999999942,665.2999999999993
2025-12-11 06:00:00,90303.8,90445.9,89954.9,90292.2,187.19643679,16889051.661337297,16889051.661337297,1,491.0,142.09999999999127,348.90000000000873,491.0,630.4399999999994
2025-12-11 07:00:00,90292.3,90329.2,90057.2,90271.0,271.86738121,24519779.769281561,24519779.769281561,1,272.0,37.0,235.0,272.0,570.6999999999995
2025-12-11 08:00:00,90270.9,90271.0,89964.9,90186.4,126.31077616,11381625.647527792,11381625.647527792,1,306.1000000000058,0.0,306.1000000000058,306.1000000000058,532.9000000000004
2025-12-11 09:00:00,90186.5,90523.3,90111.9,90233.0,800.5978254,72292353.878754779,72292353.878754779,1,411.40000000000873,336.90000000000873,74.5,411.40000000000873,517.7125000000015
2025-12-11 10:00:00,90233.3,90347.1,90170.0,90317.3,155.557461,14037011.886429888,14037011.886429888,1,177.10000000000582,114.10000000000582,63.0,177.10000000000582,479.8666666666686
2025-12-11 11:00:00,90317.4,90414.0,90204.1,90234.8,551.81074857,49834622.130277799,49834622.130277799,1,209.89999999999418,96.69999999999709,113.19999999999709,209.89999999999418,452.87000000000114
2025-12-11 12:00:00,90234.8,90381.3,90008.0,90029.0,148.4028197,13390022.619956618,13390022.619956618,1,373.3000000000029,146.5,226.8000000000029,373.3000000000029,445.63636363636493
2025-12-11 13:00:00,90029.1,90170.0,89876.1,90101.0,150.53066277,13555048.64929751,13555048.64929751,1,293.8999999999942,141.0,152.89999999999418,293.8999999999942,432.9916666666674
2025-12-11 14:00:00,90101.0,90484.2,89255.9,89548.1,500.5589693,45038872.432556601,45038872.432556601,1,1228.300000000003,383.1999999999971,845.1000000000058,1228.300000000003,494.16923076923166
2025-12-11 15:00:00,89548.1,90642.7,89408.0,89875.1,485.2247252,43702912.661672633,43702912.661672633,1,1234.699999999997,1094.5999999999913,140.10000000000582,1234.699999999997,547.0642857142864
2025-12-11 16:00:00,89875.0,90180.2,89333.3,89736.9,204.82634057,18369819.972935307,18369819.972935307,1,846.8999999999942,305.09999999999127,541.8000000000029,846.8999999999942,550.3214285714286
2025-12-11 17:00:00,89737.1,90255.1,89630.0,89979.4,161.71465129,14553734.661389972,14553734.661389972,1,625.1000000000058,518.2000000000116,106.89999999999418,625.1000000000058,545.4214285714291
2025-12-11 18:00:00,89971.6,91183.4,89891.1,90705.9,335.91158054,30446395.022196414,30446395.022196414,1,1292.2999999999884,1204.0,88.29999999998836,1292.2999999999884,580.9214285714281
2025-12-11 19:00:00,90705.7,91541.2,90583.1,90835.6,281.02742739,25605873.434216176,25605873.434216176,1,958.0999999999913,835.3000000000029,122.79999999998836,958.0999999999913,622.8642857142851
2025-12-11 20:00:00,90835.6,91829.2,90802.5,91781.4,186.21123828,17014826.359211654,17014826.359211654,1,1026.699999999997,993.5999999999913,33.10000000000582,1026.699999999997,661.1285714285706
2025-12-11 21:00:00,91789.2,93564.4,91703.3,92867.6,620.82572248,57645800.030164525,57645800.030164525,1,1861.0999999999913,1783.0,78.09999999999127,1861.0999999999913,774.6357142857129
2025-12-11 22:00:00,92867.7,93198.2,92097.6,92371.5,376.20738183,34826129.694224646,34826129.694224646,1,1100.5999999999913,330.59999999999127,770.0,1100.5999999999913,831.3857142857117
2025-12-11 23:00:00,92373.3,92804.5,92337.1,92522.3,399.27092309,36961470.86925368,36961470.86925368,1,467.3999999999942,433.0,34.39999999999418,467.3999999999942,835.3857142857107
2025-12-12 00:00:00,92522.2,92658.5,91280.4,91577.7,358.3292851,33005770.886541213,33005770.886541213,1,1378.1000000000058,136.1999999999971,1241.9000000000087,1378.1000000000058,921.171428571425
2025-12-12 01:00:00,91577.7,92317.0,91545.9,92171.8,210.07472527,19322611.47707797,19322611.47707797,1,771.1000000000058,739.3000000000029,31.80000000000291,771.1000000000058,961.2571428571401
2025-12-12 02:00:00,92171.9,92747.2,91929.1,92584.4,249.48219932,23067183.070103246,23067183.070103246,1,818.0999999999913,575.3999999999942,242.6999999999971,818.0999999999913,993.028571428568
2025-12-12 03:00:00,92584.5,92752.5,92175.0,92275.1,142.86960433,13196568.63684372,13196568.63684372,1,577.5,168.10000000000582,409.3999999999942,577.5,1013.2857142857112
2025-12-12 04:00:00,92274.9,92468.1,92123.0,92397.5,168.48839422,15545834.088353661,15545834.088353661,1,345.1000000000058,193.0,152.10000000000582,345.1000000000058,950.1999999999971
2025-12-12 05:00:00,92397.6,92502.3,92078.6,92443.2,134.01676677,12368300.369900802,12368300.369900802,1,423.6999999999971,104.80000000000291,318.8999999999942,423.6999999999971,892.2714285714256
2025-12-12 06:00:00,92443.2,92719.3,92403.1,92506.6,134.63047044,12466374.304033229,12466374.304033229,1,316.1999999999971,276.1000000000058,40.09999999999127,316.1999999999971,854.364285714283
2025-12-12 07:00:00,92506.7,92562.6,92250.3,92427.1,198.62147521,18363238.511646634,18363238.511646634,1,312.3000000000029,56.0,256.3000000000029,312.3000000000029,832.0214285714256
2025-12-12 08:00:00,92427.2,92479.1,92103.1,92347.4,159.40891768,14712170.015336549,14712170.015336549,1,376.0,52.0,324.0,376.0,766.5714285714265
2025-12-12 09:00:00,92346.9,92559.3,92088.5,92522.5,103.49380457,9554816.047931844,9554816.047931844,1,470.8000000000029,211.90000000000873,258.8999999999942,470.8000000000029,731.7642857142845
2025-12-12 10:00:00,92522.6,92635.6,92413.3,92493.0,183.00963292,16931789.121531478,16931789.121531478,1,222.3000000000029,113.10000000000582,109.19999999999709,222.3000000000029,674.307142857142
2025-12-12 11:00:00,92493.1,92493.1,92276.3,92411.9,62.00548005,5727795.329903857,5727795.329903857,1,216.8000000000029,0.10000000000582077,216.6999999999971,216.8000000000029,556.8571428571429
2025-12-12 12:00:00,92411.8,92425.1,92085.9,92425.1,165.86361655,15300734.520564509,15300734.520564509,1,339.20000000001164,13.200000000011642,326.0,339.20000000001164,502.47142857143
2025-12-12 13:00:00,92425.1,92515.6,92250.3,92311.9,129.70306513,11981370.903314232,11981370.903314232,1,265.3000000000029,90.5,174.8000000000029,265.3000000000029,488.0357142857164
2025-12-12 14:00:00,92311.9,92666.5,91902.5,92445.5,329.62106883,30444218.069092544,30444218.069092544,1,764.0,354.6000000000058,409.3999999999942,764.0,444.1714285714302
2025-12-12 15:00:00,92445.5,92445.5,89777.7,89941.4,1021.78373382,93036374.085344914,93036374.085344914,1,2667.800000000003,0.0,2667.800000000003,2667.800000000003,579.6500000000015
2025-12-12 16:00:00,89933.7,90439.5,89466.6,90040.1,539.75715832,48513696.953162542,48513696.953162542,1,972.8999999999942,498.1000000000058,474.79999999998836,972.8999999999942,590.7071428571445
2025-12-12 17:00:00,90040.2,90622.7,89822.6,90075.6,335.39684545,30256725.64032449,30256725.64032449,1,800.0999999999913,582.5999999999913,217.5,800.0999999999913,606.6071428571439
2025-12-12 18:00:00,90075.7,90659.9,90039.0,90366.0,350.93473832,31740116.294646766,31740116.294646766,1,620.8999999999942,584.2999999999884,36.60000000000582,620.8999999999942,626.307142857143
2025-12-12 19:00:00,90366.1,90398.9,90003.9,90197.1,179.75798504,16211958.551396132,16211958.551396132,1,395.0,32.89999999999418,362.1000000000058,395.0,624.2571428571433
2025-12-12 20:00:00,90197.1,90329.8,89888.8,90211.3,143.77395516,12959956.555020375,12959956.555020375,1,441.0,132.6999999999971,308.3000000000029,441.0,633.1714285714291
2025-12-12 21:00:00,90211.2,90347.6,90100.0,90192.0,100.17990399,9039494.043334048,9039494.043334048,1,247.60000000000582,136.3000000000029,111.30000000000291,247.60000000000582,628.5500000000009
2025-12-12 22:00:00,90186.0,90392.3,90184.7,90339.7,67.57906932,6102963.808878532,6102963.808878532,1,207.60000000000582,200.3000000000029,7.30000000000291,207.60000000000582,616.5214285714299
2025-12-12 23:00:00,90339.9,90387.0,90225.1,90268.1,43.02290384,3886376.254715724,3886376.254715724,1,161.89999999999418,47.30000000000291,114.59999999999127,161.89999999999418,594.4571428571435
2025-12-13 00:00:00,90268.1,90436.5,90206.9,90317.6,72.87979636,6583395.67486858,6583395.67486858,1,229.60000000000582,168.39999999999418,61.20000000001164,229.60000000000582,594.9785714285723
2025-12-13 01:00:00,90317.6,90360.0,90112.4,90224.9,53.88380277,4863702.025621173,4863702.025621173,1,247.60000000000582,42.39999999999418,205.20000000001164,247.60000000000582,597.1785714285725
2025-12-13 02:00:00,90225.0,90318.0,90206.2,90227.1,85.2432324,7693250.624685539,7693250.624685539,1,111.80000000000291,93.10000000000582,18.69999999999709,111.80000000000291,580.9357142857147
2025-12-13 03:00:00,90227.1,90469.9,90196.0,90341.9,135.46026992,12236562.817418255,12236562.817418255,1,273.8999999999942,242.79999999998836,31.10000000000582,273.8999999999942,581.5499999999998
2025-12-13 04:00:00,90341.9,90421.0,90271.5,90375.9,66.51295067,6009310.843948976,6009310.843948976,1,149.5,79.10000000000582,70.39999999999418,149.5,537.6571428571426
2025-12-13 05:00:00,90375.9,90394.0,90246.5,90340.4,162.18434809,14647563.439590031,14647563.439590031,1,147.5,18.10000000000582,129.39999999999418,147.5,357.63571428571385
2025-12-13 06:00:00,90340.5,90370.7,90251.6,90348.1,116.02051912,10478012.26595885,10478012.26595885,1,119.09999999999127,30.30000000000291,88.79999999998836,119.09999999999127,296.64999999999935
2025-12-13 07:00:00,90348.2,90416.9,90311.9,90330.0,559.66099937,50572556.425659322,50572556.425659322,1,105.0,68.79999999998836,36.20000000001164,105.0,247.0
2025-12-13 08:00:00,90330.1,90576.7,90314.6,90450.9,239.47088858,21661720.310185571,21661720.310185571,1,262.09999999999127,246.6999999999971,15.39999999999418,262.09999999999127,221.37142857142837
2025-12-13 09:00:00,90450.9,90513.5,90361.9,90415.0,142.43273878,12877980.376253072,12877980.376253072,1,151.60000000000582,62.60000000000582,89.0,151.60000000000582,203.9857142857145
2025-12-13 10:00:00,90415.1,90638.2,90415.1,90592.9,183.38279702,16595402.929461443,16595402.929461443,1,223.09999999999127,223.1999999999971,0.10000000000582077,223.1999999999971,188.42857142857142
2025-12-13 11:00:00,90592.9,90611.8,90300.0,90341.7,106.74044916,9656012.031319075,9656012.031319075,1,311.8000000000029,18.90000000000873,292.8999999999942,311.8000000000029,193.0142857142855
2025-12-13 12:00:00,90341.7,90486.0,90294.5,90355.1,54.66533858,4940466.232547556,4940466.232547556,1,191.5,144.3000000000029,47.19999999999709,191.5,191.8642857142851
2025-12-13 13:00:00,90355.1,90468.8,90200.0,90262.0,297.84272778,26904469.798221174,26904469.798221174,1,268.8000000000029,113.69999999999709,155.10000000000582,268.8000000000029,199.5
2025-12-13 14:00:00,90262.0,90348.1,89930.1,90086.0,152.71142529,13765120.287583045,13765120.287583045,1,418.0,86.10000000000582,331.8999999999942,418.0,212.95714285714243
2025-12-13 15:00:00,90085.9,90293.1,90038.7,90100.7,74.60630179,6725709.608373839,6725709.608373839,1,254.40000000000873,207.10000000000582,47.30000000000291,254.40000000000873,213.44285714285692
2025-12-13 16:00:00,90100.6,90275.0,90032.5,90097.6,47.03441241,4239349.313035252,4239349.313035252,1,242.5,174.3000000000029,68.19999999999709,242.5,222.778571428571
2025-12-13 17:00:00,90097.6,90105.8,89990.0,90054.0,36.70012025,3304003.122741532,3304003.122741532,1,115.80000000000291,8.19999999999709,107.60000000000582,115.80000000000291,211.4857142857145
2025-12-13 18:00:00,90054.1,90190.6,90044.1,90123.9,21.37263691,1926583.75852249,1926583.75852249,1,146.5,136.60000000000582,9.89999999999418,146.5,211.27142857142877
2025-12-13 19:00:00,90124.0,90225.5,90108.7,90182.5,16.58305732,1495351.356629241,1495351.356629241,1,116.80000000000291,101.60000000000582,15.19999999999709,116.80000000000291,209.07857142857185
2025-12-13 20:00:00,90182.4,90215.9,90044.0,90092.6,64.72020751,5836225.620077551,5836225.620077551,1,171.89999999999418,33.39999999999418,138.5,171.89999999999418,212.85000000000062
2025-12-13 21:00:00,90092.6,90192.0,89764.8,90171.5,67.18613368,6043540.506136839,6043540.506136839,1,427.1999999999971,99.39999999999418,327.8000000000029,427.1999999999971,235.86428571428613
2025-12-13 22:00:00,90171.5,90252.4,90002.5,90137.0,37.07301635,3341869.940098472,3341869.940098472,1,249.89999999999418,80.89999999999418,169.0,249.89999999999418,234.99285714285776
2025-12-13 23:00:00,90137.0,90279.0,90067.0,90241.1,25.03486913,2258498.808299851,2258498.808299851,1,212.0,142.0,70.0,212.0,239.30714285714308
2025-12-14 00:00:00,90241.1,90475.0,90125.0,90339.1,107.15131775,9678115.616046229,9678115.616046229,1,350.0,233.89999999999418,116.10000000000582,350.0,248.36428571428613
2025-12-14 01:00:00,90339.1,90458.2,90212.5,90300.4,57.87306423,5228086.693414258,5228086.693414258,1,245.6999999999971,119.09999999999127,126.60000000000582,245.6999999999971,243.64285714285714
2025-12-14 02:00:00,90300.5,90394.0,90247.2,90293.0,36.08459461,3259247.2491152,3259247.2491152,1,146.8000000000029,93.60000000000582,53.19999999999709,146.8000000000029,240.45000000000022
2025-12-14 03:00:00,90293.1,90310.0,90247.2,90266.5,46.3393048,4183271.292433037,4183271.292433037,1,62.80000000000291,17.0,45.80000000000291,62.80000000000291,225.7357142857145
2025-12-14 04:00:00,90266.6,90346.3,90131.3,90205.0,54.69097451,4934947.287390021,4934947.287390021,1,215.0,79.80000000000291,135.1999999999971,215.0,211.2357142857145
2025-12-14 05:00:00,90205.0,90234.0,90051.0,90208.7,72.44141003,6530321.369876209,6530321.369876209,1,183.0,29.0,154.0,183.0,206.13571428571387
2025-12-14 06:00:00,90208.7,90249.7,90100.0,90151.1,29.74349959,2681907.606510695,2681907.606510695,1,149.6999999999971,41.0,108.69999999999709,149.6999999999971,199.50714285714224
2025-12-14 07:00:00,90151.1,90291.1,90085.2,90256.1,114.17679632,10301894.803587832,10301894.803587832,1,205.90000000000873,140.0,65.90000000000873,205.90000000000873,205.94285714285692
2025-12-14 08:00:00,90256.0,90307.6,90104.9,90114.9,205.22209862,18514264.553928792,18514264.553928792,1,202.70000000001164,51.5,151.20000000001164,202.70000000001164,209.95714285714348
2025-12-14 09:00:00,90115.0,90158.0,90007.0,90025.9,57.74668524,5201026.422919042,5201026.422919042,1,151.0,43.10000000000582,107.89999999999418,151.0,212.4000000000004
2025-12-14 10:00:00,90026.0,90133.3,89786.4,89857.0,356.79876067,32105372.509623506,32105372.509623506,1,346.90000000000873,107.40000000000873,239.5,346.90000000000873,224.90000000000146
2025-12-14 11:00:00,89857.1,89857.1,88632.9,89355.0,716.52021275,63954194.407106409,63954194.407106409,1,1224.2000000000116,0.10000000000582077,1224.1000000000058,1224.2000000000116,281.8285714285739
2025-12-14 12:00:00,89355.1,89662.6,89100.0,89418.5,142.95710451,12781971.11729148,12781971.11729148,1,562.6000000000058,307.6000000000058,255.0,562.6000000000058,304.16428571428906
2025-12-14 13:00:00,89417.1,89498.0,89083.9,89484.1,93.66485585,8360013.411800478,8360013.411800478,1,414.1000000000058,79.5,334.6000000000058,414.1000000000058,318.6000000000037
2025-12-14 14:00:00,89484.1,89559.4,88884.0,89112.1,169.43066117,15107379.798435572,15107379.798435572,1,675.3999999999942,75.29999999998836,600.1000000000058,675.3999999999942,341.84285714286045
2025-12-14 15:00:00,89112.1,89180.0,88880.0,89027.7,76.91047471,6846523.108176784,6846523.108176784,1,300.0,67.89999999999418,232.10000000000582,300.0,345.7214285714321
2025-12-14 16:00:00,89027.7,89397.9,88505.4,88832.9,191.920253,17061467.715589613,17061467.715589613,1,892.5,370.1999999999971,522.3000000000029,892.5,398.9857142857176
2025-12-14 17:00:00,88833.0,89029.2,88600.0,88804.9,135.47267914,12032329.846435835,12032329.846435835,1,429.1999999999971,196.3000000000029,232.89999999999418,429.1999999999971,425.15714285714574
2025-12-14 18:00:00,88805.0,89082.4,88720.2,89004.7,85.78959057,7626048.986024495,7626048.986024495,1,362.1999999999971,277.5,84.69999999999709,362.1999999999971,435.67142857143125
2025-12-14 19:00:00,89004.7,89004.7,88465.9,88644.0,104.8662025,9297334.104744129,9297334.104744129,1,538.8000000000029,0.0,538.8000000000029,538.8000000000029,461.0857142857172
2025-12-14 20:00:00,88644.1,88833.0,88350.0,88556.9,147.3055239,13051626.840066244,13051626.840066244,1,483.0,189.0,294.0,483.0,484.89285714286024
2025-12-14 21:00:00,88557.0,88711.6,88342.4,88444.0,66.05346172,5847611.748482705,5847611.748482705,1,369.20000000001164,154.70000000001164,214.5,369.20000000001164,496.5571428571462
2025-12-14 22:00:00,88444.1,88604.9,88018.0,88411.0,162.34966857,14332668.440990824,14332668.440990824,1,586.8999999999942,160.89999999999418,426.0,586.8999999999942,524.000000000002
2025-12-14 23:00:00,88411.0,88610.0,87564.5,88162.9,321.36472736,28279038.877735869,28279038.877735869,1,1045.5,199.0,846.5,1045.5,587.8928571428593
2025-12-15 00:00:00,88163.0,88688.0,88072.3,88456.0,187.50243092,16580640.693921828,16580640.693921828,1,615.6999999999971,525.1000000000058,90.59999999999127,615.6999999999971,607.0928571428584
2025-12-15 01:00:00,88456.0,89336.9,88421.0,89248.1,258.90828396,23027334.224691687,23027334.224691687,1,915.8999999999942,880.8999999999942,35.0,915.8999999999942,585.0714285714286
2025-12-15 02:00:00,89248.1,90021.9,89235.1,89315.0,215.7082354,19325674.8293162,19325674.8293162,1,786.7999999999884,773.7999999999884,13.0,786.7999999999884,601.085714285713
2025-12-15 03:00:00,89315.0,89540.0,89226.5,89285.9,166.99620109,14919165.020506581,14919165.020506581,1,313.5,225.0,88.5,313.5,593.8999999999984
2025-12-15 04:00:00,89286.0,89790.9,89279.0,89669.9,183.76306218,16465873.08390852,16465873.08390852,1,511.8999999999942,505.0,6.899999999994179,511.8999999999942,582.2214285714269
2025-12-15 05:00:00,89669.9,89760.0,89500.0,89616.1,223.79511125,20053979.35117963,20053979.35117963,1,260.0,90.10000000000582,169.89999999999418,260.0,579.364285714284
2025-12-11 03:00:00,90070.5,90083.5,89389.8,89881.1,397.6365867,35697833.048224359,35697833.048224359,1,693.6999999999971,,,693.6999999999971,693.6999999999971
2025-12-11 04:00:00,89881.0,90483.3,89688.0,90437.0,290.53147763,26164546.266505642,26164546.266505642,1,795.3000000000029,602.1999999999971,193.10000000000582,795.3000000000029,744.5
2025-12-11 05:00:00,90437.0,90437.0,90066.1,90303.8,199.17020937,17972015.207016023,17972015.207016023,1,370.8999999999942,0.0,370.8999999999942,370.8999999999942,619.9666666666648
2025-12-11 06:00:00,90303.8,90445.9,89954.9,90292.2,187.19643679,16889051.661337297,16889051.661337297,1,491.0,142.09999999999127,348.90000000000873,491.0,587.7249999999985
2025-12-11 07:00:00,90292.3,90329.2,90057.2,90271.0,271.86738121,24519779.769281561,24519779.769281561,1,272.0,37.0,235.0,272.0,524.5799999999988
2025-12-11 08:00:00,90270.9,90271.0,89964.9,90186.4,126.31077616,11381625.647527792,11381625.647527792,1,306.1000000000058,0.0,306.1000000000058,306.1000000000058,488.1666666666667
2025-12-11 09:00:00,90186.5,90523.3,90111.9,90233.0,800.5978254,72292353.878754779,72292353.878754779,1,411.40000000000873,336.90000000000873,74.5,411.40000000000873,477.20000000000124
2025-12-11 10:00:00,90233.3,90347.1,90170.0,90317.3,155.557461,14037011.886429888,14037011.886429888,1,177.10000000000582,114.10000000000582,63.0,177.10000000000582,439.6875000000018
2025-12-11 11:00:00,90317.4,90414.0,90204.1,90234.8,551.81074857,49834622.130277799,49834622.130277799,1,209.89999999999418,96.69999999999709,113.19999999999709,209.89999999999418,414.15555555555653
2025-12-11 12:00:00,90234.8,90381.3,90008.0,90029.0,148.4028197,13390022.619956618,13390022.619956618,1,373.3000000000029,146.5,226.8000000000029,373.3000000000029,410.0700000000012
2025-12-11 13:00:00,90029.1,90170.0,89876.1,90101.0,150.53066277,13555048.64929751,13555048.64929751,1,293.8999999999942,141.0,152.89999999999418,293.8999999999942,399.5090909090914
2025-12-11 14:00:00,90101.0,90484.2,89255.9,89548.1,500.5589693,45038872.432556601,45038872.432556601,1,1228.300000000003,383.1999999999971,845.1000000000058,1228.300000000003,468.5750000000007
2025-12-11 15:00:00,89548.1,90642.7,89408.0,89875.1,485.2247252,43702912.661672633,43702912.661672633,1,1234.699999999997,1094.5999999999913,140.10000000000582,1234.699999999997,527.5076923076928
2025-12-11 16:00:00,89875.0,90180.2,89333.3,89736.9,204.82634057,18369819.972935307,18369819.972935307,1,846.8999999999942,305.09999999999127,541.8000000000029,846.8999999999942,550.3214285714286
2025-12-11 17:00:00,89737.1,90255.1,89630.0,89979.4,161.71465129,14553734.661389972,14553734.661389972,1,625.1000000000058,518.2000000000116,106.89999999999418,625.1000000000058,545.4214285714291
2025-12-11 18:00:00,89971.6,91183.4,89891.1,90705.9,335.91158054,30446395.022196414,30446395.022196414,1,1292.2999999999884,1204.0,88.29999999998836,1292.2999999999884,580.9214285714281
2025-12-11 19:00:00,90705.7,91541.2,90583.1,90835.6,281.02742739,25605873.434216176,25605873.434216176,1,958.0999999999913,835.3000000000029,122.79999999998836,958.0999999999913,622.8642857142851
2025-12-11 20:00:00,90835.6,91829.2,90802.5,91781.4,186.21123828,17014826.359211654,17014826.359211654,1,1026.699999999997,993.5999999999913,33.10000000000582,1026.699999999997,661.1285714285706
2025-12-11 21:00:00,91789.2,93564.4,91703.3,92867.6,620.82572248,57645800.030164525,57645800.030164525,1,1861.0999999999913,1783.0,78.09999999999127,1861.0999999999913,774.6357142857129
2025-12-11 22:00:00,92867.7,93198.2,92097.6,92371.5,376.20738183,34826129.694224646,34826129.694224646,1,1100.5999999999913,330.59999999999127,770.0,1100.5999999999913,831.3857142857117
2025-12-11 23:00:00,92373.3,92804.5,92337.1,92522.3,399.27092309,36961470.86925368,36961470.86925368,1,467.3999999999942,433.0,34.39999999999418,467.3999999999942,835.3857142857107
2025-12-12 00:00:00,92522.2,92658.5,91280.4,91577.7,358.3292851,33005770.886541213,33005770.886541213,1,1378.1000000000058,136.1999999999971,1241.9000000000087,1378.1000000000058,921.171428571425
2025-12-12 01:00:00,91577.7,92317.0,91545.9,92171.8,210.07472527,19322611.47707797,19322611.47707797,1,771.1000000000058,739.3000000000029,31.80000000000291,771.1000000000058,961.2571428571401
2025-12-12 02:00:00,92171.9,92747.2,91929.1,92584.4,249.48219932,23067183.070103246,23067183.070103246,1,818.0999999999913,575.3999999999942,242.6999999999971,818.0999999999913,993.028571428568
2025-12-12 03:00:00,92584.5,92752.5,92175.0,92275.1,142.86960433,13196568.63684372,13196568.63684372,1,577.5,168.10000000000582,409.3999999999942,577.5,1013.2857142857112
2025-12-12 04:00:00,92274.9,92468.1,92123.0,92397.5,168.48839422,15545834.088353661,15545834.088353661,1,345.1000000000058,193.0,152.10000000000582,345.1000000000058,950.1999999999971
2025-12-12 05:00:00,92397.6,92502.3,92078.6,92443.2,134.01676677,12368300.369900802,12368300.369900802,1,423.6999999999971,104.80000000000291,318.8999999999942,423.6999999999971,892.2714285714256
2025-12-12 06:00:00,92443.2,92719.3,92403.1,92506.6,134.63047044,12466374.304033229,12466374.304033229,1,316.1999999999971,276.1000000000058,40.09999999999127,316.1999999999971,854.364285714283
2025-12-12 07:00:00,92506.7,92562.6,92250.3,92427.1,198.62147521,18363238.511646634,18363238.511646634,1,312.3000000000029,56.0,256.3000000000029,312.3000000000029,832.0214285714256
2025-12-12 08:00:00,92427.2,92479.1,92103.1,92347.4,159.40891768,14712170.015336549,14712170.015336549,1,376.0,52.0,324.0,376.0,766.5714285714265
2025-12-12 09:00:00,92346.9,92559.3,92088.5,92522.5,103.49380457,9554816.047931844,9554816.047931844,1,470.8000000000029,211.90000000000873,258.8999999999942,470.8000000000029,731.7642857142845
2025-12-12 10:00:00,92522.6,92635.6,92413.3,92493.0,183.00963292,16931789.121531478,16931789.121531478,1,222.3000000000029,113.10000000000582,109.19999999999709,222.3000000000029,674.307142857142
2025-12-12 11:00:00,92493.1,92493.1,92276.3,92411.9,62.00548005,5727795.329903857,5727795.329903857,1,216.8000000000029,0.10000000000582077,216.6999999999971,216.8000000000029,556.8571428571429
2025-12-12 12:00:00,92411.8,92425.1,92085.9,92425.1,165.86361655,15300734.520564509,15300734.520564509,1,339.20000000001164,13.200000000011642,326.0,339.20000000001164,502.47142857143
2025-12-12 13:00:00,92425.1,92515.6,92250.3,92311.9,129.70306513,11981370.903314232,11981370.903314232,1,265.3000000000029,90.5,174.8000000000029,265.3000000000029,488.0357142857164
2025-12-12 14:00:00,92311.9,92666.5,91902.5,92445.5,329.62106883,30444218.069092544,30444218.069092544,1,764.0,354.6000000000058,409.3999999999942,764.0,444.1714285714302
2025-12-12 15:00:00,92445.5,92445.5,89777.7,89941.4,1021.78373382,93036374.085344914,93036374.085344914,1,2667.800000000003,0.0,2667.800000000003,2667.800000000003,579.6500000000015
2025-12-12 16:00:00,89933.7,90439.5,89466.6,90040.1,539.75715832,48513696.953162542,48513696.953162542,1,972.8999999999942,498.1000000000058,474.79999999998836,972.8999999999942,590.7071428571445
2025-12-12 17:00:00,90040.2,90622.7,89822.6,90075.6,335.39684545,30256725.64032449,30256725.64032449,1,800.0999999999913,582.5999999999913,217.5,800.0999999999913,606.6071428571439
2025-12-12 18:00:00,90075.7,90659.9,90039.0,90366.0,350.93473832,31740116.294646766,31740116.294646766,1,620.8999999999942,584.2999999999884,36.60000000000582,620.8999999999942,626.307142857143
2025-12-12 19:00:00,90366.1,90398.9,90003.9,90197.1,179.75798504,16211958.551396132,16211958.551396132,1,395.0,32.89999999999418,362.1000000000058,395.0,624.2571428571433
2025-12-12 20:00:00,90197.1,90329.8,89888.8,90211.3,143.77395516,12959956.555020375,12959956.555020375,1,441.0,132.6999999999971,308.3000000000029,441.0,633.1714285714291
2025-12-12 21:00:00,90211.2,90347.6,90100.0,90192.0,100.17990399,9039494.043334048,9039494.043334048,1,247.60000000000582,136.3000000000029,111.30000000000291,247.60000000000582,628.5500000000009
2025-12-12 22:00:00,90186.0,90392.3,90184.7,90339.7,67.57906932,6102963.808878532,6102963.808878532,1,207.60000000000582,200.3000000000029,7.30000000000291,207.60000000000582,616.5214285714299
2025-12-12 23:00:00,90339.9,90387.0,90225.1,90268.1,43.02290384,3886376.254715724,3886376.254715724,1,161.89999999999418,47.30000000000291,114.59999999999127,161.89999999999418,594.4571428571435
2025-12-13 00:00:00,90268.1,90436.5,90206.9,90317.6,72.87979636,6583395.67486858,6583395.67486858,1,229.60000000000582,168.39999999999418,61.20000000001164,229.60000000000582,594.9785714285723
2025-12-13 01:00:00,90317.6,90360.0,90112.4,90224.9,53.88380277,4863702.025621173,4863702.025621173,1,247.60000000000582,42.39999999999418,205.20000000001164,247.60000000000582,597.1785714285725
2025-12-13 02:00:00,90225.0,90318.0,90206.2,90227.1,85.2432324,7693250.624685539,7693250.624685539,1,111.80000000000291,93.10000000000582,18.69999999999709,111.80000000000291,580.9357142857147
2025-12-13 03:00:00,90227.1,90469.9,90196.0,90341.9,135.46026992,12236562.817418255,12236562.817418255,1,273.8999999999942,242.79999999998836,31.10000000000582,273.8999999999942,581.5499999999998
2025-12-13 04:00:00,90341.9,90421.0,90271.5,90375.9,66.51295067,6009310.843948976,6009310.843948976,1,149.5,79.10000000000582,70.39999999999418,149.5,537.6571428571426
2025-12-13 05:00:00,90375.9,90394.0,90246.5,90340.4,162.18434809,14647563.439590031,14647563.439590031,1,147.5,18.10000000000582,129.39999999999418,147.5,357.63571428571385
2025-12-13 06:00:00,90340.5,90370.7,90251.6,90348.1,116.02051912,10478012.26595885,10478012.26595885,1,119.09999999999127,30.30000000000291,88.79999999998836,119.09999999999127,296.64999999999935
2025-12-13 07:00:00,90348.2,90416.9,90311.9,90330.0,559.66099937,50572556.425659322,50572556.425659322,1,105.0,68.79999999998836,36.20000000001164,105.0,247.0
2025-12-13 08:00:00,90330.1,90576.7,90314.6,90450.9,239.47088858,21661720.310185571,21661720.310185571,1,262.09999999999127,246.6999999999971,15.39999999999418,262.09999999999127,221.37142857142837
2025-12-13 09:00:00,90450.9,90513.5,90361.9,90415.0,142.43273878,12877980.376253072,12877980.376253072,1,151.60000000000582,62.60000000000582,89.0,151.60000000000582,203.9857142857145
2025-12-13 10:00:00,90415.1,90638.2,90415.1,90592.9,183.38279702,16595402.929461443,16595402.929461443,1,223.09999999999127,223.1999999999971,0.10000000000582077,223.1999999999971,188.42857142857142
2025-12-13 11:00:00,90592.9,90611.8,90300.0,90341.7,106.74044916,9656012.031319075,9656012.031319075,1,311.8000000000029,18.90000000000873,292.8999999999942,311.8000000000029,193.0142857142855
2025-12-13 12:00:00,90341.7,90486.0,90294.5,90355.1,54.66533858,4940466.232547556,4940466.232547556,1,191.5,144.3000000000029,47.19999999999709,191.5,191.8642857142851
2025-12-13 13:00:00,90355.1,90468.8,90200.0,90262.0,297.84272778,26904469.798221174,26904469.798221174,1,268.8000000000029,113.69999999999709,155.10000000000582,268.8000000000029,199.5
2025-12-13 14:00:00,90262.0,90348.1,89930.1,90086.0,152.71142529,13765120.287583045,13765120.287583045,1,418.0,86.10000000000582,331.8999999999942,418.0,212.95714285714243
2025-12-13 15:00:00,90085.9,90293.1,90038.7,90100.7,74.60630179,6725709.608373839,6725709.608373839,1,254.40000000000873,207.10000000000582,47.30000000000291,254.40000000000873,213.44285714285692
2025-12-13 16:00:00,90100.6,90275.0,90032.5,90097.6,47.03441241,4239349.313035252,4239349.313035252,1,242.5,174.3000000000029,68.19999999999709,242.5,222.778571428571
2025-12-13 17:00:00,90097.6,90105.8,89990.0,90054.0,36.70012025,3304003.122741532,3304003.122741532,1,115.80000000000291,8.19999999999709,107.60000000000582,115.80000000000291,211.4857142857145
2025-12-13 18:00:00,90054.1,90190.6,90044.1,90123.9,21.37263691,1926583.75852249,1926583.75852249,1,146.5,136.60000000000582,9.89999999999418,146.5,211.27142857142877
2025-12-13 19:00:00,90124.0,90225.5,90108.7,90182.5,16.58305732,1495351.356629241,1495351.356629241,1,116.80000000000291,101.60000000000582,15.19999999999709,116.80000000000291,209.07857142857185
2025-12-13 20:00:00,90182.4,90215.9,90044.0,90092.6,64.72020751,5836225.620077551,5836225.620077551,1,171.89999999999418,33.39999999999418,138.5,171.89999999999418,212.85000000000062
2025-12-13 21:00:00,90092.6,90192.0,89764.8,90171.5,67.18613368,6043540.506136839,6043540.506136839,1,427.1999999999971,99.39999999999418,327.8000000000029,427.1999999999971,235.86428571428613
2025-12-13 22:00:00,90171.5,90252.4,90002.5,90137.0,37.07301635,3341869.940098472,3341869.940098472,1,249.89999999999418,80.89999999999418,169.0,249.89999999999418,234.99285714285776
2025-12-13 23:00:00,90137.0,90279.0,90067.0,90241.1,25.03486913,2258498.808299851,2258498.808299851,1,212.0,142.0,70.0,212.0,239.30714285714308
2025-12-14 00:00:00,90241.1,90475.0,90125.0,90339.1,107.15131775,9678115.616046229,9678115.616046229,1,350.0,233.89999999999418,116.10000000000582,350.0,248.36428571428613
2025-12-14 01:00:00,90339.1,90458.2,90212.5,90300.4,57.87306423,5228086.693414258,5228086.693414258,1,245.6999999999971,119.09999999999127,126.60000000000582,245.6999999999971,243.64285714285714
2025-12-14 02:00:00,90300.5,90394.0,90247.2,90293.0,36.08459461,3259247.2491152,3259247.2491152,1,146.8000000000029,93.60000000000582,53.19999999999709,146.8000000000029,240.45000000000022
2025-12-14 03:00:00,90293.1,90310.0,90247.2,90266.5,46.3393048,4183271.292433037,4183271.292433037,1,62.80000000000291,17.0,45.80000000000291,62.80000000000291,225.7357142857145
2025-12-14 04:00:00,90266.6,90346.3,90131.3,90205.0,54.69097451,4934947.287390021,4934947.287390021,1,215.0,79.80000000000291,135.1999999999971,215.0,211.2357142857145
2025-12-14 05:00:00,90205.0,90234.0,90051.0,90208.7,72.44141003,6530321.369876209,6530321.369876209,1,183.0,29.0,154.0,183.0,206.13571428571387
2025-12-14 06:00:00,90208.7,90249.7,90100.0,90151.1,29.74349959,2681907.606510695,2681907.606510695,1,149.6999999999971,41.0,108.69999999999709,149.6999999999971,199.50714285714224
2025-12-14 07:00:00,90151.1,90291.1,90085.2,90256.1,114.17679632,10301894.803587832,10301894.803587832,1,205.90000000000873,140.0,65.90000000000873,205.90000000000873,205.94285714285692
2025-12-14 08:00:00,90256.0,90307.6,90104.9,90114.9,205.22209862,18514264.553928792,18514264.553928792,1,202.70000000001164,51.5,151.20000000001164,202.70000000001164,209.95714285714348
2025-12-14 09:00:00,90115.0,90158.0,90007.0,90025.9,57.74668524,5201026.422919042,5201026.422919042,1,151.0,43.10000000000582,107.89999999999418,151.0,212.4000000000004
2025-12-14 10:00:00,90026.0,90133.3,89786.4,89857.0,356.79876067,32105372.509623506,32105372.509623506,1,346.90000000000873,107.40000000000873,239.5,346.90000000000873,224.90000000000146
2025-12-14 11:00:00,89857.1,89857.1,88632.9,89355.0,716.52021275,63954194.407106409,63954194.407106409,1,1224.2000000000116,0.10000000000582077,1224.1000000000058,1224.2000000000116,281.8285714285739
2025-12-14 12:00:00,89355.1,89662.6,89100.0,89418.5,142.95710451,12781971.11729148,12781971.11729148,1,562.6000000000058,307.6000000000058,255.0,562.6000000000058,304.16428571428906
2025-12-14 13:00:00,89417.1,89498.0,89083.9,89484.1,93.66485585,8360013.411800478,8360013.411800478,1,414.1000000000058,79.5,334.6000000000058,414.1000000000058,318.6000000000037
2025-12-14 14:00:00,89484.1,89559.4,88884.0,89112.1,169.43066117,15107379.798435572,15107379.798435572,1,675.3999999999942,75.29999999998836,600.1000000000058,675.3999999999942,341.84285714286045
2025-12-14 15:00:00,89112.1,89180.0,88880.0,89027.7,76.91047471,6846523.108176784,6846523.108176784,1,300.0,67.89999999999418,232.10000000000582,300.0,345.7214285714321
2025-12-14 16:00:00,89027.7,89397.9,88505.4,88832.9,191.920253,17061467.715589613,17061467.715589613,1,892.5,370.1999999999971,522.3000000000029,892.5,398.9857142857176
2025-12-14 17:00:00,88833.0,89029.2,88600.0,88804.9,135.47267914,12032329.846435835,12032329.846435835,1,429.1999999999971,196.3000000000029,232.89999999999418,429.1999999999971,425.15714285714574
2025-12-14 18:00:00,88805.0,89082.4,88720.2,89004.7,85.78959057,7626048.986024495,7626048.986024495,1,362.1999999999971,277.5,84.69999999999709,362.1999999999971,435.67142857143125
2025-12-14 19:00:00,89004.7,89004.7,88465.9,88644.0,104.8662025,9297334.104744129,9297334.104744129,1,538.8000000000029,0.0,538.8000000000029,538.8000000000029,461.0857142857172
2025-12-14 20:00:00,88644.1,88833.0,88350.0,88556.9,147.3055239,13051626.840066244,13051626.840066244,1,483.0,189.0,294.0,483.0,484.89285714286024
2025-12-14 21:00:00,88557.0,88711.6,88342.4,88444.0,66.05346172,5847611.748482705,5847611.748482705,1,369.20000000001164,154.70000000001164,214.5,369.20000000001164,496.5571428571462
2025-12-14 22:00:00,88444.1,88604.9,88018.0,88411.0,162.34966857,14332668.440990824,14332668.440990824,1,586.8999999999942,160.89999999999418,426.0,586.8999999999942,524.000000000002
2025-12-14 23:00:00,88411.0,88610.0,87564.5,88162.9,321.36472736,28279038.877735869,28279038.877735869,1,1045.5,199.0,846.5,1045.5,587.8928571428593
2025-12-15 00:00:00,88163.0,88688.0,88072.3,88456.0,187.50243092,16580640.693921828,16580640.693921828,1,615.6999999999971,525.1000000000058,90.59999999999127,615.6999999999971,607.0928571428584
2025-12-15 01:00:00,88456.0,89336.9,88421.0,89248.1,258.90828396,23027334.224691687,23027334.224691687,1,915.8999999999942,880.8999999999942,35.0,915.8999999999942,585.0714285714286
2025-12-15 02:00:00,89248.1,90021.9,89235.1,89315.0,215.7082354,19325674.8293162,19325674.8293162,1,786.7999999999884,773.7999999999884,13.0,786.7999999999884,601.085714285713
2025-12-15 03:00:00,89315.0,89540.0,89226.5,89285.9,166.99620109,14919165.020506581,14919165.020506581,1,313.5,225.0,88.5,313.5,593.8999999999984
2025-12-15 04:00:00,89286.0,89790.9,89279.0,89669.9,183.76306218,16465873.08390852,16465873.08390852,1,511.8999999999942,505.0,6.899999999994179,511.8999999999942,582.2214285714269
2025-12-15 05:00:00,89669.9,89760.0,89500.0,89616.1,223.79511125,20053979.35117963,20053979.35117963,1,260.0,90.10000000000582,169.89999999999418,260.0,579.364285714284
2025-12-15 06:00:00,89619.0,89922.9,89474.0,89743.4,101.70250397,9120227.446522742,9120227.446522742,1,448.8999999999942,306.79999999998836,142.10000000000582,448.8999999999942,547.6785714285694
2025-12-11 03:00:00,90070.5,90083.5,89389.8,89881.1,397.6365867,35697833.048224359,35697833.048224359,1,693.6999999999971,,,693.6999999999971,693.6999999999971
2025-12-11 04:00:00,89881.0,90483.3,89688.0,90437.0,290.53147763,26164546.266505642,26164546.266505642,1,795.3000000000029,602.1999999999971,193.10000000000582,795.3000000000029,744.5
2025-12-11 05:00:00,90437.0,90437.0,90066.1,90303.8,199.17020937,17972015.207016023,17972015.207016023,1,370.8999999999942,0.0,370.8999999999942,370.8999999999942,619.9666666666648
2025-12-11 06:00:00,90303.8,90445.9,89954.9,90292.2,187.19643679,16889051.661337297,16889051.661337297,1,491.0,142.09999999999127,348.90000000000873,491.0,587.7249999999985
2025-12-11 07:00:00,90292.3,90329.2,90057.2,90271.0,271.86738121,24519779.769281561,24519779.769281561,1,272.0,37.0,235.0,272.0,524.5799999999988
2025-12-11 08:00:00,90270.9,90271.0,89964.9,90186.4,126.31077616,11381625.647527792,11381625.647527792,1,306.1000000000058,0.0,306.1000000000058,306.1000000000058,488.1666666666667
2025-12-11 09:00:00,90186.5,90523.3,90111.9,90233.0,800.5978254,72292353.878754779,72292353.878754779,1,411.40000000000873,336.90000000000873,74.5,411.40000000000873,477.20000000000124
2025-12-11 10:00:00,90233.3,90347.1,90170.0,90317.3,155.557461,14037011.886429888,14037011.886429888,1,177.10000000000582,114.10000000000582,63.0,177.10000000000582,439.6875000000018
2025-12-11 11:00:00,90317.4,90414.0,90204.1,90234.8,551.81074857,49834622.130277799,49834622.130277799,1,209.89999999999418,96.69999999999709,113.19999999999709,209.89999999999418,414.15555555555653
2025-12-11 12:00:00,90234.8,90381.3,90008.0,90029.0,148.4028197,13390022.619956618,13390022.619956618,1,373.3000000000029,146.5,226.8000000000029,373.3000000000029,410.0700000000012
2025-12-11 13:00:00,90029.1,90170.0,89876.1,90101.0,150.53066277,13555048.64929751,13555048.64929751,1,293.8999999999942,141.0,152.89999999999418,293.8999999999942,399.5090909090914
2025-12-11 14:00:00,90101.0,90484.2,89255.9,89548.1,500.5589693,45038872.432556601,45038872.432556601,1,1228.300000000003,383.1999999999971,845.1000000000058,1228.300000000003,468.5750000000007
2025-12-11 15:00:00,89548.1,90642.7,89408.0,89875.1,485.2247252,43702912.661672633,43702912.661672633,1,1234.699999999997,1094.5999999999913,140.10000000000582,1234.699999999997,527.5076923076928
2025-12-11 16:00:00,89875.0,90180.2,89333.3,89736.9,204.82634057,18369819.972935307,18369819.972935307,1,846.8999999999942,305.09999999999127,541.8000000000029,846.8999999999942,550.3214285714286
2025-12-11 17:00:00,89737.1,90255.1,89630.0,89979.4,161.71465129,14553734.661389972,14553734.661389972,1,625.1000000000058,518.2000000000116,106.89999999999418,625.1000000000058,545.4214285714291
2025-12-11 18:00:00,89971.6,91183.4,89891.1,90705.9,335.91158054,30446395.022196414,30446395.022196414,1,1292.2999999999884,1204.0,88.29999999998836,1292.2999999999884,580.9214285714281
2025-12-11 19:00:00,90705.7,91541.2,90583.1,90835.6,281.02742739,25605873.434216176,25605873.434216176,1,958.0999999999913,835.3000000000029,122.79999999998836,958.0999999999913,622.8642857142851
2025-12-11 20:00:00,90835.6,91829.2,90802.5,91781.4,186.21123828,17014826.359211654,17014826.359211654,1,1026.699999999997,993.5999999999913,33.10000000000582,1026.699999999997,661.1285714285706
2025-12-11 21:00:00,91789.2,93564.4,91703.3,92867.6,620.82572248,57645800.030164525,57645800.030164525,1,1861.0999999999913,1783.0,78.09999999999127,1861.0999999999913,774.6357142857129
2025-12-11 22:00:00,92867.7,93198.2,92097.6,92371.5,376.20738183,34826129.694224646,34826129.694224646,1,1100.5999999999913,330.59999999999127,770.0,1100.5999999999913,831.3857142857117
2025-12-11 23:00:00,92373.3,92804.5,92337.1,92522.3,399.27092309,36961470.86925368,36961470.86925368,1,467.3999999999942,433.0,34.39999999999418,467.3999999999942,835.3857142857107
2025-12-12 00:00:00,92522.2,92658.5,91280.4,91577.7,358.3292851,33005770.886541213,33005770.886541213,1,1378.1000000000058,136.1999999999971,1241.9000000000087,1378.1000000000058,921.171428571425
2025-12-12 01:00:00,91577.7,92317.0,91545.9,92171.8,210.07472527,19322611.47707797,19322611.47707797,1,771.1000000000058,739.3000000000029,31.80000000000291,771.1000000000058,961.2571428571401
2025-12-12 02:00:00,92171.9,92747.2,91929.1,92584.4,249.48219932,23067183.070103246,23067183.070103246,1,818.0999999999913,575.3999999999942,242.6999999999971,818.0999999999913,993.028571428568
2025-12-12 03:00:00,92584.5,92752.5,92175.0,92275.1,142.86960433,13196568.63684372,13196568.63684372,1,577.5,168.10000000000582,409.3999999999942,577.5,1013.2857142857112
2025-12-12 04:00:00,92274.9,92468.1,92123.0,92397.5,168.48839422,15545834.088353661,15545834.088353661,1,345.1000000000058,193.0,152.10000000000582,345.1000000000058,950.1999999999971
2025-12-12 05:00:00,92397.6,92502.3,92078.6,92443.2,134.01676677,12368300.369900802,12368300.369900802,1,423.6999999999971,104.80000000000291,318.8999999999942,423.6999999999971,892.2714285714256
2025-12-12 06:00:00,92443.2,92719.3,92403.1,92506.6,134.63047044,12466374.304033229,12466374.304033229,1,316.1999999999971,276.1000000000058,40.09999999999127,316.1999999999971,854.364285714283
2025-12-12 07:00:00,92506.7,92562.6,92250.3,92427.1,198.62147521,18363238.511646634,18363238.511646634,1,312.3000000000029,56.0,256.3000000000029,312.3000000000029,832.0214285714256
2025-12-12 08:00:00,92427.2,92479.1,92103.1,92347.4,159.40891768,14712170.015336549,14712170.015336549,1,376.0,52.0,324.0,376.0,766.5714285714265
2025-12-12 09:00:00,92346.9,92559.3,92088.5,92522.5,103.49380457,9554816.047931844,9554816.047931844,1,470.8000000000029,211.90000000000873,258.8999999999942,470.8000000000029,731.7642857142845
2025-12-12 10:00:00,92522.6,92635.6,92413.3,92493.0,183.00963292,16931789.121531478,16931789.121531478,1,222.3000000000029,113.10000000000582,109.19999999999709,222.3000000000029,674.307142857142
2025-12-12 11:00:00,92493.1,92493.1,92276.3,92411.9,62.00548005,5727795.329903857,5727795.329903857,1,216.8000000000029,0.10000000000582077,216.6999999999971,216.8000000000029,556.8571428571429
2025-12-12 12:00:00,92411.8,92425.1,92085.9,92425.1,165.86361655,15300734.520564509,15300734.520564509,1,339.20000000001164,13.200000000011642,326.0,339.20000000001164,502.47142857143
2025-12-12 13:00:00,92425.1,92515.6,92250.3,92311.9,129.70306513,11981370.903314232,11981370.903314232,1,265.3000000000029,90.5,174.8000000000029,265.3000000000029,488.0357142857164
2025-12-12 14:00:00,92311.9,92666.5,91902.5,92445.5,329.62106883,30444218.069092544,30444218.069092544,1,764.0,354.6000000000058,409.3999999999942,764.0,444.1714285714302
2025-12-12 15:00:00,92445.5,92445.5,89777.7,89941.4,1021.78373382,93036374.085344914,93036374.085344914,1,2667.800000000003,0.0,2667.800000000003,2667.800000000003,579.6500000000015
2025-12-12 16:00:00,89933.7,90439.5,89466.6,90040.1,539.75715832,48513696.953162542,48513696.953162542,1,972.8999999999942,498.1000000000058,474.79999999998836,972.8999999999942,590.7071428571445
2025-12-12 17:00:00,90040.2,90622.7,89822.6,90075.6,335.39684545,30256725.64032449,30256725.64032449,1,800.0999999999913,582.5999999999913,217.5,800.0999999999913,606.6071428571439
2025-12-12 18:00:00,90075.7,90659.9,90039.0,90366.0,350.93473832,31740116.294646766,31740116.294646766,1,620.8999999999942,584.2999999999884,36.60000000000582,620.8999999999942,626.307142857143
2025-12-12 19:00:00,90366.1,90398.9,90003.9,90197.1,179.75798504,16211958.551396132,16211958.551396132,1,395.0,32.89999999999418,362.1000000000058,395.0,624.2571428571433
2025-12-12 20:00:00,90197.1,90329.8,89888.8,90211.3,143.77395516,12959956.555020375,12959956.555020375,1,441.0,132.6999999999971,308.3000000000029,441.0,633.1714285714291
2025-12-12 21:00:00,90211.2,90347.6,90100.0,90192.0,100.17990399,9039494.043334048,9039494.043334048,1,247.60000000000582,136.3000000000029,111.30000000000291,247.60000000000582,628.5500000000009
2025-12-12 22:00:00,90186.0,90392.3,90184.7,90339.7,67.57906932,6102963.808878532,6102963.808878532,1,207.60000000000582,200.3000000000029,7.30000000000291,207.60000000000582,616.5214285714299
2025-12-12 23:00:00,90339.9,90387.0,90225.1,90268.1,43.02290384,3886376.254715724,3886376.254715724,1,161.89999999999418,47.30000000000291,114.59999999999127,161.89999999999418,594.4571428571435
2025-12-13 00:00:00,90268.1,90436.5,90206.9,90317.6,72.87979636,6583395.67486858,6583395.67486858,1,229.60000000000582,168.39999999999418,61.20000000001164,229.60000000000582,594.9785714285723
2025-12-13 01:00:00,90317.6,90360.0,90112.4,90224.9,53.88380277,4863702.025621173,4863702.025621173,1,247.60000000000582,42.39999999999418,205.20000000001164,247.60000000000582,597.1785714285725
2025-12-13 02:00:00,90225.0,90318.0,90206.2,90227.1,85.2432324,7693250.624685539,7693250.624685539,1,111.80000000000291,93.10000000000582,18.69999999999709,111.80000000000291,580.9357142857147
2025-12-13 03:00:00,90227.1,90469.9,90196.0,90341.9,135.46026992,12236562.817418255,12236562.817418255,1,273.8999999999942,242.79999999998836,31.10000000000582,273.8999999999942,581.5499999999998
2025-12-13 04:00:00,90341.9,90421.0,90271.5,90375.9,66.51295067,6009310.843948976,6009310.843948976,1,149.5,79.10000000000582,70.39999999999418,149.5,537.6571428571426
2025-12-13 05:00:00,90375.9,90394.0,90246.5,90340.4,162.18434809,14647563.439590031,14647563.439590031,1,147.5,18.10000000000582,129.39999999999418,147.5,357.63571428571385
2025-12-13 06:00:00,90340.5,90370.7,90251.6,90348.1,116.02051912,10478012.26595885,10478012.26595885,1,119.09999999999127,30.30000000000291,88.79999999998836,119.09999999999127,296.64999999999935
2025-12-13 07:00:00,90348.2,90416.9,90311.9,90330.0,559.66099937,50572556.425659322,50572556.425659322,1,105.0,68.79999999998836,36.20000000001164,105.0,247.0
2025-12-13 08:00:00,90330.1,90576.7,90314.6,90450.9,239.47088858,21661720.310185571,21661720.310185571,1,262.09999999999127,246.6999999999971,15.39999999999418,262.09999999999127,221.37142857142837
2025-12-13 09:00:00,90450.9,90513.5,90361.9,90415.0,142.43273878,12877980.376253072,12877980.376253072,1,151.60000000000582,62.60000000000582,89.0,151.60000000000582,203.9857142857145
2025-12-13 10:00:00,90415.1,90638.2,90415.1,90592.9,183.38279702,16595402.929461443,16595402.929461443,1,223.09999999999127,223.1999999999971,0.10000000000582077,223.1999999999971,188.42857142857142
2025-12-13 11:00:00,90592.9,90611.8,90300.0,90341.7,106.74044916,9656012.031319075,9656012.031319075,1,311.8000000000029,18.90000000000873,292.8999999999942,311.8000000000029,193.0142857142855
2025-12-13 12:00:00,90341.7,90486.0,90294.5,90355.1,54.66533858,4940466.232547556,4940466.232547556,1,191.5,144.3000000000029,47.19999999999709,191.5,191.8642857142851
2025-12-13 13:00:00,90355.1,90468.8,90200.0,90262.0,297.84272778,26904469.798221174,26904469.798221174,1,268.8000000000029,113.69999999999709,155.10000000000582,268.8000000000029,199.5
2025-12-13 14:00:00,90262.0,90348.1,89930.1,90086.0,152.71142529,13765120.287583045,13765120.287583045,1,418.0,86.10000000000582,331.8999999999942,418.0,212.95714285714243
2025-12-13 15:00:00,90085.9,90293.1,90038.7,90100.7,74.60630179,6725709.608373839,6725709.608373839,1,254.40000000000873,207.10000000000582,47.30000000000291,254.40000000000873,213.44285714285692
2025-12-13 16:00:00,90100.6,90275.0,90032.5,90097.6,47.03441241,4239349.313035252,4239349.313035252,1,242.5,174.3000000000029,68.19999999999709,242.5,222.778571428571
2025-12-13 17:00:00,90097.6,90105.8,89990.0,90054.0,36.70012025,3304003.122741532,3304003.122741532,1,115.80000000000291,8.19999999999709,107.60000000000582,115.80000000000291,211.4857142857145
2025-12-13 18:00:00,90054.1,90190.6,90044.1,90123.9,21.37263691,1926583.75852249,1926583.75852249,1,146.5,136.60000000000582,9.89999999999418,146.5,211.27142857142877
2025-12-13 19:00:00,90124.0,90225.5,90108.7,90182.5,16.58305732,1495351.356629241,1495351.356629241,1,116.80000000000291,101.60000000000582,15.19999999999709,116.80000000000291,209.07857142857185
2025-12-13 20:00:00,90182.4,90215.9,90044.0,90092.6,64.72020751,5836225.620077551,5836225.620077551,1,171.89999999999418,33.39999999999418,138.5,171.89999999999418,212.85000000000062
2025-12-13 21:00:00,90092.6,90192.0,89764.8,90171.5,67.18613368,6043540.506136839,6043540.506136839,1,427.1999999999971,99.39999999999418,327.8000000000029,427.1999999999971,235.86428571428613
2025-12-13 22:00:00,90171.5,90252.4,90002.5,90137.0,37.07301635,3341869.940098472,3341869.940098472,1,249.89999999999418,80.89999999999418,169.0,249.89999999999418,234.99285714285776
2025-12-13 23:00:00,90137.0,90279.0,90067.0,90241.1,25.03486913,2258498.808299851,2258498.808299851,1,212.0,142.0,70.0,212.0,239.30714285714308
2025-12-14 00:00:00,90241.1,90475.0,90125.0,90339.1,107.15131775,9678115.616046229,9678115.616046229,1,350.0,233.89999999999418,116.10000000000582,350.0,248.36428571428613
2025-12-14 01:00:00,90339.1,90458.2,90212.5,90300.4,57.87306423,5228086.693414258,5228086.693414258,1,245.6999999999971,119.09999999999127,126.60000000000582,245.6999999999971,243.64285714285714
2025-12-14 02:00:00,90300.5,90394.0,90247.2,90293.0,36.08459461,3259247.2491152,3259247.2491152,1,146.8000000000029,93.60000000000582,53.19999999999709,146.8000000000029,240.45000000000022
2025-12-14 03:00:00,90293.1,90310.0,90247.2,90266.5,46.3393048,4183271.292433037,4183271.292433037,1,62.80000000000291,17.0,45.80000000000291,62.80000000000291,225.7357142857145
2025-12-14 04:00:00,90266.6,90346.3,90131.3,90205.0,54.69097451,4934947.287390021,4934947.287390021,1,215.0,79.80000000000291,135.1999999999971,215.0,211.2357142857145
2025-12-14 05:00:00,90205.0,90234.0,90051.0,90208.7,72.44141003,6530321.369876209,6530321.369876209,1,183.0,29.0,154.0,183.0,206.13571428571387
2025-12-14 06:00:00,90208.7,90249.7,90100.0,90151.1,29.74349959,2681907.606510695,2681907.606510695,1,149.6999999999971,41.0,108.69999999999709,149.6999999999971,199.50714285714224
2025-12-14 07:00:00,90151.1,90291.1,90085.2,90256.1,114.17679632,10301894.803587832,10301894.803587832,1,205.90000000000873,140.0,65.90000000000873,205.90000000000873,205.94285714285692
2025-12-14 08:00:00,90256.0,90307.6,90104.9,90114.9,205.22209862,18514264.553928792,18514264.553928792,1,202.70000000001164,51.5,151.20000000001164,202.70000000001164,209.95714285714348
2025-12-14 09:00:00,90115.0,90158.0,90007.0,90025.9,57.74668524,5201026.422919042,5201026.422919042,1,151.0,43.10000000000582,107.89999999999418,151.0,212.4000000000004
2025-12-14 10:00:00,90026.0,90133.3,89786.4,89857.0,356.79876067,32105372.509623506,32105372.509623506,1,346.90000000000873,107.40000000000873,239.5,346.90000000000873,224.90000000000146
2025-12-14 11:00:00,89857.1,89857.1,88632.9,89355.0,716.52021275,63954194.407106409,63954194.407106409,1,1224.2000000000116,0.10000000000582077,1224.1000000000058,1224.2000000000116,281.8285714285739
2025-12-14 12:00:00,89355.1,89662.6,89100.0,89418.5,142.95710451,12781971.11729148,12781971.11729148,1,562.6000000000058,307.6000000000058,255.0,562.6000000000058,304.16428571428906
2025-12-14 13:00:00,89417.1,89498.0,89083.9,89484.1,93.66485585,8360013.411800478,8360013.411800478,1,414.1000000000058,79.5,334.6000000000058,414.1000000000058,318.6000000000037
2025-12-14 14:00:00,89484.1,89559.4,88884.0,89112.1,169.43066117,15107379.798435572,15107379.798435572,1,675.3999999999942,75.29999999998836,600.1000000000058,675.3999999999942,341.84285714286045
2025-12-14 15:00:00,89112.1,89180.0,88880.0,89027.7,76.91047471,6846523.108176784,6846523.108176784,1,300.0,67.89999999999418,232.10000000000582,300.0,345.7214285714321
2025-12-14 16:00:00,89027.7,89397.9,88505.4,88832.9,191.920253,17061467.715589613,17061467.715589613,1,892.5,370.1999999999971,522.3000000000029,892.5,398.9857142857176
2025-12-14 17:00:00,88833.0,89029.2,88600.0,88804.9,135.47267914,12032329.846435835,12032329.846435835,1,429.1999999999971,196.3000000000029,232.89999999999418,429.1999999999971,425.15714285714574
2025-12-14 18:00:00,88805.0,89082.4,88720.2,89004.7,85.78959057,7626048.986024495,7626048.986024495,1,362.1999999999971,277.5,84.69999999999709,362.1999999999971,435.67142857143125
2025-12-14 19:00:00,89004.7,89004.7,88465.9,88644.0,104.8662025,9297334.104744129,9297334.104744129,1,538.8000000000029,0.0,538.8000000000029,538.8000000000029,461.0857142857172
2025-12-14 20:00:00,88644.1,88833.0,88350.0,88556.9,147.3055239,13051626.840066244,13051626.840066244,1,483.0,189.0,294.0,483.0,484.89285714286024
2025-12-14 21:00:00,88557.0,88711.6,88342.4,88444.0,66.05346172,5847611.748482705,5847611.748482705,1,369.20000000001164,154.70000000001164,214.5,369.20000000001164,496.5571428571462
2025-12-14 22:00:00,88444.1,88604.9,88018.0,88411.0,162.34966857,14332668.440990824,14332668.440990824,1,586.8999999999942,160.89999999999418,426.0,586.8999999999942,524.000000000002
2025-12-14 23:00:00,88411.0,88610.0,87564.5,88162.9,321.36472736,28279038.877735869,28279038.877735869,1,1045.5,199.0,846.5,1045.5,587.8928571428593
2025-12-15 00:00:00,88163.0,88688.0,88072.3,88456.0,187.50243092,16580640.693921828,16580640.693921828,1,615.6999999999971,525.1000000000058,90.59999999999127,615.6999999999971,607.0928571428584
2025-12-15 01:00:00,88456.0,89336.9,88421.0,89248.1,258.90828396,23027334.224691687,23027334.224691687,1,915.8999999999942,880.8999999999942,35.0,915.8999999999942,585.0714285714286
2025-12-15 02:00:00,89248.1,90021.9,89235.1,89315.0,215.7082354,19325674.8293162,19325674.8293162,1,786.7999999999884,773.7999999999884,13.0,786.7999999999884,601.085714285713
2025-12-15 03:00:00,89315.0,89540.0,89226.5,89285.9,166.99620109,14919165.020506581,14919165.020506581,1,313.5,225.0,88.5,313.5,593.8999999999984
2025-12-15 04:00:00,89286.0,89790.9,89279.0,89669.9,183.76306218,16465873.08390852,16465873.08390852,1,511.8999999999942,505.0,6.899999999994179,511.8999999999942,582.2214285714269
2025-12-15 05:00:00,89669.9,89760.0,89500.0,89616.1,223.79511125,20053979.35117963,20053979.35117963,1,260.0,90.10000000000582,169.89999999999418,260.0,579.364285714284
2025-12-15 06:00:00,89619.0,89922.9,89474.0,89743.4,101.70250397,9120227.446522742,9120227.446522742,1,448.8999999999942,306.79999999998836,142.10000000000582,448.8999999999942,547.6785714285694
2025-12-11 03:00:00,90070.5,90083.5,89389.8,89881.1,397.6365867,35697833.048224359,35697833.048224359,1,693.6999999999971,,,693.6999999999971,693.6999999999971
2025-12-11 04:00:00,89881.0,90483.3,89688.0,90437.0,290.53147763,26164546.266505642,26164546.266505642,1,795.3000000000029,602.1999999999971,193.10000000000582,795.3000000000029,744.5
2025-12-11 05:00:00,90437.0,90437.0,90066.1,90303.8,199.17020937,17972015.207016023,17972015.207016023,1,370.8999999999942,0.0,370.8999999999942,370.8999999999942,619.9666666666648
2025-12-11 06:00:00,90303.8,90445.9,89954.9,90292.2,187.19643679,16889051.661337297,16889051.661337297,1,491.0,142.09999999999127,348.90000000000873,491.0,587.7249999999985
2025-12-11 07:00:00,90292.3,90329.2,90057.2,90271.0,271.86738121,24519779.769281561,24519779.769281561,1,272.0,37.0,235.0,272.0,524.5799999999988
2025-12-11 08:00:00,90270.9,90271.0,89964.9,90186.4,126.31077616,11381625.647527792,11381625.647527792,1,306.1000000000058,0.0,306.1000000000058,306.1000000000058,488.1666666666667
2025-12-11 09:00:00,90186.5,90523.3,90111.9,90233.0,800.5978254,72292353.878754779,72292353.878754779,1,411.40000000000873,336.90000000000873,74.5,411.40000000000873,477.20000000000124
2025-12-11 10:00:00,90233.3,90347.1,90170.0,90317.3,155.557461,14037011.886429888,14037011.886429888,1,177.10000000000582,114.10000000000582,63.0,177.10000000000582,439.6875000000018
2025-12-11 11:00:00,90317.4,90414.0,90204.1,90234.8,551.81074857,49834622.130277799,49834622.130277799,1,209.89999999999418,96.69999999999709,113.19999999999709,209.89999999999418,414.15555555555653
2025-12-11 12:00:00,90234.8,90381.3,90008.0,90029.0,148.4028197,13390022.619956618,13390022.619956618,1,373.3000000000029,146.5,226.8000000000029,373.3000000000029,410.0700000000012
2025-12-11 13:00:00,90029.1,90170.0,89876.1,90101.0,150.53066277,13555048.64929751,13555048.64929751,1,293.8999999999942,141.0,152.89999999999418,293.8999999999942,399.5090909090914
2025-12-11 14:00:00,90101.0,90484.2,89255.9,89548.1,500.5589693,45038872.432556601,45038872.432556601,1,1228.300000000003,383.1999999999971,845.1000000000058,1228.300000000003,468.5750000000007
2025-12-11 15:00:00,89548.1,90642.7,89408.0,89875.1,485.2247252,43702912.661672633,43702912.661672633,1,1234.699999999997,1094.5999999999913,140.10000000000582,1234.699999999997,527.5076923076928
2025-12-11 16:00:00,89875.0,90180.2,89333.3,89736.9,204.82634057,18369819.972935307,18369819.972935307,1,846.8999999999942,305.09999999999127,541.8000000000029,846.8999999999942,550.3214285714286
2025-12-11 17:00:00,89737.1,90255.1,89630.0,89979.4,161.71465129,14553734.661389972,14553734.661389972,1,625.1000000000058,518.2000000000116,106.89999999999418,625.1000000000058,545.4214285714291
2025-12-11 18:00:00,89971.6,91183.4,89891.1,90705.9,335.91158054,30446395.022196414,30446395.022196414,1,1292.2999999999884,1204.0,88.29999999998836,1292.2999999999884,580.9214285714281
2025-12-11 19:00:00,90705.7,91541.2,90583.1,90835.6,281.02742739,25605873.434216176,25605873.434216176,1,958.0999999999913,835.3000000000029,122.79999999998836,958.0999999999913,622.8642857142851
2025-12-11 20:00:00,90835.6,91829.2,90802.5,91781.4,186.21123828,17014826.359211654,17014826.359211654,1,1026.699999999997,993.5999999999913,33.10000000000582,1026.699999999997,661.1285714285706
2025-12-11 21:00:00,91789.2,93564.4,91703.3,92867.6,620.82572248,57645800.030164525,57645800.030164525,1,1861.0999999999913,1783.0,78.09999999999127,1861.0999999999913,774.6357142857129
2025-12-11 22:00:00,92867.7,93198.2,92097.6,92371.5,376.20738183,34826129.694224646,34826129.694224646,1,1100.5999999999913,330.59999999999127,770.0,1100.5999999999913,831.3857142857117
2025-12-11 23:00:00,92373.3,92804.5,92337.1,92522.3,399.27092309,36961470.86925368,36961470.86925368,1,467.3999999999942,433.0,34.39999999999418,467.3999999999942,835.3857142857107
2025-12-12 00:00:00,92522.2,92658.5,91280.4,91577.7,358.3292851,33005770.886541213,33005770.886541213,1,1378.1000000000058,136.1999999999971,1241.9000000000087,1378.1000000000058,921.171428571425
2025-12-12 01:00:00,91577.7,92317.0,91545.9,92171.8,210.07472527,19322611.47707797,19322611.47707797,1,771.1000000000058,739.3000000000029,31.80000000000291,771.1000000000058,961.2571428571401
2025-12-12 02:00:00,92171.9,92747.2,91929.1,92584.4,249.48219932,23067183.070103246,23067183.070103246,1,818.0999999999913,575.3999999999942,242.6999999999971,818.0999999999913,993.028571428568
2025-12-12 03:00:00,92584.5,92752.5,92175.0,92275.1,142.86960433,13196568.63684372,13196568.63684372,1,577.5,168.10000000000582,409.3999999999942,577.5,1013.2857142857112
2025-12-12 04:00:00,92274.9,92468.1,92123.0,92397.5,168.48839422,15545834.088353661,15545834.088353661,1,345.1000000000058,193.0,152.10000000000582,345.1000000000058,950.1999999999971
2025-12-12 05:00:00,92397.6,92502.3,92078.6,92443.2,134.01676677,12368300.369900802,12368300.369900802,1,423.6999999999971,104.80000000000291,318.8999999999942,423.6999999999971,892.2714285714256
2025-12-12 06:00:00,92443.2,92719.3,92403.1,92506.6,134.63047044,12466374.304033229,12466374.304033229,1,316.1999999999971,276.1000000000058,40.09999999999127,316.1999999999971,854.364285714283
2025-12-12 07:00:00,92506.7,92562.6,92250.3,92427.1,198.62147521,18363238.511646634,18363238.511646634,1,312.3000000000029,56.0,256.3000000000029,312.3000000000029,832.0214285714256
2025-12-12 08:00:00,92427.2,92479.1,92103.1,92347.4,159.40891768,14712170.015336549,14712170.015336549,1,376.0,52.0,324.0,376.0,766.5714285714265
2025-12-12 09:00:00,92346.9,92559.3,92088.5,92522.5,103.49380457,9554816.047931844,9554816.047931844,1,470.8000000000029,211.90000000000873,258.8999999999942,470.8000000000029,731.7642857142845
2025-12-12 10:00:00,92522.6,92635.6,92413.3,92493.0,183.00963292,16931789.121531478,16931789.121531478,1,222.3000000000029,113.10000000000582,109.19999999999709,222.3000000000029,674.307142857142
2025-12-12 11:00:00,92493.1,92493.1,92276.3,92411.9,62.00548005,5727795.329903857,5727795.329903857,1,216.8000000000029,0.10000000000582077,216.6999999999971,216.8000000000029,556.8571428571429
2025-12-12 12:00:00,92411.8,92425.1,92085.9,92425.1,165.86361655,15300734.520564509,15300734.520564509,1,339.20000000001164,13.200000000011642,326.0,339.20000000001164,502.47142857143
2025-12-12 13:00:00,92425.1,92515.6,92250.3,92311.9,129.70306513,11981370.903314232,11981370.903314232,1,265.3000000000029,90.5,174.8000000000029,265.3000000000029,488.0357142857164
2025-12-12 14:00:00,92311.9,92666.5,91902.5,92445.5,329.62106883,30444218.069092544,30444218.069092544,1,764.0,354.6000000000058,409.3999999999942,764.0,444.1714285714302
2025-12-12 15:00:00,92445.5,92445.5,89777.7,89941.4,1021.78373382,93036374.085344914,93036374.085344914,1,2667.800000000003,0.0,2667.800000000003,2667.800000000003,579.6500000000015
2025-12-12 16:00:00,89933.7,90439.5,89466.6,90040.1,539.75715832,48513696.953162542,48513696.953162542,1,972.8999999999942,498.1000000000058,474.79999999998836,972.8999999999942,590.7071428571445
2025-12-12 17:00:00,90040.2,90622.7,89822.6,90075.6,335.39684545,30256725.64032449,30256725.64032449,1,800.0999999999913,582.5999999999913,217.5,800.0999999999913,606.6071428571439
2025-12-12 18:00:00,90075.7,90659.9,90039.0,90366.0,350.93473832,31740116.294646766,31740116.294646766,1,620.8999999999942,584.2999999999884,36.60000000000582,620.8999999999942,626.307142857143
2025-12-12 19:00:00,90366.1,90398.9,90003.9,90197.1,179.75798504,16211958.551396132,16211958.551396132,1,395.0,32.89999999999418,362.1000000000058,395.0,624.2571428571433
2025-12-12 20:00:00,90197.1,90329.8,89888.8,90211.3,143.77395516,12959956.555020375,12959956.555020375,1,441.0,132.6999999999971,308.3000000000029,441.0,633.1714285714291
2025-12-12 21:00:00,90211.2,90347.6,90100.0,90192.0,100.17990399,9039494.043334048,9039494.043334048,1,247.60000000000582,136.3000000000029,111.30000000000291,247.60000000000582,628.5500000000009
2025-12-12 22:00:00,90186.0,90392.3,90184.7,90339.7,67.57906932,6102963.808878532,6102963.808878532,1,207.60000000000582,200.3000000000029,7.30000000000291,207.60000000000582,616.5214285714299
2025-12-12 23:00:00,90339.9,90387.0,90225.1,90268.1,43.02290384,3886376.254715724,3886376.254715724,1,161.89999999999418,47.30000000000291,114.59999999999127,161.89999999999418,594.4571428571435
2025-12-13 00:00:00,90268.1,90436.5,90206.9,90317.6,72.87979636,6583395.67486858,6583395.67486858,1,229.60000000000582,168.39999999999418,61.20000000001164,229.60000000000582,594.9785714285723
2025-12-13 01:00:00,90317.6,90360.0,90112.4,90224.9,53.88380277,4863702.025621173,4863702.025621173,1,247.60000000000582,42.39999999999418,205.20000000001164,247.60000000000582,597.1785714285725
2025-12-13 02:00:00,90225.0,90318.0,90206.2,90227.1,85.2432324,7693250.624685539,7693250.624685539,1,111.80000000000291,93.10000000000582,18.69999999999709,111.80000000000291,580.9357142857147
2025-12-13 03:00:00,90227.1,90469.9,90196.0,90341.9,135.46026992,12236562.817418255,12236562.817418255,1,273.8999999999942,242.79999999998836,31.10000000000582,273.8999999999942,581.5499999999998
2025-12-13 04:00:00,90341.9,90421.0,90271.5,90375.9,66.51295067,6009310.843948976,6009310.843948976,1,149.5,79.10000000000582,70.39999999999418,149.5,537.6571428571426
2025-12-13 05:00:00,90375.9,90394.0,90246.5,90340.4,162.18434809,14647563.439590031,14647563.439590031,1,147.5,18.10000000000582,129.39999999999418,147.5,357.63571428571385
2025-12-13 06:00:00,90340.5,90370.7,90251.6,90348.1,116.02051912,10478012.26595885,10478012.26595885,1,119.09999999999127,30.30000000000291,88.79999999998836,119.09999999999127,296.64999999999935
2025-12-13 07:00:00,90348.2,90416.9,90311.9,90330.0,559.66099937,50572556.425659322,50572556.425659322,1,105.0,68.79999999998836,36.20000000001164,105.0,247.0
2025-12-13 08:00:00,90330.1,90576.7,90314.6,90450.9,239.47088858,21661720.310185571,21661720.310185571,1,262.09999999999127,246.6999999999971,15.39999999999418,262.09999999999127,221.37142857142837
2025-12-13 09:00:00,90450.9,90513.5,90361.9,90415.0,142.43273878,12877980.376253072,12877980.376253072,1,151.60000000000582,62.60000000000582,89.0,151.60000000000582,203.9857142857145
2025-12-13 10:00:00,90415.1,90638.2,90415.1,90592.9,183.38279702,16595402.929461443,16595402.929461443,1,223.09999999999127,223.1999999999971,0.10000000000582077,223.1999999999971,188.42857142857142
2025-12-13 11:00:00,90592.9,90611.8,90300.0,90341.7,106.74044916,9656012.031319075,9656012.031319075,1,311.8000000000029,18.90000000000873,292.8999999999942,311.8000000000029,193.0142857142855
2025-12-13 12:00:00,90341.7,90486.0,90294.5,90355.1,54.66533858,4940466.232547556,4940466.232547556,1,191.5,144.3000000000029,47.19999999999709,191.5,191.8642857142851
2025-12-13 13:00:00,90355.1,90468.8,90200.0,90262.0,297.84272778,26904469.798221174,26904469.798221174,1,268.8000000000029,113.69999999999709,155.10000000000582,268.8000000000029,199.5
2025-12-13 14:00:00,90262.0,90348.1,89930.1,90086.0,152.71142529,13765120.287583045,13765120.287583045,1,418.0,86.10000000000582,331.8999999999942,418.0,212.95714285714243
2025-12-13 15:00:00,90085.9,90293.1,90038.7,90100.7,74.60630179,6725709.608373839,6725709.608373839,1,254.40000000000873,207.10000000000582,47.30000000000291,254.40000000000873,213.44285714285692
2025-12-13 16:00:00,90100.6,90275.0,90032.5,90097.6,47.03441241,4239349.313035252,4239349.313035252,1,242.5,174.3000000000029,68.19999999999709,242.5,222.778571428571
2025-12-13 17:00:00,90097.6,90105.8,89990.0,90054.0,36.70012025,3304003.122741532,3304003.122741532,1,115.80000000000291,8.19999999999709,107.60000000000582,115.80000000000291,211.4857142857145
2025-12-13 18:00:00,90054.1,90190.6,90044.1,90123.9,21.37263691,1926583.75852249,1926583.75852249,1,146.5,136.60000000000582,9.89999999999418,146.5,211.27142857142877
2025-12-13 19:00:00,90124.0,90225.5,90108.7,90182.5,16.58305732,1495351.356629241,1495351.356629241,1,116.80000000000291,101.60000000000582,15.19999999999709,116.80000000000291,209.07857142857185
2025-12-13 20:00:00,90182.4,90215.9,90044.0,90092.6,64.72020751,5836225.620077551,5836225.620077551,1,171.89999999999418,33.39999999999418,138.5,171.89999999999418,212.85000000000062
2025-12-13 21:00:00,90092.6,90192.0,89764.8,90171.5,67.18613368,6043540.506136839,6043540.506136839,1,427.1999999999971,99.39999999999418,327.8000000000029,427.1999999999971,235.86428571428613
2025-12-13 22:00:00,90171.5,90252.4,90002.5,90137.0,37.07301635,3341869.940098472,3341869.940098472,1,249.89999999999418,80.89999999999418,169.0,249.89999999999418,234.99285714285776
2025-12-13 23:00:00,90137.0,90279.0,90067.0,90241.1,25.03486913,2258498.808299851,2258498.808299851,1,212.0,142.0,70.0,212.0,239.30714285714308
2025-12-14 00:00:00,90241.1,90475.0,90125.0,90339.1,107.15131775,9678115.616046229,9678115.616046229,1,350.0,233.89999999999418,116.10000000000582,350.0,248.36428571428613
2025-12-14 01:00:00,90339.1,90458.2,90212.5,90300.4,57.87306423,5228086.693414258,5228086.693414258,1,245.6999999999971,119.09999999999127,126.60000000000582,245.6999999999971,243.64285714285714
2025-12-14 02:00:00,90300.5,90394.0,90247.2,90293.0,36.08459461,3259247.2491152,3259247.2491152,1,146.8000000000029,93.60000000000582,53.19999999999709,146.8000000000029,240.45000000000022
2025-12-14 03:00:00,90293.1,90310.0,90247.2,90266.5,46.3393048,4183271.292433037,4183271.292433037,1,62.80000000000291,17.0,45.80000000000291,62.80000000000291,225.7357142857145
2025-12-14 04:00:00,90266.6,90346.3,90131.3,90205.0,54.69097451,4934947.287390021,4934947.287390021,1,215.0,79.80000000000291,135.1999999999971,215.0,211.2357142857145
2025-12-14 05:00:00,90205.0,90234.0,90051.0,90208.7,72.44141003,6530321.369876209,6530321.369876209,1,183.0,29.0,154.0,183.0,206.13571428571387
2025-12-14 06:00:00,90208.7,90249.7,90100.0,90151.1,29.74349959,2681907.606510695,2681907.606510695,1,149.6999999999971,41.0,108.69999999999709,149.6999999999971,199.50714285714224
2025-12-14 07:00:00,90151.1,90291.1,90085.2,90256.1,114.17679632,10301894.803587832,10301894.803587832,1,205.90000000000873,140.0,65.90000000000873,205.90000000000873,205.94285714285692
2025-12-14 08:00:00,90256.0,90307.6,90104.9,90114.9,205.22209862,18514264.553928792,18514264.553928792,1,202.70000000001164,51.5,151.20000000001164,202.70000000001164,209.95714285714348
2025-12-14 09:00:00,90115.0,90158.0,90007.0,90025.9,57.74668524,5201026.422919042,5201026.422919042,1,151.0,43.10000000000582,107.89999999999418,151.0,212.4000000000004
2025-12-14 10:00:00,90026.0,90133.3,89786.4,89857.0,356.79876067,32105372.509623506,32105372.509623506,1,346.90000000000873,107.40000000000873,239.5,346.90000000000873,224.90000000000146
2025-12-14 11:00:00,89857.1,89857.1,88632.9,89355.0,716.52021275,63954194.407106409,63954194.407106409,1,1224.2000000000116,0.10000000000582077,1224.1000000000058,1224.2000000000116,281.8285714285739
2025-12-14 12:00:00,89355.1,89662.6,89100.0,89418.5,142.95710451,12781971.11729148,12781971.11729148,1,562.6000000000058,307.6000000000058,255.0,562.6000000000058,304.16428571428906
2025-12-14 13:00:00,89417.1,89498.0,89083.9,89484.1,93.66485585,8360013.411800478,8360013.411800478,1,414.1000000000058,79.5,334.6000000000058,414.1000000000058,318.6000000000037
2025-12-14 14:00:00,89484.1,89559.4,88884.0,89112.1,169.43066117,15107379.798435572,15107379.798435572,1,675.3999999999942,75.29999999998836,600.1000000000058,675.3999999999942,341.84285714286045
2025-12-14 15:00:00,89112.1,89180.0,88880.0,89027.7,76.91047471,6846523.108176784,6846523.108176784,1,300.0,67.89999999999418,232.10000000000582,300.0,345.7214285714321
2025-12-14 16:00:00,89027.7,89397.9,88505.4,88832.9,191.920253,17061467.715589613,17061467.715589613,1,892.5,370.1999999999971,522.3000000000029,892.5,398.9857142857176
2025-12-14 17:00:00,88833.0,89029.2,88600.0,88804.9,135.47267914,12032329.846435835,12032329.846435835,1,429.1999999999971,196.3000000000029,232.89999999999418,429.1999999999971,425.15714285714574
2025-12-14 18:00:00,88805.0,89082.4,88720.2,89004.7,85.78959057,7626048.986024495,7626048.986024495,1,362.1999999999971,277.5,84.69999999999709,362.1999999999971,435.67142857143125
2025-12-14 19:00:00,89004.7,89004.7,88465.9,88644.0,104.8662025,9297334.104744129,9297334.104744129,1,538.8000000000029,0.0,538.8000000000029,538.8000000000029,461.0857142857172
2025-12-14 20:00:00,88644.1,88833.0,88350.0,88556.9,147.3055239,13051626.840066244,13051626.840066244,1,483.0,189.0,294.0,483.0,484.89285714286024
2025-12-14 21:00:00,88557.0,88711.6,88342.4,88444.0,66.05346172,5847611.748482705,5847611.748482705,1,369.20000000001164,154.70000000001164,214.5,369.20000000001164,496.5571428571462
2025-12-14 22:00:00,88444.1,88604.9,88018.0,88411.0,162.34966857,14332668.440990824,14332668.440990824,1,586.8999999999942,160.89999999999418,426.0,586.8999999999942,524.000000000002
2025-12-14 23:00:00,88411.0,88610.0,87564.5,88162.9,321.36472736,28279038.877735869,28279038.877735869,1,1045.5,199.0,846.5,1045.5,587.8928571428593
2025-12-15 00:00:00,88163.0,88688.0,88072.3,88456.0,187.50243092,16580640.693921828,16580640.693921828,1,615.6999999999971,525.1000000000058,90.59999999999127,615.6999999999971,607.0928571428584
2025-12-15 01:00:00,88456.0,89336.9,88421.0,89248.1,258.90828396,23027334.224691687,23027334.224691687,1,915.8999999999942,880.8999999999942,35.0,915.8999999999942,585.0714285714286
2025-12-15 02:00:00,89248.1,90021.9,89235.1,89315.0,215.7082354,19325674.8293162,19325674.8293162,1,786.7999999999884,773.7999999999884,13.0,786.7999999999884,601.085714285713
2025-12-15 03:00:00,89315.0,89540.0,89226.5,89285.9,166.99620109,14919165.020506581,14919165.020506581,1,313.5,225.0,88.5,313.5,593.8999999999984
2025-12-15 04:00:00,89286.0,89790.9,89279.0,89669.9,183.76306218,16465873.08390852,16465873.08390852,1,511.8999999999942,505.0,6.899999999994179,511.8999999999942,582.2214285714269
2025-12-15 05:00:00,89669.9,89760.0,89500.0,89616.1,223.79511125,20053979.35117963,20053979.35117963,1,260.0,90.10000000000582,169.89999999999418,260.0,579.364285714284
2025-12-15 06:00:00,89619.0,89922.9,89474.0,89743.4,101.70250397,9120227.446522742,9120227.446522742,1,448.8999999999942,306.79999999998836,142.10000000000582,448.8999999999942,547.6785714285694
2025-12-11 04:00:00,89881.0,90483.3,89688.0,90437.0,290.53147763,26164546.266505642,26164546.266505642,1,795.3000000000029,,,795.3000000000029,795.3000000000029
2025-12-11 05:00:00,90437.0,90437.0,90066.1,90303.8,199.17020937,17972015.207016023,17972015.207016023,1,370.8999999999942,0.0,370.8999999999942,370.8999999999942,583.0999999999985
2025-12-11 06:00:00,90303.8,90445.9,89954.9,90292.2,187.19643679,16889051.661337297,16889051.661337297,1,491.0,142.09999999999127,348.90000000000873,491.0,552.3999999999991
2025-12-11 07:00:00,90292.3,90329.2,90057.2,90271.0,271.86738121,24519779.769281561,24519779.769281561,1,272.0,37.0,235.0,272.0,482.2999999999993
2025-12-11 08:00:00,90270.9,90271.0,89964.9,90186.4,126.31077616,11381625.647527792,11381625.647527792,1,306.1000000000058,0.0,306.1000000000058,306.1000000000058,447.06000000000057
2025-12-11 09:00:00,90186.5,90523.3,90111.9,90233.0,800.5978254,72292353.878754779,72292353.878754779,1,411.40000000000873,336.90000000000873,74.5,411.40000000000873,441.1166666666686
2025-12-11 10:00:00,90233.3,90347.1,90170.0,90317.3,155.557461,14037011.886429888,14037011.886429888,1,177.10000000000582,114.10000000000582,63.0,177.10000000000582,403.4000000000025
2025-12-11 11:00:00,90317.4,90414.0,90204.1,90234.8,551.81074857,49834622.130277799,49834622.130277799,1,209.89999999999418,96.69999999999709,113.19999999999709,209.89999999999418,379.21250000000146
2025-12-11 12:00:00,90234.8,90381.3,90008.0,90029.0,148.4028197,13390022.619956618,13390022.619956618,1,373.3000000000029,146.5,226.8000000000029,373.3000000000029,378.5555555555572
2025-12-11 13:00:00,90029.1,90170.0,89876.1,90101.0,150.53066277,13555048.64929751,13555048.64929751,1,293.8999999999942,141.0,152.89999999999418,293.8999999999942,370.0900000000009
2025-12-11 14:00:00,90101.0,90484.2,89255.9,89548.1,500.5589693,45038872.432556601,45038872.432556601,1,1228.300000000003,383.1999999999971,845.1000000000058,1228.300000000003,448.10909090909195
2025-12-11 15:00:00,89548.1,90642.7,89408.0,89875.1,485.2247252,43702912.661672633,43702912.661672633,1,1234.699999999997,1094.5999999999913,140.10000000000582,1234.699999999997,513.6583333333341
2025-12-11 16:00:00,89875.0,90180.2,89333.3,89736.9,204.82634057,18369819.972935307,18369819.972935307,1,846.8999999999942,305.09999999999127,541.8000000000029,846.8999999999942,539.2923076923079
2025-12-11 17:00:00,89737.1,90255.1,89630.0,89979.4,161.71465129,14553734.661389972,14553734.661389972,1,625.1000000000058,518.2000000000116,106.89999999999418,625.1000000000058,545.4214285714291
2025-12-11 18:00:00,89971.6,91183.4,89891.1,90705.9,335.91158054,30446395.022196414,30446395.022196414,1,1292.2999999999884,1204.0,88.29999999998836,1292.2999999999884,580.9214285714281
2025-12-11 19:00:00,90705.7,91541.2,90583.1,90835.6,281.02742739,25605873.434216176,25605873.434216176,1,958.0999999999913,835.3000000000029,122.79999999998836,958.0999999999913,622.8642857142851
2025-12-11 20:00:00,90835.6,91829.2,90802.5,91781.4,186.21123828,17014826.359211654,17014826.359211654,1,1026.699999999997,993.5999999999913,33.10000000000582,1026.699999999997,661.1285714285706
2025-12-11 21:00:00,91789.2,93564.4,91703.3,92867.6,620.82572248,57645800.030164525,57645800.030164525,1,1861.0999999999913,1783.0,78.09999999999127,1861.0999999999913,774.6357142857129
2025-12-11 22:00:00,92867.7,93198.2,92097.6,92371.5,376.20738183,34826129.694224646,34826129.694224646,1,1100.5999999999913,330.59999999999127,770.0,1100.5999999999913,831.3857142857117
2025-12-11 23:00:00,92373.3,92804.5,92337.1,92522.3,399.27092309,36961470.86925368,36961470.86925368,1,467.3999999999942,433.0,34.39999999999418,467.3999999999942,835.3857142857107
2025-12-12 00:00:00,92522.2,92658.5,91280.4,91577.7,358.3292851,33005770.886541213,33005770.886541213,1,1378.1000000000058,136.1999999999971,1241.9000000000087,1378.1000000000058,921.171428571425
2025-12-12 01:00:00,91577.7,92317.0,91545.9,92171.8,210.07472527,19322611.47707797,19322611.47707797,1,771.1000000000058,739.3000000000029,31.80000000000291,771.1000000000058,961.2571428571401
2025-12-12 02:00:00,92171.9,92747.2,91929.1,92584.4,249.48219932,23067183.070103246,23067183.070103246,1,818.0999999999913,575.3999999999942,242.6999999999971,818.0999999999913,993.028571428568
2025-12-12 03:00:00,92584.5,92752.5,92175.0,92275.1,142.86960433,13196568.63684372,13196568.63684372,1,577.5,168.10000000000582,409.3999999999942,577.5,1013.2857142857112
2025-12-12 04:00:00,92274.9,92468.1,92123.0,92397.5,168.48839422,15545834.088353661,15545834.088353661,1,345.1000000000058,193.0,152.10000000000582,345.1000000000058,950.1999999999971
2025-12-12 05:00:00,92397.6,92502.3,92078.6,92443.2,134.01676677,12368300.369900802,12368300.369900802,1,423.6999999999971,104.80000000000291,318.8999999999942,423.6999999999971,892.2714285714256
2025-12-12 06:00:00,92443.2,92719.3,92403.1,92506.6,134.63047044,12466374.304033229,12466374.304033229,1,316.1999999999971,276.1000000000058,40.09999999999127,316.1999999999971,854.364285714283
2025-12-12 07:00:00,92506.7,92562.6,92250.3,92427.1,198.62147521,18363238.511646634,18363238.511646634,1,312.3000000000029,56.0,256.3000000000029,312.3000000000029,832.0214285714256
2025-12-12 08:00:00,92427.2,92479.1,92103.1,92347.4,159.40891768,14712170.015336549,14712170.015336549,1,376.0,52.0,324.0,376.0,766.5714285714265
2025-12-12 09:00:00,92346.9,92559.3,92088.5,92522.5,103.49380457,9554816.047931844,9554816.047931844,1,470.8000000000029,211.90000000000873,258.8999999999942,470.8000000000029,731.7642857142845
2025-12-12 10:00:00,92522.6,92635.6,92413.3,92493.0,183.00963292,16931789.121531478,16931789.121531478,1,222.3000000000029,113.10000000000582,109.19999999999709,222.3000000000029,674.307142857142
2025-12-12 11:00:00,92493.1,92493.1,92276.3,92411.9,62.00548005,5727795.329903857,5727795.329903857,1,216.8000000000029,0.10000000000582077,216.6999999999971,216.8000000000029,556.8571428571429
2025-12-12 12:00:00,92411.8,92425.1,92085.9,92425.1,165.86361655,15300734.520564509,15300734.520564509,1,339.20000000001164,13.200000000011642,326.0,339.20000000001164,502.47142857143
2025-12-12 13:00:00,92425.1,92515.6,92250.3,92311.9,129.70306513,11981370.903314232,11981370.903314232,1,265.3000000000029,90.5,174.8000000000029,265.3000000000029,488.0357142857164
2025-12-12 14:00:00,92311.9,92666.5,91902.5,92445.5,329.62106883,30444218.069092544,30444218.069092544,1,764.0,354.6000000000058,409.3999999999942,764.0,444.1714285714302
2025-12-12 15:00:00,92445.5,92445.5,89777.7,89941.4,1021.78373382,93036374.085344914,93036374.085344914,1,2667.800000000003,0.0,2667.800000000003,2667.800000000003,579.6500000000015
2025-12-12 16:00:00,89933.7,90439.5,89466.6,90040.1,539.75715832,48513696.953162542,48513696.953162542,1,972.8999999999942,498.1000000000058,474.79999999998836,972.8999999999942,590.7071428571445
2025-12-12 17:00:00,90040.2,90622.7,89822.6,90075.6,335.39684545,30256725.64032449,30256725.64032449,1,800.0999999999913,582.5999999999913,217.5,800.0999999999913,606.6071428571439
2025-12-12 18:00:00,90075.7,90659.9,90039.0,90366.0,350.93473832,31740116.294646766,31740116.294646766,1,620.8999999999942,584.2999999999884,36.60000000000582,620.8999999999942,626.307142857143
2025-12-12 19:00:00,90366.1,90398.9,90003.9,90197.1,179.75798504,16211958.551396132,16211958.551396132,1,395.0,32.89999999999418,362.1000000000058,395.0,624.2571428571433
2025-12-12 20:00:00,90197.1,90329.8,89888.8,90211.3,143.77395516,12959956.555020375,12959956.555020375,1,441.0,132.6999999999971,308.3000000000029,441.0,633.1714285714291
2025-12-12 21:00:00,90211.2,90347.6,90100.0,90192.0,100.17990399,9039494.043334048,9039494.043334048,1,247.60000000000582,136.3000000000029,111.30000000000291,247.60000000000582,628.5500000000009
2025-12-12 22:00:00,90186.0,90392.3,90184.7,90339.7,67.57906932,6102963.808878532,6102963.808878532,1,207.60000000000582,200.3000000000029,7.30000000000291,207.60000000000582,616.5214285714299
2025-12-12 23:00:00,90339.9,90387.0,90225.1,90268.1,43.02290384,3886376.254715724,3886376.254715724,1,161.89999999999418,47.30000000000291,114.59999999999127,161.89999999999418,594.4571428571435
2025-12-13 00:00:00,90268.1,90436.5,90206.9,90317.6,72.87979636,6583395.67486858,6583395.67486858,1,229.60000000000582,168.39999999999418,61.20000000001164,229.60000000000582,594.9785714285723
2025-12-13 01:00:00,90317.6,90360.0,90112.4,90224.9,53.88380277,4863702.025621173,4863702.025621173,1,247.60000000000582,42.39999999999418,205.20000000001164,247.60000000000582,597.1785714285725
2025-12-13 02:00:00,90225.0,90318.0,90206.2,90227.1,85.2432324,7693250.624685539,7693250.624685539,1,111.80000000000291,93.10000000000582,18.69999999999709,111.80000000000291,580.9357142857147
2025-12-13 03:00:00,90227.1,90469.9,90196.0,90341.9,135.46026992,12236562.817418255,12236562.817418255,1,273.8999999999942,242.79999999998836,31.10000000000582,273.8999999999942,581.5499999999998
2025-12-13 04:00:00,90341.9,90421.0,90271.5,90375.9,66.51295067,6009310.843948976,6009310.843948976,1,149.5,79.10000000000582,70.39999999999418,149.5,537.6571428571426
2025-12-13 05:00:00,90375.9,90394.0,90246.5,90340.4,162.18434809,14647563.439590031,14647563.439590031,1,147.5,18.10000000000582,129.39999999999418,147.5,357.63571428571385
2025-12-13 06:00:00,90340.5,90370.7,90251.6,90348.1,116.02051912,10478012.26595885,10478012.26595885,1,119.09999999999127,30.30000000000291,88.79999999998836,119.09999999999127,296.64999999999935
2025-12-13 07:00:00,90348.2,90416.9,90311.9,90330.0,559.66099937,50572556.425659322,50572556.425659322,1,105.0,68.79999999998836,36.20000000001164,105.0,247.0
2025-12-13 08:00:00,90330.1,90576.7,90314.6,90450.9,239.47088858,21661720.310185571,21661720.310185571,1,262.09999999999127,246.6999999999971,15.39999999999418,262.09999999999127,221.37142857142837
2025-12-13 09:00:00,90450.9,90513.5,90361.9,90415.0,142.43273878,12877980.376253072,12877980.376253072,1,151.60000000000582,62.60000000000582,89.0,151.60000000000582,203.9857142857145
2025-12-13 10:00:00,90415.1,90638.2,90415.1,90592.9,183.38279702,16595402.929461443,16595402.929461443,1,223.09999999999127,223.1999999999971,0.10000000000582077,223.1999999999971,188.42857142857142
2025-12-13 11:00:00,90592.9,90611.8,90300.0,90341.7,106.74044916,9656012.031319075,9656012.031319075,1,311.8000000000029,18.90000000000873,292.8999999999942,311.8000000000029,193.0142857142855
2025-12-13 12:00:00,90341.7,90486.0,90294.5,90355.1,54.66533858,4940466.232547556,4940466.232547556,1,191.5,144.3000000000029,47.19999999999709,191.5,191.8642857142851
2025-12-13 13:00:00,90355.1,90468.8,90200.0,90262.0,297.84272778,26904469.798221174,26904469.798221174,1,268.8000000000029,113.69999999999709,155.10000000000582,268.8000000000029,199.5
2025-12-13 14:00:00,90262.0,90348.1,89930.1,90086.0,152.71142529,13765120.287583045,13765120.287583045,1,418.0,86.10000000000582,331.8999999999942,418.0,212.95714285714243
2025-12-13 15:00:00,90085.9,90293.1,90038.7,90100.7,74.60630179,6725709.608373839,6725709.608373839,1,254.40000000000873,207.10000000000582,47.30000000000291,254.40000000000873,213.44285714285692
2025-12-13 16:00:00,90100.6,90275.0,90032.5,90097.6,47.03441241,4239349.313035252,4239349.313035252,1,242.5,174.3000000000029,68.19999999999709,242.5,222.778571428571
2025-12-13 17:00:00,90097.6,90105.8,89990.0,90054.0,36.70012025,3304003.122741532,3304003.122741532,1,115.80000000000291,8.19999999999709,107.60000000000582,115.80000000000291,211.4857142857145
2025-12-13 18:00:00,90054.1,90190.6,90044.1,90123.9,21.37263691,1926583.75852249,1926583.75852249,1,146.5,136.60000000000582,9.89999999999418,146.5,211.27142857142877
2025-12-13 19:00:00,90124.0,90225.5,90108.7,90182.5,16.58305732,1495351.356629241,1495351.356629241,1,116.80000000000291,101.60000000000582,15.19999999999709,116.80000000000291,209.07857142857185
2025-12-13 20:00:00,90182.4,90215.9,90044.0,90092.6,64.72020751,5836225.620077551,5836225.620077551,1,171.89999999999418,33.39999999999418,138.5,171.89999999999418,212.85000000000062
2025-12-13 21:00:00,90092.6,90192.0,89764.8,90171.5,67.18613368,6043540.506136839,6043540.506136839,1,427.1999999999971,99.39999999999418,327.8000000000029,427.1999999999971,235.86428571428613
2025-12-13 22:00:00,90171.5,90252.4,90002.5,90137.0,37.07301635,3341869.940098472,3341869.940098472,1,249.89999999999418,80.89999999999418,169.0,249.89999999999418,234.99285714285776
2025-12-13 23:00:00,90137.0,90279.0,90067.0,90241.1,25.03486913,2258498.808299851,2258498.808299851,1,212.0,142.0,70.0,212.0,239.30714285714308
2025-12-14 00:00:00,90241.1,90475.0,90125.0,90339.1,107.15131775,9678115.616046229,9678115.616046229,1,350.0,233.89999999999418,116.10000000000582,350.0,248.36428571428613
2025-12-14 01:00:00,90339.1,90458.2,90212.5,90300.4,57.87306423,5228086.693414258,5228086.693414258,1,245.6999999999971,119.09999999999127,126.60000000000582,245.6999999999971,243.64285714285714
2025-12-14 02:00:00,90300.5,90394.0,90247.2,90293.0,36.08459461,3259247.2491152,3259247.2491152,1,146.8000000000029,93.60000000000582,53.19999999999709,146.8000000000029,240.45000000000022
2025-12-14 03:00:00,90293.1,90310.0,90247.2,90266.5,46.3393048,4183271.292433037,4183271.292433037,1,62.80000000000291,17.0,45.80000000000291,62.80000000000291,225.7357142857145
2025-12-14 04:00:00,90266.6,90346.3,90131.3,90205.0,54.69097451,4934947.287390021,4934947.287390021,1,215.0,79.80000000000291,135.1999999999971,215.0,211.2357142857145
2025-12-14 05:00:00,90205.0,90234.0,90051.0,90208.7,72.44141003,6530321.369876209,6530321.369876209,1,183.0,29.0,154.0,183.0,206.13571428571387
2025-12-14 06:00:00,90208.7,90249.7,90100.0,90151.1,29.74349959,2681907.606510695,2681907.606510695,1,149.6999999999971,41.0,108.69999999999709,149.6999999999971,199.50714285714224
2025-12-14 07:00:00,90151.1,90291.1,90085.2,90256.1,114.17679632,10301894.803587832,10301894.803587832,1,205.90000000000873,140.0,65.90000000000873,205.90000000000873,205.94285714285692
2025-12-14 08:00:00,90256.0,90307.6,90104.9,90114.9,205.22209862,18514264.553928792,18514264.553928792,1,202.70000000001164,51.5,151.20000000001164,202.70000000001164,209.95714285714348
2025-12-14 09:00:00,90115.0,90158.0,90007.0,90025.9,57.74668524,5201026.422919042,5201026.422919042,1,151.0,43.10000000000582,107.89999999999418,151.0,212.4000000000004
2025-12-14 10:00:00,90026.0,90133.3,89786.4,89857.0,356.79876067,32105372.509623506,32105372.509623506,1,346.90000000000873,107.40000000000873,239.5,346.90000000000873,224.90000000000146
2025-12-14 11:00:00,89857.1,89857.1,88632.9,89355.0,716.52021275,63954194.407106409,63954194.407106409,1,1224.2000000000116,0.10000000000582077,1224.1000000000058,1224.2000000000116,281.8285714285739
2025-12-14 12:00:00,89355.1,89662.6,89100.0,89418.5,142.95710451,12781971.11729148,12781971.11729148,1,562.6000000000058,307.6000000000058,255.0,562.6000000000058,304.16428571428906
2025-12-14 13:00:00,89417.1,89498.0,89083.9,89484.1,93.66485585,8360013.411800478,8360013.411800478,1,414.1000000000058,79.5,334.6000000000058,414.1000000000058,318.6000000000037
2025-12-14 14:00:00,89484.1,89559.4,88884.0,89112.1,169.43066117,15107379.798435572,15107379.798435572,1,675.3999999999942,75.29999999998836,600.1000000000058,675.3999999999942,341.84285714286045
2025-12-14 15:00:00,89112.1,89180.0,88880.0,89027.7,76.91047471,6846523.108176784,6846523.108176784,1,300.0,67.89999999999418,232.10000000000582,300.0,345.7214285714321
2025-12-14 16:00:00,89027.7,89397.9,88505.4,88832.9,191.920253,17061467.715589613,17061467.715589613,1,892.5,370.1999999999971,522.3000000000029,892.5,398.9857142857176
2025-12-14 17:00:00,88833.0,89029.2,88600.0,88804.9,135.47267914,12032329.846435835,12032329.846435835,1,429.1999999999971,196.3000000000029,232.89999999999418,429.1999999999971,425.15714285714574
2025-12-14 18:00:00,88805.0,89082.4,88720.2,89004.7,85.78959057,7626048.986024495,7626048.986024495,1,362.1999999999971,277.5,84.69999999999709,362.1999999999971,435.67142857143125
2025-12-14 19:00:00,89004.7,89004.7,88465.9,88644.0,104.8662025,9297334.104744129,9297334.104744129,1,538.8000000000029,0.0,538.8000000000029,538.8000000000029,461.0857142857172
2025-12-14 20:00:00,88644.1,88833.0,88350.0,88556.9,147.3055239,13051626.840066244,13051626.840066244,1,483.0,189.0,294.0,483.0,484.89285714286024
2025-12-14 21:00:00,88557.0,88711.6,88342.4,88444.0,66.05346172,5847611.748482705,5847611.748482705,1,369.20000000001164,154.70000000001164,214.5,369.20000000001164,496.5571428571462
2025-12-14 22:00:00,88444.1,88604.9,88018.0,88411.0,162.34966857,14332668.440990824,14332668.440990824,1,586.8999999999942,160.89999999999418,426.0,586.8999999999942,524.000000000002
2025-12-14 23:00:00,88411.0,88610.0,87564.5,88162.9,321.36472736,28279038.877735869,28279038.877735869,1,1045.5,199.0,846.5,1045.5,587.8928571428593
2025-12-15 00:00:00,88163.0,88688.0,88072.3,88456.0,187.50243092,16580640.693921828,16580640.693921828,1,615.6999999999971,525.1000000000058,90.59999999999127,615.6999999999971,607.0928571428584
2025-12-15 01:00:00,88456.0,89336.9,88421.0,89248.1,258.90828396,23027334.224691687,23027334.224691687,1,915.8999999999942,880.8999999999942,35.0,915.8999999999942,585.0714285714286
2025-12-15 02:00:00,89248.1,90021.9,89235.1,89315.0,215.7082354,19325674.8293162,19325674.8293162,1,786.7999999999884,773.7999999999884,13.0,786.7999999999884,601.085714285713
2025-12-15 03:00:00,89315.0,89540.0,89226.5,89285.9,166.99620109,14919165.020506581,14919165.020506581,1,313.5,225.0,88.5,313.5,593.8999999999984
2025-12-15 04:00:00,89286.0,89790.9,89279.0,89669.9,183.76306218,16465873.08390852,16465873.08390852,1,511.8999999999942,505.0,6.899999999994179,511.8999999999942,582.2214285714269
2025-12-15 05:00:00,89669.9,89760.0,89500.0,89616.1,223.79511125,20053979.35117963,20053979.35117963,1,260.0,90.10000000000582,169.89999999999418,260.0,579.364285714284
2025-12-15 06:00:00,89619.0,89922.9,89474.0,89743.4,101.70250397,9120227.446522742,9120227.446522742,1,448.8999999999942,306.79999999998836,142.10000000000582,448.8999999999942,547.6785714285694
2025-12-15 07:00:00,89743.4,89829.7,89523.8,89747.0,145.93321186,13083749.144797532,13083749.144797532,1,305.8999999999942,86.30000000000291,219.59999999999127,305.8999999999942,538.8714285714262
2025-12-11 05:00:00,90437.0,90437.0,90066.1,90303.8,199.17020937,17972015.207016023,17972015.207016023,1,370.8999999999942,,,370.8999999999942,370.8999999999942
2025-12-11 06:00:00,90303.8,90445.9,89954.9,90292.2,187.19643679,16889051.661337297,16889051.661337297,1,491.0,142.09999999999127,348.90000000000873,491.0,430.9499999999971
2025-12-11 07:00:00,90292.3,90329.2,90057.2,90271.0,271.86738121,24519779.769281561,24519779.769281561,1,272.0,37.0,235.0,272.0,377.9666666666647
2025-12-11 08:00:00,90270.9,90271.0,89964.9,90186.4,126.31077616,11381625.647527792,11381625.647527792,1,306.1000000000058,0.0,306.1000000000058,306.1000000000058,360.0
2025-12-11 09:00:00,90186.5,90523.3,90111.9,90233.0,800.5978254,72292353.878754779,72292353.878754779,1,411.40000000000873,336.90000000000873,74.5,411.40000000000873,370.28000000000173
2025-12-11 10:00:00,90233.3,90347.1,90170.0,90317.3,155.557461,14037011.886429888,14037011.886429888,1,177.10000000000582,114.10000000000582,63.0,177.10000000000582,338.08333333333576
2025-12-11 11:00:00,90317.4,90414.0,90204.1,90234.8,551.81074857,49834622.130277799,49834622.130277799,1,209.89999999999418,96.69999999999709,113.19999999999709,209.89999999999418,319.7714285714298
2025-12-11 12:00:00,90234.8,90381.3,90008.0,90029.0,148.4028197,13390022.619956618,13390022.619956618,1,373.3000000000029,146.5,226.8000000000029,373.3000000000029,326.46250000000146
2025-12-11 13:00:00,90029.1,90170.0,89876.1,90101.0,150.53066277,13555048.64929751,13555048.64929751,1,293.8999999999942,141.0,152.89999999999418,293.8999999999942,322.8444444444451
2025-12-11 14:00:00,90101.0,90484.2,89255.9,89548.1,500.5589693,45038872.432556601,45038872.432556601,1,1228.300000000003,383.1999999999971,845.1000000000058,1228.300000000003,413.3900000000009
2025-12-11 15:00:00,89548.1,90642.7,89408.0,89875.1,485.2247252,43702912.661672633,43702912.661672633,1,1234.699999999997,1094.5999999999913,140.10000000000582,1234.699999999997,488.054545454546
2025-12-11 16:00:00,89875.0,90180.2,89333.3,89736.9,204.82634057,18369819.972935307,18369819.972935307,1,846.8999999999942,305.09999999999127,541.8000000000029,846.8999999999942,517.9583333333334
2025-12-11 17:00:00,89737.1,90255.1,89630.0,89979.4,161.71465129,14553734.661389972,14553734.661389972,1,625.1000000000058,518.2000000000116,106.89999999999418,625.1000000000058,526.2000000000005
2025-12-11 18:00:00,89971.6,91183.4,89891.1,90705.9,335.91158054,30446395.022196414,30446395.022196414,1,1292.2999999999884,1204.0,88.29999999998836,1292.2999999999884,580.9214285714281
2025-12-11 19:00:00,90705.7,91541.2,90583.1,90835.6,281.02742739,25605873.434216176,25605873.434216176,1,958.0999999999913,835.3000000000029,122.79999999998836,958.0999999999913,622.8642857142851
2025-12-11 20:00:00,90835.6,91829.2,90802.5,91781.4,186.21123828,17014826.359211654,17014826.359211654,1,1026.699999999997,993.5999999999913,33.10000000000582,1026.699999999997,661.1285714285706
2025-12-11 21:00:00,91789.2,93564.4,91703.3,92867.6,620.82572248,57645800.030164525,57645800.030164525,1,1861.0999999999913,1783.0,78.09999999999127,1861.0999999999913,774.6357142857129
2025-12-11 22:00:00,92867.7,93198.2,92097.6,92371.5,376.20738183,34826129.694224646,34826129.694224646,1,1100.5999999999913,330.59999999999127,770.0,1100.5999999999913,831.3857142857117
2025-12-11 23:00:00,92373.3,92804.5,92337.1,92522.3,399.27092309,36961470.86925368,36961470.86925368,1,467.3999999999942,433.0,34.39999999999418,467.3999999999942,835.3857142857107
2025-12-12 00:00:00,92522.2,92658.5,91280.4,91577.7,358.3292851,33005770.886541213,33005770.886541213,1,1378.1000000000058,136.1999999999971,1241.9000000000087,1378.1000000000058,921.171428571425
2025-12-12 01:00:00,91577.7,92317.0,91545.9,92171.8,210.07472527,19322611.47707797,19322611.47707797,1,771.1000000000058,739.3000000000029,31.80000000000291,771.1000000000058,961.2571428571401
2025-12-12 02:00:00,92171.9,92747.2,91929.1,92584.4,249.48219932,23067183.070103246,23067183.070103246,1,818.0999999999913,575.3999999999942,242.6999999999971,818.0999999999913,993.028571428568
2025-12-12 03:00:00,92584.5,92752.5,92175.0,92275.1,142.86960433,13196568.63684372,13196568.63684372,1,577.5,168.10000000000582,409.3999999999942,577.5,1013.2857142857112
2025-12-12 04:00:00,92274.9,92468.1,92123.0,92397.5,168.48839422,15545834.088353661,15545834.088353661,1,345.1000000000058,193.0,152.10000000000582,345.1000000000058,950.1999999999971
2025-12-12 05:00:00,92397.6,92502.3,92078.6,92443.2,134.01676677,12368300.369900802,12368300.369900802,1,423.6999999999971,104.80000000000291,318.8999999999942,423.6999999999971,892.2714285714256
2025-12-12 06:00:00,92443.2,92719.3,92403.1,92506.6,134.63047044,12466374.304033229,12466374.304033229,1,316.1999999999971,276.1000000000058,40.09999999999127,316.1999999999971,854.364285714283
2025-12-12 07:00:00,92506.7,92562.6,92250.3,92427.1,198.62147521,18363238.511646634,18363238.511646634,1,312.3000000000029,56.0,256.3000000000029,312.3000000000029,832.0214285714256
2025-12-12 08:00:00,92427.2,92479.1,92103.1,92347.4,159.40891768,14712170.015336549,14712170.015336549,1,376.0,52.0,324.0,376.0,766.5714285714265
2025-12-12 09:00:00,92346.9,92559.3,92088.5,92522.5,103.49380457,9554816.047931844,9554816.047931844,1,470.8000000000029,211.90000000000873,258.8999999999942,470.8000000000029,731.7642857142845
2025-12-12 10:00:00,92522.6,92635.6,92413.3,92493.0,183.00963292,16931789.121531478,16931789.121531478,1,222.3000000000029,113.10000000000582,109.19999999999709,222.3000000000029,674.307142857142
2025-12-12 11:00:00,92493.1,92493.1,92276.3,92411.9,62.00548005,5727795.329903857,5727795.329903857,1,216.8000000000029,0.10000000000582077,216.6999999999971,216.8000000000029,556.8571428571429
2025-12-12 12:00:00,92411.8,92425.1,92085.9,92425.1,165.86361655,15300734.520564509,15300734.520564509,1,339.20000000001164,13.200000000011642,326.0,339.20000000001164,502.47142857143
2025-12-12 13:00:00,92425.1,92515.6,92250.3,92311.9,129.70306513,11981370.903314232,11981370.903314232,1,265.3000000000029,90.5,174.8000000000029,265.3000000000029,488.0357142857164
2025-12-12 14:00:00,92311.9,92666.5,91902.5,92445.5,329.62106883,30444218.069092544,30444218.069092544,1,764.0,354.6000000000058,409.3999999999942,764.0,444.1714285714302
2025-12-12 15:00:00,92445.5,92445.5,89777.7,89941.4,1021.78373382,93036374.085344914,93036374.085344914,1,2667.800000000003,0.0,2667.800000000003,2667.800000000003,579.6500000000015
2025-12-12 16:00:00,89933.7,90439.5,89466.6,90040.1,539.75715832,48513696.953162542,48513696.953162542,1,972.8999999999942,498.1000000000058,474.79999999998836,972.8999999999942,590.7071428571445
2025-12-12 17:00:00,90040.2,90622.7,89822.6,90075.6,335.39684545,30256725.64032449,30256725.64032449,1,800.0999999999913,582.5999999999913,217.5,800.0999999999913,606.6071428571439
2025-12-12 18:00:00,90075.7,90659.9,90039.0,90366.0,350.93473832,31740116.294646766,31740116.294646766,1,620.8999999999942,584.2999999999884,36.60000000000582,620.8999999999942,626.307142857143
2025-12-12 19:00:00,90366.1,90398.9,90003.9,90197.1,179.75798504,16211958.551396132,16211958.551396132,1,395.0,32.89999999999418,362.1000000000058,395.0,624.2571428571433
2025-12-12 20:00:00,90197.1,90329.8,89888.8,90211.3,143.77395516,12959956.555020375,12959956.555020375,1,441.0,132.6999999999971,308.3000000000029,441.0,633.1714285714291
2025-12-12 21:00:00,90211.2,90347.6,90100.0,90192.0,100.17990399,9039494.043334048,9039494.043334048,1,247.60000000000582,136.3000000000029,111.30000000000291,247.60000000000582,628.5500000000009
2025-12-12 22:00:00,90186.0,90392.3,90184.7,90339.7,67.57906932,6102963.808878532,6102963.808878532,1,207.60000000000582,200.3000000000029,7.30000000000291,207.60000000000582,616.5214285714299
2025-12-12 23:00:00,90339.9,90387.0,90225.1,90268.1,43.02290384,3886376.254715724,3886376.254715724,1,161.89999999999418,47.30000000000291,114.59999999999127,161.89999999999418,594.4571428571435
2025-12-13 00:00:00,90268.1,90436.5,90206.9,90317.6,72.87979636,6583395.67486858,6583395.67486858,1,229.60000000000582,168.39999999999418,61.20000000001164,229.60000000000582,594.9785714285723
2025-12-13 01:00:00,90317.6,90360.0,90112.4,90224.9,53.88380277,4863702.025621173,4863702.025621173,1,247.60000000000582,42.39999999999418,205.20000000001164,247.60000000000582,597.1785714285725
2025-12-13 02:00:00,90225.0,90318.0,90206.2,90227.1,85.2432324,7693250.624685539,7693250.624685539,1,111.80000000000291,93.10000000000582,18.69999999999709,111.80000000000291,580.9357142857147
2025-12-13 03:00:00,90227.1,90469.9,90196.0,90341.9,135.46026992,12236562.817418255,12236562.817418255,1,273.8999999999942,242.79999999998836,31.10000000000582,273.8999999999942,581.5499999999998
2025-12-13 04:00:00,90341.9,90421.0,90271.5,90375.9,66.51295067,6009310.843948976,6009310.843948976,1,149.5,79.10000000000582,70.39999999999418,149.5,537.6571428571426
2025-12-13 05:00:00,90375.9,90394.0,90246.5,90340.4,162.18434809,14647563.439590031,14647563.439590031,1,147.5,18.10000000000582,129.39999999999418,147.5,357.63571428571385
2025-12-13 06:00:00,90340.5,90370.7,90251.6,90348.1,116.02051912,10478012.26595885,10478012.26595885,1,119.09999999999127,30.30000000000291,88.79999999998836,119.09999999999127,296.64999999999935
2025-12-13 07:00:00,90348.2,90416.9,90311.9,90330.0,559.66099937,50572556.425659322,50572556.425659322,1,105.0,68.79999999998836,36.20000000001164,105.0,247.0
2025-12-13 08:00:00,90330.1,90576.7,90314.6,90450.9,239.47088858,21661720.310185571,21661720.310185571,1,262.09999999999127,246.6999999999971,15.39999999999418,262.09999999999127,221.37142857142837
2025-12-13 09:00:00,90450.9,90513.5,90361.9,90415.0,142.43273878,12877980.376253072,12877980.376253072,1,151.60000000000582,62.60000000000582,89.0,151.60000000000582,203.9857142857145
2025-12-13 10:00:00,90415.1,90638.2,90415.1,90592.9,183.38279702,16595402.929461443,16595402.929461443,1,223.09999999999127,223.1999999999971,0.10000000000582077,223.1999999999971,188.42857142857142
2025-12-13 11:00:00,90592.9,90611.8,90300.0,90341.7,106.74044916,9656012.031319075,9656012.031319075,1,311.8000000000029,18.90000000000873,292.8999999999942,311.8000000000029,193.0142857142855
2025-12-13 12:00:00,90341.7,90486.0,90294.5,90355.1,54.66533858,4940466.232547556,4940466.232547556,1,191.5,144.3000000000029,47.19999999999709,191.5,191.8642857142851
2025-12-13 13:00:00,90355.1,90468.8,90200.0,90262.0,297.84272778,26904469.798221174,26904469.798221174,1,268.8000000000029,113.69999999999709,155.10000000000582,268.8000000000029,199.5
2025-12-13 14:00:00,90262.0,90348.1,89930.1,90086.0,152.71142529,13765120.287583045,13765120.287583045,1,418.0,86.10000000000582,331.8999999999942,418.0,212.95714285714243
2025-12-13 15:00:00,90085.9,90293.1,90038.7,90100.7,74.60630179,6725709.608373839,6725709.608373839,1,254.40000000000873,207.10000000000582,47.30000000000291,254.40000000000873,213.44285714285692
2025-12-13 16:00:00,90100.6,90275.0,90032.5,90097.6,47.03441241,4239349.313035252,4239349.313035252,1,242.5,174.3000000000029,68.19999999999709,242.5,222.778571428571
2025-12-13 17:00:00,90097.6,90105.8,89990.0,90054.0,36.70012025,3304003.122741532,3304003.122741532,1,115.80000000000291,8.19999999999709,107.60000000000582,115.80000000000291,211.4857142857145
2025-12-13 18:00:00,90054.1,90190.6,90044.1,90123.9,21.37263691,1926583.75852249,1926583.75852249,1,146.5,136.60000000000582,9.89999999999418,146.5,211.27142857142877
2025-12-13 19:00:00,90124.0,90225.5,90108.7,90182.5,16.58305732,1495351.356629241,1495351.356629241,1,116.80000000000291,101.60000000000582,15.19999999999709,116.80000000000291,209.07857142857185
2025-12-13 20:00:00,90182.4,90215.9,90044.0,90092.6,64.72020751,5836225.620077551,5836225.620077551,1,171.89999999999418,33.39999999999418,138.5,171.89999999999418,212.85000000000062
2025-12-13 21:00:00,90092.6,90192.0,89764.8,90171.5,67.18613368,6043540.506136839,6043540.506136839,1,427.1999999999971,99.39999999999418,327.8000000000029,427.1999999999971,235.86428571428613
2025-12-13 22:00:00,90171.5,90252.4,90002.5,90137.0,37.07301635,3341869.940098472,3341869.940098472,1,249.89999999999418,80.89999999999418,169.0,249.89999999999418,234.99285714285776
2025-12-13 23:00:00,90137.0,90279.0,90067.0,90241.1,25.03486913,2258498.808299851,2258498.808299851,1,212.0,142.0,70.0,212.0,239.30714285714308
2025-12-14 00:00:00,90241.1,90475.0,90125.0,90339.1,107.15131775,9678115.616046229,9678115.616046229,1,350.0,233.89999999999418,116.10000000000582,350.0,248.36428571428613
2025-12-14 01:00:00,90339.1,90458.2,90212.5,90300.4,57.87306423,5228086.693414258,5228086.693414258,1,245.6999999999971,119.09999999999127,126.60000000000582,245.6999999999971,243.64285714285714
2025-12-14 02:00:00,90300.5,90394.0,90247.2,90293.0,36.08459461,3259247.2491152,3259247.2491152,1,146.8000000000029,93.60000000000582,53.19999999999709,146.8000000000029,240.45000000000022
2025-12-14 03:00:00,90293.1,90310.0,90247.2,90266.5,46.3393048,4183271.292433037,4183271.292433037,1,62.80000000000291,17.0,45.80000000000291,62.80000000000291,225.7357142857145
2025-12-14 04:00:00,90266.6,90346.3,90131.3,90205.0,54.69097451,4934947.287390021,4934947.287390021,1,215.0,79.80000000000291,135.1999999999971,215.0,211.2357142857145
2025-12-14 05:00:00,90205.0,90234.0,90051.0,90208.7,72.44141003,6530321.369876209,6530321.369876209,1,183.0,29.0,154.0,183.0,206.13571428571387
2025-12-14 06:00:00,90208.7,90249.7,90100.0,90151.1,29.74349959,2681907.606510695,2681907.606510695,1,149.6999999999971,41.0,108.69999999999709,149.6999999999971,199.50714285714224
2025-12-14 07:00:00,90151.1,90291.1,90085.2,90256.1,114.17679632,10301894.803587832,10301894.803587832,1,205.90000000000873,140.0,65.90000000000873,205.90000000000873,205.94285714285692
2025-12-14 08:00:00,90256.0,90307.6,90104.9,90114.9,205.22209862,18514264.553928792,18514264.553928792,1,202.70000000001164,51.5,151.20000000001164,202.70000000001164,209.95714285714348
2025-12-14 09:00:00,90115.0,90158.0,90007.0,90025.9,57.74668524,5201026.422919042,5201026.422919042,1,151.0,43.10000000000582,107.89999999999418,151.0,212.4000000000004
2025-12-14 10:00:00,90026.0,90133.3,89786.4,89857.0,356.79876067,32105372.509623506,32105372.509623506,1,346.90000000000873,107.40000000000873,239.5,346.90000000000873,224.90000000000146
2025-12-14 11:00:00,89857.1,89857.1,88632.9,89355.0,716.52021275,63954194.407106409,63954194.407106409,1,1224.2000000000116,0.10000000000582077,1224.1000000000058,1224.2000000000116,281.8285714285739
2025-12-14 12:00:00,89355.1,89662.6,89100.0,89418.5,142.95710451,12781971.11729148,12781971.11729148,1,562.6000000000058,307.6000000000058,255.0,562.6000000000058,304.16428571428906
2025-12-14 13:00:00,89417.1,89498.0,89083.9,89484.1,93.66485585,8360013.411800478,8360013.411800478,1,414.1000000000058,79.5,334.6000000000058,414.1000000000058,318.6000000000037
2025-12-14 14:00:00,89484.1,89559.4,88884.0,89112.1,169.43066117,15107379.798435572,15107379.798435572,1,675.3999999999942,75.29999999998836,600.1000000000058,675.3999999999942,341.84285714286045
2025-12-14 15:00:00,89112.1,89180.0,88880.0,89027.7,76.91047471,6846523.108176784,6846523.108176784,1,300.0,67.89999999999418,232.10000000000582,300.0,345.7214285714321
2025-12-14 16:00:00,89027.7,89397.9,88505.4,88832.9,191.920253,17061467.715589613,17061467.715589613,1,892.5,370.1999999999971,522.3000000000029,892.5,398.9857142857176
2025-12-14 17:00:00,88833.0,89029.2,88600.0,88804.9,135.47267914,12032329.846435835,12032329.846435835,1,429.1999999999971,196.3000000000029,232.89999999999418,429.1999999999971,425.15714285714574
2025-12-14 18:00:00,88805.0,89082.4,88720.2,89004.7,85.78959057,7626048.986024495,7626048.986024495,1,362.1999999999971,277.5,84.69999999999709,362.1999999999971,435.67142857143125
2025-12-14 19:00:00,89004.7,89004.7,88465.9,88644.0,104.8662025,9297334.104744129,9297334.104744129,1,538.8000000000029,0.0,538.8000000000029,538.8000000000029,461.0857142857172
2025-12-14 20:00:00,88644.1,88833.0,88350.0,88556.9,147.3055239,13051626.840066244,13051626.840066244,1,483.0,189.0,294.0,483.0,484.89285714286024
2025-12-14 21:00:00,88557.0,88711.6,88342.4,88444.0,66.05346172,5847611.748482705,5847611.748482705,1,369.20000000001164,154.70000000001164,214.5,369.20000000001164,496.5571428571462
2025-12-14 22:00:00,88444.1,88604.9,88018.0,88411.0,162.34966857,14332668.440990824,14332668.440990824,1,586.8999999999942,160.89999999999418,426.0,586.8999999999942,524.000000000002
2025-12-14 23:00:00,88411.0,88610.0,87564.5,88162.9,321.36472736,28279038.877735869,28279038.877735869,1,1045.5,199.0,846.5,1045.5,587.8928571428593
2025-12-15 00:00:00,88163.0,88688.0,88072.3,88456.0,187.50243092,16580640.693921828,16580640.693921828,1,615.6999999999971,525.1000000000058,90.59999999999127,615.6999999999971,607.0928571428584
2025-12-15 01:00:00,88456.0,89336.9,88421.0,89248.1,258.90828396,23027334.224691687,23027334.224691687,1,915.8999999999942,880.8999999999942,35.0,915.8999999999942,585.0714285714286
2025-12-15 02:00:00,89248.1,90021.9,89235.1,89315.0,215.7082354,19325674.8293162,19325674.8293162,1,786.7999999999884,773.7999999999884,13.0,786.7999999999884,601.085714285713
2025-12-15 03:00:00,89315.0,89540.0,89226.5,89285.9,166.99620109,14919165.020506581,14919165.020506581,1,313.5,225.0,88.5,313.5,593.8999999999984
2025-12-15 04:00:00,89286.0,89790.9,89279.0,89669.9,183.76306218,16465873.08390852,16465873.08390852,1,511.8999999999942,505.0,6.899999999994179,511.8999999999942,582.2214285714269
2025-12-15 05:00:00,89669.9,89760.0,89500.0,89616.1,223.79511125,20053979.35117963,20053979.35117963,1,260.0,90.10000000000582,169.89999999999418,260.0,579.364285714284
2025-12-15 06:00:00,89619.0,89922.9,89474.0,89743.4,101.70250397,9120227.446522742,9120227.446522742,1,448.8999999999942,306.79999999998836,142.10000000000582,448.8999999999942,547.6785714285694
2025-12-15 07:00:00,89743.4,89829.7,89523.8,89747.0,145.93321186,13083749.144797532,13083749.144797532,1,305.8999999999942,86.30000000000291,219.59999999999127,305.8999999999942,538.8714285714262
2025-12-15 08:00:00,89747.0,89900.0,89650.0,89770.1,103.64637054,9306377.253837554,9306377.253837554,1,250.0,153.0,97.0,250.0,530.8571428571407
2025-12-11 05:00:00,90437.0,90437.0,90066.1,90303.8,199.17020937,17972015.207016023,17972015.207016023,1,370.8999999999942,,,370.8999999999942,370.8999999999942
2025-12-11 06:00:00,90303.8,90445.9,89954.9,90292.2,187.19643679,16889051.661337297,16889051.661337297,1,491.0,142.09999999999127,348.90000000000873,491.0,430.9499999999971
2025-12-11 07:00:00,90292.3,90329.2,90057.2,90271.0,271.86738121,24519779.769281561,24519779.769281561,1,272.0,37.0,235.0,272.0,377.9666666666647
2025-12-11 08:00:00,90270.9,90271.0,89964.9,90186.4,126.31077616,11381625.647527792,11381625.647527792,1,306.1000000000058,0.0,306.1000000000058,306.1000000000058,360.0
2025-12-11 09:00:00,90186.5,90523.3,90111.9,90233.0,800.5978254,72292353.878754779,72292353.878754779,1,411.40000000000873,336.90000000000873,74.5,411.40000000000873,370.28000000000173
2025-12-11 10:00:00,90233.3,90347.1,90170.0,90317.3,155.557461,14037011.886429888,14037011.886429888,1,177.10000000000582,114.10000000000582,63.0,177.10000000000582,338.08333333333576
2025-12-11 11:00:00,90317.4,90414.0,90204.1,90234.8,551.81074857,49834622.130277799,49834622.130277799,1,209.89999999999418,96.69999999999709,113.19999999999709,209.89999999999418,319.7714285714298
2025-12-11 12:00:00,90234.8,90381.3,90008.0,90029.0,148.4028197,13390022.619956618,13390022.619956618,1,373.3000000000029,146.5,226.8000000000029,373.3000000000029,326.46250000000146
2025-12-11 13:00:00,90029.1,90170.0,89876.1,90101.0,150.53066277,13555048.64929751,13555048.64929751,1,293.8999999999942,141.0,152.89999999999418,293.8999999999942,322.8444444444451
2025-12-11 14:00:00,90101.0,90484.2,89255.9,89548.1,500.5589693,45038872.432556601,45038872.432556601,1,1228.300000000003,383.1999999999971,845.1000000000058,1228.300000000003,413.3900000000009
2025-12-11 15:00:00,89548.1,90642.7,89408.0,89875.1,485.2247252,43702912.661672633,43702912.661672633,1,1234.699999999997,1094.5999999999913,140.10000000000582,1234.699999999997,488.054545454546
2025-12-11 16:00:00,89875.0,90180.2,89333.3,89736.9,204.82634057,18369819.972935307,18369819.972935307,1,846.8999999999942,305.09999999999127,541.8000000000029,846.8999999999942,517.9583333333334
2025-12-11 17:00:00,89737.1,90255.1,89630.0,89979.4,161.71465129,14553734.661389972,14553734.661389972,1,625.1000000000058,518.2000000000116,106.89999999999418,625.1000000000058,526.2000000000005
2025-12-11 18:00:00,89971.6,91183.4,89891.1,90705.9,335.91158054,30446395.022196414,30446395.022196414,1,1292.2999999999884,1204.0,88.29999999998836,1292.2999999999884,580.9214285714281
2025-12-11 19:00:00,90705.7,91541.2,90583.1,90835.6,281.02742739,25605873.434216176,25605873.434216176,1,958.0999999999913,835.3000000000029,122.79999999998836,958.0999999999913,622.8642857142851
2025-12-11 20:00:00,90835.6,91829.2,90802.5,91781.4,186.21123828,17014826.359211654,17014826.359211654,1,1026.699999999997,993.5999999999913,33.10000000000582,1026.699999999997,661.1285714285706
2025-12-11 21:00:00,91789.2,93564.4,91703.3,92867.6,620.82572248,57645800.030164525,57645800.030164525,1,1861.0999999999913,1783.0,78.09999999999127,1861.0999999999913,774.6357142857129
2025-12-11 22:00:00,92867.7,93198.2,92097.6,92371.5,376.20738183,34826129.694224646,34826129.694224646,1,1100.5999999999913,330.59999999999127,770.0,1100.5999999999913,831.3857142857117
2025-12-11 23:00:00,92373.3,92804.5,92337.1,92522.3,399.27092309,36961470.86925368,36961470.86925368,1,467.3999999999942,433.0,34.39999999999418,467.3999999999942,835.3857142857107
2025-12-12 00:00:00,92522.2,92658.5,91280.4,91577.7,358.3292851,33005770.886541213,33005770.886541213,1,1378.1000000000058,136.1999999999971,1241.9000000000087,1378.1000000000058,921.171428571425
2025-12-12 01:00:00,91577.7,92317.0,91545.9,92171.8,210.07472527,19322611.47707797,19322611.47707797,1,771.1000000000058,739.3000000000029,31.80000000000291,771.1000000000058,961.2571428571401
2025-12-12 02:00:00,92171.9,92747.2,91929.1,92584.4,249.48219932,23067183.070103246,23067183.070103246,1,818.0999999999913,575.3999999999942,242.6999999999971,818.0999999999913,993.028571428568
2025-12-12 03:00:00,92584.5,92752.5,92175.0,92275.1,142.86960433,13196568.63684372,13196568.63684372,1,577.5,168.10000000000582,409.3999999999942,577.5,1013.2857142857112
2025-12-12 04:00:00,92274.9,92468.1,92123.0,92397.5,168.48839422,15545834.088353661,15545834.088353661,1,345.1000000000058,193.0,152.10000000000582,345.1000000000058,950.1999999999971
2025-12-12 05:00:00,92397.6,92502.3,92078.6,92443.2,134.01676677,12368300.369900802,12368300.369900802,1,423.6999999999971,104.80000000000291,318.8999999999942,423.6999999999971,892.2714285714256
2025-12-12 06:00:00,92443.2,92719.3,92403.1,92506.6,134.63047044,12466374.304033229,12466374.304033229,1,316.1999999999971,276.1000000000058,40.09999999999127,316.1999999999971,854.364285714283
2025-12-12 07:00:00,92506.7,92562.6,92250.3,92427.1,198.62147521,18363238.511646634,18363238.511646634,1,312.3000000000029,56.0,256.3000000000029,312.3000000000029,832.0214285714256
2025-12-12 08:00:00,92427.2,92479.1,92103.1,92347.4,159.40891768,14712170.015336549,14712170.015336549,1,376.0,52.0,324.0,376.0,766.5714285714265
2025-12-12 09:00:00,92346.9,92559.3,92088.5,92522.5,103.49380457,9554816.047931844,9554816.047931844,1,470.8000000000029,211.90000000000873,258.8999999999942,470.8000000000029,731.7642857142845
2025-12-12 10:00:00,92522.6,92635.6,92413.3,92493.0,183.00963292,16931789.121531478,16931789.121531478,1,222.3000000000029,113.10000000000582,109.19999999999709,222.3000000000029,674.307142857142
2025-12-12 11:00:00,92493.1,92493.1,92276.3,92411.9,62.00548005,5727795.329903857,5727795.329903857,1,216.8000000000029,0.10000000000582077,216.6999999999971,216.8000000000029,556.8571428571429
2025-12-12 12:00:00,92411.8,92425.1,92085.9,92425.1,165.86361655,15300734.520564509,15300734.520564509,1,339.20000000001164,13.200000000011642,326.0,339.20000000001164,502.47142857143
2025-12-12 13:00:00,92425.1,92515.6,92250.3,92311.9,129.70306513,11981370.903314232,11981370.903314232,1,265.3000000000029,90.5,174.8000000000029,265.3000000000029,488.0357142857164
2025-12-12 14:00:00,92311.9,92666.5,91902.5,92445.5,329.62106883,30444218.069092544,30444218.069092544,1,764.0,354.6000000000058,409.3999999999942,764.0,444.1714285714302
2025-12-12 15:00:00,92445.5,92445.5,89777.7,89941.4,1021.78373382,93036374.085344914,93036374.085344914,1,2667.800000000003,0.0,2667.800000000003,2667.800000000003,579.6500000000015
2025-12-12 16:00:00,89933.7,90439.5,89466.6,90040.1,539.75715832,48513696.953162542,48513696.953162542,1,972.8999999999942,498.1000000000058,474.79999999998836,972.8999999999942,590.7071428571445
2025-12-12 17:00:00,90040.2,90622.7,89822.6,90075.6,335.39684545,30256725.64032449,30256725.64032449,1,800.0999999999913,582.5999999999913,217.5,800.0999999999913,606.6071428571439
2025-12-12 18:00:00,90075.7,90659.9,90039.0,90366.0,350.93473832,31740116.294646766,31740116.294646766,1,620.8999999999942,584.2999999999884,36.60000000000582,620.8999999999942,626.307142857143
2025-12-12 19:00:00,90366.1,90398.9,90003.9,90197.1,179.75798504,16211958.551396132,16211958.551396132,1,395.0,32.89999999999418,362.1000000000058,395.0,624.2571428571433
2025-12-12 20:00:00,90197.1,90329.8,89888.8,90211.3,143.77395516,12959956.555020375,12959956.555020375,1,441.0,132.6999999999971,308.3000000000029,441.0,633.1714285714291
2025-12-12 21:00:00,90211.2,90347.6,90100.0,90192.0,100.17990399,9039494.043334048,9039494.043334048,1,247.60000000000582,136.3000000000029,111.30000000000291,247.60000000000582,628.5500000000009
2025-12-12 22:00:00,90186.0,90392.3,90184.7,90339.7,67.57906932,6102963.808878532,6102963.808878532,1,207.60000000000582,200.3000000000029,7.30000000000291,207.60000000000582,616.5214285714299
2025-12-12 23:00:00,90339.9,90387.0,90225.1,90268.1,43.02290384,3886376.254715724,3886376.254715724,1,161.89999999999418,47.30000000000291,114.59999999999127,161.89999999999418,594.4571428571435
2025-12-13 00:00:00,90268.1,90436.5,90206.9,90317.6,72.87979636,6583395.67486858,6583395.67486858,1,229.60000000000582,168.39999999999418,61.20000000001164,229.60000000000582,594.9785714285723
2025-12-13 01:00:00,90317.6,90360.0,90112.4,90224.9,53.88380277,4863702.025621173,4863702.025621173,1,247.60000000000582,42.39999999999418,205.20000000001164,247.60000000000582,597.1785714285725
2025-12-13 02:00:00,90225.0,90318.0,90206.2,90227.1,85.2432324,7693250.624685539,7693250.624685539,1,111.80000000000291,93.10000000000582,18.69999999999709,111.80000000000291,580.9357142857147
2025-12-13 03:00:00,90227.1,90469.9,90196.0,90341.9,135.46026992,12236562.817418255,12236562.817418255,1,273.8999999999942,242.79999999998836,31.10000000000582,273.8999999999942,581.5499999999998
2025-12-13 04:00:00,90341.9,90421.0,90271.5,90375.9,66.51295067,6009310.843948976,6009310.843948976,1,149.5,79.10000000000582,70.39999999999418,149.5,537.6571428571426
2025-12-13 05:00:00,90375.9,90394.0,90246.5,90340.4,162.18434809,14647563.439590031,14647563.439590031,1,147.5,18.10000000000582,129.39999999999418,147.5,357.63571428571385
2025-12-13 06:00:00,90340.5,90370.7,90251.6,90348.1,116.02051912,10478012.26595885,10478012.26595885,1,119.09999999999127,30.30000000000291,88.79999999998836,119.09999999999127,296.64999999999935
2025-12-13 07:00:00,90348.2,90416.9,90311.9,90330.0,559.66099937,50572556.425659322,50572556.425659322,1,105.0,68.79999999998836,36.20000000001164,105.0,247.0
2025-12-13 08:00:00,90330.1,90576.7,90314.6,90450.9,239.47088858,21661720.310185571,21661720.310185571,1,262.09999999999127,246.6999999999971,15.39999999999418,262.09999999999127,221.37142857142837
2025-12-13 09:00:00,90450.9,90513.5,90361.9,90415.0,142.43273878,12877980.376253072,12877980.376253072,1,151.60000000000582,62.60000000000582,89.0,151.60000000000582,203.9857142857145
2025-12-13 10:00:00,90415.1,90638.2,90415.1,90592.9,183.38279702,16595402.929461443,16595402.929461443,1,223.09999999999127,223.1999999999971,0.10000000000582077,223.1999999999971,188.42857142857142
2025-12-13 11:00:00,90592.9,90611.8,90300.0,90341.7,106.74044916,9656012.031319075,9656012.031319075,1,311.8000000000029,18.90000000000873,292.8999999999942,311.8000000000029,193.0142857142855
2025-12-13 12:00:00,90341.7,90486.0,90294.5,90355.1,54.66533858,4940466.232547556,4940466.232547556,1,191.5,144.3000000000029,47.19999999999709,191.5,191.8642857142851
2025-12-13 13:00:00,90355.1,90468.8,90200.0,90262.0,297.84272778,26904469.798221174,26904469.798221174,1,268.8000000000029,113.69999999999709,155.10000000000582,268.8000000000029,199.5
2025-12-13 14:00:00,90262.0,90348.1,89930.1,90086.0,152.71142529,13765120.287583045,13765120.287583045,1,418.0,86.10000000000582,331.8999999999942,418.0,212.95714285714243
2025-12-13 15:00:00,90085.9,90293.1,90038.7,90100.7,74.60630179,6725709.608373839,6725709.608373839,1,254.40000000000873,207.10000000000582,47.30000000000291,254.40000000000873,213.44285714285692
2025-12-13 16:00:00,90100.6,90275.0,90032.5,90097.6,47.03441241,4239349.313035252,4239349.313035252,1,242.5,174.3000000000029,68.19999999999709,242.5,222.778571428571
2025-12-13 17:00:00,90097.6,90105.8,89990.0,90054.0,36.70012025,3304003.122741532,3304003.122741532,1,115.80000000000291,8.19999999999709,107.60000000000582,115.80000000000291,211.4857142857145
2025-12-13 18:00:00,90054.1,90190.6,90044.1,90123.9,21.37263691,1926583.75852249,1926583.75852249,1,146.5,136.60000000000582,9.89999999999418,146.5,211.27142857142877
2025-12-13 19:00:00,90124.0,90225.5,90108.7,90182.5,16.58305732,1495351.356629241,1495351.356629241,1,116.80000000000291,101.60000000000582,15.19999999999709,116.80000000000291,209.07857142857185
2025-12-13 20:00:00,90182.4,90215.9,90044.0,90092.6,64.72020751,5836225.620077551,5836225.620077551,1,171.89999999999418,33.39999999999418,138.5,171.89999999999418,212.85000000000062
2025-12-13 21:00:00,90092.6,90192.0,89764.8,90171.5,67.18613368,6043540.506136839,6043540.506136839,1,427.1999999999971,99.39999999999418,327.8000000000029,427.1999999999971,235.86428571428613
2025-12-13 22:00:00,90171.5,90252.4,90002.5,90137.0,37.07301635,3341869.940098472,3341869.940098472,1,249.89999999999418,80.89999999999418,169.0,249.89999999999418,234.99285714285776
2025-12-13 23:00:00,90137.0,90279.0,90067.0,90241.1,25.03486913,2258498.808299851,2258498.808299851,1,212.0,142.0,70.0,212.0,239.30714285714308
2025-12-14 00:00:00,90241.1,90475.0,90125.0,90339.1,107.15131775,9678115.616046229,9678115.616046229,1,350.0,233.89999999999418,116.10000000000582,350.0,248.36428571428613
2025-12-14 01:00:00,90339.1,90458.2,90212.5,90300.4,57.87306423,5228086.693414258,5228086.693414258,1,245.6999999999971,119.09999999999127,126.60000000000582,245.6999999999971,243.64285714285714
2025-12-14 02:00:00,90300.5,90394.0,90247.2,90293.0,36.08459461,3259247.2491152,3259247.2491152,1,146.8000000000029,93.60000000000582,53.19999999999709,146.8000000000029,240.45000000000022
2025-12-14 03:00:00,90293.1,90310.0,90247.2,90266.5,46.3393048,4183271.292433037,4183271.292433037,1,62.80000000000291,17.0,45.80000000000291,62.80000000000291,225.7357142857145
2025-12-14 04:00:00,90266.6,90346.3,90131.3,90205.0,54.69097451,4934947.287390021,4934947.287390021,1,215.0,79.80000000000291,135.1999999999971,215.0,211.2357142857145
2025-12-14 05:00:00,90205.0,90234.0,90051.0,90208.7,72.44141003,6530321.369876209,6530321.369876209,1,183.0,29.0,154.0,183.0,206.13571428571387
2025-12-14 06:00:00,90208.7,90249.7,90100.0,90151.1,29.74349959,2681907.606510695,2681907.606510695,1,149.6999999999971,41.0,108.69999999999709,149.6999999999971,199.50714285714224
2025-12-14 07:00:00,90151.1,90291.1,90085.2,90256.1,114.17679632,10301894.803587832,10301894.803587832,1,205.90000000000873,140.0,65.90000000000873,205.90000000000873,205.94285714285692
2025-12-14 08:00:00,90256.0,90307.6,90104.9,90114.9,205.22209862,18514264.553928792,18514264.553928792,1,202.70000000001164,51.5,151.20000000001164,202.70000000001164,209.95714285714348
2025-12-14 09:00:00,90115.0,90158.0,90007.0,90025.9,57.74668524,5201026.422919042,5201026.422919042,1,151.0,43.10000000000582,107.89999999999418,151.0,212.4000000000004
2025-12-14 10:00:00,90026.0,90133.3,89786.4,89857.0,356.79876067,32105372.509623506,32105372.509623506,1,346.90000000000873,107.40000000000873,239.5,346.90000000000873,224.90000000000146
2025-12-14 11:00:00,89857.1,89857.1,88632.9,89355.0,716.52021275,63954194.407106409,63954194.407106409,1,1224.2000000000116,0.10000000000582077,1224.1000000000058,1224.2000000000116,281.8285714285739
2025-12-14 12:00:00,89355.1,89662.6,89100.0,89418.5,142.95710451,12781971.11729148,12781971.11729148,1,562.6000000000058,307.6000000000058,255.0,562.6000000000058,304.16428571428906
2025-12-14 13:00:00,89417.1,89498.0,89083.9,89484.1,93.66485585,8360013.411800478,8360013.411800478,1,414.1000000000058,79.5,334.6000000000058,414.1000000000058,318.6000000000037
2025-12-14 14:00:00,89484.1,89559.4,88884.0,89112.1,169.43066117,15107379.798435572,15107379.798435572,1,675.3999999999942,75.29999999998836,600.1000000000058,675.3999999999942,341.84285714286045
2025-12-14 15:00:00,89112.1,89180.0,88880.0,89027.7,76.91047471,6846523.108176784,6846523.108176784,1,300.0,67.89999999999418,232.10000000000582,300.0,345.7214285714321
2025-12-14 16:00:00,89027.7,89397.9,88505.4,88832.9,191.920253,17061467.715589613,17061467.715589613,1,892.5,370.1999999999971,522.3000000000029,892.5,398.9857142857176
2025-12-14 17:00:00,88833.0,89029.2,88600.0,88804.9,135.47267914,12032329.846435835,12032329.846435835,1,429.1999999999971,196.3000000000029,232.89999999999418,429.1999999999971,425.15714285714574
2025-12-14 18:00:00,88805.0,89082.4,88720.2,89004.7,85.78959057,7626048.986024495,7626048.986024495,1,362.1999999999971,277.5,84.69999999999709,362.1999999999971,435.67142857143125
2025-12-14 19:00:00,89004.7,89004.7,88465.9,88644.0,104.8662025,9297334.104744129,9297334.104744129,1,538.8000000000029,0.0,538.8000000000029,538.8000000000029,461.0857142857172
2025-12-14 20:00:00,88644.1,88833.0,88350.0,88556.9,147.3055239,13051626.840066244,13051626.840066244,1,483.0,189.0,294.0,483.0,484.89285714286024
2025-12-14 21:00:00,88557.0,88711.6,88342.4,88444.0,66.05346172,5847611.748482705,5847611.748482705,1,369.20000000001164,154.70000000001164,214.5,369.20000000001164,496.5571428571462
2025-12-14 22:00:00,88444.1,88604.9,88018.0,88411.0,162.34966857,14332668.440990824,14332668.440990824,1,586.8999999999942,160.89999999999418,426.0,586.8999999999942,524.000000000002
2025-12-14 23:00:00,88411.0,88610.0,87564.5,88162.9,321.36472736,28279038.877735869,28279038.877735869,1,1045.5,199.0,846.5,1045.5,587.8928571428593
2025-12-15 00:00:00,88163.0,88688.0,88072.3,88456.0,187.50243092,16580640.693921828,16580640.693921828,1,615.6999999999971,525.1000000000058,90.59999999999127,615.6999999999971,607.0928571428584
2025-12-15 01:00:00,88456.0,89336.9,88421.0,89248.1,258.90828396,23027334.224691687,23027334.224691687,1,915.8999999999942,880.8999999999942,35.0,915.8999999999942,585.0714285714286
2025-12-15 02:00:00,89248.1,90021.9,89235.1,89315.0,215.7082354,19325674.8293162,19325674.8293162,1,786.7999999999884,773.7999999999884,13.0,786.7999999999884,601.085714285713
2025-12-15 03:00:00,89315.0,89540.0,89226.5,89285.9,166.99620109,14919165.020506581,14919165.020506581,1,313.5,225.0,88.5,313.5,593.8999999999984
2025-12-15 04:00:00,89286.0,89790.9,89279.0,89669.9,183.76306218,16465873.08390852,16465873.08390852,1,511.8999999999942,505.0,6.899999999994179,511.8999999999942,582.2214285714269
2025-12-15 05:00:00,89669.9,89760.0,89500.0,89616.1,223.79511125,20053979.35117963,20053979.35117963,1,260.0,90.10000000000582,169.89999999999418,260.0,579.364285714284
2025-12-15 06:00:00,89619.0,89922.9,89474.0,89743.4,101.70250397,9120227.446522742,9120227.446522742,1,448.8999999999942,306.79999999998836,142.10000000000582,448.8999999999942,547.6785714285694
2025-12-15 07:00:00,89743.4,89829.7,89523.8,89747.0,145.93321186,13083749.144797532,13083749.144797532,1,305.8999999999942,86.30000000000291,219.59999999999127,305.8999999999942,538.8714285714262
2025-12-15 08:00:00,89747.0,89900.0,89650.0,89770.1,103.64637054,9306377.253837554,9306377.253837554,1,250.0,153.0,97.0,250.0,530.8571428571407
2025-12-11 06:00:00,90303.8,90445.9,89954.9,90292.2,187.19643679,16889051.661337297,16889051.661337297,1,491.0,,,491.0,491.0
2025-12-11 07:00:00,90292.3,90329.2,90057.2,90271.0,271.86738121,24519779.769281561,24519779.769281561,1,272.0,37.0,235.0,272.0,381.5
2025-12-11 08:00:00,90270.9,90271.0,89964.9,90186.4,126.31077616,11381625.647527792,11381625.647527792,1,306.1000000000058,0.0,306.1000000000058,306.1000000000058,356.3666666666686
2025-12-11 09:00:00,90186.5,90523.3,90111.9,90233.0,800.5978254,72292353.878754779,72292353.878754779,1,411.40000000000873,336.90000000000873,74.5,411.40000000000873,370.12500000000364
2025-12-11 10:00:00,90233.3,90347.1,90170.0,90317.3,155.557461,14037011.886429888,14037011.886429888,1,177.10000000000582,114.10000000000582,63.0,177.10000000000582,331.5200000000041
2025-12-11 11:00:00,90317.4,90414.0,90204.1,90234.8,551.81074857,49834622.130277799,49834622.130277799,1,209.89999999999418,96.69999999999709,113.19999999999709,209.89999999999418,311.25000000000244
2025-12-11 12:00:00,90234.8,90381.3,90008.0,90029.0,148.4028197,13390022.619956618,13390022.619956618,1,373.3000000000029,146.5,226.8000000000029,373.3000000000029,320.1142857142882
2025-12-11 13:00:00,90029.1,90170.0,89876.1,90101.0,150.53066277,13555048.64929751,13555048.64929751,1,293.8999999999942,141.0,152.89999999999418,293.8999999999942,316.83750000000146
2025-12-11 14:00:00,90101.0,90484.2,89255.9,89548.1,500.5589693,45038872.432556601,45038872.432556601,1,1228.300000000003,383.1999999999971,845.1000000000058,1228.300000000003,418.11111111111273
2025-12-11 15:00:00,89548.1,90642.7,89408.0,89875.1,485.2247252,43702912.661672633,43702912.661672633,1,1234.699999999997,1094.5999999999913,140.10000000000582,1234.699999999997,499.7700000000012
2025-12-11 16:00:00,89875.0,90180.2,89333.3,89736.9,204.82634057,18369819.972935307,18369819.972935307,1,846.8999999999942,305.09999999999127,541.8000000000029,846.8999999999942,531.3272727272732
2025-12-11 17:00:00,89737.1,90255.1,89630.0,89979.4,161.71465129,14553734.661389972,14553734.661389972,1,625.1000000000058,518.2000000000116,106.89999999999418,625.1000000000058,539.1416666666677
2025-12-11 18:00:00,89971.6,91183.4,89891.1,90705.9,335.91158054,30446395.022196414,30446395.022196414,1,1292.2999999999884,1204.0,88.29999999998836,1292.2999999999884,597.0769230769231
2025-12-11 19:00:00,90705.7,91541.2,90583.1,90835.6,281.02742739,25605873.434216176,25605873.434216176,1,958.0999999999913,835.3000000000029,122.79999999998836,958.0999999999913,622.8642857142851
2025-12-11 20:00:00,90835.6,91829.2,90802.5,91781.4,186.21123828,17014826.359211654,17014826.359211654,1,1026.699999999997,993.5999999999913,33.10000000000582,1026.699999999997,661.1285714285706
2025-12-11 21:00:00,91789.2,93564.4,91703.3,92867.6,620.82572248,57645800.030164525,57645800.030164525,1,1861.0999999999913,1783.0,78.09999999999127,1861.0999999999913,774.6357142857129
2025-12-11 22:00:00,92867.7,93198.2,92097.6,92371.5,376.20738183,34826129.694224646,34826129.694224646,1,1100.5999999999913,330.59999999999127,770.0,1100.5999999999913,831.3857142857117
2025-12-11 23:00:00,92373.3,92804.5,92337.1,92522.3,399.27092309,36961470.86925368,36961470.86925368,1,467.3999999999942,433.0,34.39999999999418,467.3999999999942,835.3857142857107
2025-12-12 00:00:00,92522.2,92658.5,91280.4,91577.7,358.3292851,33005770.886541213,33005770.886541213,1,1378.1000000000058,136.1999999999971,1241.9000000000087,1378.1000000000058,921.171428571425
2025-12-12 01:00:00,91577.7,92317.0,91545.9,92171.8,210.07472527,19322611.47707797,19322611.47707797,1,771.1000000000058,739.3000000000029,31.80000000000291,771.1000000000058,961.2571428571401
2025-12-12 02:00:00,92171.9,92747.2,91929.1,92584.4,249.48219932,23067183.070103246,23067183.070103246,1,818.0999999999913,575.3999999999942,242.6999999999971,818.0999999999913,993.028571428568
2025-12-12 03:00:00,92584.5,92752.5,92175.0,92275.1,142.86960433,13196568.63684372,13196568.63684372,1,577.5,168.10000000000582,409.3999999999942,577.5,1013.2857142857112
2025-12-12 04:00:00,92274.9,92468.1,92123.0,92397.5,168.48839422,15545834.088353661,15545834.088353661,1,345.1000000000058,193.0,152.10000000000582,345.1000000000058,950.1999999999971
2025-12-12 05:00:00,92397.6,92502.3,92078.6,92443.2,134.01676677,12368300.369900802,12368300.369900802,1,423.6999999999971,104.80000000000291,318.8999999999942,423.6999999999971,892.2714285714256
2025-12-12 06:00:00,92443.2,92719.3,92403.1,92506.6,134.63047044,12466374.304033229,12466374.304033229,1,316.1999999999971,276.1000000000058,40.09999999999127,316.1999999999971,854.364285714283
2025-12-12 07:00:00,92506.7,92562.6,92250.3,92427.1,198.62147521,18363238.511646634,18363238.511646634,1,312.3000000000029,56.0,256.3000000000029,312.3000000000029,832.0214285714256
2025-12-12 08:00:00,92427.2,92479.1,92103.1,92347.4,159.40891768,14712170.015336549,14712170.015336549,1,376.0,52.0,324.0,376.0,766.5714285714265
2025-12-12 09:00:00,92346.9,92559.3,92088.5,92522.5,103.49380457,9554816.047931844,9554816.047931844,1,470.8000000000029,211.90000000000873,258.8999999999942,470.8000000000029,731.7642857142845
2025-12-12 10:00:00,92522.6,92635.6,92413.3,92493.0,183.00963292,16931789.121531478,16931789.121531478,1,222.3000000000029,113.10000000000582,109.19999999999709,222.3000000000029,674.307142857142
2025-12-12 11:00:00,92493.1,92493.1,92276.3,92411.9,62.00548005,5727795.329903857,5727795.329903857,1,216.8000000000029,0.10000000000582077,216.6999999999971,216.8000000000029,556.8571428571429
2025-12-12 12:00:00,92411.8,92425.1,92085.9,92425.1,165.86361655,15300734.520564509,15300734.520564509,1,339.20000000001164,13.200000000011642,326.0,339.20000000001164,502.47142857143
2025-12-12 13:00:00,92425.1,92515.6,92250.3,92311.9,129.70306513,11981370.903314232,11981370.903314232,1,265.3000000000029,90.5,174.8000000000029,265.3000000000029,488.0357142857164
2025-12-12 14:00:00,92311.9,92666.5,91902.5,92445.5,329.62106883,30444218.069092544,30444218.069092544,1,764.0,354.6000000000058,409.3999999999942,764.0,444.1714285714302
2025-12-12 15:00:00,92445.5,92445.5,89777.7,89941.4,1021.78373382,93036374.085344914,93036374.085344914,1,2667.800000000003,0.0,2667.800000000003,2667.800000000003,579.6500000000015
2025-12-12 16:00:00,89933.7,90439.5,89466.6,90040.1,539.75715832,48513696.953162542,48513696.953162542,1,972.8999999999942,498.1000000000058,474.79999999998836,972.8999999999942,590.7071428571445
2025-12-12 17:00:00,90040.2,90622.7,89822.6,90075.6,335.39684545,30256725.64032449,30256725.64032449,1,800.0999999999913,582.5999999999913,217.5,800.0999999999913,606.6071428571439
2025-12-12 18:00:00,90075.7,90659.9,90039.0,90366.0,350.93473832,31740116.294646766,31740116.294646766,1,620.8999999999942,584.2999999999884,36.60000000000582,620.8999999999942,626.307142857143
2025-12-12 19:00:00,90366.1,90398.9,90003.9,90197.1,179.75798504,16211958.551396132,16211958.551396132,1,395.0,32.89999999999418,362.1000000000058,395.0,624.2571428571433
2025-12-12 20:00:00,90197.1,90329.8,89888.8,90211.3,143.77395516,12959956.555020375,12959956.555020375,1,441.0,132.6999999999971,308.3000000000029,441.0,633.1714285714291
2025-12-12 21:00:00,90211.2,90347.6,90100.0,90192.0,100.17990399,9039494.043334048,9039494.043334048,1,247.60000000000582,136.3000000000029,111.30000000000291,247.60000000000582,628.5500000000009
2025-12-12 22:00:00,90186.0,90392.3,90184.7,90339.7,67.57906932,6102963.808878532,6102963.808878532,1,207.60000000000582,200.3000000000029,7.30000000000291,207.60000000000582,616.5214285714299
2025-12-12 23:00:00,90339.9,90387.0,90225.1,90268.1,43.02290384,3886376.254715724,3886376.254715724,1,161.89999999999418,47.30000000000291,114.59999999999127,161.89999999999418,594.4571428571435
2025-12-13 00:00:00,90268.1,90436.5,90206.9,90317.6,72.87979636,6583395.67486858,6583395.67486858,1,229.60000000000582,168.39999999999418,61.20000000001164,229.60000000000582,594.9785714285723
2025-12-13 01:00:00,90317.6,90360.0,90112.4,90224.9,53.88380277,4863702.025621173,4863702.025621173,1,247.60000000000582,42.39999999999418,205.20000000001164,247.60000000000582,597.1785714285725
2025-12-13 02:00:00,90225.0,90318.0,90206.2,90227.1,85.2432324,7693250.624685539,7693250.624685539,1,111.80000000000291,93.10000000000582,18.69999999999709,111.80000000000291,580.9357142857147
2025-12-13 03:00:00,90227.1,90469.9,90196.0,90341.9,135.46026992,12236562.817418255,12236562.817418255,1,273.8999999999942,242.79999999998836,31.10000000000582,273.8999999999942,581.5499999999998
2025-12-13 04:00:00,90341.9,90421.0,90271.5,90375.9,66.51295067,6009310.843948976,6009310.843948976,1,149.5,79.10000000000582,70.39999999999418,149.5,537.6571428571426
2025-12-13 05:00:00,90375.9,90394.0,90246.5,90340.4,162.18434809,14647563.439590031,14647563.439590031,1,147.5,18.10000000000582,129.39999999999418,147.5,357.63571428571385
2025-12-13 06:00:00,90340.5,90370.7,90251.6,90348.1,116.02051912,10478012.26595885,10478012.26595885,1,119.09999999999127,30.30000000000291,88.79999999998836,119.09999999999127,296.64999999999935
2025-12-13 07:00:00,90348.2,90416.9,90311.9,90330.0,559.66099937,50572556.425659322,50572556.425659322,1,105.0,68.79999999998836,36.20000000001164,105.0,247.0
2025-12-13 08:00:00,90330.1,90576.7,90314.6,90450.9,239.47088858,21661720.310185571,21661720.310185571,1,262.09999999999127,246.6999999999971,15.39999999999418,262.09999999999127,221.37142857142837
2025-12-13 09:00:00,90450.9,90513.5,90361.9,90415.0,142.43273878,12877980.376253072,12877980.376253072,1,151.60000000000582,62.60000000000582,89.0,151.60000000000582,203.9857142857145
2025-12-13 10:00:00,90415.1,90638.2,90415.1,90592.9,183.38279702,16595402.929461443,16595402.929461443,1,223.09999999999127,223.1999999999971,0.10000000000582077,223.1999999999971,188.42857142857142
2025-12-13 11:00:00,90592.9,90611.8,90300.0,90341.7,106.74044916,9656012.031319075,9656012.031319075,1,311.8000000000029,18.90000000000873,292.8999999999942,311.8000000000029,193.0142857142855
2025-12-13 12:00:00,90341.7,90486.0,90294.5,90355.1,54.66533858,4940466.232547556,4940466.232547556,1,191.5,144.3000000000029,47.19999999999709,191.5,191.8642857142851
2025-12-13 13:00:00,90355.1,90468.8,90200.0,90262.0,297.84272778,26904469.798221174,26904469.798221174,1,268.8000000000029,113.69999999999709,155.10000000000582,268.8000000000029,199.5
2025-12-13 14:00:00,90262.0,90348.1,89930.1,90086.0,152.71142529,13765120.287583045,13765120.287583045,1,418.0,86.10000000000582,331.8999999999942,418.0,212.95714285714243
2025-12-13 15:00:00,90085.9,90293.1,90038.7,90100.7,74.60630179,6725709.608373839,6725709.608373839,1,254.40000000000873,207.10000000000582,47.30000000000291,254.40000000000873,213.44285714285692
2025-12-13 16:00:00,90100.6,90275.0,90032.5,90097.6,47.03441241,4239349.313035252,4239349.313035252,1,242.5,174.3000000000029,68.19999999999709,242.5,222.778571428571
2025-12-13 17:00:00,90097.6,90105.8,89990.0,90054.0,36.70012025,3304003.122741532,3304003.122741532,1,115.80000000000291,8.19999999999709,107.60000000000582,115.80000000000291,211.4857142857145
2025-12-13 18:00:00,90054.1,90190.6,90044.1,90123.9,21.37263691,1926583.75852249,1926583.75852249,1,146.5,136.60000000000582,9.89999999999418,146.5,211.27142857142877
2025-12-13 19:00:00,90124.0,90225.5,90108.7,90182.5,16.58305732,1495351.356629241,1495351.356629241,1,116.80000000000291,101.60000000000582,15.19999999999709,116.80000000000291,209.07857142857185
2025-12-13 20:00:00,90182.4,90215.9,90044.0,90092.6,64.72020751,5836225.620077551,5836225.620077551,1,171.89999999999418,33.39999999999418,138.5,171.89999999999418,212.85000000000062
2025-12-13 21:00:00,90092.6,90192.0,89764.8,90171.5,67.18613368,6043540.506136839,6043540.506136839,1,427.1999999999971,99.39999999999418,327.8000000000029,427.1999999999971,235.86428571428613
2025-12-13 22:00:00,90171.5,90252.4,90002.5,90137.0,37.07301635,3341869.940098472,3341869.940098472,1,249.89999999999418,80.89999999999418,169.0,249.89999999999418,234.99285714285776
2025-12-13 23:00:00,90137.0,90279.0,90067.0,90241.1,25.03486913,2258498.808299851,2258498.808299851,1,212.0,142.0,70.0,212.0,239.30714285714308
2025-12-14 00:00:00,90241.1,90475.0,90125.0,90339.1,107.15131775,9678115.616046229,9678115.616046229,1,350.0,233.89999999999418,116.10000000000582,350.0,248.36428571428613
2025-12-14 01:00:00,90339.1,90458.2,90212.5,90300.4,57.87306423,5228086.693414258,5228086.693414258,1,245.6999999999971,119.09999999999127,126.60000000000582,245.6999999999971,243.64285714285714
2025-12-14 02:00:00,90300.5,90394.0,90247.2,90293.0,36.08459461,3259247.2491152,3259247.2491152,1,146.8000000000029,93.60000000000582,53.19999999999709,146.8000000000029,240.45000000000022
2025-12-14 03:00:00,90293.1,90310.0,90247.2,90266.5,46.3393048,4183271.292433037,4183271.292433037,1,62.80000000000291,17.0,45.80000000000291,62.80000000000291,225.7357142857145
2025-12-14 04:00:00,90266.6,90346.3,90131.3,90205.0,54.69097451,4934947.287390021,4934947.287390021,1,215.0,79.80000000000291,135.1999999999971,215.0,211.2357142857145
2025-12-14 05:00:00,90205.0,90234.0,90051.0,90208.7,72.44141003,6530321.369876209,6530321.369876209,1,183.0,29.0,154.0,183.0,206.13571428571387
2025-12-14 06:00:00,90208.7,90249.7,90100.0,90151.1,29.74349959,2681907.606510695,2681907.606510695,1,149.6999999999971,41.0,108.69999999999709,149.6999999999971,199.50714285714224
2025-12-14 07:00:00,90151.1,90291.1,90085.2,90256.1,114.17679632,10301894.803587832,10301894.803587832,1,205.90000000000873,140.0,65.90000000000873,205.90000000000873,205.94285714285692
2025-12-14 08:00:00,90256.0,90307.6,90104.9,90114.9,205.22209862,18514264.553928792,18514264.553928792,1,202.70000000001164,51.5,151.20000000001164,202.70000000001164,209.95714285714348
2025-12-14 09:00:00,90115.0,90158.0,90007.0,90025.9,57.74668524,5201026.422919042,5201026.422919042,1,151.0,43.10000000000582,107.89999999999418,151.0,212.4000000000004
2025-12-14 10:00:00,90026.0,90133.3,89786.4,89857.0,356.79876067,32105372.509623506,32105372.509623506,1,346.90000000000873,107.40000000000873,239.5,346.90000000000873,224.90000000000146
2025-12-14 11:00:00,89857.1,89857.1,88632.9,89355.0,716.52021275,63954194.407106409,63954194.407106409,1,1224.2000000000116,0.10000000000582077,1224.1000000000058,1224.2000000000116,281.8285714285739
2025-12-14 12:00:00,89355.1,89662.6,89100.0,89418.5,142.95710451,12781971.11729148,12781971.11729148,1,562.6000000000058,307.6000000000058,255.0,562.6000000000058,304.16428571428906
2025-12-14 13:00:00,89417.1,89498.0,89083.9,89484.1,93.66485585,8360013.411800478,8360013.411800478,1,414.1000000000058,79.5,334.6000000000058,414.1000000000058,318.6000000000037
2025-12-14 14:00:00,89484.1,89559.4,88884.0,89112.1,169.43066117,15107379.798435572,15107379.798435572,1,675.3999999999942,75.29999999998836,600.1000000000058,675.3999999999942,341.84285714286045
2025-12-14 15:00:00,89112.1,89180.0,88880.0,89027.7,76.91047471,6846523.108176784,6846523.108176784,1,300.0,67.89999999999418,232.10000000000582,300.0,345.7214285714321
2025-12-14 16:00:00,89027.7,89397.9,88505.4,88832.9,191.920253,17061467.715589613,17061467.715589613,1,892.5,370.1999999999971,522.3000000000029,892.5,398.9857142857176
2025-12-14 17:00:00,88833.0,89029.2,88600.0,88804.9,135.47267914,12032329.846435835,12032329.846435835,1,429.1999999999971,196.3000000000029,232.89999999999418,429.1999999999971,425.15714285714574
2025-12-14 18:00:00,88805.0,89082.4,88720.2,89004.7,85.78959057,7626048.986024495,7626048.986024495,1,362.1999999999971,277.5,84.69999999999709,362.1999999999971,435.67142857143125
2025-12-14 19:00:00,89004.7,89004.7,88465.9,88644.0,104.8662025,9297334.104744129,9297334.104744129,1,538.8000000000029,0.0,538.8000000000029,538.8000000000029,461.0857142857172
2025-12-14 20:00:00,88644.1,88833.0,88350.0,88556.9,147.3055239,13051626.840066244,13051626.840066244,1,483.0,189.0,294.0,483.0,484.89285714286024
2025-12-14 21:00:00,88557.0,88711.6,88342.4,88444.0,66.05346172,5847611.748482705,5847611.748482705,1,369.20000000001164,154.70000000001164,214.5,369.20000000001164,496.5571428571462
2025-12-14 22:00:00,88444.1,88604.9,88018.0,88411.0,162.34966857,14332668.440990824,14332668.440990824,1,586.8999999999942,160.89999999999418,426.0,586.8999999999942,524.000000000002
2025-12-14 23:00:00,88411.0,88610.0,87564.5,88162.9,321.36472736,28279038.877735869,28279038.877735869,1,1045.5,199.0,846.5,1045.5,587.8928571428593
2025-12-15 00:00:00,88163.0,88688.0,88072.3,88456.0,187.50243092,16580640.693921828,16580640.693921828,1,615.6999999999971,525.1000000000058,90.59999999999127,615.6999999999971,607.0928571428584
2025-12-15 01:00:00,88456.0,89336.9,88421.0,89248.1,258.90828396,23027334.224691687,23027334.224691687,1,915.8999999999942,880.8999999999942,35.0,915.8999999999942,585.0714285714286
2025-12-15 02:00:00,89248.1,90021.9,89235.1,89315.0,215.7082354,19325674.8293162,19325674.8293162,1,786.7999999999884,773.7999999999884,13.0,786.7999999999884,601.085714285713
2025-12-15 03:00:00,89315.0,89540.0,89226.5,89285.9,166.99620109,14919165.020506581,14919165.020506581,1,313.5,225.0,88.5,313.5,593.8999999999984
2025-12-15 04:00:00,89286.0,89790.9,89279.0,89669.9,183.76306218,16465873.08390852,16465873.08390852,1,511.8999999999942,505.0,6.899999999994179,511.8999999999942,582.2214285714269
2025-12-15 05:00:00,89669.9,89760.0,89500.0,89616.1,223.79511125,20053979.35117963,20053979.35117963,1,260.0,90.10000000000582,169.89999999999418,260.0,579.364285714284
2025-12-15 06:00:00,89619.0,89922.9,89474.0,89743.4,101.70250397,9120227.446522742,9120227.446522742,1,448.8999999999942,306.79999999998836,142.10000000000582,448.8999999999942,547.6785714285694
2025-12-15 07:00:00,89743.4,89829.7,89523.8,89747.0,145.93321186,13083749.144797532,13083749.144797532,1,305.8999999999942,86.30000000000291,219.59999999999127,305.8999999999942,538.8714285714262
2025-12-15 08:00:00,89747.0,89900.0,89650.0,89770.1,103.64637054,9306377.253837554,9306377.253837554,1,250.0,153.0,97.0,250.0,530.8571428571407
2025-12-15 09:00:00,89770.0,89984.3,89768.0,89873.9,127.88025015,11494131.338542056,11494131.338542056,1,216.3000000000029,214.1999999999971,2.1000000000058208,216.3000000000029,507.8214285714265
2025-12-11 06:00:00,90303.8,90445.9,89954.9,90292.2,187.19643679,16889051.661337297,16889051.661337297,1,491.0,,,491.0,491.0
2025-12-11 07:00:00,90292.3,90329.2,90057.2,90271.0,271.86738121,24519779.769281561,24519779.769281561,1,272.0,37.0,235.0,272.0,381.5
2025-12-11 08:00:00,90270.9,90271.0,89964.9,90186.4,126.31077616,11381625.647527792,11381625.647527792,1,306.1000000000058,0.0,306.1000000000058,306.1000000000058,356.3666666666686
2025-12-11 09:00:00,90186.5,90523.3,90111.9,90233.0,800.5978254,72292353.878754779,72292353.878754779,1,411.40000000000873,336.90000000000873,74.5,411.40000000000873,370.12500000000364
2025-12-11 10:00:00,90233.3,90347.1,90170.0,90317.3,155.557461,14037011.886429888,14037011.886429888,1,177.10000000000582,114.10000000000582,63.0,177.10000000000582,331.5200000000041
2025-12-11 11:00:00,90317.4,90414.0,90204.1,90234.8,551.81074857,49834622.130277799,49834622.130277799,1,209.89999999999418,96.69999999999709,113.19999999999709,209.89999999999418,311.25000000000244
2025-12-11 12:00:00,90234.8,90381.3,90008.0,90029.0,148.4028197,13390022.619956618,13390022.619956618,1,373.3000000000029,146.5,226.8000000000029,373.3000000000029,320.1142857142882
2025-12-11 13:00:00,90029.1,90170.0,89876.1,90101.0,150.53066277,13555048.64929751,13555048.64929751,1,293.8999999999942,141.0,152.89999999999418,293.8999999999942,316.83750000000146
2025-12-11 14:00:00,90101.0,90484.2,89255.9,89548.1,500.5589693,45038872.432556601,45038872.432556601,1,1228.300000000003,383.1999999999971,845.1000000000058,1228.300000000003,418.11111111111273
2025-12-11 15:00:00,89548.1,90642.7,89408.0,89875.1,485.2247252,43702912.661672633,43702912.661672633,1,1234.699999999997,1094.5999999999913,140.10000000000582,1234.699999999997,499.7700000000012
2025-12-11 16:00:00,89875.0,90180.2,89333.3,89736.9,204.82634057,18369819.972935307,18369819.972935307,1,846.8999999999942,305.09999999999127,541.8000000000029,846.8999999999942,531.3272727272732
2025-12-11 17:00:00,89737.1,90255.1,89630.0,89979.4,161.71465129,14553734.661389972,14553734.661389972,1,625.1000000000058,518.2000000000116,106.89999999999418,625.1000000000058,539.1416666666677
2025-12-11 18:00:00,89971.6,91183.4,89891.1,90705.9,335.91158054,30446395.022196414,30446395.022196414,1,1292.2999999999884,1204.0,88.29999999998836,1292.2999999999884,597.0769230769231
2025-12-11 19:00:00,90705.7,91541.2,90583.1,90835.6,281.02742739,25605873.434216176,25605873.434216176,1,958.0999999999913,835.3000000000029,122.79999999998836,958.0999999999913,622.8642857142851
2025-12-11 20:00:00,90835.6,91829.2,90802.5,91781.4,186.21123828,17014826.359211654,17014826.359211654,1,1026.699999999997,993.5999999999913,33.10000000000582,1026.699999999997,661.1285714285706
2025-12-11 21:00:00,91789.2,93564.4,91703.3,92867.6,620.82572248,57645800.030164525,57645800.030164525,1,1861.0999999999913,1783.0,78.09999999999127,1861.0999999999913,774.6357142857129
2025-12-11 22:00:00,92867.7,93198.2,92097.6,92371.5,376.20738183,34826129.694224646,34826129.694224646,1,1100.5999999999913,330.59999999999127,770.0,1100.5999999999913,831.3857142857117
2025-12-11 23:00:00,92373.3,92804.5,92337.1,92522.3,399.27092309,36961470.86925368,36961470.86925368,1,467.3999999999942,433.0,34.39999999999418,467.3999999999942,835.3857142857107
2025-12-12 00:00:00,92522.2,92658.5,91280.4,91577.7,358.3292851,33005770.886541213,33005770.886541213,1,1378.1000000000058,136.1999999999971,1241.9000000000087,1378.1000000000058,921.171428571425
2025-12-12 01:00:00,91577.7,92317.0,91545.9,92171.8,210.07472527,19322611.47707797,19322611.47707797,1,771.1000000000058,739.3000000000029,31.80000000000291,771.1000000000058,961.2571428571401
2025-12-12 02:00:00,92171.9,92747.2,91929.1,92584.4,249.48219932,23067183.070103246,23067183.070103246,1,818.0999999999913,575.3999999999942,242.6999999999971,818.0999999999913,993.028571428568
2025-12-12 03:00:00,92584.5,92752.5,92175.0,92275.1,142.86960433,13196568.63684372,13196568.63684372,1,577.5,168.10000000000582,409.3999999999942,577.5,1013.2857142857112
2025-12-12 04:00:00,92274.9,92468.1,92123.0,92397.5,168.48839422,15545834.088353661,15545834.088353661,1,345.1000000000058,193.0,152.10000000000582,345.1000000000058,950.1999999999971
2025-12-12 05:00:00,92397.6,92502.3,92078.6,92443.2,134.01676677,12368300.369900802,12368300.369900802,1,423.6999999999971,104.80000000000291,318.8999999999942,423.6999999999971,892.2714285714256
2025-12-12 06:00:00,92443.2,92719.3,92403.1,92506.6,134.63047044,12466374.304033229,12466374.304033229,1,316.1999999999971,276.1000000000058,40.09999999999127,316.1999999999971,854.364285714283
2025-12-12 07:00:00,92506.7,92562.6,92250.3,92427.1,198.62147521,18363238.511646634,18363238.511646634,1,312.3000000000029,56.0,256.3000000000029,312.3000000000029,832.0214285714256
2025-12-12 08:00:00,92427.2,92479.1,92103.1,92347.4,159.40891768,14712170.015336549,14712170.015336549,1,376.0,52.0,324.0,376.0,766.5714285714265
2025-12-12 09:00:00,92346.9,92559.3,92088.5,92522.5,103.49380457,9554816.047931844,9554816.047931844,1,470.8000000000029,211.90000000000873,258.8999999999942,470.8000000000029,731.7642857142845
2025-12-12 10:00:00,92522.6,92635.6,92413.3,92493.0,183.00963292,16931789.121531478,16931789.121531478,1,222.3000000000029,113.10000000000582,109.19999999999709,222.3000000000029,674.307142857142
2025-12-12 11:00:00,92493.1,92493.1,92276.3,92411.9,62.00548005,5727795.329903857,5727795.329903857,1,216.8000000000029,0.10000000000582077,216.6999999999971,216.8000000000029,556.8571428571429
2025-12-12 12:00:00,92411.8,92425.1,92085.9,92425.1,165.86361655,15300734.520564509,15300734.520564509,1,339.20000000001164,13.200000000011642,326.0,339.20000000001164,502.47142857143
2025-12-12 13:00:00,92425.1,92515.6,92250.3,92311.9,129.70306513,11981370.903314232,11981370.903314232,1,265.3000000000029,90.5,174.8000000000029,265.3000000000029,488.0357142857164
2025-12-12 14:00:00,92311.9,92666.5,91902.5,92445.5,329.62106883,30444218.069092544,30444218.069092544,1,764.0,354.6000000000058,409.3999999999942,764.0,444.1714285714302
2025-12-12 15:00:00,92445.5,92445.5,89777.7,89941.4,1021.78373382,93036374.085344914,93036374.085344914,1,2667.800000000003,0.0,2667.800000000003,2667.800000000003,579.6500000000015
2025-12-12 16:00:00,89933.7,90439.5,89466.6,90040.1,539.75715832,48513696.953162542,48513696.953162542,1,972.8999999999942,498.1000000000058,474.79999999998836,972.8999999999942,590.7071428571445
2025-12-12 17:00:00,90040.2,90622.7,89822.6,90075.6,335.39684545,30256725.64032449,30256725.64032449,1,800.0999999999913,582.5999999999913,217.5,800.0999999999913,606.6071428571439
2025-12-12 18:00:00,90075.7,90659.9,90039.0,90366.0,350.93473832,31740116.294646766,31740116.294646766,1,620.8999999999942,584.2999999999884,36.60000000000582,620.8999999999942,626.307142857143
2025-12-12 19:00:00,90366.1,90398.9,90003.9,90197.1,179.75798504,16211958.551396132,16211958.551396132,1,395.0,32.89999999999418,362.1000000000058,395.0,624.2571428571433
2025-12-12 20:00:00,90197.1,90329.8,89888.8,90211.3,143.77395516,12959956.555020375,12959956.555020375,1,441.0,132.6999999999971,308.3000000000029,441.0,633.1714285714291
2025-12-12 21:00:00,90211.2,90347.6,90100.0,90192.0,100.17990399,9039494.043334048,9039494.043334048,1,247.60000000000582,136.3000000000029,111.30000000000291,247.60000000000582,628.5500000000009
2025-12-12 22:00:00,90186.0,90392.3,90184.7,90339.7,67.57906932,6102963.808878532,6102963.808878532,1,207.60000000000582,200.3000000000029,7.30000000000291,207.60000000000582,616.5214285714299
2025-12-12 23:00:00,90339.9,90387.0,90225.1,90268.1,43.02290384,3886376.254715724,3886376.254715724,1,161.89999999999418,47.30000000000291,114.59999999999127,161.89999999999418,594.4571428571435
2025-12-13 00:00:00,90268.1,90436.5,90206.9,90317.6,72.87979636,6583395.67486858,6583395.67486858,1,229.60000000000582,168.39999999999418,61.20000000001164,229.60000000000582,594.9785714285723
2025-12-13 01:00:00,90317.6,90360.0,90112.4,90224.9,53.88380277,4863702.025621173,4863702.025621173,1,247.60000000000582,42.39999999999418,205.20000000001164,247.60000000000582,597.1785714285725
2025-12-13 02:00:00,90225.0,90318.0,90206.2,90227.1,85.2432324,7693250.624685539,7693250.624685539,1,111.80000000000291,93.10000000000582,18.69999999999709,111.80000000000291,580.9357142857147
2025-12-13 03:00:00,90227.1,90469.9,90196.0,90341.9,135.46026992,12236562.817418255,12236562.817418255,1,273.8999999999942,242.79999999998836,31.10000000000582,273.8999999999942,581.5499999999998
2025-12-13 04:00:00,90341.9,90421.0,90271.5,90375.9,66.51295067,6009310.843948976,6009310.843948976,1,149.5,79.10000000000582,70.39999999999418,149.5,537.6571428571426
2025-12-13 05:00:00,90375.9,90394.0,90246.5,90340.4,162.18434809,14647563.439590031,14647563.439590031,1,147.5,18.10000000000582,129.39999999999418,147.5,357.63571428571385
2025-12-13 06:00:00,90340.5,90370.7,90251.6,90348.1,116.02051912,10478012.26595885,10478012.26595885,1,119.09999999999127,30.30000000000291,88.79999999998836,119.09999999999127,296.64999999999935
2025-12-13 07:00:00,90348.2,90416.9,90311.9,90330.0,559.66099937,50572556.425659322,50572556.425659322,1,105.0,68.79999999998836,36.20000000001164,105.0,247.0
2025-12-13 08:00:00,90330.1,90576.7,90314.6,90450.9,239.47088858,21661720.310185571,21661720.310185571,1,262.09999999999127,246.6999999999971,15.39999999999418,262.09999999999127,221.37142857142837
2025-12-13 09:00:00,90450.9,90513.5,90361.9,90415.0,142.43273878,12877980.376253072,12877980.376253072,1,151.60000000000582,62.60000000000582,89.0,151.60000000000582,203.9857142857145
2025-12-13 10:00:00,90415.1,90638.2,90415.1,90592.9,183.38279702,16595402.929461443,16595402.929461443,1,223.09999999999127,223.1999999999971,0.10000000000582077,223.1999999999971,188.42857142857142
2025-12-13 11:00:00,90592.9,90611.8,90300.0,90341.7,106.74044916,9656012.031319075,9656012.031319075,1,311.8000000000029,18.90000000000873,292.8999999999942,311.8000000000029,193.0142857142855
2025-12-13 12:00:00,90341.7,90486.0,90294.5,90355.1,54.66533858,4940466.232547556,4940466.232547556,1,191.5,144.3000000000029,47.19999999999709,191.5,191.8642857142851
2025-12-13 13:00:00,90355.1,90468.8,90200.0,90262.0,297.84272778,26904469.798221174,26904469.798221174,1,268.8000000000029,113.69999999999709,155.10000000000582,268.8000000000029,199.5
2025-12-13 14:00:00,90262.0,90348.1,89930.1,90086.0,152.71142529,13765120.287583045,13765120.287583045,1,418.0,86.10000000000582,331.8999999999942,418.0,212.95714285714243
2025-12-13 15:00:00,90085.9,90293.1,90038.7,90100.7,74.60630179,6725709.608373839,6725709.608373839,1,254.40000000000873,207.10000000000582,47.30000000000291,254.40000000000873,213.44285714285692
2025-12-13 16:00:00,90100.6,90275.0,90032.5,90097.6,47.03441241,4239349.313035252,4239349.313035252,1,242.5,174.3000000000029,68.19999999999709,242.5,222.778571428571
2025-12-13 17:00:00,90097.6,90105.8,89990.0,90054.0,36.70012025,3304003.122741532,3304003.122741532,1,115.80000000000291,8.19999999999709,107.60000000000582,115.80000000000291,211.4857142857145
2025-12-13 18:00:00,90054.1,90190.6,90044.1,90123.9,21.37263691,1926583.75852249,1926583.75852249,1,146.5,136.60000000000582,9.89999999999418,146.5,211.27142857142877
2025-12-13 19:00:00,90124.0,90225.5,90108.7,90182.5,16.58305732,1495351.356629241,1495351.356629241,1,116.80000000000291,101.60000000000582,15.19999999999709,116.80000000000291,209.07857142857185
2025-12-13 20:00:00,90182.4,90215.9,90044.0,90092.6,64.72020751,5836225.620077551,5836225.620077551,1,171.89999999999418,33.39999999999418,138.5,171.89999999999418,212.85000000000062
2025-12-13 21:00:00,90092.6,90192.0,89764.8,90171.5,67.18613368,6043540.506136839,6043540.506136839,1,427.1999999999971,99.39999999999418,327.8000000000029,427.1999999999971,235.86428571428613
2025-12-13 22:00:00,90171.5,90252.4,90002.5,90137.0,37.07301635,3341869.940098472,3341869.940098472,1,249.89999999999418,80.89999999999418,169.0,249.89999999999418,234.99285714285776
2025-12-13 23:00:00,90137.0,90279.0,90067.0,90241.1,25.03486913,2258498.808299851,2258498.808299851,1,212.0,142.0,70.0,212.0,239.30714285714308
2025-12-14 00:00:00,90241.1,90475.0,90125.0,90339.1,107.15131775,9678115.616046229,9678115.616046229,1,350.0,233.89999999999418,116.10000000000582,350.0,248.36428571428613
2025-12-14 01:00:00,90339.1,90458.2,90212.5,90300.4,57.87306423,5228086.693414258,5228086.693414258,1,245.6999999999971,119.09999999999127,126.60000000000582,245.6999999999971,243.64285714285714
2025-12-14 02:00:00,90300.5,90394.0,90247.2,90293.0,36.08459461,3259247.2491152,3259247.2491152,1,146.8000000000029,93.60000000000582,53.19999999999709,146.8000000000029,240.45000000000022
2025-12-14 03:00:00,90293.1,90310.0,90247.2,90266.5,46.3393048,4183271.292433037,4183271.292433037,1,62.80000000000291,17.0,45.80000000000291,62.80000000000291,225.7357142857145
2025-12-14 04:00:00,90266.6,90346.3,90131.3,90205.0,54.69097451,4934947.287390021,4934947.287390021,1,215.0,79.80000000000291,135.1999999999971,215.0,211.2357142857145
2025-12-14 05:00:00,90205.0,90234.0,90051.0,90208.7,72.44141003,6530321.369876209,6530321.369876209,1,183.0,29.0,154.0,183.0,206.13571428571387
2025-12-14 06:00:00,90208.7,90249.7,90100.0,90151.1,29.74349959,2681907.606510695,2681907.606510695,1,149.6999999999971,41.0,108.69999999999709,149.6999999999971,199.50714285714224
2025-12-14 07:00:00,90151.1,90291.1,90085.2,90256.1,114.17679632,10301894.803587832,10301894.803587832,1,205.90000000000873,140.0,65.90000000000873,205.90000000000873,205.94285714285692
2025-12-14 08:00:00,90256.0,90307.6,90104.9,90114.9,205.22209862,18514264.553928792,18514264.553928792,1,202.70000000001164,51.5,151.20000000001164,202.70000000001164,209.95714285714348
2025-12-14 09:00:00,90115.0,90158.0,90007.0,90025.9,57.74668524,5201026.422919042,5201026.422919042,1,151.0,43.10000000000582,107.89999999999418,151.0,212.4000000000004
2025-12-14 10:00:00,90026.0,90133.3,89786.4,89857.0,356.79876067,32105372.509623506,32105372.509623506,1,346.90000000000873,107.40000000000873,239.5,346.90000000000873,224.90000000000146
2025-12-14 11:00:00,89857.1,89857.1,88632.9,89355.0,716.52021275,63954194.407106409,63954194.407106409,1,1224.2000000000116,0.10000000000582077,1224.1000000000058,1224.2000000000116,281.8285714285739
2025-12-14 12:00:00,89355.1,89662.6,89100.0,89418.5,142.95710451,12781971.11729148,12781971.11729148,1,562.6000000000058,307.6000000000058,255.0,562.6000000000058,304.16428571428906
2025-12-14 13:00:00,89417.1,89498.0,89083.9,89484.1,93.66485585,8360013.411800478,8360013.411800478,1,414.1000000000058,79.5,334.6000000000058,414.1000000000058,318.6000000000037
2025-12-14 14:00:00,89484.1,89559.4,88884.0,89112.1,169.43066117,15107379.798435572,15107379.798435572,1,675.3999999999942,75.29999999998836,600.1000000000058,675.3999999999942,341.84285714286045
2025-12-14 15:00:00,89112.1,89180.0,88880.0,89027.7,76.91047471,6846523.108176784,6846523.108176784,1,300.0,67.89999999999418,232.10000000000582,300.0,345.7214285714321
2025-12-14 16:00:00,89027.7,89397.9,88505.4,88832.9,191.920253,17061467.715589613,17061467.715589613,1,892.5,370.1999999999971,522.3000000000029,892.5,398.9857142857176
2025-12-14 17:00:00,88833.0,89029.2,88600.0,88804.9,135.47267914,12032329.846435835,12032329.846435835,1,429.1999999999971,196.3000000000029,232.89999999999418,429.1999999999971,425.15714285714574
2025-12-14 18:00:00,88805.0,89082.4,88720.2,89004.7,85.78959057,7626048.986024495,7626048.986024495,1,362.1999999999971,277.5,84.69999999999709,362.1999999999971,435.67142857143125
2025-12-14 19:00:00,89004.7,89004.7,88465.9,88644.0,104.8662025,9297334.104744129,9297334.104744129,1,538.8000000000029,0.0,538.8000000000029,538.8000000000029,461.0857142857172
2025-12-14 20:00:00,88644.1,88833.0,88350.0,88556.9,147.3055239,13051626.840066244,13051626.840066244,1,483.0,189.0,294.0,483.0,484.89285714286024
2025-12-14 21:00:00,88557.0,88711.6,88342.4,88444.0,66.05346172,5847611.748482705,5847611.748482705,1,369.20000000001164,154.70000000001164,214.5,369.20000000001164,496.5571428571462
2025-12-14 22:00:00,88444.1,88604.9,88018.0,88411.0,162.34966857,14332668.440990824,14332668.440990824,1,586.8999999999942,160.89999999999418,426.0,586.8999999999942,524.000000000002
2025-12-14 23:00:00,88411.0,88610.0,87564.5,88162.9,321.36472736,28279038.877735869,28279038.877735869,1,1045.5,199.0,846.5,1045.5,587.8928571428593
2025-12-15 00:00:00,88163.0,88688.0,88072.3,88456.0,187.50243092,16580640.693921828,16580640.693921828,1,615.6999999999971,525.1000000000058,90.59999999999127,615.6999999999971,607.0928571428584
2025-12-15 01:00:00,88456.0,89336.9,88421.0,89248.1,258.90828396,23027334.224691687,23027334.224691687,1,915.8999999999942,880.8999999999942,35.0,915.8999999999942,585.0714285714286
2025-12-15 02:00:00,89248.1,90021.9,89235.1,89315.0,215.7082354,19325674.8293162,19325674.8293162,1,786.7999999999884,773.7999999999884,13.0,786.7999999999884,601.085714285713
2025-12-15 03:00:00,89315.0,89540.0,89226.5,89285.9,166.99620109,14919165.020506581,14919165.020506581,1,313.5,225.0,88.5,313.5,593.8999999999984
2025-12-15 04:00:00,89286.0,89790.9,89279.0,89669.9,183.76306218,16465873.08390852,16465873.08390852,1,511.8999999999942,505.0,6.899999999994179,511.8999999999942,582.2214285714269
2025-12-15 05:00:00,89669.9,89760.0,89500.0,89616.1,223.79511125,20053979.35117963,20053979.35117963,1,260.0,90.10000000000582,169.89999999999418,260.0,579.364285714284
2025-12-15 06:00:00,89619.0,89922.9,89474.0,89743.4,101.70250397,9120227.446522742,9120227.446522742,1,448.8999999999942,306.79999999998836,142.10000000000582,448.8999999999942,547.6785714285694
2025-12-15 07:00:00,89743.4,89829.7,89523.8,89747.0,145.93321186,13083749.144797532,13083749.144797532,1,305.8999999999942,86.30000000000291,219.59999999999127,305.8999999999942,538.8714285714262
2025-12-15 08:00:00,89747.0,89900.0,89650.0,89770.1,103.64637054,9306377.253837554,9306377.253837554,1,250.0,153.0,97.0,250.0,530.8571428571407
2025-12-15 09:00:00,89770.0,89984.3,89768.0,89873.9,127.88025015,11494131.338542056,11494131.338542056,1,216.3000000000029,214.1999999999971,2.1000000000058208,216.3000000000029,507.8214285714265
2025-12-11 07:00:00,90292.3,90329.2,90057.2,90271.0,271.86738121,24519779.769281561,24519779.769281561,1,272.0,,,272.0,272.0
2025-12-11 08:00:00,90270.9,90271.0,89964.9,90186.4,126.31077616,11381625.647527792,11381625.647527792,1,306.1000000000058,0.0,306.1000000000058,306.1000000000058,289.0500000000029
2025-12-11 09:00:00,90186.5,90523.3,90111.9,90233.0,800.5978254,72292353.878754779,72292353.878754779,1,411.40000000000873,336.90000000000873,74.5,411.40000000000873,329.8333333333382
2025-12-11 10:00:00,90233.3,90347.1,90170.0,90317.3,155.557461,14037011.886429888,14037011.886429888,1,177.10000000000582,114.10000000000582,63.0,177.10000000000582,291.6500000000051
2025-12-11 11:00:00,90317.4,90414.0,90204.1,90234.8,551.81074857,49834622.130277799,49834622.130277799,1,209.89999999999418,96.69999999999709,113.19999999999709,209.89999999999418,275.3000000000029
2025-12-11 12:00:00,90234.8,90381.3,90008.0,90029.0,148.4028197,13390022.619956618,13390022.619956618,1,373.3000000000029,146.5,226.8000000000029,373.3000000000029,291.6333333333362
2025-12-11 13:00:00,90029.1,90170.0,89876.1,90101.0,150.53066277,13555048.64929751,13555048.64929751,1,293.8999999999942,141.0,152.89999999999418,293.8999999999942,291.9571428571445
2025-12-11 14:00:00,90101.0,90484.2,89255.9,89548.1,500.5589693,45038872.432556601,45038872.432556601,1,1228.300000000003,383.1999999999971,845.1000000000058,1228.300000000003,409.0000000000018
2025-12-11 15:00:00,89548.1,90642.7,89408.0,89875.1,485.2247252,43702912.661672633,43702912.661672633,1,1234.699999999997,1094.5999999999913,140.10000000000582,1234.699999999997,500.7444444444457
2025-12-11 16:00:00,89875.0,90180.2,89333.3,89736.9,204.82634057,18369819.972935307,18369819.972935307,1,846.8999999999942,305.09999999999127,541.8000000000029,846.8999999999942,535.3600000000006
2025-12-11 17:00:00,89737.1,90255.1,89630.0,89979.4,161.71465129,14553734.661389972,14553734.661389972,1,625.1000000000058,518.2000000000116,106.89999999999418,625.1000000000058,543.5181818181828
2025-12-11 18:00:00,89971.6,91183.4,89891.1,90705.9,335.91158054,30446395.022196414,30446395.022196414,1,1292.2999999999884,1204.0,88.29999999998836,1292.2999999999884,605.9166666666666
2025-12-11 19:00:00,90705.7,91541.2,90583.1,90835.6,281.02742739,25605873.434216176,25605873.434216176,1,958.0999999999913,835.3000000000029,122.79999999998836,958.0999999999913,633.0076923076916
2025-12-11 20:00:00,90835.6,91829.2,90802.5,91781.4,186.21123828,17014826.359211654,17014826.359211654,1,1026.699999999997,993.5999999999913,33.10000000000582,1026.699999999997,661.1285714285706
2025-12-11 21:00:00,91789.2,93564.4,91703.3,92867.6,620.82572248,57645800.030164525,57645800.030164525,1,1861.0999999999913,1783.0,78.09999999999127,1861.0999999999913,774.6357142857129
2025-12-11 22:00:00,92867.7,93198.2,92097.6,92371.5,376.20738183,34826129.694224646,34826129.694224646,1,1100.5999999999913,330.59999999999127,770.0,1100.5999999999913,831.3857142857117
2025-12-11 23:00:00,92373.3,92804.5,92337.1,92522.3,399.27092309,36961470.86925368,36961470.86925368,1,467.3999999999942,433.0,34.39999999999418,467.3999999999942,835.3857142857107
2025-12-12 00:00:00,92522.2,92658.5,91280.4,91577.7,358.3292851,33005770.886541213,33005770.886541213,1,1378.1000000000058,136.1999999999971,1241.9000000000087,1378.1000000000058,921.171428571425
2025-12-12 01:00:00,91577.7,92317.0,91545.9,92171.8,210.07472527,19322611.47707797,19322611.47707797,1,771.1000000000058,739.3000000000029,31.80000000000291,771.1000000000058,961.2571428571401
2025-12-12 02:00:00,92171.9,92747.2,91929.1,92584.4,249.48219932,23067183.070103246,23067183.070103246,1,818.0999999999913,575.3999999999942,242.6999999999971,818.0999999999913,993.028571428568
2025-12-12 03:00:00,92584.5,92752.5,92175.0,92275.1,142.86960433,13196568.63684372,13196568.63684372,1,577.5,168.10000000000582,409.3999999999942,577.5,1013.2857142857112
2025-12-12 04:00:00,92274.9,92468.1,92123.0,92397.5,168.48839422,15545834.088353661,15545834.088353661,1,345.1000000000058,193.0,152.10000000000582,345.1000000000058,950.1999999999971
2025-12-12 05:00:00,92397.6,92502.3,92078.6,92443.2,134.01676677,12368300.369900802,12368300.369900802,1,423.6999999999971,104.80000000000291,318.8999999999942,423.6999999999971,892.2714285714256
2025-12-12 06:00:00,92443.2,92719.3,92403.1,92506.6,134.63047044,12466374.304033229,12466374.304033229,1,316.1999999999971,276.1000000000058,40.09999999999127,316.1999999999971,854.364285714283
2025-12-12 07:00:00,92506.7,92562.6,92250.3,92427.1,198.62147521,18363238.511646634,18363238.511646634,1,312.3000000000029,56.0,256.3000000000029,312.3000000000029,832.0214285714256
2025-12-12 08:00:00,92427.2,92479.1,92103.1,92347.4,159.40891768,14712170.015336549,14712170.015336549,1,376.0,52.0,324.0,376.0,766.5714285714265
2025-12-12 09:00:00,92346.9,92559.3,92088.5,92522.5,103.49380457,9554816.047931844,9554816.047931844,1,470.8000000000029,211.90000000000873,258.8999999999942,470.8000000000029,731.7642857142845
2025-12-12 10:00:00,92522.6,92635.6,92413.3,92493.0,183.00963292,16931789.121531478,16931789.121531478,1,222.3000000000029,113.10000000000582,109.19999999999709,222.3000000000029,674.307142857142
2025-12-12 11:00:00,92493.1,92493.1,92276.3,92411.9,62.00548005,5727795.329903857,5727795.329903857,1,216.8000000000029,0.10000000000582077,216.6999999999971,216.8000000000029,556.8571428571429
2025-12-12 12:00:00,92411.8,92425.1,92085.9,92425.1,165.86361655,15300734.520564509,15300734.520564509,1,339.20000000001164,13.200000000011642,326.0,339.20000000001164,502.47142857143
2025-12-12 13:00:00,92425.1,92515.6,92250.3,92311.9,129.70306513,11981370.903314232,11981370.903314232,1,265.3000000000029,90.5,174.8000000000029,265.3000000000029,488.0357142857164
2025-12-12 14:00:00,92311.9,92666.5,91902.5,92445.5,329.62106883,30444218.069092544,30444218.069092544,1,764.0,354.6000000000058,409.3999999999942,764.0,444.1714285714302
2025-12-12 15:00:00,92445.5,92445.5,89777.7,89941.4,1021.78373382,93036374.085344914,93036374.085344914,1,2667.800000000003,0.0,2667.800000000003,2667.800000000003,579.6500000000015
2025-12-12 16:00:00,89933.7,90439.5,89466.6,90040.1,539.75715832,48513696.953162542,48513696.953162542,1,972.8999999999942,498.1000000000058,474.79999999998836,972.8999999999942,590.7071428571445
2025-12-12 17:00:00,90040.2,90622.7,89822.6,90075.6,335.39684545,30256725.64032449,30256725.64032449,1,800.0999999999913,582.5999999999913,217.5,800.0999999999913,606.6071428571439
2025-12-12 18:00:00,90075.7,90659.9,90039.0,90366.0,350.93473832,31740116.294646766,31740116.294646766,1,620.8999999999942,584.2999999999884,36.60000000000582,620.8999999999942,626.307142857143
2025-12-12 19:00:00,90366.1,90398.9,90003.9,90197.1,179.75798504,16211958.551396132,16211958.551396132,1,395.0,32.89999999999418,362.1000000000058,395.0,624.2571428571433
2025-12-12 20:00:00,90197.1,90329.8,89888.8,90211.3,143.77395516,12959956.555020375,12959956.555020375,1,441.0,132.6999999999971,308.3000000000029,441.0,633.1714285714291
2025-12-12 21:00:00,90211.2,90347.6,90100.0,90192.0,100.17990399,9039494.043334048,9039494.043334048,1,247.60000000000582,136.3000000000029,111.30000000000291,247.60000000000582,628.5500000000009
2025-12-12 22:00:00,90186.0,90392.3,90184.7,90339.7,67.57906932,6102963.808878532,6102963.808878532,1,207.60000000000582,200.3000000000029,7.30000000000291,207.60000000000582,616.5214285714299
2025-12-12 23:00:00,90339.9,90387.0,90225.1,90268.1,43.02290384,3886376.254715724,3886376.254715724,1,161.89999999999418,47.30000000000291,114.59999999999127,161.89999999999418,594.4571428571435
2025-12-13 00:00:00,90268.1,90436.5,90206.9,90317.6,72.87979636,6583395.67486858,6583395.67486858,1,229.60000000000582,168.39999999999418,61.20000000001164,229.60000000000582,594.9785714285723
2025-12-13 01:00:00,90317.6,90360.0,90112.4,90224.9,53.88380277,4863702.025621173,4863702.025621173,1,247.60000000000582,42.39999999999418,205.20000000001164,247.60000000000582,597.1785714285725
2025-12-13 02:00:00,90225.0,90318.0,90206.2,90227.1,85.2432324,7693250.624685539,7693250.624685539,1,111.80000000000291,93.10000000000582,18.69999999999709,111.80000000000291,580.9357142857147
2025-12-13 03:00:00,90227.1,90469.9,90196.0,90341.9,135.46026992,12236562.817418255,12236562.817418255,1,273.8999999999942,242.79999999998836,31.10000000000582,273.8999999999942,581.5499999999998
2025-12-13 04:00:00,90341.9,90421.0,90271.5,90375.9,66.51295067,6009310.843948976,6009310.843948976,1,149.5,79.10000000000582,70.39999999999418,149.5,537.6571428571426
2025-12-13 05:00:00,90375.9,90394.0,90246.5,90340.4,162.18434809,14647563.439590031,14647563.439590031,1,147.5,18.10000000000582,129.39999999999418,147.5,357.63571428571385
2025-12-13 06:00:00,90340.5,90370.7,90251.6,90348.1,116.02051912,10478012.26595885,10478012.26595885,1,119.09999999999127,30.30000000000291,88.79999999998836,119.09999999999127,296.64999999999935
2025-12-13 07:00:00,90348.2,90416.9,90311.9,90330.0,559.66099937,50572556.425659322,50572556.425659322,1,105.0,68.79999999998836,36.20000000001164,105.0,247.0
2025-12-13 08:00:00,90330.1,90576.7,90314.6,90450.9,239.47088858,21661720.310185571,21661720.310185571,1,262.09999999999127,246.6999999999971,15.39999999999418,262.09999999999127,221.37142857142837
2025-12-13 09:00:00,90450.9,90513.5,90361.9,90415.0,142.43273878,12877980.376253072,12877980.376253072,1,151.60000000000582,62.60000000000582,89.0,151.60000000000582,203.9857142857145
2025-12-13 10:00:00,90415.1,90638.2,90415.1,90592.9,183.38279702,16595402.929461443,16595402.929461443,1,223.09999999999127,223.1999999999971,0.10000000000582077,223.1999999999971,188.42857142857142
2025-12-13 11:00:00,90592.9,90611.8,90300.0,90341.7,106.74044916,9656012.031319075,9656012.031319075,1,311.8000000000029,18.90000000000873,292.8999999999942,311.8000000000029,193.0142857142855
2025-12-13 12:00:00,90341.7,90486.0,90294.5,90355.1,54.66533858,4940466.232547556,4940466.232547556,1,191.5,144.3000000000029,47.19999999999709,191.5,191.8642857142851
2025-12-13 13:00:00,90355.1,90468.8,90200.0,90262.0,297.84272778,26904469.798221174,26904469.798221174,1,268.8000000000029,113.69999999999709,155.10000000000582,268.8000000000029,199.5
2025-12-13 14:00:00,90262.0,90348.1,89930.1,90086.0,152.71142529,13765120.287583045,13765120.287583045,1,418.0,86.10000000000582,331.8999999999942,418.0,212.95714285714243
2025-12-13 15:00:00,90085.9,90293.1,90038.7,90100.7,74.60630179,6725709.608373839,6725709.608373839,1,254.40000000000873,207.10000000000582,47.30000000000291,254.40000000000873,213.44285714285692
2025-12-13 16:00:00,90100.6,90275.0,90032.5,90097.6,47.03441241,4239349.313035252,4239349.313035252,1,242.5,174.3000000000029,68.19999999999709,242.5,222.778571428571
2025-12-13 17:00:00,90097.6,90105.8,89990.0,90054.0,36.70012025,3304003.122741532,3304003.122741532,1,115.80000000000291,8.19999999999709,107.60000000000582,115.80000000000291,211.4857142857145
2025-12-13 18:00:00,90054.1,90190.6,90044.1,90123.9,21.37263691,1926583.75852249,1926583.75852249,1,146.5,136.60000000000582,9.89999999999418,146.5,211.27142857142877
2025-12-13 19:00:00,90124.0,90225.5,90108.7,90182.5,16.58305732,1495351.356629241,1495351.356629241,1,116.80000000000291,101.60000000000582,15.19999999999709,116.80000000000291,209.07857142857185
2025-12-13 20:00:00,90182.4,90215.9,90044.0,90092.6,64.72020751,5836225.620077551,5836225.620077551,1,171.89999999999418,33.39999999999418,138.5,171.89999999999418,212.85000000000062
2025-12-13 21:00:00,90092.6,90192.0,89764.8,90171.5,67.18613368,6043540.506136839,6043540.506136839,1,427.1999999999971,99.39999999999418,327.8000000000029,427.1999999999971,235.86428571428613
2025-12-13 22:00:00,90171.5,90252.4,90002.5,90137.0,37.07301635,3341869.940098472,3341869.940098472,1,249.89999999999418,80.89999999999418,169.0,249.89999999999418,234.99285714285776
2025-12-13 23:00:00,90137.0,90279.0,90067.0,90241.1,25.03486913,2258498.808299851,2258498.808299851,1,212.0,142.0,70.0,212.0,239.30714285714308
2025-12-14 00:00:00,90241.1,90475.0,90125.0,90339.1,107.15131775,9678115.616046229,9678115.616046229,1,350.0,233.89999999999418,116.10000000000582,350.0,248.36428571428613
2025-12-14 01:00:00,90339.1,90458.2,90212.5,90300.4,57.87306423,5228086.693414258,5228086.693414258,1,245.6999999999971,119.09999999999127,126.60000000000582,245.6999999999971,243.64285714285714
2025-12-14 02:00:00,90300.5,90394.0,90247.2,90293.0,36.08459461,3259247.2491152,3259247.2491152,1,146.8000000000029,93.60000000000582,53.19999999999709,146.8000000000029,240.45000000000022
2025-12-14 03:00:00,90293.1,90310.0,90247.2,90266.5,46.3393048,4183271.292433037,4183271.292433037,1,62.80000000000291,17.0,45.80000000000291,62.80000000000291,225.7357142857145
2025-12-14 04:00:00,90266.6,90346.3,90131.3,90205.0,54.69097451,4934947.287390021,4934947.287390021,1,215.0,79.80000000000291,135.1999999999971,215.0,211.2357142857145
2025-12-14 05:00:00,90205.0,90234.0,90051.0,90208.7,72.44141003,6530321.369876209,6530321.369876209,1,183.0,29.0,154.0,183.0,206.13571428571387
2025-12-14 06:00:00,90208.7,90249.7,90100.0,90151.1,29.74349959,2681907.606510695,2681907.606510695,1,149.6999999999971,41.0,108.69999999999709,149.6999999999971,199.50714285714224
2025-12-14 07:00:00,90151.1,90291.1,90085.2,90256.1,114.17679632,10301894.803587832,10301894.803587832,1,205.90000000000873,140.0,65.90000000000873,205.90000000000873,205.94285714285692
2025-12-14 08:00:00,90256.0,90307.6,90104.9,90114.9,205.22209862,18514264.553928792,18514264.553928792,1,202.70000000001164,51.5,151.20000000001164,202.70000000001164,209.95714285714348
2025-12-14 09:00:00,90115.0,90158.0,90007.0,90025.9,57.74668524,5201026.422919042,5201026.422919042,1,151.0,43.10000000000582,107.89999999999418,151.0,212.4000000000004
2025-12-14 10:00:00,90026.0,90133.3,89786.4,89857.0,356.79876067,32105372.509623506,32105372.509623506,1,346.90000000000873,107.40000000000873,239.5,346.90000000000873,224.90000000000146
2025-12-14 11:00:00,89857.1,89857.1,88632.9,89355.0,716.52021275,63954194.407106409,63954194.407106409,1,1224.2000000000116,0.10000000000582077,1224.1000000000058,1224.2000000000116,281.8285714285739
2025-12-14 12:00:00,89355.1,89662.6,89100.0,89418.5,142.95710451,12781971.11729148,12781971.11729148,1,562.6000000000058,307.6000000000058,255.0,562.6000000000058,304.16428571428906
2025-12-14 13:00:00,89417.1,89498.0,89083.9,89484.1,93.66485585,8360013.411800478,8360013.411800478,1,414.1000000000058,79.5,334.6000000000058,414.1000000000058,318.6000000000037
2025-12-14 14:00:00,89484.1,89559.4,88884.0,89112.1,169.43066117,15107379.798435572,15107379.798435572,1,675.3999999999942,75.29999999998836,600.1000000000058,675.3999999999942,341.84285714286045
2025-12-14 15:00:00,89112.1,89180.0,88880.0,89027.7,76.91047471,6846523.108176784,6846523.108176784,1,300.0,67.89999999999418,232.10000000000582,300.0,345.7214285714321
2025-12-14 16:00:00,89027.7,89397.9,88505.4,88832.9,191.920253,17061467.715589613,17061467.715589613,1,892.5,370.1999999999971,522.3000000000029,892.5,398.9857142857176
2025-12-14 17:00:00,88833.0,89029.2,88600.0,88804.9,135.47267914,12032329.846435835,12032329.846435835,1,429.1999999999971,196.3000000000029,232.89999999999418,429.1999999999971,425.15714285714574
2025-12-14 18:00:00,88805.0,89082.4,88720.2,89004.7,85.78959057,7626048.986024495,7626048.986024495,1,362.1999999999971,277.5,84.69999999999709,362.1999999999971,435.67142857143125
2025-12-14 19:00:00,89004.7,89004.7,88465.9,88644.0,104.8662025,9297334.104744129,9297334.104744129,1,538.8000000000029,0.0,538.8000000000029,538.8000000000029,461.0857142857172
2025-12-14 20:00:00,88644.1,88833.0,88350.0,88556.9,147.3055239,13051626.840066244,13051626.840066244,1,483.0,189.0,294.0,483.0,484.89285714286024
2025-12-14 21:00:00,88557.0,88711.6,88342.4,88444.0,66.05346172,5847611.748482705,5847611.748482705,1,369.20000000001164,154.70000000001164,214.5,369.20000000001164,496.5571428571462
2025-12-14 22:00:00,88444.1,88604.9,88018.0,88411.0,162.34966857,14332668.440990824,14332668.440990824,1,586.8999999999942,160.89999999999418,426.0,586.8999999999942,524.000000000002
2025-12-14 23:00:00,88411.0,88610.0,87564.5,88162.9,321.36472736,28279038.877735869,28279038.877735869,1,1045.5,199.0,846.5,1045.5,587.8928571428593
2025-12-15 00:00:00,88163.0,88688.0,88072.3,88456.0,187.50243092,16580640.693921828,16580640.693921828,1,615.6999999999971,525.1000000000058,90.59999999999127,615.6999999999971,607.0928571428584
2025-12-15 01:00:00,88456.0,89336.9,88421.0,89248.1,258.90828396,23027334.224691687,23027334.224691687,1,915.8999999999942,880.8999999999942,35.0,915.8999999999942,585.0714285714286
2025-12-15 02:00:00,89248.1,90021.9,89235.1,89315.0,215.7082354,19325674.8293162,19325674.8293162,1,786.7999999999884,773.7999999999884,13.0,786.7999999999884,601.085714285713
2025-12-15 03:00:00,89315.0,89540.0,89226.5,89285.9,166.99620109,14919165.020506581,14919165.020506581,1,313.5,225.0,88.5,313.5,593.8999999999984
2025-12-15 04:00:00,89286.0,89790.9,89279.0,89669.9,183.76306218,16465873.08390852,16465873.08390852,1,511.8999999999942,505.0,6.899999999994179,511.8999999999942,582.2214285714269
2025-12-15 05:00:00,89669.9,89760.0,89500.0,89616.1,223.79511125,20053979.35117963,20053979.35117963,1,260.0,90.10000000000582,169.89999999999418,260.0,579.364285714284
2025-12-15 06:00:00,89619.0,89922.9,89474.0,89743.4,101.70250397,9120227.446522742,9120227.446522742,1,448.8999999999942,306.79999999998836,142.10000000000582,448.8999999999942,547.6785714285694
2025-12-15 07:00:00,89743.4,89829.7,89523.8,89747.0,145.93321186,13083749.144797532,13083749.144797532,1,305.8999999999942,86.30000000000291,219.59999999999127,305.8999999999942,538.8714285714262
2025-12-15 08:00:00,89747.0,89900.0,89650.0,89770.1,103.64637054,9306377.253837554,9306377.253837554,1,250.0,153.0,97.0,250.0,530.8571428571407
2025-12-15 09:00:00,89770.0,89984.3,89768.0,89873.9,127.88025015,11494131.338542056,11494131.338542056,1,216.3000000000029,214.1999999999971,2.1000000000058208,216.3000000000029,507.8214285714265
2025-12-15 10:00:00,89873.9,89976.0,89709.8,89858.9,156.27589988,14041644.613070095,14041644.613070095,1,266.1999999999971,102.10000000000582,164.09999999999127,266.1999999999971,492.335714285712
2025-12-11 07:00:00,90292.3,90329.2,90057.2,90271.0,271.86738121,24519779.769281561,24519779.769281561,1,272.0,,,272.0,272.0
2025-12-11 08:00:00,90270.9,90271.0,89964.9,90186.4,126.31077616,11381625.647527792,11381625.647527792,1,306.1000000000058,0.0,306.1000000000058,306.1000000000058,289.0500000000029
2025-12-11 09:00:00,90186.5,90523.3,90111.9,90233.0,800.5978254,72292353.878754779,72292353.878754779,1,411.40000000000873,336.90000000000873,74.5,411.40000000000873,329.8333333333382
2025-12-11 10:00:00,90233.3,90347.1,90170.0,90317.3,155.557461,14037011.886429888,14037011.886429888,1,177.10000000000582,114.10000000000582,63.0,177.10000000000582,291.6500000000051
2025-12-11 11:00:00,90317.4,90414.0,90204.1,90234.8,551.81074857,49834622.130277799,49834622.130277799,1,209.89999999999418,96.69999999999709,113.19999999999709,209.89999999999418,275.3000000000029
2025-12-11 12:00:00,90234.8,90381.3,90008.0,90029.0,148.4028197,13390022.619956618,13390022.619956618,1,373.3000000000029,146.5,226.8000000000029,373.3000000000029,291.6333333333362
2025-12-11 13:00:00,90029.1,90170.0,89876.1,90101.0,150.53066277,13555048.64929751,13555048.64929751,1,293.8999999999942,141.0,152.89999999999418,293.8999999999942,291.9571428571445
2025-12-11 14:00:00,90101.0,90484.2,89255.9,89548.1,500.5589693,45038872.432556601,45038872.432556601,1,1228.300000000003,383.1999999999971,845.1000000000058,1228.300000000003,409.0000000000018
2025-12-11 15:00:00,89548.1,90642.7,89408.0,89875.1,485.2247252,43702912.661672633,43702912.661672633,1,1234.699999999997,1094.5999999999913,140.10000000000582,1234.699999999997,500.7444444444457
2025-12-11 16:00:00,89875.0,90180.2,89333.3,89736.9,204.82634057,18369819.972935307,18369819.972935307,1,846.8999999999942,305.09999999999127,541.8000000000029,846.8999999999942,535.3600000000006
2025-12-11 17:00:00,89737.1,90255.1,89630.0,89979.4,161.71465129,14553734.661389972,14553734.661389972,1,625.1000000000058,518.2000000000116,106.89999999999418,625.1000000000058,543.5181818181828
2025-12-11 18:00:00,89971.6,91183.4,89891.1,90705.9,335.91158054,30446395.022196414,30446395.022196414,1,1292.2999999999884,1204.0,88.29999999998836,1292.2999999999884,605.9166666666666
2025-12-11 19:00:00,90705.7,91541.2,90583.1,90835.6,281.02742739,25605873.434216176,25605873.434216176,1,958.0999999999913,835.3000000000029,122.79999999998836,958.0999999999913,633.0076923076916
2025-12-11 20:00:00,90835.6,91829.2,90802.5,91781.4,186.21123828,17014826.359211654,17014826.359211654,1,1026.699999999997,993.5999999999913,33.10000000000582,1026.699999999997,661.1285714285706
2025-12-11 21:00:00,91789.2,93564.4,91703.3,92867.6,620.82572248,57645800.030164525,57645800.030164525,1,1861.0999999999913,1783.0,78.09999999999127,1861.0999999999913,774.6357142857129
2025-12-11 22:00:00,92867.7,93198.2,92097.6,92371.5,376.20738183,34826129.694224646,34826129.694224646,1,1100.5999999999913,330.59999999999127,770.0,1100.5999999999913,831.3857142857117
2025-12-11 23:00:00,92373.3,92804.5,92337.1,92522.3,399.27092309,36961470.86925368,36961470.86925368,1,467.3999999999942,433.0,34.39999999999418,467.3999999999942,835.3857142857107
2025-12-12 00:00:00,92522.2,92658.5,91280.4,91577.7,358.3292851,33005770.886541213,33005770.886541213,1,1378.1000000000058,136.1999999999971,1241.9000000000087,1378.1000000000058,921.171428571425
2025-12-12 01:00:00,91577.7,92317.0,91545.9,92171.8,210.07472527,19322611.47707797,19322611.47707797,1,771.1000000000058,739.3000000000029,31.80000000000291,771.1000000000058,961.2571428571401
2025-12-12 02:00:00,92171.9,92747.2,91929.1,92584.4,249.48219932,23067183.070103246,23067183.070103246,1,818.0999999999913,575.3999999999942,242.6999999999971,818.0999999999913,993.028571428568
2025-12-12 03:00:00,92584.5,92752.5,92175.0,92275.1,142.86960433,13196568.63684372,13196568.63684372,1,577.5,168.10000000000582,409.3999999999942,577.5,1013.2857142857112
2025-12-12 04:00:00,92274.9,92468.1,92123.0,92397.5,168.48839422,15545834.088353661,15545834.088353661,1,345.1000000000058,193.0,152.10000000000582,345.1000000000058,950.1999999999971
2025-12-12 05:00:00,92397.6,92502.3,92078.6,92443.2,134.01676677,12368300.369900802,12368300.369900802,1,423.6999999999971,104.80000000000291,318.8999999999942,423.6999999999971,892.2714285714256
2025-12-12 06:00:00,92443.2,92719.3,92403.1,92506.6,134.63047044,12466374.304033229,12466374.304033229,1,316.1999999999971,276.1000000000058,40.09999999999127,316.1999999999971,854.364285714283
2025-12-12 07:00:00,92506.7,92562.6,92250.3,92427.1,198.62147521,18363238.511646634,18363238.511646634,1,312.3000000000029,56.0,256.3000000000029,312.3000000000029,832.0214285714256
2025-12-12 08:00:00,92427.2,92479.1,92103.1,92347.4,159.40891768,14712170.015336549,14712170.015336549,1,376.0,52.0,324.0,376.0,766.5714285714265
2025-12-12 09:00:00,92346.9,92559.3,92088.5,92522.5,103.49380457,9554816.047931844,9554816.047931844,1,470.8000000000029,211.90000000000873,258.8999999999942,470.8000000000029,731.7642857142845
2025-12-12 10:00:00,92522.6,92635.6,92413.3,92493.0,183.00963292,16931789.121531478,16931789.121531478,1,222.3000000000029,113.10000000000582,109.19999999999709,222.3000000000029,674.307142857142
2025-12-12 11:00:00,92493.1,92493.1,92276.3,92411.9,62.00548005,5727795.329903857,5727795.329903857,1,216.8000000000029,0.10000000000582077,216.6999999999971,216.8000000000029,556.8571428571429
2025-12-12 12:00:00,92411.8,92425.1,92085.9,92425.1,165.86361655,15300734.520564509,15300734.520564509,1,339.20000000001164,13.200000000011642,326.0,339.20000000001164,502.47142857143
2025-12-12 13:00:00,92425.1,92515.6,92250.3,92311.9,129.70306513,11981370.903314232,11981370.903314232,1,265.3000000000029,90.5,174.8000000000029,265.3000000000029,488.0357142857164
2025-12-12 14:00:00,92311.9,92666.5,91902.5,92445.5,329.62106883,30444218.069092544,30444218.069092544,1,764.0,354.6000000000058,409.3999999999942,764.0,444.1714285714302
2025-12-12 15:00:00,92445.5,92445.5,89777.7,89941.4,1021.78373382,93036374.085344914,93036374.085344914,1,2667.800000000003,0.0,2667.800000000003,2667.800000000003,579.6500000000015
2025-12-12 16:00:00,89933.7,90439.5,89466.6,90040.1,539.75715832,48513696.953162542,48513696.953162542,1,972.8999999999942,498.1000000000058,474.79999999998836,972.8999999999942,590.7071428571445
2025-12-12 17:00:00,90040.2,90622.7,89822.6,90075.6,335.39684545,30256725.64032449,30256725.64032449,1,800.0999999999913,582.5999999999913,217.5,800.0999999999913,606.6071428571439
2025-12-12 18:00:00,90075.7,90659.9,90039.0,90366.0,350.93473832,31740116.294646766,31740116.294646766,1,620.8999999999942,584.2999999999884,36.60000000000582,620.8999999999942,626.307142857143
2025-12-12 19:00:00,90366.1,90398.9,90003.9,90197.1,179.75798504,16211958.551396132,16211958.551396132,1,395.0,32.89999999999418,362.1000000000058,395.0,624.2571428571433
2025-12-12 20:00:00,90197.1,90329.8,89888.8,90211.3,143.77395516,12959956.555020375,12959956.555020375,1,441.0,132.6999999999971,308.3000000000029,441.0,633.1714285714291
2025-12-12 21:00:00,90211.2,90347.6,90100.0,90192.0,100.17990399,9039494.043334048,9039494.043334048,1,247.60000000000582,136.3000000000029,111.30000000000291,247.60000000000582,628.5500000000009
2025-12-12 22:00:00,90186.0,90392.3,90184.7,90339.7,67.57906932,6102963.808878532,6102963.808878532,1,207.60000000000582,200.3000000000029,7.30000000000291,207.60000000000582,616.5214285714299
2025-12-12 23:00:00,90339.9,90387.0,90225.1,90268.1,43.02290384,3886376.254715724,3886376.254715724,1,161.89999999999418,47.30000000000291,114.59999999999127,161.89999999999418,594.4571428571435
2025-12-13 00:00:00,90268.1,90436.5,90206.9,90317.6,72.87979636,6583395.67486858,6583395.67486858,1,229.60000000000582,168.39999999999418,61.20000000001164,229.60000000000582,594.9785714285723
2025-12-13 01:00:00,90317.6,90360.0,90112.4,90224.9,53.88380277,4863702.025621173,4863702.025621173,1,247.60000000000582,42.39999999999418,205.20000000001164,247.60000000000582,597.1785714285725
2025-12-13 02:00:00,90225.0,90318.0,90206.2,90227.1,85.2432324,7693250.624685539,7693250.624685539,1,111.80000000000291,93.10000000000582,18.69999999999709,111.80000000000291,580.9357142857147
2025-12-13 03:00:00,90227.1,90469.9,90196.0,90341.9,135.46026992,12236562.817418255,12236562.817418255,1,273.8999999999942,242.79999999998836,31.10000000000582,273.8999999999942,581.5499999999998
2025-12-13 04:00:00,90341.9,90421.0,90271.5,90375.9,66.51295067,6009310.843948976,6009310.843948976,1,149.5,79.10000000000582,70.39999999999418,149.5,537.6571428571426
2025-12-13 05:00:00,90375.9,90394.0,90246.5,90340.4,162.18434809,14647563.439590031,14647563.439590031,1,147.5,18.10000000000582,129.39999999999418,147.5,357.63571428571385
2025-12-13 06:00:00,90340.5,90370.7,90251.6,90348.1,116.02051912,10478012.26595885,10478012.26595885,1,119.09999999999127,30.30000000000291,88.79999999998836,119.09999999999127,296.64999999999935
2025-12-13 07:00:00,90348.2,90416.9,90311.9,90330.0,559.66099937,50572556.425659322,50572556.425659322,1,105.0,68.79999999998836,36.20000000001164,105.0,247.0
2025-12-13 08:00:00,90330.1,90576.7,90314.6,90450.9,239.47088858,21661720.310185571,21661720.310185571,1,262.09999999999127,246.6999999999971,15.39999999999418,262.09999999999127,221.37142857142837
2025-12-13 09:00:00,90450.9,90513.5,90361.9,90415.0,142.43273878,12877980.376253072,12877980.376253072,1,151.60000000000582,62.60000000000582,89.0,151.60000000000582,203.9857142857145
2025-12-13 10:00:00,90415.1,90638.2,90415.1,90592.9,183.38279702,16595402.929461443,16595402.929461443,1,223.09999999999127,223.1999999999971,0.10000000000582077,223.1999999999971,188.42857142857142
2025-12-13 11:00:00,90592.9,90611.8,90300.0,90341.7,106.74044916,9656012.031319075,9656012.031319075,1,311.8000000000029,18.90000000000873,292.8999999999942,311.8000000000029,193.0142857142855
2025-12-13 12:00:00,90341.7,90486.0,90294.5,90355.1,54.66533858,4940466.232547556,4940466.232547556,1,191.5,144.3000000000029,47.19999999999709,191.5,191.8642857142851
2025-12-13 13:00:00,90355.1,90468.8,90200.0,90262.0,297.84272778,26904469.798221174,26904469.798221174,1,268.8000000000029,113.69999999999709,155.10000000000582,268.8000000000029,199.5
2025-12-13 14:00:00,90262.0,90348.1,89930.1,90086.0,152.71142529,13765120.287583045,13765120.287583045,1,418.0,86.10000000000582,331.8999999999942,418.0,212.95714285714243
2025-12-13 15:00:00,90085.9,90293.1,90038.7,90100.7,74.60630179,6725709.608373839,6725709.608373839,1,254.40000000000873,207.10000000000582,47.30000000000291,254.40000000000873,213.44285714285692
2025-12-13 16:00:00,90100.6,90275.0,90032.5,90097.6,47.03441241,4239349.313035252,4239349.313035252,1,242.5,174.3000000000029,68.19999999999709,242.5,222.778571428571
2025-12-13 17:00:00,90097.6,90105.8,89990.0,90054.0,36.70012025,3304003.122741532,3304003.122741532,1,115.80000000000291,8.19999999999709,107.60000000000582,115.80000000000291,211.4857142857145
2025-12-13 18:00:00,90054.1,90190.6,90044.1,90123.9,21.37263691,1926583.75852249,1926583.75852249,1,146.5,136.60000000000582,9.89999999999418,146.5,211.27142857142877
2025-12-13 19:00:00,90124.0,90225.5,90108.7,90182.5,16.58305732,1495351.356629241,1495351.356629241,1,116.80000000000291,101.60000000000582,15.19999999999709,116.80000000000291,209.07857142857185
2025-12-13 20:00:00,90182.4,90215.9,90044.0,90092.6,64.72020751,5836225.620077551,5836225.620077551,1,171.89999999999418,33.39999999999418,138.5,171.89999999999418,212.85000000000062
2025-12-13 21:00:00,90092.6,90192.0,89764.8,90171.5,67.18613368,6043540.506136839,6043540.506136839,1,427.1999999999971,99.39999999999418,327.8000000000029,427.1999999999971,235.86428571428613
2025-12-13 22:00:00,90171.5,90252.4,90002.5,90137.0,37.07301635,3341869.940098472,3341869.940098472,1,249.89999999999418,80.89999999999418,169.0,249.89999999999418,234.99285714285776
2025-12-13 23:00:00,90137.0,90279.0,90067.0,90241.1,25.03486913,2258498.808299851,2258498.808299851,1,212.0,142.0,70.0,212.0,239.30714285714308
2025-12-14 00:00:00,90241.1,90475.0,90125.0,90339.1,107.15131775,9678115.616046229,9678115.616046229,1,350.0,233.89999999999418,116.10000000000582,350.0,248.36428571428613
2025-12-14 01:00:00,90339.1,90458.2,90212.5,90300.4,57.87306423,5228086.693414258,5228086.693414258,1,245.6999999999971,119.09999999999127,126.60000000000582,245.6999999999971,243.64285714285714
2025-12-14 02:00:00,90300.5,90394.0,90247.2,90293.0,36.08459461,3259247.2491152,3259247.2491152,1,146.8000000000029,93.60000000000582,53.19999999999709,146.8000000000029,240.45000000000022
2025-12-14 03:00:00,90293.1,90310.0,90247.2,90266.5,46.3393048,4183271.292433037,4183271.292433037,1,62.80000000000291,17.0,45.80000000000291,62.80000000000291,225.7357142857145
2025-12-14 04:00:00,90266.6,90346.3,90131.3,90205.0,54.69097451,4934947.287390021,4934947.287390021,1,215.0,79.80000000000291,135.1999999999971,215.0,211.2357142857145
2025-12-14 05:00:00,90205.0,90234.0,90051.0,90208.7,72.44141003,6530321.369876209,6530321.369876209,1,183.0,29.0,154.0,183.0,206.13571428571387
2025-12-14 06:00:00,90208.7,90249.7,90100.0,90151.1,29.74349959,2681907.606510695,2681907.606510695,1,149.6999999999971,41.0,108.69999999999709,149.6999999999971,199.50714285714224
2025-12-14 07:00:00,90151.1,90291.1,90085.2,90256.1,114.17679632,10301894.803587832,10301894.803587832,1,205.90000000000873,140.0,65.90000000000873,205.90000000000873,205.94285714285692
2025-12-14 08:00:00,90256.0,90307.6,90104.9,90114.9,205.22209862,18514264.553928792,18514264.553928792,1,202.70000000001164,51.5,151.20000000001164,202.70000000001164,209.95714285714348
2025-12-14 09:00:00,90115.0,90158.0,90007.0,90025.9,57.74668524,5201026.422919042,5201026.422919042,1,151.0,43.10000000000582,107.89999999999418,151.0,212.4000000000004
2025-12-14 10:00:00,90026.0,90133.3,89786.4,89857.0,356.79876067,32105372.509623506,32105372.509623506,1,346.90000000000873,107.40000000000873,239.5,346.90000000000873,224.90000000000146
2025-12-14 11:00:00,89857.1,89857.1,88632.9,89355.0,716.52021275,63954194.407106409,63954194.407106409,1,1224.2000000000116,0.10000000000582077,1224.1000000000058,1224.2000000000116,281.8285714285739
2025-12-14 12:00:00,89355.1,89662.6,89100.0,89418.5,142.95710451,12781971.11729148,12781971.11729148,1,562.6000000000058,307.6000000000058,255.0,562.6000000000058,304.16428571428906
2025-12-14 13:00:00,89417.1,89498.0,89083.9,89484.1,93.66485585,8360013.411800478,8360013.411800478,1,414.1000000000058,79.5,334.6000000000058,414.1000000000058,318.6000000000037
2025-12-14 14:00:00,89484.1,89559.4,88884.0,89112.1,169.43066117,15107379.798435572,15107379.798435572,1,675.3999999999942,75.29999999998836,600.1000000000058,675.3999999999942,341.84285714286045
2025-12-14 15:00:00,89112.1,89180.0,88880.0,89027.7,76.91047471,6846523.108176784,6846523.108176784,1,300.0,67.89999999999418,232.10000000000582,300.0,345.7214285714321
2025-12-14 16:00:00,89027.7,89397.9,88505.4,88832.9,191.920253,17061467.715589613,17061467.715589613,1,892.5,370.1999999999971,522.3000000000029,892.5,398.9857142857176
2025-12-14 17:00:00,88833.0,89029.2,88600.0,88804.9,135.47267914,12032329.846435835,12032329.846435835,1,429.1999999999971,196.3000000000029,232.89999999999418,429.1999999999971,425.15714285714574
2025-12-14 18:00:00,88805.0,89082.4,88720.2,89004.7,85.78959057,7626048.986024495,7626048.986024495,1,362.1999999999971,277.5,84.69999999999709,362.1999999999971,435.67142857143125
2025-12-14 19:00:00,89004.7,89004.7,88465.9,88644.0,104.8662025,9297334.104744129,9297334.104744129,1,538.8000000000029,0.0,538.8000000000029,538.8000000000029,461.0857142857172
2025-12-14 20:00:00,88644.1,88833.0,88350.0,88556.9,147.3055239,13051626.840066244,13051626.840066244,1,483.0,189.0,294.0,483.0,484.89285714286024
2025-12-14 21:00:00,88557.0,88711.6,88342.4,88444.0,66.05346172,5847611.748482705,5847611.748482705,1,369.20000000001164,154.70000000001164,214.5,369.20000000001164,496.5571428571462
2025-12-14 22:00:00,88444.1,88604.9,88018.0,88411.0,162.34966857,14332668.440990824,14332668.440990824,1,586.8999999999942,160.89999999999418,426.0,586.8999999999942,524.000000000002
2025-12-14 23:00:00,88411.0,88610.0,87564.5,88162.9,321.36472736,28279038.877735869,28279038.877735869,1,1045.5,199.0,846.5,1045.5,587.8928571428593
2025-12-15 00:00:00,88163.0,88688.0,88072.3,88456.0,187.50243092,16580640.693921828,16580640.693921828,1,615.6999999999971,525.1000000000058,90.59999999999127,615.6999999999971,607.0928571428584
2025-12-15 01:00:00,88456.0,89336.9,88421.0,89248.1,258.90828396,23027334.224691687,23027334.224691687,1,915.8999999999942,880.8999999999942,35.0,915.8999999999942,585.0714285714286
2025-12-15 02:00:00,89248.1,90021.9,89235.1,89315.0,215.7082354,19325674.8293162,19325674.8293162,1,786.7999999999884,773.7999999999884,13.0,786.7999999999884,601.085714285713
2025-12-15 03:00:00,89315.0,89540.0,89226.5,89285.9,166.99620109,14919165.020506581,14919165.020506581,1,313.5,225.0,88.5,313.5,593.8999999999984
2025-12-15 04:00:00,89286.0,89790.9,89279.0,89669.9,183.76306218,16465873.08390852,16465873.08390852,1,511.8999999999942,505.0,6.899999999994179,511.8999999999942,582.2214285714269
2025-12-15 05:00:00,89669.9,89760.0,89500.0,89616.1,223.79511125,20053979.35117963,20053979.35117963,1,260.0,90.10000000000582,169.89999999999418,260.0,579.364285714284
2025-12-15 06:00:00,89619.0,89922.9,89474.0,89743.4,101.70250397,9120227.446522742,9120227.446522742,1,448.8999999999942,306.79999999998836,142.10000000000582,448.8999999999942,547.6785714285694
2025-12-15 07:00:00,89743.4,89829.7,89523.8,89747.0,145.93321186,13083749.144797532,13083749.144797532,1,305.8999999999942,86.30000000000291,219.59999999999127,305.8999999999942,538.8714285714262
2025-12-15 08:00:00,89747.0,89900.0,89650.0,89770.1,103.64637054,9306377.253837554,9306377.253837554,1,250.0,153.0,97.0,250.0,530.8571428571407
2025-12-15 09:00:00,89770.0,89984.3,89768.0,89873.9,127.88025015,11494131.338542056,11494131.338542056,1,216.3000000000029,214.1999999999971,2.1000000000058208,216.3000000000029,507.8214285714265
2025-12-15 10:00:00,89873.9,89976.0,89709.8,89858.9,156.27589988,14041644.613070095,14041644.613070095,1,266.1999999999971,102.10000000000582,164.09999999999127,266.1999999999971,492.335714285712
