timestamp,open,high,low,close,volume,volCcy,volCcyQuote,confirm,high_low,high_close,low_close,tr,atr
2026-06-16 10:00:00,66479.7,66749.0,66457.0,66482.9,218040.21,2180.4021,145183991.74813,1,292.0,,,292.0,292.0
2026-06-16 11:00:00,66482.9,66624.0,66328.7,66458.1,284699.27,2846.9927,189149310.2049,1,295.3000000000029,141.10000000000582,154.1999999999971,295.3000000000029,293.65000000000146
2026-06-16 12:00:00,66458.1,66790.0,66330.0,66387.9,446540.69,4465.4069,297097050.07774,1,460.0,331.8999999999942,128.10000000000582,460.0,349.100000000001
2026-06-16 13:00:00,66388.0,66430.0,65888.9,66014.0,735680.89,7356.8089,486280969.49783,1,541.1000000000058,42.10000000000582,499.0,541.1000000000058,397.1000000000022
2026-06-16 14:00:00,66014.4,66226.0,65324.3,65628.4,975963.13,9759.6313,640891123.61759,1,901.6999999999971,212.0,689.6999999999971,901.6999999999971,498.0200000000012
2026-06-16 15:00:00,65628.3,65968.0,65580.1,65834.7,418749.69,4187.4969,275528507.53702,1,387.8999999999942,339.6000000000058,48.29999999998836,387.8999999999942,479.6666666666667
2026-06-16 16:00:00,65834.8,65929.7,65668.3,65727.0,217827.86,2178.2786,143257622.8408,1,261.3999999999942,95.0,166.39999999999418,261.3999999999942,448.48571428571347
2026-06-16 17:00:00,65727.0,65984.3,65675.8,65946.5,197768.85,1977.6885,130177463.46752,1,308.5,257.3000000000029,51.19999999999709,308.5,430.9874999999993
2026-06-16 18:00:00,65946.5,66246.8,65762.1,65815.3,321950.72,3219.5072,212559859.75587,1,484.6999999999971,300.3000000000029,184.39999999999418,484.6999999999971,436.9555555555546
2026-06-16 19:00:00,65815.2,65815.2,65520.8,65650.1,246067.66,2460.6766,161500975.74166,1,294.3999999999942,0.10000000000582077,294.5,294.5,422.7099999999991
2026-06-16 20:00:00,65650.0,65844.0,65554.5,65829.7,140750.43,1407.5043,92500417.48081,1,289.5,193.89999999999418,95.60000000000582,289.5,410.5999999999992
2026-06-16 21:00:00,65829.8,65921.2,65620.0,65748.0,120496.24,1204.9624,79239528.50118,1,301.1999999999971,91.5,209.6999999999971,301.1999999999971,401.4833333333324
2026-06-16 22:00:00,65748.0,65860.1,65650.0,65746.3,130428.91,1304.2891,85737847.5708,1,210.10000000000582,112.10000000000582,98.0,210.10000000000582,386.761538461538
2026-06-16 23:00:00,65746.4,65806.7,65588.3,65648.7,86812.88,868.1288,57018946.65405,1,218.39999999999418,60.39999999999418,158.0,218.39999999999418,374.73571428571347
2026-06-17 00:00:00,65648.7,65824.6,65648.7,65682.0,118708.95,1187.0895,78029339.07393,1,175.90000000000873,175.90000000000873,0.0,175.90000000000873,366.44285714285695
2026-06-17 01:00:00,65682.1,65934.4,65408.9,65902.9,306594.53,3065.9453,201264217.65025,1,525.4999999999927,252.39999999999418,273.09999999999854,525.4999999999927,382.88571428571333
2026-06-17 02:00:00,65903.0,66100.0,65739.3,65868.9,252975.22,2529.7522,166755178.41785,1,360.6999999999971,197.10000000000582,163.59999999999127,360.6999999999971,375.792857142856
2026-06-17 03:00:00,65868.9,65874.4,65666.6,65820.0,103502.88,1035.0288,68066490.50279,1,207.79999999998836,5.5,202.29999999998836,207.79999999998836,351.9857142857119
2026-06-17 04:00:00,65820.0,66021.2,65754.5,65855.6,141185.67,1411.8567,93033293.49313,1,266.6999999999971,201.1999999999971,65.5,266.6999999999971,306.62857142856905
2026-06-17 05:00:00,65855.6,65950.0,65710.0,65803.7,137331.39,1373.3139,90366469.34849,1,240.0,94.39999999999418,145.60000000000582,240.0,296.06428571428376
2026-06-17 06:00:00,65803.7,65864.3,65543.1,65593.0,212913.96,2129.1396,139806129.91444,1,321.1999999999971,60.60000000000582,260.59999999999127,321.1999999999971,300.3357142857125
2026-06-17 07:00:00,65593.0,65687.8,65213.6,65505.0,580719.8,5807.198,380026051.17893,1,474.20000000000437,94.80000000000291,379.40000000000146,474.20000000000437,312.1714285714271
2026-06-17 08:00:00,65505.0,65543.6,64777.3,64886.7,867879.55,8678.7955,564853317.70962,1,766.3000000000029,38.60000000000582,727.6999999999971,766.3000000000029,332.28571428571325
2026-06-17 09:00:00,64886.7,65047.9,64810.0,64885.2,355288.5,3552.885,230749964.87792,1,237.90000000000146,161.20000000000437,76.69999999999709,237.90000000000146,328.2428571428562
2026-06-17 10:00:00,64885.2,64969.6,64724.4,64765.9,234520.3,2345.203,152059723.07281,1,245.1999999999971,84.40000000000146,160.79999999999563,245.1999999999971,325.0785714285703
2026-06-17 11:00:00,64765.9,64840.1,64514.6,64777.0,551175.34,5511.7534,356446517.00829,1,325.5,74.19999999999709,251.3000000000029,325.5,326.8142857142848
2026-06-17 12:00:00,64777.0,65074.8,64555.0,65007.2,481807.68,4818.0768,312333818.82907,1,519.8000000000029,297.8000000000029,222.0,519.8000000000029,348.9357142857131
2026-06-17 13:00:00,65007.2,65330.0,64810.0,65231.2,564912.03,5649.1203,367780044.9273,1,520.0,322.8000000000029,197.1999999999971,520.0,370.4785714285707
2026-06-17 14:00:00,65231.2,65420.0,64723.5,65068.0,671157.25,6711.5725,437081116.57623,1,696.5,188.8000000000029,507.6999999999971,696.5,407.66428571428435
2026-06-17 15:00:00,65067.9,65833.1,64950.0,65720.0,669880.96,6698.8096,438630020.81352,1,883.1000000000058,765.1000000000058,118.0,883.1000000000058,433.20714285714246
2026-06-17 16:00:00,65719.9,66426.6,65684.8,65835.1,880731.5,8807.315,581342595.97463,1,741.8000000000029,706.6000000000058,35.19999999999709,741.8000000000029,460.42857142857144
2026-06-17 17:00:00,65835.1,66182.7,65768.0,66077.6,269165.59,2691.6559,177498049.44352,1,414.6999999999971,347.59999999999127,67.10000000000582,414.6999999999971,475.2071428571435
2026-06-17 18:00:00,66077.5,66077.5,64760.4,65479.8,1817851.83,18178.5183,1190009513.06687,1,1317.0999999999985,0.10000000000582077,1317.2000000000044,1317.2000000000044,550.2428571428583
2026-06-17 19:00:00,65479.8,65631.6,64007.0,64278.2,1619758.22,16197.5822,1046011227.03856,1,1624.6000000000058,151.8000000000029,1472.800000000003,1624.6000000000058,649.1428571428587
2026-06-17 20:00:00,64278.2,64455.0,64140.4,64398.0,367458.65,3674.5865,236307341.99733,1,314.59999999999854,176.8000000000029,137.79999999999563,314.59999999999854,648.6714285714303
2026-06-17 21:00:00,64398.0,64420.0,64106.5,64222.7,188045.61,1880.4561,120872619.9397,1,313.5,22.0,291.5,313.5,637.1928571428585
2026-06-17 22:00:00,64222.7,64400.0,63880.0,64261.6,354248.83,3542.4883,227240841.8781,1,520.0,177.3000000000029,342.6999999999971,520.0,619.6000000000012
2026-06-17 23:00:00,64261.6,64498.0,64218.0,64471.4,148745.07,1487.4507,95780434.11164,1,280.0,236.40000000000146,43.599999999998545,280.0,622.6071428571439
2026-06-18 00:00:00,64471.3,64672.3,64412.5,64428.5,194129.04,1941.2904,125323389.97952,1,259.8000000000029,200.90000000000146,58.900000000001455,259.8000000000029,623.6500000000015
2026-06-18 01:00:00,64428.6,64775.4,64422.5,64519.9,180556.11,1805.5611,116680849.74382,1,352.90000000000146,346.90000000000146,6.0,352.90000000000146,625.6071428571444
2026-06-18 02:00:00,64520.0,64750.0,64444.3,64650.4,236022.59,2360.2259,152543595.5406,1,305.6999999999971,230.09999999999854,75.59999999999854,305.6999999999971,610.3142857142868
2026-06-18 03:00:00,64650.4,64655.0,64234.4,64250.1,246537.41,2465.3741,158697498.94354,1,420.59999999999854,4.599999999998545,416.0,420.59999999999854,603.2142857142868
2026-06-18 04:00:00,64250.2,64310.1,63773.1,63849.5,679106.04,6791.0604,434314183.41047,1,537.0,60.0,477.0,537.0,591.8214285714296
2026-06-18 05:00:00,63849.4,64000.0,63666.0,63968.4,343162.52,3431.6252,219108294.08928,1,334.0,150.5,183.5,334.0,552.6000000000006
2026-06-18 06:00:00,63968.4,64104.3,63820.4,64057.3,240314.71,2403.1471,153785438.72037,1,283.90000000000146,135.90000000000146,148.0,283.90000000000146,519.8928571428577
2026-06-18 07:00:00,64057.5,64480.0,63982.1,64474.1,368390.51,3683.9051,236786800.39572,1,497.90000000000146,422.6999999999971,75.20000000000437,497.90000000000146,525.8357142857151
2026-06-18 08:00:00,64474.1,64650.0,64314.8,64369.9,430050.38,4300.5038,277387734.61959,1,335.1999999999971,175.90000000000146,159.29999999999563,335.1999999999971,455.69285714285746
2026-06-18 09:00:00,64370.0,64450.0,64150.0,64168.2,233730.82,2337.3082,150273438.44544,1,300.0,80.09999999999854,219.90000000000146,300.0,361.0785714285713
2026-06-18 10:00:00,64168.2,64195.4,63886.0,64050.0,371818.83,3718.1883,238045058.09693,1,309.40000000000146,27.200000000004366,282.1999999999971,309.40000000000146,360.70714285714297
2026-06-18 11:00:00,64050.0,64169.9,63846.3,63941.0,295245.43,2952.4543,188881919.25797,1,323.59999999999854,119.90000000000146,203.6999999999971,323.59999999999854,361.42857142857144
2026-06-18 12:00:00,63941.0,64375.0,63890.6,64342.5,343798.15,3437.9815,220590042.37861,1,484.40000000000146,434.0,50.400000000001455,484.40000000000146,358.8857142857144
2026-06-18 13:00:00,64342.6,64416.4,63756.5,63956.0,640993.53,6409.9353,410925980.0176,1,659.9000000000015,73.90000000000146,586.0,659.9000000000015,386.02142857142877
2026-06-18 14:00:00,63956.0,64178.0,63525.0,63785.7,776643.81,7766.4381,495536347.39606,1,653.0,222.0,431.0,653.0,414.10714285714283
2026-06-18 15:00:00,63785.6,63800.0,62253.6,62332.2,1953411.62,19534.1162,1230468923.34249,1,1546.4000000000015,14.30000000000291,1532.0999999999985,1546.4000000000015,499.35714285714283
2026-06-18 16:00:00,62332.2,62789.9,62308.3,62659.0,787260.9,7872.609,492783376.12128,1,481.59999999999854,457.70000000000437,23.89999999999418,481.59999999999854,511.9214285714287
2026-06-18 17:00:00,62659.0,62716.8,62222.2,62569.1,631214.15,6312.1415,394470475.34319,1,494.6000000000058,57.80000000000291,436.8000000000029,494.6000000000058,517.2071428571435
2026-06-18 18:00:00,62569.1,62920.8,62541.2,62676.1,427572.3,4275.723,268262690.67118,1,379.6000000000058,351.70000000000437,27.900000000001455,379.6000000000058,505.96428571428675
2026-06-18 19:00:00,62676.2,62979.0,62600.0,62922.2,228415.37,2284.1537,143512423.43446,1,379.0,302.90000000000146,76.09999999999854,379.0,509.17857142857247
2026-06-18 20:00:00,62922.3,63249.9,62922.3,63059.3,324211.48,3242.1148,204571246.8964,1,327.59999999999854,327.70000000000437,0.10000000000582077,327.70000000000437,512.3071428571441
2026-06-18 21:00:00,63059.4,63097.4,62838.5,62933.1,149634.21,1496.3421,94194764.51857,1,258.90000000000146,38.099999999998545,220.8000000000029,258.90000000000146,495.2357142857155
2026-06-18 22:00:00,62933.0,62966.5,62695.5,62846.4,135094.97,1350.9497,84856528.87659,1,271.0,33.400000000001455,237.59999999999854,271.0,490.65000000000146
2026-06-18 23:00:00,62846.4,62958.1,62719.3,62920.8,118749.76,1187.4976,74630286.0465,1,238.79999999999563,111.69999999999709,127.09999999999854,238.79999999999563,486.27857142857255
2026-06-19 00:00:00,62920.8,63059.0,62807.9,62987.7,135131.33,1351.3133,85057835.04024,1,251.09999999999854,138.1999999999971,112.90000000000146,251.09999999999854,482.11428571428667
2026-06-19 01:00:00,62987.7,63072.8,62816.1,62995.5,149591.62,1495.9162,94166790.59818,1,256.70000000000437,85.10000000000582,171.59999999999854,256.70000000000437,477.33571428571565
2026-06-19 02:00:00,62995.6,63084.7,62855.1,62975.1,121665.72,1216.6572,76614227.25828,1,229.59999999999854,89.19999999999709,140.40000000000146,229.59999999999854,459.13571428571544
2026-06-19 03:00:00,62975.1,63000.0,62350.5,62746.4,573195.6,5731.956,358898184.22956,1,649.5,24.900000000001455,624.5999999999985,649.5,458.3928571428582
2026-06-19 04:00:00,62746.5,62893.3,62380.3,62428.1,308529.39,3085.2939,193156865.07301,1,513.0,146.90000000000146,366.09999999999854,513.0,448.3928571428582
2026-06-19 05:00:00,62428.2,62718.9,62423.2,62713.5,166606.35,1666.0635,104316170.09758,1,295.70000000000437,290.8000000000029,4.900000000001455,295.70000000000437,359.05714285714413
2026-06-19 06:00:00,62713.6,62884.9,62696.4,62859.9,169961.44,1699.6144,106714091.38251,1,188.5,171.40000000000146,17.099999999998545,188.5,338.12142857142993
2026-06-19 07:00:00,62860.0,62888.0,62470.9,62598.2,324185.97,3241.8597,202975900.54752,1,417.09999999999854,28.099999999998545,389.0,417.09999999999854,332.58571428571514
2026-06-19 08:00:00,62598.3,62751.4,62501.2,62571.7,164871.57,1648.7157,103234044.16656,1,250.20000000000437,153.20000000000437,97.0,250.20000000000437,323.3428571428579
2026-06-19 09:00:00,62571.6,62626.3,62281.6,62351.0,398575.67,3985.7567,248672021.82018,1,344.70000000000437,54.60000000000582,290.09999999999854,344.70000000000437,320.8928571428582
2026-06-19 10:00:00,62350.9,62560.0,62350.0,62500.0,239350.37,2393.5037,149472196.63007,1,210.0,209.0,1.0,210.0,312.485714285715
2026-06-19 11:00:00,62500.1,62660.0,62421.4,62599.5,207143.39,2071.4339,129576204.84102,1,238.59999999999854,160.0,78.59999999999854,238.59999999999854,311.0357142857148
2026-06-19 12:00:00,62599.5,62855.5,62320.0,62800.0,453065.33,4530.6533,283622673.12984,1,535.5,256.0,279.5,535.5,329.92857142857196
2026-06-19 13:00:00,62800.0,63387.5,62636.4,63175.9,720603.33,7206.0333,454150743.84585,1,751.0999999999985,587.5,163.59999999999854,751.0999999999985,366.5214285714293
2026-06-19 14:00:00,63175.9,63384.4,62980.0,63174.8,422191.21,4221.9121,266727040.3319,1,404.40000000000146,208.5,195.90000000000146,404.40000000000146,377.4714285714295
2026-06-19 15:00:00,63174.8,63256.2,62986.6,63187.6,272422.45,2724.2245,171954044.30529,1,269.59999999999854,81.39999999999418,188.20000000000437,269.59999999999854,378.3928571428577
2026-06-19 16:00:00,63187.7,63361.3,62879.6,62941.4,415403.22,4154.0322,262444693.75429,1,481.70000000000437,173.70000000000437,308.0,481.70000000000437,396.40000000000094
2026-06-19 17:00:00,62941.4,63197.2,62827.7,63163.1,310043.57,3100.4357,195360784.65928,1,369.5,255.79999999999563,113.70000000000437,369.5,376.40000000000094
2026-06-19 18:00:00,63163.1,63174.4,62950.0,63073.5,121986.51,1219.8651,76919735.07669,1,224.40000000000146,11.30000000000291,213.09999999999854,224.40000000000146,355.7857142857153
2026-06-19 19:00:00,63073.4,63122.7,62904.2,62999.9,116444.86,1164.4486,73358546.32049,1,218.5,49.19999999999709,169.3000000000029,218.5,350.2714285714293
2026-06-19 20:00:00,63000.0,63254.3,62931.0,63215.8,112918.95,1129.1895,71279841.88491,1,323.3000000000029,254.40000000000146,68.90000000000146,323.3000000000029,359.90000000000094
2026-06-19 21:00:00,63215.8,63246.3,63025.4,63052.4,69031.44,690.3144,43585629.35968,1,220.90000000000146,30.5,190.40000000000146,220.90000000000146,345.88571428571544
2026-06-19 22:00:00,63052.3,63350.0,63018.0,63284.7,108083.21,1080.8321,68324181.11515,1,332.0,297.59999999999854,34.400000000001455,332.0,351.72857142857225
2026-06-19 23:00:00,63284.8,63645.7,63240.3,63510.5,292712.77,2927.1277,185750072.29643,1,405.3999999999942,361.0,44.39999999999418,405.3999999999942,356.0642857142858
2026-06-20 00:00:00,63510.4,63752.0,63436.7,63493.5,261622.29,2616.2229,166304749.56064,1,315.3000000000029,241.5,73.80000000000291,315.3000000000029,363.5857142857146
2026-06-20 01:00:00,63493.4,63588.0,63370.0,63547.9,150635.98,1506.3598,95628839.62275,1,218.0,94.5,123.5,218.0,362.11428571428615
2026-06-20 02:00:00,63547.8,63547.8,63289.1,63310.1,142313.21,1423.1321,90212311.15014,1,258.70000000000437,0.09999999999854481,258.8000000000029,258.8000000000029,342.35000000000065
2026-06-20 03:00:00,63310.1,63484.4,63290.0,63448.6,93219.36,932.1936,59092454.71205,1,194.40000000000146,174.3000000000029,20.099999999998545,194.40000000000146,302.58571428571514
2026-06-20 04:00:00,63448.7,63585.3,63361.6,63551.0,115445.9,1154.459,73293950.91855,1,223.70000000000437,136.70000000000437,87.0,223.70000000000437,289.67857142857247
2026-06-20 05:00:00,63551.1,63886.0,63502.9,63640.7,375548.59,3755.4859,239280659.47967,1,383.09999999999854,335.0,48.099999999998545,383.09999999999854,297.7857142857153
2026-06-20 06:00:00,63640.7,63724.8,63604.3,63706.9,123284.91,1232.8491,78499655.44228,1,120.5,84.10000000000582,36.39999999999418,120.5,271.985714285715
2026-06-20 07:00:00,63706.9,63766.6,63560.0,63622.6,153014.55,1530.1455,97447858.08951,1,206.59999999999854,59.69999999999709,146.90000000000146,206.59999999999854,260.35000000000065
2026-06-20 08:00:00,63622.7,63628.2,63341.4,63381.6,311055.97,3110.5597,197389581.56085,1,286.79999999999563,5.599999999998545,281.1999999999971,286.79999999999563,264.80714285714305
2026-06-20 09:00:00,63381.6,63763.0,63381.6,63703.1,271075.07,2710.7507,172416778.82171,1,381.40000000000146,381.40000000000146,0.0,381.40000000000146,276.44285714285746
2026-06-20 10:00:00,63703.2,63749.9,63564.1,63646.1,147540.11,1475.4011,93905626.09272,1,185.8000000000029,46.80000000000291,139.0,185.8000000000029,266.6214285714289
2026-06-20 11:00:00,63646.1,63769.4,63585.6,63646.6,111723.98,1117.2398,71149420.24195,1,183.8000000000029,123.30000000000291,60.5,183.8000000000029,263.971428571429
2026-06-20 12:00:00,63646.7,63756.1,63510.0,63621.9,213585.06,2135.8506,135923865.47118,1,246.09999999999854,109.5,136.59999999999854,246.09999999999854,257.8357142857146
2026-06-20 13:00:00,63621.9,63621.9,63240.0,63357.9,439598.31,4395.9831,278597120.08264,1,381.90000000000146,0.0,381.90000000000146,381.90000000000146,256.1571428571437
2026-06-20 14:00:00,63357.9,64149.5,63150.0,63929.9,865483.69,8654.8369,551158007.92371,1,999.5,791.5999999999985,207.90000000000146,999.5,305.02857142857204
2026-06-20 15:00:00,63930.0,64355.5,63806.7,64129.7,656817.29,6568.1729,421024132.11661,1,548.8000000000029,425.59999999999854,123.20000000000437,548.8000000000029,328.6571428571437
2026-06-20 16:00:00,64129.8,64140.4,63869.6,63995.9,201966.0,2019.66,129223836.14887,1,270.8000000000029,10.700000000004366,260.09999999999854,270.8000000000029,329.51428571428653
2026-06-20 17:00:00,63995.8,64009.0,63701.7,63807.7,233379.7,2333.797,148996036.26872,1,307.3000000000029,13.099999999998545,294.20000000000437,307.3000000000029,337.5785714285724
2026-06-20 18:00:00,63807.7,63906.6,63741.4,63777.0,95845.93,958.4593,61160086.82461,1,165.1999999999971,98.90000000000146,66.29999999999563,165.1999999999971,333.40000000000043
2026-06-20 19:00:00,63776.9,63945.2,63761.2,63909.5,91497.71,914.9771,58434530.05111,1,184.0,168.1999999999971,15.80000000000291,184.0,319.17857142857196
2026-06-20 20:00:00,63909.5,63951.6,63822.7,63903.9,60553.98,605.5398,38697669.09373,1,128.90000000000146,42.099999999998545,86.80000000000291,128.90000000000146,319.77857142857204
2026-06-20 21:00:00,63903.9,64066.7,63887.2,63985.9,89685.62,896.8562,57373738.03315,1,179.5,162.79999999999563,16.700000000004366,179.5,317.8428571428579
2026-06-20 22:00:00,63985.9,64328.6,63951.9,64240.2,198626.72,1986.2672,127494012.56978,1,376.6999999999971,342.6999999999971,34.0,376.6999999999971,324.26428571428653
2026-06-20 23:00:00,64240.3,64309.8,64215.0,64261.7,86371.17,863.7117,55496956.12784,1,94.80000000000291,69.60000000000582,25.19999999999709,94.80000000000291,303.79285714285805
2026-06-21 00:00:00,64261.6,64287.2,64194.0,64257.9,107079.01,1070.7901,68779795.43518,1,93.19999999999709,25.5,67.69999999999709,93.19999999999709,297.17857142857196
2026-06-21 01:00:00,64257.9,64287.9,64179.5,64213.4,133434.35,1334.3435,85696038.22776,1,108.40000000000146,30.0,78.40000000000146,108.40000000000146,291.79285714285754
2026-06-21 02:00:00,64213.4,64246.1,64184.0,64213.8,56957.52,569.5752,36570601.35092,1,62.099999999998545,32.69999999999709,29.400000000001455,62.099999999998545,278.65000000000043
2026-06-21 03:00:00,64213.9,64447.0,64197.7,64391.5,253801.48,2538.0148,163353643.51129,1,249.3000000000029,233.1999999999971,16.10000000000582,249.3000000000029,269.17857142857196
2026-06-21 04:00:00,64391.5,64560.0,64218.5,64245.3,287923.78,2879.2378,185436760.93799,1,341.5,168.5,173.0,341.5,222.17857142857196
2026-06-21 05:00:00,64245.3,64337.8,64186.0,64223.4,138405.67,1384.0567,88910950.38548,1,151.8000000000029,92.5,59.30000000000291,151.8000000000029,193.8214285714291
2026-06-21 06:00:00,64223.5,64294.9,64151.3,64269.7,85526.55,855.2655,54924822.49844,1,143.59999999999854,71.5,72.09999999999854,143.59999999999854,184.7357142857145
2026-06-21 07:00:00,64269.6,64270.0,64127.3,64165.1,121941.64,1219.4164,78269756.19234,1,142.6999999999971,0.3000000000029104,142.39999999999418,142.6999999999971,172.97857142857123
2026-06-21 08:00:00,64165.1,64198.9,63864.0,63983.4,264357.58,2643.5758,169162419.39451,1,334.90000000000146,33.80000000000291,301.09999999999854,334.90000000000146,185.1000000000001
2026-06-21 09:00:00,63983.4,64218.5,63920.0,64177.7,272703.41,2727.0341,174676104.45988,1,298.5,235.09999999999854,63.400000000001455,298.5,193.27857142857152
2026-06-21 10:00:00,64177.6,64380.0,64160.2,64334.8,254634.6,2546.346,163701202.73448,1,219.8000000000029,202.3000000000029,17.5,219.8000000000029,199.77142857142877
2026-06-21 11:00:00,64334.8,64448.4,64079.1,64144.6,394945.48,3949.4548,253815045.84441,1,369.3000000000029,113.59999999999854,255.70000000000437,369.3000000000029,213.32857142857185
2026-06-21 12:00:00,64144.5,64208.1,63908.9,64165.0,398845.09,3988.4509,255480504.57867,1,299.1999999999971,63.5,235.6999999999971,299.1999999999971,207.79285714285757
2026-06-21 13:00:00,64165.0,64165.0,63980.0,64111.9,142362.68,1423.6268,91215850.55192,1,185.0,0.0,185.0,185.0,214.2357142857145
2026-06-21 14:00:00,64111.9,64125.4,63964.4,64122.0,125459.55,1254.5955,80347652.31295,1,161.0,13.5,147.5,161.0,219.07857142857185
2026-06-21 15:00:00,64122.0,64332.5,64087.6,64191.6,171965.49,1719.6549,110415855.35134,1,244.90000000000146,210.5,34.400000000001455,244.90000000000146,228.82857142857185
2026-06-21 16:00:00,64191.7,64223.1,64002.3,64111.2,165645.03,1656.4503,106195823.82898,1,220.79999999999563,31.5,189.29999999999563,220.79999999999563,240.1642857142859
2026-06-21 17:00:00,64111.2,64188.0,64039.1,64114.2,79267.16,792.6716,50817488.7853,1,148.90000000000146,76.80000000000291,72.09999999999854,148.90000000000146,232.99285714285725
2026-06-21 18:00:00,64114.2,64212.6,63911.0,64179.3,143030.33,1430.3033,91621619.31224,1,301.59999999999854,98.40000000000146,203.1999999999971,301.59999999999854,230.14285714285714
2026-06-21 19:00:00,64179.3,64270.0,64130.1,64169.1,69283.06,692.8306,44472654.30345,1,139.90000000000146,90.69999999999709,49.200000000004366,139.90000000000146,229.29285714285703
2026-06-21 20:00:00,64169.2,64237.7,63643.0,63817.6,316643.06,3166.4306,202166120.69949,1,594.6999999999971,68.59999999999854,526.0999999999985,594.6999999999971,261.5142857142855
2026-06-21 21:00:00,63817.6,63939.0,63461.4,63768.5,374995.69,3749.9569,238775666.94743,1,477.59999999999854,121.40000000000146,356.1999999999971,477.59999999999854,285.4357142857142
2026-06-21 22:00:00,63768.4,63829.8,63537.9,63765.9,244153.38,2441.5338,155413485.62726,1,291.90000000000146,61.30000000000291,230.59999999999854,291.90000000000146,282.3642857142856
2026-06-21 23:00:00,63765.9,63765.9,63228.0,63278.9,388031.4,3880.314,246103145.14564,1,537.9000000000015,0.0,537.9000000000015,537.9000000000015,299.4642857142857
2026-06-22 00:00:00,63278.9,64075.0,63278.8,63860.0,571371.2,5713.712,364004287.50605,1,796.1999999999971,796.0999999999985,0.09999999999854481,796.1999999999971,340.63571428571385
2026-06-22 01:00:00,63860.0,64813.0,63820.0,64570.1,1067224.02,10672.2402,687681623.79429,1,993.0,953.0,40.0,993.0,385.1857142857137
2026-06-22 02:00:00,64570.1,64646.2,64220.3,64230.5,322560.16,3225.6016,207891941.51502,1,425.8999999999942,76.09999999999854,349.79999999999563,425.8999999999942,394.23571428571347
2026-06-22 03:00:00,64230.5,64436.0,63866.7,63940.1,483695.02,4836.9502,310107988.78188,1,569.3000000000029,205.5,363.8000000000029,569.3000000000029,421.6857142857137
2026-06-22 04:00:00,63940.1,64087.9,63833.3,64068.1,246952.29,2469.5229,157931529.11631,1,254.59999999999854,147.8000000000029,106.79999999999563,254.59999999999854,428.3714285714278
2026-06-22 05:00:00,64068.1,64310.2,64059.9,64219.3,235210.9,2352.109,151012462.54214,1,250.29999999999563,242.09999999999854,8.19999999999709,250.29999999999563,428.75714285714173
2026-06-22 06:00:00,64219.3,64293.2,63919.2,63963.9,208274.79,2082.7479,133428514.15295,1,374.0,73.89999999999418,300.1000000000058,374.0,439.6999999999992
2026-06-22 07:00:00,63963.9,64382.8,63941.0,64179.3,258416.27,2584.1627,165899945.44949,1,441.8000000000029,418.90000000000146,22.900000000001455,441.8000000000029,460.6214285714278
2026-06-22 08:00:00,64179.3,64320.0,64005.6,64132.4,224171.61,2241.7161,143841927.67048,1,314.40000000000146,140.6999999999971,173.70000000000437,314.40000000000146,461.53571428571377
2026-06-22 09:00:00,64132.4,64230.1,64022.0,64115.4,125031.56,1250.3156,80158261.17959,1,208.09999999999854,97.69999999999709,110.40000000000146,208.09999999999854,466.4071428571421
2026-06-22 10:00:00,64115.5,64252.4,64046.0,64113.6,113973.14,1139.7314,73112355.58654,1,206.40000000000146,137.0,69.40000000000146,206.40000000000146,438.6714285714282
2026-06-22 11:00:00,64113.6,64745.8,64070.0,64625.0,648193.55,6481.9355,418050655.1434,1,675.8000000000029,632.2000000000044,43.599999999998545,675.8000000000029,452.8285714285713
2026-06-22 12:00:00,64625.0,65189.5,64551.7,65116.4,1008709.01,10087.0901,654661755.07531,1,637.8000000000029,564.5,73.30000000000291,637.8000000000029,477.5357142857143
2026-06-22 13:00:00,65116.4,65566.0,64906.5,65549.1,881726.97,8817.2697,575446316.82541,1,659.5,449.59999999999854,209.90000000000146,659.5,486.2214285714285
2026-06-22 14:00:00,65549.1,65616.4,64800.0,64940.5,882303.67,8823.0367,574544836.12034,1,816.3999999999942,67.29999999998836,749.1000000000058,816.3999999999942,487.6642857142854
2026-06-22 15:00:00,64940.6,65115.8,64711.0,64803.5,397758.62,3977.5862,258265731.50136,1,404.8000000000029,175.3000000000029,229.5,404.8000000000029,445.6499999999999
2026-06-22 16:00:00,64803.5,64831.8,64478.7,64693.0,470789.48,4707.8948,304399355.25658,1,353.1000000000058,28.30000000000291,324.8000000000029,353.1000000000058,440.4500000000007
2026-06-22 17:00:00,64693.0,64747.6,64355.0,64578.7,360883.61,3608.8361,232752751.09084,1,392.59999999999854,54.599999999998545,338.0,392.59999999999854,427.8285714285718
2026-06-22 18:00:00,64578.7,64716.7,64263.0,64314.9,287680.25,2876.8025,185562012.46097,1,453.6999999999971,138.0,315.6999999999971,453.6999999999971,442.0500000000003
2026-06-22 19:00:00,64315.0,64480.0,64244.0,64451.4,303220.68,3032.2068,195157949.62921,1,236.0,165.09999999999854,70.90000000000146,236.0,441.02857142857204
2026-06-22 20:00:00,64451.4,64640.3,64331.5,64411.4,219794.33,2197.9433,141755601.21544,1,308.8000000000029,188.90000000000146,119.90000000000146,308.8000000000029,436.3714285714294
2026-06-22 21:00:00,64411.4,64456.7,64108.5,64291.1,187604.5,1876.045,120547683.40158,1,348.1999999999971,45.299999999995634,302.90000000000146,348.1999999999971,429.6857142857147
2026-06-22 22:00:00,64291.0,64367.9,63766.0,63943.0,511240.86,5112.4086,327120174.43661,1,601.9000000000015,76.80000000000291,525.0999999999985,601.9000000000015,450.221428571429
2026-06-22 23:00:00,63943.0,64023.4,63849.4,63994.0,197302.55,1973.0255,126163902.11779,1,174.0,80.40000000000146,93.59999999999854,174.0,447.7857142857148
2026-06-23 00:00:00,63993.9,64136.0,63803.1,64123.5,217232.8,2172.328,138958463.63352,1,332.90000000000146,142.0,190.90000000000146,332.90000000000146,456.82142857142907
2026-06-23 01:00:00,64123.5,64248.5,63866.0,64123.5,311197.69,3111.9769,199451034.4109,1,382.5,125.0,257.5,382.5,435.8714285714289
2026-06-23 02:00:00,64123.5,64250.0,64009.1,64168.3,136227.02,1362.2702,87392262.7671,1,240.90000000000146,126.5,114.40000000000146,240.90000000000146,407.52142857142877
2026-06-23 03:00:00,64168.3,64173.9,63936.2,64040.0,170454.01,1704.5401,109105224.30502,1,237.70000000000437,5.599999999998545,232.10000000000582,237.70000000000437,377.3928571428577
2026-06-23 04:00:00,64039.9,64067.8,63577.1,63597.9,385720.85,3857.2085,246017479.93798,1,490.70000000000437,27.80000000000291,462.90000000000146,490.70000000000437,354.1285714285727
2026-06-23 05:00:00,63597.8,63708.7,63325.0,63366.0,586578.95,5865.7895,372362101.42951,1,383.6999999999971,110.79999999999563,272.90000000000146,383.6999999999971,352.6214285714294
2026-06-23 06:00:00,63366.0,63372.0,62523.1,62899.9,1436817.58,14368.1758,903456584.91718,1,848.9000000000015,6.0,842.9000000000015,848.9000000000015,388.0357142857148
2026-06-23 07:00:00,62900.0,63057.2,62818.2,62846.3,356625.12,3566.2512,224423507.05885,1,239.0,157.29999999999563,81.70000000000437,239.0,377.0642857142863
2026-06-23 08:00:00,62846.2,62910.4,61883.8,62349.1,1576237.72,15762.3772,982268281.19921,1,1026.5999999999985,64.09999999999854,962.5,1026.5999999999985,417.985714285715
2026-06-23 09:00:00,62349.1,62476.9,62296.7,62353.0,281247.43,2812.4743,175495092.80924,1,180.20000000000437,127.80000000000291,52.400000000001455,180.20000000000437,414.000000000001
2026-06-23 10:00:00,62353.0,62548.9,62204.9,62289.1,360934.15,3609.3415,225039987.19594,1,344.0,195.90000000000146,148.09999999999854,344.0,416.51428571428653
2026-06-23 11:00:00,62289.1,62634.2,62286.8,62476.0,337688.94,3376.8894,210958368.54913,1,347.3999999999942,345.09999999999854,2.2999999999956344,347.3999999999942,416.4571428571435
2026-06-23 12:00:00,62476.1,62532.2,62155.0,62229.9,295552.21,2955.5221,184190325.84538,1,377.1999999999971,56.19999999999709,321.0,377.1999999999971,400.4071428571432
2026-06-23 13:00:00,62230.0,62513.2,61928.6,62450.0,824671.07,8246.7107,513247257.2559,1,584.5999999999985,283.29999999999563,301.3000000000029,584.5999999999985,429.7357142857145
2026-06-23 14:00:00,62450.0,62828.1,62375.0,62466.6,750638.42,7506.3842,469730109.6433,1,453.09999999999854,378.09999999999854,75.0,453.09999999999854,438.32142857142856
2026-06-23 15:00:00,62466.7,62486.2,62171.5,62459.9,395688.95,3956.8895,246609259.99024,1,314.6999999999971,19.599999999998545,295.09999999999854,314.6999999999971,433.47857142857123
2026-06-23 16:00:00,62459.9,62794.3,62401.1,62518.3,477023.86,4770.2386,298631057.66049,1,393.20000000000437,334.40000000000146,58.80000000000291,393.20000000000437,444.35714285714283
2026-06-23 17:00:00,62518.3,62661.7,62300.0,62322.1,299400.09,2994.0009,187065888.63688,1,361.6999999999971,143.39999999999418,218.3000000000029,361.6999999999971,453.2142857142852
2026-06-23 18:00:00,62322.2,62420.0,62075.0,62208.9,240937.07,2409.3707,149930778.51695,1,345.0,97.90000000000146,247.09999999999854,345.0,442.807142857142
2026-06-23 19:00:00,62209.0,62457.1,62195.6,62367.4,175757.79,1757.5779,109544004.88567,1,261.5,248.1999999999971,13.30000000000291,261.5,434.0785714285708
2026-06-23 20:00:00,62367.5,62514.8,62350.0,62438.3,114677.29,1146.7729,71608590.08226,1,164.8000000000029,147.40000000000146,17.400000000001455,164.8000000000029,385.2142857142852
2026-06-23 21:00:00,62438.4,62625.0,62438.4,62569.8,105380.39,1053.8039,65903935.40027,1,186.59999999999854,186.6999999999971,0.09999999999854481,186.6999999999971,381.4785714285707
2026-06-23 22:00:00,62569.8,62750.0,62490.0,62560.5,146400.58,1464.0058,91682017.5351,1,260.0,180.1999999999971,79.80000000000291,260.0,326.72142857142796
2026-06-23 23:00:00,62560.4,62774.8,62462.9,62701.4,158158.24,1581.5824,99012377.84649,1,311.90000000000146,214.3000000000029,97.59999999999854,311.90000000000146,336.1285714285706
2026-06-24 00:00:00,62701.5,63000.0,62700.0,62990.0,369455.36,3694.5536,232300177.40387,1,300.0,298.59999999999854,1.4000000000014552,300.0,332.98571428571347
2026-06-24 01:00:00,62990.1,63097.9,62735.6,62908.0,337906.95,3379.0695,212672379.45938,1,362.3000000000029,107.90000000000146,254.40000000000146,362.3000000000029,334.0499999999998
2026-06-24 02:00:00,62907.9,62990.0,62573.8,62607.3,365025.79,3650.2579,228947888.68931,1,416.1999999999971,82.0,334.1999999999971,416.1999999999971,336.83571428571406
2026-06-24 03:00:00,62607.3,62822.0,62433.0,62706.5,318405.08,3184.0508,199421303.98795,1,389.0,214.6999999999971,174.3000000000029,389.0,322.8642857142856
2026-06-24 04:00:00,62706.6,62774.2,62499.9,62722.2,171320.19,1713.2019,107337602.16595,1,274.29999999999563,67.69999999999709,206.59999999999854,274.29999999999563,310.0928571428568
2026-06-24 05:00:00,62722.1,63050.0,62681.6,62864.9,316226.15,3162.2615,198868147.6884,1,368.40000000000146,327.8000000000029,40.599999999998545,368.40000000000146,313.92857142857144
2026-06-24 06:00:00,62864.9,62890.1,62702.6,62757.9,157934.53,1579.3453,99177311.56017,1,187.5,25.19999999999709,162.3000000000029,187.5,299.235714285714
2026-06-24 07:00:00,62757.9,62823.3,62580.0,62627.0,237058.9,2370.589,148590338.05333,1,243.3000000000029,65.40000000000146,177.90000000000146,243.3000000000029,290.7785714285715
2026-06-24 08:00:00,62627.0,62787.6,62576.2,62771.2,160651.23,1606.5123,100702514.42773,1,211.40000000000146,160.59999999999854,50.80000000000291,211.40000000000146,281.2357142857145
2026-06-24 09:00:00,62771.2,62771.3,62607.2,62655.1,112624.74,1126.2474,70589211.37898,1,164.10000000000582,0.10000000000582077,164.0,164.10000000000582,274.27857142857204
2026-06-24 10:00:00,62655.1,62655.1,62385.7,62418.9,309610.43,3096.1043,193565216.67823,1,269.40000000000146,0.0,269.40000000000146,269.40000000000146,281.7500000000005
2026-06-24 11:00:00,62418.9,63221.0,62260.0,62887.5,877769.88,8777.6988,550473253.06983,1,961.0,802.0999999999985,158.90000000000146,961.0,337.05714285714356
2026-06-24 12:00:00,62887.4,62944.2,62551.6,62587.5,473190.38,4731.9038,297030092.84568,1,392.59999999999854,56.69999999999709,335.90000000000146,392.59999999999854,346.52857142857204
2026-06-24 13:00:00,62587.4,62600.0,61205.7,61300.0,2562511.4,25625.114,1583194464.46374,1,1394.300000000003,12.5,1381.800000000003,1394.300000000003,423.8428571428579
2026-06-24 14:00:00,61300.0,61436.5,60829.5,61089.8,1712923.42,17129.2342,1047181493.58322,1,607.0,136.5,470.5,607.0,445.7714285714293
2026-06-24 15:00:00,61089.8,61123.0,60230.9,60252.7,1438907.87,14389.0787,872863768.0164,1,892.0999999999985,33.19999999999709,858.9000000000015,892.0999999999985,483.61428571428615
2026-06-24 16:00:00,60252.7,60675.5,59574.0,59813.9,2267696.36,22676.9636,1362263739.08667,1,1101.5,422.8000000000029,678.6999999999971,1101.5,532.5642857142864
2026-06-24 17:00:00,59814.0,60038.3,59050.3,59359.4,2120453.99,21204.5399,1262437449.29578,1,988.0,224.40000000000146,763.5999999999985,988.0,575.3500000000006
2026-06-24 18:00:00,59359.4,59895.0,59269.0,59573.1,930151.99,9301.5199,554326234.6155,1,626.0,535.5999999999985,90.40000000000146,626.0,600.4714285714296
2026-06-24 19:00:00,59573.2,59957.0,59483.9,59921.2,539430.82,5394.3082,322145574.93142,1,473.09999999999854,383.90000000000146,89.19999999999709,473.09999999999854,607.9500000000007
2026-06-24 20:00:00,59920.8,61176.4,59815.2,60926.4,1716631.71,17166.3171,1041058102.10072,1,1361.2000000000044,1255.2000000000044,106.0,1361.2000000000044,691.7857142857154
2026-06-24 21:00:00,60926.3,61107.2,60632.4,61070.5,391859.76,3918.5976,238535557.49261,1,474.79999999999563,180.79999999999563,294.0,474.79999999999563,708.3214285714291
2026-06-24 22:00:00,61070.4,61243.9,60766.8,60846.5,343302.2,3433.022,209324320.14899,1,477.09999999999854,173.40000000000146,303.6999999999971,477.09999999999854,727.3000000000003
2026-06-24 23:00:00,60846.4,61085.2,60800.0,61050.0,195754.76,1957.5476,119318077.5134,1,285.1999999999971,238.6999999999971,46.5,285.1999999999971,735.9499999999997
2026-06-25 00:00:00,61050.1,61137.0,60692.4,60783.6,329399.55,3293.9955,200617606.22467,1,444.59999999999854,87.0,357.59999999999854,444.59999999999854,748.4642857142852
2026-06-25 01:00:00,60783.6,60955.7,60683.4,60884.4,208642.27,2086.4227,126877990.42968,1,272.29999999999563,172.09999999999854,100.19999999999709,272.29999999999563,699.2714285714277
2026-06-25 02:00:00,60884.4,60935.7,60660.6,60759.9,221748.77,2217.4877,134786080.05996,1,275.09999999999854,51.299999999995634,223.8000000000029,275.09999999999854,690.8785714285706
2026-06-25 03:00:00,60759.9,60873.0,60650.0,60851.9,160981.65,1609.8165,97821526.24399,1,223.0,113.09999999999854,109.90000000000146,223.0,607.2142857142846
2026-06-25 04:00:00,60852.0,61380.6,60752.9,61315.1,408329.73,4083.2973,249462283.5691,1,627.6999999999971,528.6999999999971,99.0,627.6999999999971,608.6928571428559
2026-06-25 05:00:00,61315.1,61776.9,61240.0,61560.3,974505.08,9745.0508,599873196.26473,1,536.9000000000015,461.8000000000029,75.09999999999854,536.9000000000015,583.3214285714275
2026-06-25 06:00:00,61560.3,61830.9,61560.3,61685.6,311380.62,3113.8062,192119060.3954,1,270.59999999999854,270.59999999999854,0.0,270.59999999999854,523.9714285714274
2026-06-25 07:00:00,61685.6,61929.5,61631.4,61877.6,403954.77,4039.5477,249657913.60756,1,298.09999999999854,243.90000000000146,54.19999999999709,298.09999999999854,474.69285714285587
2026-06-25 08:00:00,61877.6,61888.0,61643.5,61676.2,243829.71,2438.2971,150527883.29001,1,244.5,10.400000000001455,234.09999999999854,244.5,447.44285714285587
2026-06-25 09:00:00,61676.2,61753.0,61571.9,61699.9,196692.77,1966.9277,121321278.12386,1,181.09999999999854,76.80000000000291,104.29999999999563,181.09999999999854,426.58571428571304
2026-06-25 10:00:00,61700.0,61718.4,61231.2,61242.2,467215.9,4672.159,287086094.71919,1,487.20000000000437,18.5,468.70000000000437,487.20000000000437,364.1571428571416
2026-06-25 11:00:00,61242.1,61392.7,61029.3,61258.9,682664.31,6826.6431,417989285.52738,1,363.3999999999942,150.5,212.89999999999418,363.3999999999942,356.1999999999986
2026-06-25 12:00:00,61259.0,61757.4,61044.0,61207.3,933843.43,9338.4343,572997103.25677,1,713.4000000000015,498.5,214.90000000000146,713.4000000000015,373.0785714285703
2026-06-25 13:00:00,61207.3,61337.8,58031.5,58258.6,4046682.93,40466.8293,2411671932.63133,1,3306.300000000003,130.5,3175.800000000003,3306.300000000003,588.8714285714278
2026-06-25 14:00:00,58258.5,60453.3,58258.5,59438.0,4033021.67,40330.2167,2394746718.54027,1,2194.800000000003,2194.7000000000044,0.09999999999854481,2194.800000000003,713.8857142857139
2026-06-25 15:00:00,59437.9,59637.6,58833.8,59528.4,1352069.1,13520.691,800786469.33598,1,803.7999999999956,199.59999999999854,604.1999999999971,803.7999999999956,751.8499999999996
2026-06-25 16:00:00,59528.3,60031.0,59107.1,59281.2,888258.11,8882.5811,529231647.51898,1,923.9000000000015,502.59999999999854,421.3000000000029,923.9000000000015,798.192857142857
2026-06-25 17:00:00,59281.3,59714.9,59083.6,59644.6,472834.19,4728.3419,281024183.51112,1,631.3000000000029,433.70000000000437,197.59999999999854,631.3000000000029,827.3571428571429
2026-06-25 18:00:00,59644.5,59756.0,59320.8,59483.9,382674.9,3826.749,227777148.27376,1,435.1999999999971,111.40000000000146,323.79999999999563,435.1999999999971,813.6071428571429
2026-06-25 19:00:00,59483.8,59489.3,59120.8,59295.5,331993.13,3319.9313,196815509.33303,1,368.5,5.400000000001455,363.09999999999854,368.5,801.5785714285713
2026-06-25 20:00:00,59295.5,59720.0,59292.3,59429.0,304095.26,3040.9526,181000641.73137,1,427.6999999999971,424.5,3.1999999999970896,427.6999999999971,812.7999999999998
2026-06-25 21:00:00,59429.0,60267.7,59424.0,60179.8,307127.75,3071.2775,183961096.91336,1,843.6999999999971,838.6999999999971,5.0,843.6999999999971,851.7714285714283
2026-06-25 22:00:00,60179.7,60179.7,59705.0,59810.6,284474.6,2844.746,170348518.17784,1,474.6999999999971,0.10000000000582077,474.8000000000029,474.8000000000029,868.2214285714284
2026-06-25 23:00:00,59810.5,60168.6,59706.2,59767.2,274435.75,2744.3575,164566393.00911,1,462.40000000000146,358.0,104.40000000000146,462.40000000000146,888.3142857142858
2026-06-26 00:00:00,59767.3,59877.2,59600.1,59625.2,210039.14,2100.3914,125492791.01361,1,277.09999999999854,110.0,167.09999999999854,277.09999999999854,873.3071428571426
2026-06-26 01:00:00,59625.2,59754.0,59180.9,59406.1,408296.48,4082.9648,242507622.66057,1,573.0999999999985,128.8000000000029,444.29999999999563,573.0999999999985,888.2857142857143
2026-06-26 02:00:00,59406.0,59424.3,58325.0,58540.0,1404583.56,14045.8356,824611758.12057,1,1099.300000000003,18.200000000004366,1081.0999999999985,1099.300000000003,915.8500000000001
2026-06-26 03:00:00,58540.0,60114.0,58300.0,60010.1,1379864.15,13798.6415,818259559.11442,1,1814.0,1574.0,240.0,1814.0,809.2571428571428
2026-06-26 04:00:00,60010.1,60209.9,59804.7,59894.8,639739.78,6397.3978,383533565.22523,1,405.20000000000437,199.8000000000029,205.40000000000146,405.20000000000437,681.4285714285714
2026-06-26 05:00:00,59894.7,60018.4,59700.2,59910.3,435918.61,4359.1861,260924785.77662,1,318.20000000000437,123.59999999999854,194.60000000000582,318.20000000000437,646.7428571428578
2026-06-26 06:00:00,59910.3,60435.6,59668.4,60299.8,732803.25,7328.0325,440329039.27704,1,767.1999999999971,525.2999999999956,241.90000000000146,767.1999999999971,635.5500000000003
2026-06-26 07:00:00,60299.8,60759.9,60250.0,60486.1,885658.88,8856.5888,536293354.31087,1,509.90000000000146,460.09999999999854,49.80000000000291,509.90000000000146,626.8785714285716
2026-06-26 08:00:00,60486.2,60540.0,60108.8,60210.7,555572.69,5555.7269,334750734.81003,1,431.1999999999971,53.900000000001455,377.29999999999563,431.1999999999971,626.5928571428574
2026-06-26 09:00:00,60210.7,60220.0,59549.0,59705.8,634241.15,6342.4115,379834041.48351,1,671.0,9.30000000000291,661.6999999999971,671.0,648.2000000000002
2026-06-26 10:00:00,59705.9,59826.3,59200.6,59289.2,598328.01,5983.2801,356204516.12069,1,625.7000000000044,120.5,505.20000000000437,625.7000000000044,662.3428571428578
2026-06-26 11:00:00,59289.2,59570.7,59232.3,59390.4,428324.56,4283.2456,254513056.63732,1,338.3999999999942,281.5,56.89999999999418,338.3999999999942,626.2500000000006
2026-06-26 12:00:00,59390.3,59984.0,58940.0,59165.5,1312714.63,13127.1463,779777406.01562,1,1044.0,593.5999999999985,450.40000000000146,1044.0,666.9071428571432
2026-06-26 13:00:00,59165.5,60186.5,58468.0,60149.9,1917208.68,19172.0868,1135223619.38566,1,1718.5,1021.0,697.5,1718.5,756.6285714285716
2026-06-26 14:00:00,60150.0,60274.0,59354.3,59571.2,1311057.74,13110.5774,784570100.55955,1,919.6999999999971,124.09999999999854,795.5999999999985,919.6999999999971,802.5285714285716
2026-06-26 15:00:00,59571.2,60478.9,59555.0,60297.4,1061275.41,10612.7541,638080374.21931,1,923.9000000000015,907.7000000000044,16.19999999999709,923.9000000000015,827.5857142857146
2026-06-26 16:00:00,60297.4,60573.2,59926.9,60015.3,804294.89,8042.9489,483921526.24048,1,646.2999999999956,275.79999999999563,370.5,646.2999999999956,795.2285714285712
2026-06-26 17:00:00,60015.2,60262.7,59912.9,59997.5,345511.77,3455.1177,207556330.81689,1,349.79999999999563,247.39999999999418,102.40000000000146,349.79999999999563,690.6428571428567
2026-06-26 18:00:00,59997.4,60132.1,59527.0,59642.5,322019.05,3220.1905,192605724.05036,1,605.0999999999985,134.59999999999854,470.5,605.0999999999985,704.9214285714277
2026-06-26 19:00:00,59642.5,60080.8,59588.0,59967.3,262428.71,2624.2871,157196116.27073,0,492.8000000000029,438.3000000000029,54.5,492.8000000000029,717.3928571428561
2026-06-16 12:00:00,66458.1,66790.0,66330.0,66387.9,446540.69,4465.4069,297097050.07774,1,460.0,,,460.0,460.0
2026-06-16 13:00:00,66388.0,66430.0,65888.9,66014.0,735680.89,7356.8089,486280969.49783,1,541.1000000000058,42.10000000000582,499.0,541.1000000000058,500.5500000000029
2026-06-16 14:00:00,66014.4,66226.0,65324.3,65628.4,975963.13,9759.6313,640891123.61759,1,901.6999999999971,212.0,689.6999999999971,901.6999999999971,634.2666666666677
2026-06-16 15:00:00,65628.3,65968.0,65580.1,65834.7,418749.69,4187.4969,275528507.53702,1,387.8999999999942,339.6000000000058,48.29999999998836,387.8999999999942,572.6749999999993
2026-06-16 16:00:00,65834.8,65929.7,65668.3,65727.0,217827.86,2178.2786,143257622.8408,1,261.3999999999942,95.0,166.39999999999418,261.3999999999942,510.41999999999825
2026-06-16 17:00:00,65727.0,65984.3,65675.8,65946.5,197768.85,1977.6885,130177463.46752,1,308.5,257.3000000000029,51.19999999999709,308.5,476.76666666666523
2026-06-16 18:00:00,65946.5,66246.8,65762.1,65815.3,321950.72,3219.5072,212559859.75587,1,484.6999999999971,300.3000000000029,184.39999999999418,484.6999999999971,477.89999999999833
2026-06-16 19:00:00,65815.2,65815.2,65520.8,65650.1,246067.66,2460.6766,161500975.74166,1,294.3999999999942,0.10000000000582077,294.5,294.5,454.97499999999854
2026-06-16 20:00:00,65650.0,65844.0,65554.5,65829.7,140750.43,1407.5043,92500417.48081,1,289.5,193.89999999999418,95.60000000000582,289.5,436.5888888888876
2026-06-16 21:00:00,65829.8,65921.2,65620.0,65748.0,120496.24,1204.9624,79239528.50118,1,301.1999999999971,91.5,209.6999999999971,301.1999999999971,423.04999999999853
2026-06-16 22:00:00,65748.0,65860.1,65650.0,65746.3,130428.91,1304.2891,85737847.5708,1,210.10000000000582,112.10000000000582,98.0,210.10000000000582,403.6909090909083
2026-06-16 23:00:00,65746.4,65806.7,65588.3,65648.7,86812.88,868.1288,57018946.65405,1,218.39999999999418,60.39999999999418,158.0,218.39999999999418,388.2499999999988
2026-06-17 00:00:00,65648.7,65824.6,65648.7,65682.0,118708.95,1187.0895,78029339.07393,1,175.90000000000873,175.90000000000873,0.0,175.90000000000873,371.91538461538414
2026-06-17 01:00:00,65682.1,65934.4,65408.9,65902.9,306594.53,3065.9453,201264217.65025,1,525.4999999999927,252.39999999999418,273.09999999999854,525.4999999999927,382.88571428571333
2026-06-17 02:00:00,65903.0,66100.0,65739.3,65868.9,252975.22,2529.7522,166755178.41785,1,360.6999999999971,197.10000000000582,163.59999999999127,360.6999999999971,375.792857142856
2026-06-17 03:00:00,65868.9,65874.4,65666.6,65820.0,103502.88,1035.0288,68066490.50279,1,207.79999999998836,5.5,202.29999999998836,207.79999999998836,351.9857142857119
2026-06-17 04:00:00,65820.0,66021.2,65754.5,65855.6,141185.67,1411.8567,93033293.49313,1,266.6999999999971,201.1999999999971,65.5,266.6999999999971,306.62857142856905
2026-06-17 05:00:00,65855.6,65950.0,65710.0,65803.7,137331.39,1373.3139,90366469.34849,1,240.0,94.39999999999418,145.60000000000582,240.0,296.06428571428376
2026-06-17 06:00:00,65803.7,65864.3,65543.1,65593.0,212913.96,2129.1396,139806129.91444,1,321.1999999999971,60.60000000000582,260.59999999999127,321.1999999999971,300.3357142857125
2026-06-17 07:00:00,65593.0,65687.8,65213.6,65505.0,580719.8,5807.198,380026051.17893,1,474.20000000000437,94.80000000000291,379.40000000000146,474.20000000000437,312.1714285714271
2026-06-17 08:00:00,65505.0,65543.6,64777.3,64886.7,867879.55,8678.7955,564853317.70962,1,766.3000000000029,38.60000000000582,727.6999999999971,766.3000000000029,332.28571428571325
2026-06-17 09:00:00,64886.7,65047.9,64810.0,64885.2,355288.5,3552.885,230749964.87792,1,237.90000000000146,161.20000000000437,76.69999999999709,237.90000000000146,328.2428571428562
2026-06-17 10:00:00,64885.2,64969.6,64724.4,64765.9,234520.3,2345.203,152059723.07281,1,245.1999999999971,84.40000000000146,160.79999999999563,245.1999999999971,325.0785714285703
2026-06-17 11:00:00,64765.9,64840.1,64514.6,64777.0,551175.34,5511.7534,356446517.00829,1,325.5,74.19999999999709,251.3000000000029,325.5,326.8142857142848
2026-06-17 12:00:00,64777.0,65074.8,64555.0,65007.2,481807.68,4818.0768,312333818.82907,1,519.8000000000029,297.8000000000029,222.0,519.8000000000029,348.9357142857131
2026-06-17 13:00:00,65007.2,65330.0,64810.0,65231.2,564912.03,5649.1203,367780044.9273,1,520.0,322.8000000000029,197.1999999999971,520.0,370.4785714285707
2026-06-17 14:00:00,65231.2,65420.0,64723.5,65068.0,671157.25,6711.5725,437081116.57623,1,696.5,188.8000000000029,507.6999999999971,696.5,407.66428571428435
2026-06-17 15:00:00,65067.9,65833.1,64950.0,65720.0,669880.96,6698.8096,438630020.81352,1,883.1000000000058,765.1000000000058,118.0,883.1000000000058,433.20714285714246
2026-06-17 16:00:00,65719.9,66426.6,65684.8,65835.1,880731.5,8807.315,581342595.97463,1,741.8000000000029,706.6000000000058,35.19999999999709,741.8000000000029,460.42857142857144
2026-06-17 17:00:00,65835.1,66182.7,65768.0,66077.6,269165.59,2691.6559,177498049.44352,1,414.6999999999971,347.59999999999127,67.10000000000582,414.6999999999971,475.2071428571435
2026-06-17 18:00:00,66077.5,66077.5,64760.4,65479.8,1817851.83,18178.5183,1190009513.06687,1,1317.0999999999985,0.10000000000582077,1317.2000000000044,1317.2000000000044,550.2428571428583
2026-06-17 19:00:00,65479.8,65631.6,64007.0,64278.2,1619758.22,16197.5822,1046011227.03856,1,1624.6000000000058,151.8000000000029,1472.800000000003,1624.6000000000058,649.1428571428587
2026-06-17 20:00:00,64278.2,64455.0,64140.4,64398.0,367458.65,3674.5865,236307341.99733,1,314.59999999999854,176.8000000000029,137.79999999999563,314.59999999999854,648.6714285714303
2026-06-17 21:00:00,64398.0,64420.0,64106.5,64222.7,188045.61,1880.4561,120872619.9397,1,313.5,22.0,291.5,313.5,637.1928571428585
2026-06-17 22:00:00,64222.7,64400.0,63880.0,64261.6,354248.83,3542.4883,227240841.8781,1,520.0,177.3000000000029,342.6999999999971,520.0,619.6000000000012
2026-06-17 23:00:00,64261.6,64498.0,64218.0,64471.4,148745.07,1487.4507,95780434.11164,1,280.0,236.40000000000146,43.599999999998545,280.0,622.6071428571439
2026-06-18 00:00:00,64471.3,64672.3,64412.5,64428.5,194129.04,1941.2904,125323389.97952,1,259.8000000000029,200.90000000000146,58.900000000001455,259.8000000000029,623.6500000000015
2026-06-18 01:00:00,64428.6,64775.4,64422.5,64519.9,180556.11,1805.5611,116680849.74382,1,352.90000000000146,346.90000000000146,6.0,352.90000000000146,625.6071428571444
2026-06-18 02:00:00,64520.0,64750.0,64444.3,64650.4,236022.59,2360.2259,152543595.5406,1,305.6999999999971,230.09999999999854,75.59999999999854,305.6999999999971,610.3142857142868
2026-06-18 03:00:00,64650.4,64655.0,64234.4,64250.1,246537.41,2465.3741,158697498.94354,1,420.59999999999854,4.599999999998545,416.0,420.59999999999854,603.2142857142868
2026-06-18 04:00:00,64250.2,64310.1,63773.1,63849.5,679106.04,6791.0604,434314183.41047,1,537.0,60.0,477.0,537.0,591.8214285714296
2026-06-18 05:00:00,63849.4,64000.0,63666.0,63968.4,343162.52,3431.6252,219108294.08928,1,334.0,150.5,183.5,334.0,552.6000000000006
2026-06-18 06:00:00,63968.4,64104.3,63820.4,64057.3,240314.71,2403.1471,153785438.72037,1,283.90000000000146,135.90000000000146,148.0,283.90000000000146,519.8928571428577
2026-06-18 07:00:00,64057.5,64480.0,63982.1,64474.1,368390.51,3683.9051,236786800.39572,1,497.90000000000146,422.6999999999971,75.20000000000437,497.90000000000146,525.8357142857151
2026-06-18 08:00:00,64474.1,64650.0,64314.8,64369.9,430050.38,4300.5038,277387734.61959,1,335.1999999999971,175.90000000000146,159.29999999999563,335.1999999999971,455.69285714285746
2026-06-18 09:00:00,64370.0,64450.0,64150.0,64168.2,233730.82,2337.3082,150273438.44544,1,300.0,80.09999999999854,219.90000000000146,300.0,361.0785714285713
2026-06-18 10:00:00,64168.2,64195.4,63886.0,64050.0,371818.83,3718.1883,238045058.09693,1,309.40000000000146,27.200000000004366,282.1999999999971,309.40000000000146,360.70714285714297
2026-06-18 11:00:00,64050.0,64169.9,63846.3,63941.0,295245.43,2952.4543,188881919.25797,1,323.59999999999854,119.90000000000146,203.6999999999971,323.59999999999854,361.42857142857144
2026-06-18 12:00:00,63941.0,64375.0,63890.6,64342.5,343798.15,3437.9815,220590042.37861,1,484.40000000000146,434.0,50.400000000001455,484.40000000000146,358.8857142857144
2026-06-18 13:00:00,64342.6,64416.4,63756.5,63956.0,640993.53,6409.9353,410925980.0176,1,659.9000000000015,73.90000000000146,586.0,659.9000000000015,386.02142857142877
2026-06-18 14:00:00,63956.0,64178.0,63525.0,63785.7,776643.81,7766.4381,495536347.39606,1,653.0,222.0,431.0,653.0,414.10714285714283
2026-06-18 15:00:00,63785.6,63800.0,62253.6,62332.2,1953411.62,19534.1162,1230468923.34249,1,1546.4000000000015,14.30000000000291,1532.0999999999985,1546.4000000000015,499.35714285714283
2026-06-18 16:00:00,62332.2,62789.9,62308.3,62659.0,787260.9,7872.609,492783376.12128,1,481.59999999999854,457.70000000000437,23.89999999999418,481.59999999999854,511.9214285714287
2026-06-18 17:00:00,62659.0,62716.8,62222.2,62569.1,631214.15,6312.1415,394470475.34319,1,494.6000000000058,57.80000000000291,436.8000000000029,494.6000000000058,517.2071428571435
2026-06-18 18:00:00,62569.1,62920.8,62541.2,62676.1,427572.3,4275.723,268262690.67118,1,379.6000000000058,351.70000000000437,27.900000000001455,379.6000000000058,505.96428571428675
2026-06-18 19:00:00,62676.2,62979.0,62600.0,62922.2,228415.37,2284.1537,143512423.43446,1,379.0,302.90000000000146,76.09999999999854,379.0,509.17857142857247
2026-06-18 20:00:00,62922.3,63249.9,62922.3,63059.3,324211.48,3242.1148,204571246.8964,1,327.59999999999854,327.70000000000437,0.10000000000582077,327.70000000000437,512.3071428571441
2026-06-18 21:00:00,63059.4,63097.4,62838.5,62933.1,149634.21,1496.3421,94194764.51857,1,258.90000000000146,38.099999999998545,220.8000000000029,258.90000000000146,495.2357142857155
2026-06-18 22:00:00,62933.0,62966.5,62695.5,62846.4,135094.97,1350.9497,84856528.87659,1,271.0,33.400000000001455,237.59999999999854,271.0,490.65000000000146
2026-06-18 23:00:00,62846.4,62958.1,62719.3,62920.8,118749.76,1187.4976,74630286.0465,1,238.79999999999563,111.69999999999709,127.09999999999854,238.79999999999563,486.27857142857255
2026-06-19 00:00:00,62920.8,63059.0,62807.9,62987.7,135131.33,1351.3133,85057835.04024,1,251.09999999999854,138.1999999999971,112.90000000000146,251.09999999999854,482.11428571428667
2026-06-19 01:00:00,62987.7,63072.8,62816.1,62995.5,149591.62,1495.9162,94166790.59818,1,256.70000000000437,85.10000000000582,171.59999999999854,256.70000000000437,477.33571428571565
2026-06-19 02:00:00,62995.6,63084.7,62855.1,62975.1,121665.72,1216.6572,76614227.25828,1,229.59999999999854,89.19999999999709,140.40000000000146,229.59999999999854,459.13571428571544
2026-06-19 03:00:00,62975.1,63000.0,62350.5,62746.4,573195.6,5731.956,358898184.22956,1,649.5,24.900000000001455,624.5999999999985,649.5,458.3928571428582
2026-06-19 04:00:00,62746.5,62893.3,62380.3,62428.1,308529.39,3085.2939,193156865.07301,1,513.0,146.90000000000146,366.09999999999854,513.0,448.3928571428582
2026-06-19 05:00:00,62428.2,62718.9,62423.2,62713.5,166606.35,1666.0635,104316170.09758,1,295.70000000000437,290.8000000000029,4.900000000001455,295.70000000000437,359.05714285714413
2026-06-19 06:00:00,62713.6,62884.9,62696.4,62859.9,169961.44,1699.6144,106714091.38251,1,188.5,171.40000000000146,17.099999999998545,188.5,338.12142857142993
2026-06-19 07:00:00,62860.0,62888.0,62470.9,62598.2,324185.97,3241.8597,202975900.54752,1,417.09999999999854,28.099999999998545,389.0,417.09999999999854,332.58571428571514
2026-06-19 08:00:00,62598.3,62751.4,62501.2,62571.7,164871.57,1648.7157,103234044.16656,1,250.20000000000437,153.20000000000437,97.0,250.20000000000437,323.3428571428579
2026-06-19 09:00:00,62571.6,62626.3,62281.6,62351.0,398575.67,3985.7567,248672021.82018,1,344.70000000000437,54.60000000000582,290.09999999999854,344.70000000000437,320.8928571428582
2026-06-19 10:00:00,62350.9,62560.0,62350.0,62500.0,239350.37,2393.5037,149472196.63007,1,210.0,209.0,1.0,210.0,312.485714285715
2026-06-19 11:00:00,62500.1,62660.0,62421.4,62599.5,207143.39,2071.4339,129576204.84102,1,238.59999999999854,160.0,78.59999999999854,238.59999999999854,311.0357142857148
2026-06-19 12:00:00,62599.5,62855.5,62320.0,62800.0,453065.33,4530.6533,283622673.12984,1,535.5,256.0,279.5,535.5,329.92857142857196
2026-06-19 13:00:00,62800.0,63387.5,62636.4,63175.9,720603.33,7206.0333,454150743.84585,1,751.0999999999985,587.5,163.59999999999854,751.0999999999985,366.5214285714293
2026-06-19 14:00:00,63175.9,63384.4,62980.0,63174.8,422191.21,4221.9121,266727040.3319,1,404.40000000000146,208.5,195.90000000000146,404.40000000000146,377.4714285714295
2026-06-19 15:00:00,63174.8,63256.2,62986.6,63187.6,272422.45,2724.2245,171954044.30529,1,269.59999999999854,81.39999999999418,188.20000000000437,269.59999999999854,378.3928571428577
2026-06-19 16:00:00,63187.7,63361.3,62879.6,62941.4,415403.22,4154.0322,262444693.75429,1,481.70000000000437,173.70000000000437,308.0,481.70000000000437,396.40000000000094
2026-06-19 17:00:00,62941.4,63197.2,62827.7,63163.1,310043.57,3100.4357,195360784.65928,1,369.5,255.79999999999563,113.70000000000437,369.5,376.40000000000094
2026-06-19 18:00:00,63163.1,63174.4,62950.0,63073.5,121986.51,1219.8651,76919735.07669,1,224.40000000000146,11.30000000000291,213.09999999999854,224.40000000000146,355.7857142857153
2026-06-19 19:00:00,63073.4,63122.7,62904.2,62999.9,116444.86,1164.4486,73358546.32049,1,218.5,49.19999999999709,169.3000000000029,218.5,350.2714285714293
2026-06-19 20:00:00,63000.0,63254.3,62931.0,63215.8,112918.95,1129.1895,71279841.88491,1,323.3000000000029,254.40000000000146,68.90000000000146,323.3000000000029,359.90000000000094
2026-06-19 21:00:00,63215.8,63246.3,63025.4,63052.4,69031.44,690.3144,43585629.35968,1,220.90000000000146,30.5,190.40000000000146,220.90000000000146,345.88571428571544
2026-06-19 22:00:00,63052.3,63350.0,63018.0,63284.7,108083.21,1080.8321,68324181.11515,1,332.0,297.59999999999854,34.400000000001455,332.0,351.72857142857225
2026-06-19 23:00:00,63284.8,63645.7,63240.3,63510.5,292712.77,2927.1277,185750072.29643,1,405.3999999999942,361.0,44.39999999999418,405.3999999999942,356.0642857142858
2026-06-20 00:00:00,63510.4,63752.0,63436.7,63493.5,261622.29,2616.2229,166304749.56064,1,315.3000000000029,241.5,73.80000000000291,315.3000000000029,363.5857142857146
2026-06-20 01:00:00,63493.4,63588.0,63370.0,63547.9,150635.98,1506.3598,95628839.62275,1,218.0,94.5,123.5,218.0,362.11428571428615
2026-06-20 02:00:00,63547.8,63547.8,63289.1,63310.1,142313.21,1423.1321,90212311.15014,1,258.70000000000437,0.09999999999854481,258.8000000000029,258.8000000000029,342.35000000000065
2026-06-20 03:00:00,63310.1,63484.4,63290.0,63448.6,93219.36,932.1936,59092454.71205,1,194.40000000000146,174.3000000000029,20.099999999998545,194.40000000000146,302.58571428571514
2026-06-20 04:00:00,63448.7,63585.3,63361.6,63551.0,115445.9,1154.459,73293950.91855,1,223.70000000000437,136.70000000000437,87.0,223.70000000000437,289.67857142857247
2026-06-20 05:00:00,63551.1,63886.0,63502.9,63640.7,375548.59,3755.4859,239280659.47967,1,383.09999999999854,335.0,48.099999999998545,383.09999999999854,297.7857142857153
2026-06-20 06:00:00,63640.7,63724.8,63604.3,63706.9,123284.91,1232.8491,78499655.44228,1,120.5,84.10000000000582,36.39999999999418,120.5,271.985714285715
2026-06-20 07:00:00,63706.9,63766.6,63560.0,63622.6,153014.55,1530.1455,97447858.08951,1,206.59999999999854,59.69999999999709,146.90000000000146,206.59999999999854,260.35000000000065
2026-06-20 08:00:00,63622.7,63628.2,63341.4,63381.6,311055.97,3110.5597,197389581.56085,1,286.79999999999563,5.599999999998545,281.1999999999971,286.79999999999563,264.80714285714305
2026-06-20 09:00:00,63381.6,63763.0,63381.6,63703.1,271075.07,2710.7507,172416778.82171,1,381.40000000000146,381.40000000000146,0.0,381.40000000000146,276.44285714285746
2026-06-20 10:00:00,63703.2,63749.9,63564.1,63646.1,147540.11,1475.4011,93905626.09272,1,185.8000000000029,46.80000000000291,139.0,185.8000000000029,266.6214285714289
2026-06-20 11:00:00,63646.1,63769.4,63585.6,63646.6,111723.98,1117.2398,71149420.24195,1,183.8000000000029,123.30000000000291,60.5,183.8000000000029,263.971428571429
2026-06-20 12:00:00,63646.7,63756.1,63510.0,63621.9,213585.06,2135.8506,135923865.47118,1,246.09999999999854,109.5,136.59999999999854,246.09999999999854,257.8357142857146
2026-06-20 13:00:00,63621.9,63621.9,63240.0,63357.9,439598.31,4395.9831,278597120.08264,1,381.90000000000146,0.0,381.90000000000146,381.90000000000146,256.1571428571437
2026-06-20 14:00:00,63357.9,64149.5,63150.0,63929.9,865483.69,8654.8369,551158007.92371,1,999.5,791.5999999999985,207.90000000000146,999.5,305.02857142857204
2026-06-20 15:00:00,63930.0,64355.5,63806.7,64129.7,656817.29,6568.1729,421024132.11661,1,548.8000000000029,425.59999999999854,123.20000000000437,548.8000000000029,328.6571428571437
2026-06-20 16:00:00,64129.8,64140.4,63869.6,63995.9,201966.0,2019.66,129223836.14887,1,270.8000000000029,10.700000000004366,260.09999999999854,270.8000000000029,329.51428571428653
2026-06-20 17:00:00,63995.8,64009.0,63701.7,63807.7,233379.7,2333.797,148996036.26872,1,307.3000000000029,13.099999999998545,294.20000000000437,307.3000000000029,337.5785714285724
2026-06-20 18:00:00,63807.7,63906.6,63741.4,63777.0,95845.93,958.4593,61160086.82461,1,165.1999999999971,98.90000000000146,66.29999999999563,165.1999999999971,333.40000000000043
2026-06-20 19:00:00,63776.9,63945.2,63761.2,63909.5,91497.71,914.9771,58434530.05111,1,184.0,168.1999999999971,15.80000000000291,184.0,319.17857142857196
2026-06-20 20:00:00,63909.5,63951.6,63822.7,63903.9,60553.98,605.5398,38697669.09373,1,128.90000000000146,42.099999999998545,86.80000000000291,128.90000000000146,319.77857142857204
2026-06-20 21:00:00,63903.9,64066.7,63887.2,63985.9,89685.62,896.8562,57373738.03315,1,179.5,162.79999999999563,16.700000000004366,179.5,317.8428571428579
2026-06-20 22:00:00,63985.9,64328.6,63951.9,64240.2,198626.72,1986.2672,127494012.56978,1,376.6999999999971,342.6999999999971,34.0,376.6999999999971,324.26428571428653
2026-06-20 23:00:00,64240.3,64309.8,64215.0,64261.7,86371.17,863.7117,55496956.12784,1,94.80000000000291,69.60000000000582,25.19999999999709,94.80000000000291,303.79285714285805
2026-06-21 00:00:00,64261.6,64287.2,64194.0,64257.9,107079.01,1070.7901,68779795.43518,1,93.19999999999709,25.5,67.69999999999709,93.19999999999709,297.17857142857196
2026-06-21 01:00:00,64257.9,64287.9,64179.5,64213.4,133434.35,1334.3435,85696038.22776,1,108.40000000000146,30.0,78.40000000000146,108.40000000000146,291.79285714285754
2026-06-21 02:00:00,64213.4,64246.1,64184.0,64213.8,56957.52,569.5752,36570601.35092,1,62.099999999998545,32.69999999999709,29.400000000001455,62.099999999998545,278.65000000000043
2026-06-21 03:00:00,64213.9,64447.0,64197.7,64391.5,253801.48,2538.0148,163353643.51129,1,249.3000000000029,233.1999999999971,16.10000000000582,249.3000000000029,269.17857142857196
2026-06-21 04:00:00,64391.5,64560.0,64218.5,64245.3,287923.78,2879.2378,185436760.93799,1,341.5,168.5,173.0,341.5,222.17857142857196
2026-06-21 05:00:00,64245.3,64337.8,64186.0,64223.4,138405.67,1384.0567,88910950.38548,1,151.8000000000029,92.5,59.30000000000291,151.8000000000029,193.8214285714291
2026-06-21 06:00:00,64223.5,64294.9,64151.3,64269.7,85526.55,855.2655,54924822.49844,1,143.59999999999854,71.5,72.09999999999854,143.59999999999854,184.7357142857145
2026-06-21 07:00:00,64269.6,64270.0,64127.3,64165.1,121941.64,1219.4164,78269756.19234,1,142.6999999999971,0.3000000000029104,142.39999999999418,142.6999999999971,172.97857142857123
2026-06-21 08:00:00,64165.1,64198.9,63864.0,63983.4,264357.58,2643.5758,169162419.39451,1,334.90000000000146,33.80000000000291,301.09999999999854,334.90000000000146,185.1000000000001
2026-06-21 09:00:00,63983.4,64218.5,63920.0,64177.7,272703.41,2727.0341,174676104.45988,1,298.5,235.09999999999854,63.400000000001455,298.5,193.27857142857152
2026-06-21 10:00:00,64177.6,64380.0,64160.2,64334.8,254634.6,2546.346,163701202.73448,1,219.8000000000029,202.3000000000029,17.5,219.8000000000029,199.77142857142877
2026-06-21 11:00:00,64334.8,64448.4,64079.1,64144.6,394945.48,3949.4548,253815045.84441,1,369.3000000000029,113.59999999999854,255.70000000000437,369.3000000000029,213.32857142857185
2026-06-21 12:00:00,64144.5,64208.1,63908.9,64165.0,398845.09,3988.4509,255480504.57867,1,299.1999999999971,63.5,235.6999999999971,299.1999999999971,207.79285714285757
2026-06-21 13:00:00,64165.0,64165.0,63980.0,64111.9,142362.68,1423.6268,91215850.55192,1,185.0,0.0,185.0,185.0,214.2357142857145
2026-06-21 14:00:00,64111.9,64125.4,63964.4,64122.0,125459.55,1254.5955,80347652.31295,1,161.0,13.5,147.5,161.0,219.07857142857185
2026-06-21 15:00:00,64122.0,64332.5,64087.6,64191.6,171965.49,1719.6549,110415855.35134,1,244.90000000000146,210.5,34.400000000001455,244.90000000000146,228.82857142857185
2026-06-21 16:00:00,64191.7,64223.1,64002.3,64111.2,165645.03,1656.4503,106195823.82898,1,220.79999999999563,31.5,189.29999999999563,220.79999999999563,240.1642857142859
2026-06-21 17:00:00,64111.2,64188.0,64039.1,64114.2,79267.16,792.6716,50817488.7853,1,148.90000000000146,76.80000000000291,72.09999999999854,148.90000000000146,232.99285714285725
2026-06-21 18:00:00,64114.2,64212.6,63911.0,64179.3,143030.33,1430.3033,91621619.31224,1,301.59999999999854,98.40000000000146,203.1999999999971,301.59999999999854,230.14285714285714
2026-06-21 19:00:00,64179.3,64270.0,64130.1,64169.1,69283.06,692.8306,44472654.30345,1,139.90000000000146,90.69999999999709,49.200000000004366,139.90000000000146,229.29285714285703
2026-06-21 20:00:00,64169.2,64237.7,63643.0,63817.6,316643.06,3166.4306,202166120.69949,1,594.6999999999971,68.59999999999854,526.0999999999985,594.6999999999971,261.5142857142855
2026-06-21 21:00:00,63817.6,63939.0,63461.4,63768.5,374995.69,3749.9569,238775666.94743,1,477.59999999999854,121.40000000000146,356.1999999999971,477.59999999999854,285.4357142857142
2026-06-21 22:00:00,63768.4,63829.8,63537.9,63765.9,244153.38,2441.5338,155413485.62726,1,291.90000000000146,61.30000000000291,230.59999999999854,291.90000000000146,282.3642857142856
2026-06-21 23:00:00,63765.9,63765.9,63228.0,63278.9,388031.4,3880.314,246103145.14564,1,537.9000000000015,0.0,537.9000000000015,537.9000000000015,299.4642857142857
2026-06-22 00:00:00,63278.9,64075.0,63278.8,63860.0,571371.2,5713.712,364004287.50605,1,796.1999999999971,796.0999999999985,0.09999999999854481,796.1999999999971,340.63571428571385
2026-06-22 01:00:00,63860.0,64813.0,63820.0,64570.1,1067224.02,10672.2402,687681623.79429,1,993.0,953.0,40.0,993.0,385.1857142857137
2026-06-22 02:00:00,64570.1,64646.2,64220.3,64230.5,322560.16,3225.6016,207891941.51502,1,425.8999999999942,76.09999999999854,349.79999999999563,425.8999999999942,394.23571428571347
2026-06-22 03:00:00,64230.5,64436.0,63866.7,63940.1,483695.02,4836.9502,310107988.78188,1,569.3000000000029,205.5,363.8000000000029,569.3000000000029,421.6857142857137
2026-06-22 04:00:00,63940.1,64087.9,63833.3,64068.1,246952.29,2469.5229,157931529.11631,1,254.59999999999854,147.8000000000029,106.79999999999563,254.59999999999854,428.3714285714278
2026-06-22 05:00:00,64068.1,64310.2,64059.9,64219.3,235210.9,2352.109,151012462.54214,1,250.29999999999563,242.09999999999854,8.19999999999709,250.29999999999563,428.75714285714173
2026-06-22 06:00:00,64219.3,64293.2,63919.2,63963.9,208274.79,2082.7479,133428514.15295,1,374.0,73.89999999999418,300.1000000000058,374.0,439.6999999999992
2026-06-22 07:00:00,63963.9,64382.8,63941.0,64179.3,258416.27,2584.1627,165899945.44949,1,441.8000000000029,418.90000000000146,22.900000000001455,441.8000000000029,460.6214285714278
2026-06-22 08:00:00,64179.3,64320.0,64005.6,64132.4,224171.61,2241.7161,143841927.67048,1,314.40000000000146,140.6999999999971,173.70000000000437,314.40000000000146,461.53571428571377
2026-06-22 09:00:00,64132.4,64230.1,64022.0,64115.4,125031.56,1250.3156,80158261.17959,1,208.09999999999854,97.69999999999709,110.40000000000146,208.09999999999854,466.4071428571421
2026-06-22 10:00:00,64115.5,64252.4,64046.0,64113.6,113973.14,1139.7314,73112355.58654,1,206.40000000000146,137.0,69.40000000000146,206.40000000000146,438.6714285714282
2026-06-22 11:00:00,64113.6,64745.8,64070.0,64625.0,648193.55,6481.9355,418050655.1434,1,675.8000000000029,632.2000000000044,43.599999999998545,675.8000000000029,452.8285714285713
2026-06-22 12:00:00,64625.0,65189.5,64551.7,65116.4,1008709.01,10087.0901,654661755.07531,1,637.8000000000029,564.5,73.30000000000291,637.8000000000029,477.5357142857143
2026-06-22 13:00:00,65116.4,65566.0,64906.5,65549.1,881726.97,8817.2697,575446316.82541,1,659.5,449.59999999999854,209.90000000000146,659.5,486.2214285714285
2026-06-22 14:00:00,65549.1,65616.4,64800.0,64940.5,882303.67,8823.0367,574544836.12034,1,816.3999999999942,67.29999999998836,749.1000000000058,816.3999999999942,487.6642857142854
2026-06-22 15:00:00,64940.6,65115.8,64711.0,64803.5,397758.62,3977.5862,258265731.50136,1,404.8000000000029,175.3000000000029,229.5,404.8000000000029,445.6499999999999
2026-06-22 16:00:00,64803.5,64831.8,64478.7,64693.0,470789.48,4707.8948,304399355.25658,1,353.1000000000058,28.30000000000291,324.8000000000029,353.1000000000058,440.4500000000007
2026-06-22 17:00:00,64693.0,64747.6,64355.0,64578.7,360883.61,3608.8361,232752751.09084,1,392.59999999999854,54.599999999998545,338.0,392.59999999999854,427.8285714285718
2026-06-22 18:00:00,64578.7,64716.7,64263.0,64314.9,287680.25,2876.8025,185562012.46097,1,453.6999999999971,138.0,315.6999999999971,453.6999999999971,442.0500000000003
2026-06-22 19:00:00,64315.0,64480.0,64244.0,64451.4,303220.68,3032.2068,195157949.62921,1,236.0,165.09999999999854,70.90000000000146,236.0,441.02857142857204
2026-06-22 20:00:00,64451.4,64640.3,64331.5,64411.4,219794.33,2197.9433,141755601.21544,1,308.8000000000029,188.90000000000146,119.90000000000146,308.8000000000029,436.3714285714294
2026-06-22 21:00:00,64411.4,64456.7,64108.5,64291.1,187604.5,1876.045,120547683.40158,1,348.1999999999971,45.299999999995634,302.90000000000146,348.1999999999971,429.6857142857147
2026-06-22 22:00:00,64291.0,64367.9,63766.0,63943.0,511240.86,5112.4086,327120174.43661,1,601.9000000000015,76.80000000000291,525.0999999999985,601.9000000000015,450.221428571429
2026-06-22 23:00:00,63943.0,64023.4,63849.4,63994.0,197302.55,1973.0255,126163902.11779,1,174.0,80.40000000000146,93.59999999999854,174.0,447.7857142857148
2026-06-23 00:00:00,63993.9,64136.0,63803.1,64123.5,217232.8,2172.328,138958463.63352,1,332.90000000000146,142.0,190.90000000000146,332.90000000000146,456.82142857142907
2026-06-23 01:00:00,64123.5,64248.5,63866.0,64123.5,311197.69,3111.9769,199451034.4109,1,382.5,125.0,257.5,382.5,435.8714285714289
2026-06-23 02:00:00,64123.5,64250.0,64009.1,64168.3,136227.02,1362.2702,87392262.7671,1,240.90000000000146,126.5,114.40000000000146,240.90000000000146,407.52142857142877
2026-06-23 03:00:00,64168.3,64173.9,63936.2,64040.0,170454.01,1704.5401,109105224.30502,1,237.70000000000437,5.599999999998545,232.10000000000582,237.70000000000437,377.3928571428577
2026-06-23 04:00:00,64039.9,64067.8,63577.1,63597.9,385720.85,3857.2085,246017479.93798,1,490.70000000000437,27.80000000000291,462.90000000000146,490.70000000000437,354.1285714285727
2026-06-23 05:00:00,63597.8,63708.7,63325.0,63366.0,586578.95,5865.7895,372362101.42951,1,383.6999999999971,110.79999999999563,272.90000000000146,383.6999999999971,352.6214285714294
2026-06-23 06:00:00,63366.0,63372.0,62523.1,62899.9,1436817.58,14368.1758,903456584.91718,1,848.9000000000015,6.0,842.9000000000015,848.9000000000015,388.0357142857148
2026-06-23 07:00:00,62900.0,63057.2,62818.2,62846.3,356625.12,3566.2512,224423507.05885,1,239.0,157.29999999999563,81.70000000000437,239.0,377.0642857142863
2026-06-23 08:00:00,62846.2,62910.4,61883.8,62349.1,1576237.72,15762.3772,982268281.19921,1,1026.5999999999985,64.09999999999854,962.5,1026.5999999999985,417.985714285715
2026-06-23 09:00:00,62349.1,62476.9,62296.7,62353.0,281247.43,2812.4743,175495092.80924,1,180.20000000000437,127.80000000000291,52.400000000001455,180.20000000000437,414.000000000001
2026-06-23 10:00:00,62353.0,62548.9,62204.9,62289.1,360934.15,3609.3415,225039987.19594,1,344.0,195.90000000000146,148.09999999999854,344.0,416.51428571428653
2026-06-23 11:00:00,62289.1,62634.2,62286.8,62476.0,337688.94,3376.8894,210958368.54913,1,347.3999999999942,345.09999999999854,2.2999999999956344,347.3999999999942,416.4571428571435
2026-06-23 12:00:00,62476.1,62532.2,62155.0,62229.9,295552.21,2955.5221,184190325.84538,1,377.1999999999971,56.19999999999709,321.0,377.1999999999971,400.4071428571432
2026-06-23 13:00:00,62230.0,62513.2,61928.6,62450.0,824671.07,8246.7107,513247257.2559,1,584.5999999999985,283.29999999999563,301.3000000000029,584.5999999999985,429.7357142857145
2026-06-23 14:00:00,62450.0,62828.1,62375.0,62466.6,750638.42,7506.3842,469730109.6433,1,453.09999999999854,378.09999999999854,75.0,453.09999999999854,438.32142857142856
2026-06-23 15:00:00,62466.7,62486.2,62171.5,62459.9,395688.95,3956.8895,246609259.99024,1,314.6999999999971,19.599999999998545,295.09999999999854,314.6999999999971,433.47857142857123
2026-06-23 16:00:00,62459.9,62794.3,62401.1,62518.3,477023.86,4770.2386,298631057.66049,1,393.20000000000437,334.40000000000146,58.80000000000291,393.20000000000437,444.35714285714283
2026-06-23 17:00:00,62518.3,62661.7,62300.0,62322.1,299400.09,2994.0009,187065888.63688,1,361.6999999999971,143.39999999999418,218.3000000000029,361.6999999999971,453.2142857142852
2026-06-23 18:00:00,62322.2,62420.0,62075.0,62208.9,240937.07,2409.3707,149930778.51695,1,345.0,97.90000000000146,247.09999999999854,345.0,442.807142857142
2026-06-23 19:00:00,62209.0,62457.1,62195.6,62367.4,175757.79,1757.5779,109544004.88567,1,261.5,248.1999999999971,13.30000000000291,261.5,434.0785714285708
2026-06-23 20:00:00,62367.5,62514.8,62350.0,62438.3,114677.29,1146.7729,71608590.08226,1,164.8000000000029,147.40000000000146,17.400000000001455,164.8000000000029,385.2142857142852
2026-06-23 21:00:00,62438.4,62625.0,62438.4,62569.8,105380.39,1053.8039,65903935.40027,1,186.59999999999854,186.6999999999971,0.09999999999854481,186.6999999999971,381.4785714285707
2026-06-23 22:00:00,62569.8,62750.0,62490.0,62560.5,146400.58,1464.0058,91682017.5351,1,260.0,180.1999999999971,79.80000000000291,260.0,326.72142857142796
2026-06-23 23:00:00,62560.4,62774.8,62462.9,62701.4,158158.24,1581.5824,99012377.84649,1,311.90000000000146,214.3000000000029,97.59999999999854,311.90000000000146,336.1285714285706
2026-06-24 00:00:00,62701.5,63000.0,62700.0,62990.0,369455.36,3694.5536,232300177.40387,1,300.0,298.59999999999854,1.4000000000014552,300.0,332.98571428571347
2026-06-24 01:00:00,62990.1,63097.9,62735.6,62908.0,337906.95,3379.0695,212672379.45938,1,362.3000000000029,107.90000000000146,254.40000000000146,362.3000000000029,334.0499999999998
2026-06-24 02:00:00,62907.9,62990.0,62573.8,62607.3,365025.79,3650.2579,228947888.68931,1,416.1999999999971,82.0,334.1999999999971,416.1999999999971,336.83571428571406
2026-06-24 03:00:00,62607.3,62822.0,62433.0,62706.5,318405.08,3184.0508,199421303.98795,1,389.0,214.6999999999971,174.3000000000029,389.0,322.8642857142856
2026-06-24 04:00:00,62706.6,62774.2,62499.9,62722.2,171320.19,1713.2019,107337602.16595,1,274.29999999999563,67.69999999999709,206.59999999999854,274.29999999999563,310.0928571428568
2026-06-24 05:00:00,62722.1,63050.0,62681.6,62864.9,316226.15,3162.2615,198868147.6884,1,368.40000000000146,327.8000000000029,40.599999999998545,368.40000000000146,313.92857142857144
2026-06-24 06:00:00,62864.9,62890.1,62702.6,62757.9,157934.53,1579.3453,99177311.56017,1,187.5,25.19999999999709,162.3000000000029,187.5,299.235714285714
2026-06-24 07:00:00,62757.9,62823.3,62580.0,62627.0,237058.9,2370.589,148590338.05333,1,243.3000000000029,65.40000000000146,177.90000000000146,243.3000000000029,290.7785714285715
2026-06-24 08:00:00,62627.0,62787.6,62576.2,62771.2,160651.23,1606.5123,100702514.42773,1,211.40000000000146,160.59999999999854,50.80000000000291,211.40000000000146,281.2357142857145
2026-06-24 09:00:00,62771.2,62771.3,62607.2,62655.1,112624.74,1126.2474,70589211.37898,1,164.10000000000582,0.10000000000582077,164.0,164.10000000000582,274.27857142857204
2026-06-24 10:00:00,62655.1,62655.1,62385.7,62418.9,309610.43,3096.1043,193565216.67823,1,269.40000000000146,0.0,269.40000000000146,269.40000000000146,281.7500000000005
2026-06-24 11:00:00,62418.9,63221.0,62260.0,62887.5,877769.88,8777.6988,550473253.06983,1,961.0,802.0999999999985,158.90000000000146,961.0,337.05714285714356
2026-06-24 12:00:00,62887.4,62944.2,62551.6,62587.5,473190.38,4731.9038,297030092.84568,1,392.59999999999854,56.69999999999709,335.90000000000146,392.59999999999854,346.52857142857204
2026-06-24 13:00:00,62587.4,62600.0,61205.7,61300.0,2562511.4,25625.114,1583194464.46374,1,1394.300000000003,12.5,1381.800000000003,1394.300000000003,423.8428571428579
2026-06-24 14:00:00,61300.0,61436.5,60829.5,61089.8,1712923.42,17129.2342,1047181493.58322,1,607.0,136.5,470.5,607.0,445.7714285714293
2026-06-24 15:00:00,61089.8,61123.0,60230.9,60252.7,1438907.87,14389.0787,872863768.0164,1,892.0999999999985,33.19999999999709,858.9000000000015,892.0999999999985,483.61428571428615
2026-06-24 16:00:00,60252.7,60675.5,59574.0,59813.9,2267696.36,22676.9636,1362263739.08667,1,1101.5,422.8000000000029,678.6999999999971,1101.5,532.5642857142864
2026-06-24 17:00:00,59814.0,60038.3,59050.3,59359.4,2120453.99,21204.5399,1262437449.29578,1,988.0,224.40000000000146,763.5999999999985,988.0,575.3500000000006
2026-06-24 18:00:00,59359.4,59895.0,59269.0,59573.1,930151.99,9301.5199,554326234.6155,1,626.0,535.5999999999985,90.40000000000146,626.0,600.4714285714296
2026-06-24 19:00:00,59573.2,59957.0,59483.9,59921.2,539430.82,5394.3082,322145574.93142,1,473.09999999999854,383.90000000000146,89.19999999999709,473.09999999999854,607.9500000000007
2026-06-24 20:00:00,59920.8,61176.4,59815.2,60926.4,1716631.71,17166.3171,1041058102.10072,1,1361.2000000000044,1255.2000000000044,106.0,1361.2000000000044,691.7857142857154
2026-06-24 21:00:00,60926.3,61107.2,60632.4,61070.5,391859.76,3918.5976,238535557.49261,1,474.79999999999563,180.79999999999563,294.0,474.79999999999563,708.3214285714291
2026-06-24 22:00:00,61070.4,61243.9,60766.8,60846.5,343302.2,3433.022,209324320.14899,1,477.09999999999854,173.40000000000146,303.6999999999971,477.09999999999854,727.3000000000003
2026-06-24 23:00:00,60846.4,61085.2,60800.0,61050.0,195754.76,1957.5476,119318077.5134,1,285.1999999999971,238.6999999999971,46.5,285.1999999999971,735.9499999999997
2026-06-25 00:00:00,61050.1,61137.0,60692.4,60783.6,329399.55,3293.9955,200617606.22467,1,444.59999999999854,87.0,357.59999999999854,444.59999999999854,748.4642857142852
2026-06-25 01:00:00,60783.6,60955.7,60683.4,60884.4,208642.27,2086.4227,126877990.42968,1,272.29999999999563,172.09999999999854,100.19999999999709,272.29999999999563,699.2714285714277
2026-06-25 02:00:00,60884.4,60935.7,60660.6,60759.9,221748.77,2217.4877,134786080.05996,1,275.09999999999854,51.299999999995634,223.8000000000029,275.09999999999854,690.8785714285706
2026-06-25 03:00:00,60759.9,60873.0,60650.0,60851.9,160981.65,1609.8165,97821526.24399,1,223.0,113.09999999999854,109.90000000000146,223.0,607.2142857142846
2026-06-25 04:00:00,60852.0,61380.6,60752.9,61315.1,408329.73,4083.2973,249462283.5691,1,627.6999999999971,528.6999999999971,99.0,627.6999999999971,608.6928571428559
2026-06-25 05:00:00,61315.1,61776.9,61240.0,61560.3,974505.08,9745.0508,599873196.26473,1,536.9000000000015,461.8000000000029,75.09999999999854,536.9000000000015,583.3214285714275
2026-06-25 06:00:00,61560.3,61830.9,61560.3,61685.6,311380.62,3113.8062,192119060.3954,1,270.59999999999854,270.59999999999854,0.0,270.59999999999854,523.9714285714274
2026-06-25 07:00:00,61685.6,61929.5,61631.4,61877.6,403954.77,4039.5477,249657913.60756,1,298.09999999999854,243.90000000000146,54.19999999999709,298.09999999999854,474.69285714285587
2026-06-25 08:00:00,61877.6,61888.0,61643.5,61676.2,243829.71,2438.2971,150527883.29001,1,244.5,10.400000000001455,234.09999999999854,244.5,447.44285714285587
2026-06-25 09:00:00,61676.2,61753.0,61571.9,61699.9,196692.77,1966.9277,121321278.12386,1,181.09999999999854,76.80000000000291,104.29999999999563,181.09999999999854,426.58571428571304
2026-06-25 10:00:00,61700.0,61718.4,61231.2,61242.2,467215.9,4672.159,287086094.71919,1,487.20000000000437,18.5,468.70000000000437,487.20000000000437,364.1571428571416
2026-06-25 11:00:00,61242.1,61392.7,61029.3,61258.9,682664.31,6826.6431,417989285.52738,1,363.3999999999942,150.5,212.89999999999418,363.3999999999942,356.1999999999986
2026-06-25 12:00:00,61259.0,61757.4,61044.0,61207.3,933843.43,9338.4343,572997103.25677,1,713.4000000000015,498.5,214.90000000000146,713.4000000000015,373.0785714285703
2026-06-25 13:00:00,61207.3,61337.8,58031.5,58258.6,4046682.93,40466.8293,2411671932.63133,1,3306.300000000003,130.5,3175.800000000003,3306.300000000003,588.8714285714278
2026-06-25 14:00:00,58258.5,60453.3,58258.5,59438.0,4033021.67,40330.2167,2394746718.54027,1,2194.800000000003,2194.7000000000044,0.09999999999854481,2194.800000000003,713.8857142857139
2026-06-25 15:00:00,59437.9,59637.6,58833.8,59528.4,1352069.1,13520.691,800786469.33598,1,803.7999999999956,199.59999999999854,604.1999999999971,803.7999999999956,751.8499999999996
2026-06-25 16:00:00,59528.3,60031.0,59107.1,59281.2,888258.11,8882.5811,529231647.51898,1,923.9000000000015,502.59999999999854,421.3000000000029,923.9000000000015,798.192857142857
2026-06-25 17:00:00,59281.3,59714.9,59083.6,59644.6,472834.19,4728.3419,281024183.51112,1,631.3000000000029,433.70000000000437,197.59999999999854,631.3000000000029,827.3571428571429
2026-06-25 18:00:00,59644.5,59756.0,59320.8,59483.9,382674.9,3826.749,227777148.27376,1,435.1999999999971,111.40000000000146,323.79999999999563,435.1999999999971,813.6071428571429
2026-06-25 19:00:00,59483.8,59489.3,59120.8,59295.5,331993.13,3319.9313,196815509.33303,1,368.5,5.400000000001455,363.09999999999854,368.5,801.5785714285713
2026-06-25 20:00:00,59295.5,59720.0,59292.3,59429.0,304095.26,3040.9526,181000641.73137,1,427.6999999999971,424.5,3.1999999999970896,427.6999999999971,812.7999999999998
2026-06-25 21:00:00,59429.0,60267.7,59424.0,60179.8,307127.75,3071.2775,183961096.91336,1,843.6999999999971,838.6999999999971,5.0,843.6999999999971,851.7714285714283
2026-06-25 22:00:00,60179.7,60179.7,59705.0,59810.6,284474.6,2844.746,170348518.17784,1,474.6999999999971,0.10000000000582077,474.8000000000029,474.8000000000029,868.2214285714284
2026-06-25 23:00:00,59810.5,60168.6,59706.2,59767.2,274435.75,2744.3575,164566393.00911,1,462.40000000000146,358.0,104.40000000000146,462.40000000000146,888.3142857142858
2026-06-26 00:00:00,59767.3,59877.2,59600.1,59625.2,210039.14,2100.3914,125492791.01361,1,277.09999999999854,110.0,167.09999999999854,277.09999999999854,873.3071428571426
2026-06-26 01:00:00,59625.2,59754.0,59180.9,59406.1,408296.48,4082.9648,242507622.66057,1,573.0999999999985,128.8000000000029,444.29999999999563,573.0999999999985,888.2857142857143
2026-06-26 02:00:00,59406.0,59424.3,58325.0,58540.0,1404583.56,14045.8356,824611758.12057,1,1099.300000000003,18.200000000004366,1081.0999999999985,1099.300000000003,915.8500000000001
2026-06-26 03:00:00,58540.0,60114.0,58300.0,60010.1,1379864.15,13798.6415,818259559.11442,1,1814.0,1574.0,240.0,1814.0,809.2571428571428
2026-06-26 04:00:00,60010.1,60209.9,59804.7,59894.8,639739.78,6397.3978,383533565.22523,1,405.20000000000437,199.8000000000029,205.40000000000146,405.20000000000437,681.4285714285714
2026-06-26 05:00:00,59894.7,60018.4,59700.2,59910.3,435918.61,4359.1861,260924785.77662,1,318.20000000000437,123.59999999999854,194.60000000000582,318.20000000000437,646.7428571428578
2026-06-26 06:00:00,59910.3,60435.6,59668.4,60299.8,732803.25,7328.0325,440329039.27704,1,767.1999999999971,525.2999999999956,241.90000000000146,767.1999999999971,635.5500000000003
2026-06-26 07:00:00,60299.8,60759.9,60250.0,60486.1,885658.88,8856.5888,536293354.31087,1,509.90000000000146,460.09999999999854,49.80000000000291,509.90000000000146,626.8785714285716
2026-06-26 08:00:00,60486.2,60540.0,60108.8,60210.7,555572.69,5555.7269,334750734.81003,1,431.1999999999971,53.900000000001455,377.29999999999563,431.1999999999971,626.5928571428574
2026-06-26 09:00:00,60210.7,60220.0,59549.0,59705.8,634241.15,6342.4115,379834041.48351,1,671.0,9.30000000000291,661.6999999999971,671.0,648.2000000000002
2026-06-26 10:00:00,59705.9,59826.3,59200.6,59289.2,598328.01,5983.2801,356204516.12069,1,625.7000000000044,120.5,505.20000000000437,625.7000000000044,662.3428571428578
2026-06-26 11:00:00,59289.2,59570.7,59232.3,59390.4,428324.56,4283.2456,254513056.63732,1,338.3999999999942,281.5,56.89999999999418,338.3999999999942,626.2500000000006
2026-06-26 12:00:00,59390.3,59984.0,58940.0,59165.5,1312714.63,13127.1463,779777406.01562,1,1044.0,593.5999999999985,450.40000000000146,1044.0,666.9071428571432
2026-06-26 13:00:00,59165.5,60186.5,58468.0,60149.9,1917208.68,19172.0868,1135223619.38566,1,1718.5,1021.0,697.5,1718.5,756.6285714285716
2026-06-26 14:00:00,60150.0,60274.0,59354.3,59571.2,1311057.74,13110.5774,784570100.55955,1,919.6999999999971,124.09999999999854,795.5999999999985,919.6999999999971,802.5285714285716
2026-06-26 15:00:00,59571.2,60478.9,59555.0,60297.4,1061275.41,10612.7541,638080374.21931,1,923.9000000000015,907.7000000000044,16.19999999999709,923.9000000000015,827.5857142857146
2026-06-26 16:00:00,60297.4,60573.2,59926.9,60015.3,804294.89,8042.9489,483921526.24048,1,646.2999999999956,275.79999999999563,370.5,646.2999999999956,795.2285714285712
2026-06-26 17:00:00,60015.2,60262.7,59912.9,59997.5,345511.77,3455.1177,207556330.81689,1,349.79999999999563,247.39999999999418,102.40000000000146,349.79999999999563,690.6428571428567
2026-06-26 18:00:00,59997.4,60132.1,59527.0,59642.5,322019.05,3220.1905,192605724.05036,1,605.0999999999985,134.59999999999854,470.5,605.0999999999985,704.9214285714277
2026-06-26 19:00:00,59642.5,60080.8,59588.0,59730.0,460203.15,4602.0315,275629357.60794,1,492.8000000000029,438.3000000000029,54.5,492.8000000000029,717.3928571428561
2026-06-26 20:00:00,59730.1,59968.7,59529.4,59689.4,304625.42,3046.2542,181875945.40147,1,439.29999999999563,238.6999999999971,200.59999999999854,439.29999999999563,693.9714285714274
2026-06-26 21:00:00,59689.4,59712.7,59650.0,59680.0,8082.4,80.824,4823338.36749,0,62.69999999999709,23.299999999995634,39.400000000001455,62.69999999999709,662.02857142857
2026-06-16 13:00:00,66388.0,66430.0,65888.9,66014.0,735680.89,7356.8089,486280969.49783,1,541.1000000000058,,,541.1000000000058,541.1000000000058
2026-06-16 14:00:00,66014.4,66226.0,65324.3,65628.4,975963.13,9759.6313,640891123.61759,1,901.6999999999971,212.0,689.6999999999971,901.6999999999971,721.4000000000015
2026-06-16 15:00:00,65628.3,65968.0,65580.1,65834.7,418749.69,4187.4969,275528507.53702,1,387.8999999999942,339.6000000000058,48.29999999998836,387.8999999999942,610.2333333333323
2026-06-16 16:00:00,65834.8,65929.7,65668.3,65727.0,217827.86,2178.2786,143257622.8408,1,261.3999999999942,95.0,166.39999999999418,261.3999999999942,523.0249999999978
2026-06-16 17:00:00,65727.0,65984.3,65675.8,65946.5,197768.85,1977.6885,130177463.46752,1,308.5,257.3000000000029,51.19999999999709,308.5,480.11999999999824
2026-06-16 18:00:00,65946.5,66246.8,65762.1,65815.3,321950.72,3219.5072,212559859.75587,1,484.6999999999971,300.3000000000029,184.39999999999418,484.6999999999971,480.8833333333314
2026-06-16 19:00:00,65815.2,65815.2,65520.8,65650.1,246067.66,2460.6766,161500975.74166,1,294.3999999999942,0.10000000000582077,294.5,294.5,454.2571428571412
2026-06-16 20:00:00,65650.0,65844.0,65554.5,65829.7,140750.43,1407.5043,92500417.48081,1,289.5,193.89999999999418,95.60000000000582,289.5,433.66249999999854
2026-06-16 21:00:00,65829.8,65921.2,65620.0,65748.0,120496.24,1204.9624,79239528.50118,1,301.1999999999971,91.5,209.6999999999971,301.1999999999971,418.9444444444428
2026-06-16 22:00:00,65748.0,65860.1,65650.0,65746.3,130428.91,1304.2891,85737847.5708,1,210.10000000000582,112.10000000000582,98.0,210.10000000000582,398.05999999999915
2026-06-16 23:00:00,65746.4,65806.7,65588.3,65648.7,86812.88,868.1288,57018946.65405,1,218.39999999999418,60.39999999999418,158.0,218.39999999999418,381.7272727272714
2026-06-17 00:00:00,65648.7,65824.6,65648.7,65682.0,118708.95,1187.0895,78029339.07393,1,175.90000000000873,175.90000000000873,0.0,175.90000000000873,364.57499999999953
2026-06-17 01:00:00,65682.1,65934.4,65408.9,65902.9,306594.53,3065.9453,201264217.65025,1,525.4999999999927,252.39999999999418,273.09999999999854,525.4999999999927,376.9538461538451
2026-06-17 02:00:00,65903.0,66100.0,65739.3,65868.9,252975.22,2529.7522,166755178.41785,1,360.6999999999971,197.10000000000582,163.59999999999127,360.6999999999971,375.792857142856
2026-06-17 03:00:00,65868.9,65874.4,65666.6,65820.0,103502.88,1035.0288,68066490.50279,1,207.79999999998836,5.5,202.29999999998836,207.79999999998836,351.9857142857119
2026-06-17 04:00:00,65820.0,66021.2,65754.5,65855.6,141185.67,1411.8567,93033293.49313,1,266.6999999999971,201.1999999999971,65.5,266.6999999999971,306.62857142856905
2026-06-17 05:00:00,65855.6,65950.0,65710.0,65803.7,137331.39,1373.3139,90366469.34849,1,240.0,94.39999999999418,145.60000000000582,240.0,296.06428571428376
2026-06-17 06:00:00,65803.7,65864.3,65543.1,65593.0,212913.96,2129.1396,139806129.91444,1,321.1999999999971,60.60000000000582,260.59999999999127,321.1999999999971,300.3357142857125
2026-06-17 07:00:00,65593.0,65687.8,65213.6,65505.0,580719.8,5807.198,380026051.17893,1,474.20000000000437,94.80000000000291,379.40000000000146,474.20000000000437,312.1714285714271
2026-06-17 08:00:00,65505.0,65543.6,64777.3,64886.7,867879.55,8678.7955,564853317.70962,1,766.3000000000029,38.60000000000582,727.6999999999971,766.3000000000029,332.28571428571325
2026-06-17 09:00:00,64886.7,65047.9,64810.0,64885.2,355288.5,3552.885,230749964.87792,1,237.90000000000146,161.20000000000437,76.69999999999709,237.90000000000146,328.2428571428562
2026-06-17 10:00:00,64885.2,64969.6,64724.4,64765.9,234520.3,2345.203,152059723.07281,1,245.1999999999971,84.40000000000146,160.79999999999563,245.1999999999971,325.0785714285703
2026-06-17 11:00:00,64765.9,64840.1,64514.6,64777.0,551175.34,5511.7534,356446517.00829,1,325.5,74.19999999999709,251.3000000000029,325.5,326.8142857142848
2026-06-17 12:00:00,64777.0,65074.8,64555.0,65007.2,481807.68,4818.0768,312333818.82907,1,519.8000000000029,297.8000000000029,222.0,519.8000000000029,348.9357142857131
2026-06-17 13:00:00,65007.2,65330.0,64810.0,65231.2,564912.03,5649.1203,367780044.9273,1,520.0,322.8000000000029,197.1999999999971,520.0,370.4785714285707
2026-06-17 14:00:00,65231.2,65420.0,64723.5,65068.0,671157.25,6711.5725,437081116.57623,1,696.5,188.8000000000029,507.6999999999971,696.5,407.66428571428435
2026-06-17 15:00:00,65067.9,65833.1,64950.0,65720.0,669880.96,6698.8096,438630020.81352,1,883.1000000000058,765.1000000000058,118.0,883.1000000000058,433.20714285714246
2026-06-17 16:00:00,65719.9,66426.6,65684.8,65835.1,880731.5,8807.315,581342595.97463,1,741.8000000000029,706.6000000000058,35.19999999999709,741.8000000000029,460.42857142857144
2026-06-17 17:00:00,65835.1,66182.7,65768.0,66077.6,269165.59,2691.6559,177498049.44352,1,414.6999999999971,347.59999999999127,67.10000000000582,414.6999999999971,475.2071428571435
2026-06-17 18:00:00,66077.5,66077.5,64760.4,65479.8,1817851.83,18178.5183,1190009513.06687,1,1317.0999999999985,0.10000000000582077,1317.2000000000044,1317.2000000000044,550.2428571428583
2026-06-17 19:00:00,65479.8,65631.6,64007.0,64278.2,1619758.22,16197.5822,1046011227.03856,1,1624.6000000000058,151.8000000000029,1472.800000000003,1624.6000000000058,649.1428571428587
2026-06-17 20:00:00,64278.2,64455.0,64140.4,64398.0,367458.65,3674.5865,236307341.99733,1,314.59999999999854,176.8000000000029,137.79999999999563,314.59999999999854,648.6714285714303
2026-06-17 21:00:00,64398.0,64420.0,64106.5,64222.7,188045.61,1880.4561,120872619.9397,1,313.5,22.0,291.5,313.5,637.1928571428585
2026-06-17 22:00:00,64222.7,64400.0,63880.0,64261.6,354248.83,3542.4883,227240841.8781,1,520.0,177.3000000000029,342.6999999999971,520.0,619.6000000000012
2026-06-17 23:00:00,64261.6,64498.0,64218.0,64471.4,148745.07,1487.4507,95780434.11164,1,280.0,236.40000000000146,43.599999999998545,280.0,622.6071428571439
2026-06-18 00:00:00,64471.3,64672.3,64412.5,64428.5,194129.04,1941.2904,125323389.97952,1,259.8000000000029,200.90000000000146,58.900000000001455,259.8000000000029,623.6500000000015
2026-06-18 01:00:00,64428.6,64775.4,64422.5,64519.9,180556.11,1805.5611,116680849.74382,1,352.90000000000146,346.90000000000146,6.0,352.90000000000146,625.6071428571444
2026-06-18 02:00:00,64520.0,64750.0,64444.3,64650.4,236022.59,2360.2259,152543595.5406,1,305.6999999999971,230.09999999999854,75.59999999999854,305.6999999999971,610.3142857142868
2026-06-18 03:00:00,64650.4,64655.0,64234.4,64250.1,246537.41,2465.3741,158697498.94354,1,420.59999999999854,4.599999999998545,416.0,420.59999999999854,603.2142857142868
2026-06-18 04:00:00,64250.2,64310.1,63773.1,63849.5,679106.04,6791.0604,434314183.41047,1,537.0,60.0,477.0,537.0,591.8214285714296
2026-06-18 05:00:00,63849.4,64000.0,63666.0,63968.4,343162.52,3431.6252,219108294.08928,1,334.0,150.5,183.5,334.0,552.6000000000006
2026-06-18 06:00:00,63968.4,64104.3,63820.4,64057.3,240314.71,2403.1471,153785438.72037,1,283.90000000000146,135.90000000000146,148.0,283.90000000000146,519.8928571428577
2026-06-18 07:00:00,64057.5,64480.0,63982.1,64474.1,368390.51,3683.9051,236786800.39572,1,497.90000000000146,422.6999999999971,75.20000000000437,497.90000000000146,525.8357142857151
2026-06-18 08:00:00,64474.1,64650.0,64314.8,64369.9,430050.38,4300.5038,277387734.61959,1,335.1999999999971,175.90000000000146,159.29999999999563,335.1999999999971,455.69285714285746
2026-06-18 09:00:00,64370.0,64450.0,64150.0,64168.2,233730.82,2337.3082,150273438.44544,1,300.0,80.09999999999854,219.90000000000146,300.0,361.0785714285713
2026-06-18 10:00:00,64168.2,64195.4,63886.0,64050.0,371818.83,3718.1883,238045058.09693,1,309.40000000000146,27.200000000004366,282.1999999999971,309.40000000000146,360.70714285714297
2026-06-18 11:00:00,64050.0,64169.9,63846.3,63941.0,295245.43,2952.4543,188881919.25797,1,323.59999999999854,119.90000000000146,203.6999999999971,323.59999999999854,361.42857142857144
2026-06-18 12:00:00,63941.0,64375.0,63890.6,64342.5,343798.15,3437.9815,220590042.37861,1,484.40000000000146,434.0,50.400000000001455,484.40000000000146,358.8857142857144
2026-06-18 13:00:00,64342.6,64416.4,63756.5,63956.0,640993.53,6409.9353,410925980.0176,1,659.9000000000015,73.90000000000146,586.0,659.9000000000015,386.02142857142877
2026-06-18 14:00:00,63956.0,64178.0,63525.0,63785.7,776643.81,7766.4381,495536347.39606,1,653.0,222.0,431.0,653.0,414.10714285714283
2026-06-18 15:00:00,63785.6,63800.0,62253.6,62332.2,1953411.62,19534.1162,1230468923.34249,1,1546.4000000000015,14.30000000000291,1532.0999999999985,1546.4000000000015,499.35714285714283
2026-06-18 16:00:00,62332.2,62789.9,62308.3,62659.0,787260.9,7872.609,492783376.12128,1,481.59999999999854,457.70000000000437,23.89999999999418,481.59999999999854,511.9214285714287
2026-06-18 17:00:00,62659.0,62716.8,62222.2,62569.1,631214.15,6312.1415,394470475.34319,1,494.6000000000058,57.80000000000291,436.8000000000029,494.6000000000058,517.2071428571435
2026-06-18 18:00:00,62569.1,62920.8,62541.2,62676.1,427572.3,4275.723,268262690.67118,1,379.6000000000058,351.70000000000437,27.900000000001455,379.6000000000058,505.96428571428675
2026-06-18 19:00:00,62676.2,62979.0,62600.0,62922.2,228415.37,2284.1537,143512423.43446,1,379.0,302.90000000000146,76.09999999999854,379.0,509.17857142857247
2026-06-18 20:00:00,62922.3,63249.9,62922.3,63059.3,324211.48,3242.1148,204571246.8964,1,327.59999999999854,327.70000000000437,0.10000000000582077,327.70000000000437,512.3071428571441
2026-06-18 21:00:00,63059.4,63097.4,62838.5,62933.1,149634.21,1496.3421,94194764.51857,1,258.90000000000146,38.099999999998545,220.8000000000029,258.90000000000146,495.2357142857155
2026-06-18 22:00:00,62933.0,62966.5,62695.5,62846.4,135094.97,1350.9497,84856528.87659,1,271.0,33.400000000001455,237.59999999999854,271.0,490.65000000000146
2026-06-18 23:00:00,62846.4,62958.1,62719.3,62920.8,118749.76,1187.4976,74630286.0465,1,238.79999999999563,111.69999999999709,127.09999999999854,238.79999999999563,486.27857142857255
2026-06-19 00:00:00,62920.8,63059.0,62807.9,62987.7,135131.33,1351.3133,85057835.04024,1,251.09999999999854,138.1999999999971,112.90000000000146,251.09999999999854,482.11428571428667
2026-06-19 01:00:00,62987.7,63072.8,62816.1,62995.5,149591.62,1495.9162,94166790.59818,1,256.70000000000437,85.10000000000582,171.59999999999854,256.70000000000437,477.33571428571565
2026-06-19 02:00:00,62995.6,63084.7,62855.1,62975.1,121665.72,1216.6572,76614227.25828,1,229.59999999999854,89.19999999999709,140.40000000000146,229.59999999999854,459.13571428571544
2026-06-19 03:00:00,62975.1,63000.0,62350.5,62746.4,573195.6,5731.956,358898184.22956,1,649.5,24.900000000001455,624.5999999999985,649.5,458.3928571428582
2026-06-19 04:00:00,62746.5,62893.3,62380.3,62428.1,308529.39,3085.2939,193156865.07301,1,513.0,146.90000000000146,366.09999999999854,513.0,448.3928571428582
2026-06-19 05:00:00,62428.2,62718.9,62423.2,62713.5,166606.35,1666.0635,104316170.09758,1,295.70000000000437,290.8000000000029,4.900000000001455,295.70000000000437,359.05714285714413
2026-06-19 06:00:00,62713.6,62884.9,62696.4,62859.9,169961.44,1699.6144,106714091.38251,1,188.5,171.40000000000146,17.099999999998545,188.5,338.12142857142993
2026-06-19 07:00:00,62860.0,62888.0,62470.9,62598.2,324185.97,3241.8597,202975900.54752,1,417.09999999999854,28.099999999998545,389.0,417.09999999999854,332.58571428571514
2026-06-19 08:00:00,62598.3,62751.4,62501.2,62571.7,164871.57,1648.7157,103234044.16656,1,250.20000000000437,153.20000000000437,97.0,250.20000000000437,323.3428571428579
2026-06-19 09:00:00,62571.6,62626.3,62281.6,62351.0,398575.67,3985.7567,248672021.82018,1,344.70000000000437,54.60000000000582,290.09999999999854,344.70000000000437,320.8928571428582
2026-06-19 10:00:00,62350.9,62560.0,62350.0,62500.0,239350.37,2393.5037,149472196.63007,1,210.0,209.0,1.0,210.0,312.485714285715
2026-06-19 11:00:00,62500.1,62660.0,62421.4,62599.5,207143.39,2071.4339,129576204.84102,1,238.59999999999854,160.0,78.59999999999854,238.59999999999854,311.0357142857148
2026-06-19 12:00:00,62599.5,62855.5,62320.0,62800.0,453065.33,4530.6533,283622673.12984,1,535.5,256.0,279.5,535.5,329.92857142857196
2026-06-19 13:00:00,62800.0,63387.5,62636.4,63175.9,720603.33,7206.0333,454150743.84585,1,751.0999999999985,587.5,163.59999999999854,751.0999999999985,366.5214285714293
2026-06-19 14:00:00,63175.9,63384.4,62980.0,63174.8,422191.21,4221.9121,266727040.3319,1,404.40000000000146,208.5,195.90000000000146,404.40000000000146,377.4714285714295
2026-06-19 15:00:00,63174.8,63256.2,62986.6,63187.6,272422.45,2724.2245,171954044.30529,1,269.59999999999854,81.39999999999418,188.20000000000437,269.59999999999854,378.3928571428577
2026-06-19 16:00:00,63187.7,63361.3,62879.6,62941.4,415403.22,4154.0322,262444693.75429,1,481.70000000000437,173.70000000000437,308.0,481.70000000000437,396.40000000000094
2026-06-19 17:00:00,62941.4,63197.2,62827.7,63163.1,310043.57,3100.4357,195360784.65928,1,369.5,255.79999999999563,113.70000000000437,369.5,376.40000000000094
2026-06-19 18:00:00,63163.1,63174.4,62950.0,63073.5,121986.51,1219.8651,76919735.07669,1,224.40000000000146,11.30000000000291,213.09999999999854,224.40000000000146,355.7857142857153
2026-06-19 19:00:00,63073.4,63122.7,62904.2,62999.9,116444.86,1164.4486,73358546.32049,1,218.5,49.19999999999709,169.3000000000029,218.5,350.2714285714293
2026-06-19 20:00:00,63000.0,63254.3,62931.0,63215.8,112918.95,1129.1895,71279841.88491,1,323.3000000000029,254.40000000000146,68.90000000000146,323.3000000000029,359.90000000000094
2026-06-19 21:00:00,63215.8,63246.3,63025.4,63052.4,69031.44,690.3144,43585629.35968,1,220.90000000000146,30.5,190.40000000000146,220.90000000000146,345.88571428571544
2026-06-19 22:00:00,63052.3,63350.0,63018.0,63284.7,108083.21,1080.8321,68324181.11515,1,332.0,297.59999999999854,34.400000000001455,332.0,351.72857142857225
2026-06-19 23:00:00,63284.8,63645.7,63240.3,63510.5,292712.77,2927.1277,185750072.29643,1,405.3999999999942,361.0,44.39999999999418,405.3999999999942,356.0642857142858
2026-06-20 00:00:00,63510.4,63752.0,63436.7,63493.5,261622.29,2616.2229,166304749.56064,1,315.3000000000029,241.5,73.80000000000291,315.3000000000029,363.5857142857146
2026-06-20 01:00:00,63493.4,63588.0,63370.0,63547.9,150635.98,1506.3598,95628839.62275,1,218.0,94.5,123.5,218.0,362.11428571428615
2026-06-20 02:00:00,63547.8,63547.8,63289.1,63310.1,142313.21,1423.1321,90212311.15014,1,258.70000000000437,0.09999999999854481,258.8000000000029,258.8000000000029,342.35000000000065
2026-06-20 03:00:00,63310.1,63484.4,63290.0,63448.6,93219.36,932.1936,59092454.71205,1,194.40000000000146,174.3000000000029,20.099999999998545,194.40000000000146,302.58571428571514
2026-06-20 04:00:00,63448.7,63585.3,63361.6,63551.0,115445.9,1154.459,73293950.91855,1,223.70000000000437,136.70000000000437,87.0,223.70000000000437,289.67857142857247
2026-06-20 05:00:00,63551.1,63886.0,63502.9,63640.7,375548.59,3755.4859,239280659.47967,1,383.09999999999854,335.0,48.099999999998545,383.09999999999854,297.7857142857153
2026-06-20 06:00:00,63640.7,63724.8,63604.3,63706.9,123284.91,1232.8491,78499655.44228,1,120.5,84.10000000000582,36.39999999999418,120.5,271.985714285715
2026-06-20 07:00:00,63706.9,63766.6,63560.0,63622.6,153014.55,1530.1455,97447858.08951,1,206.59999999999854,59.69999999999709,146.90000000000146,206.59999999999854,260.35000000000065
2026-06-20 08:00:00,63622.7,63628.2,63341.4,63381.6,311055.97,3110.5597,197389581.56085,1,286.79999999999563,5.599999999998545,281.1999999999971,286.79999999999563,264.80714285714305
2026-06-20 09:00:00,63381.6,63763.0,63381.6,63703.1,271075.07,2710.7507,172416778.82171,1,381.40000000000146,381.40000000000146,0.0,381.40000000000146,276.44285714285746
2026-06-20 10:00:00,63703.2,63749.9,63564.1,63646.1,147540.11,1475.4011,93905626.09272,1,185.8000000000029,46.80000000000291,139.0,185.8000000000029,266.6214285714289
2026-06-20 11:00:00,63646.1,63769.4,63585.6,63646.6,111723.98,1117.2398,71149420.24195,1,183.8000000000029,123.30000000000291,60.5,183.8000000000029,263.971428571429
2026-06-20 12:00:00,63646.7,63756.1,63510.0,63621.9,213585.06,2135.8506,135923865.47118,1,246.09999999999854,109.5,136.59999999999854,246.09999999999854,257.8357142857146
2026-06-20 13:00:00,63621.9,63621.9,63240.0,63357.9,439598.31,4395.9831,278597120.08264,1,381.90000000000146,0.0,381.90000000000146,381.90000000000146,256.1571428571437
2026-06-20 14:00:00,63357.9,64149.5,63150.0,63929.9,865483.69,8654.8369,551158007.92371,1,999.5,791.5999999999985,207.90000000000146,999.5,305.02857142857204
2026-06-20 15:00:00,63930.0,64355.5,63806.7,64129.7,656817.29,6568.1729,421024132.11661,1,548.8000000000029,425.59999999999854,123.20000000000437,548.8000000000029,328.6571428571437
2026-06-20 16:00:00,64129.8,64140.4,63869.6,63995.9,201966.0,2019.66,129223836.14887,1,270.8000000000029,10.700000000004366,260.09999999999854,270.8000000000029,329.51428571428653
2026-06-20 17:00:00,63995.8,64009.0,63701.7,63807.7,233379.7,2333.797,148996036.26872,1,307.3000000000029,13.099999999998545,294.20000000000437,307.3000000000029,337.5785714285724
2026-06-20 18:00:00,63807.7,63906.6,63741.4,63777.0,95845.93,958.4593,61160086.82461,1,165.1999999999971,98.90000000000146,66.29999999999563,165.1999999999971,333.40000000000043
2026-06-20 19:00:00,63776.9,63945.2,63761.2,63909.5,91497.71,914.9771,58434530.05111,1,184.0,168.1999999999971,15.80000000000291,184.0,319.17857142857196
2026-06-20 20:00:00,63909.5,63951.6,63822.7,63903.9,60553.98,605.5398,38697669.09373,1,128.90000000000146,42.099999999998545,86.80000000000291,128.90000000000146,319.77857142857204
2026-06-20 21:00:00,63903.9,64066.7,63887.2,63985.9,89685.62,896.8562,57373738.03315,1,179.5,162.79999999999563,16.700000000004366,179.5,317.8428571428579
2026-06-20 22:00:00,63985.9,64328.6,63951.9,64240.2,198626.72,1986.2672,127494012.56978,1,376.6999999999971,342.6999999999971,34.0,376.6999999999971,324.26428571428653
2026-06-20 23:00:00,64240.3,64309.8,64215.0,64261.7,86371.17,863.7117,55496956.12784,1,94.80000000000291,69.60000000000582,25.19999999999709,94.80000000000291,303.79285714285805
2026-06-21 00:00:00,64261.6,64287.2,64194.0,64257.9,107079.01,1070.7901,68779795.43518,1,93.19999999999709,25.5,67.69999999999709,93.19999999999709,297.17857142857196
2026-06-21 01:00:00,64257.9,64287.9,64179.5,64213.4,133434.35,1334.3435,85696038.22776,1,108.40000000000146,30.0,78.40000000000146,108.40000000000146,291.79285714285754
2026-06-21 02:00:00,64213.4,64246.1,64184.0,64213.8,56957.52,569.5752,36570601.35092,1,62.099999999998545,32.69999999999709,29.400000000001455,62.099999999998545,278.65000000000043
2026-06-21 03:00:00,64213.9,64447.0,64197.7,64391.5,253801.48,2538.0148,163353643.51129,1,249.3000000000029,233.1999999999971,16.10000000000582,249.3000000000029,269.17857142857196
2026-06-21 04:00:00,64391.5,64560.0,64218.5,64245.3,287923.78,2879.2378,185436760.93799,1,341.5,168.5,173.0,341.5,222.17857142857196
2026-06-21 05:00:00,64245.3,64337.8,64186.0,64223.4,138405.67,1384.0567,88910950.38548,1,151.8000000000029,92.5,59.30000000000291,151.8000000000029,193.8214285714291
2026-06-21 06:00:00,64223.5,64294.9,64151.3,64269.7,85526.55,855.2655,54924822.49844,1,143.59999999999854,71.5,72.09999999999854,143.59999999999854,184.7357142857145
2026-06-21 07:00:00,64269.6,64270.0,64127.3,64165.1,121941.64,1219.4164,78269756.19234,1,142.6999999999971,0.3000000000029104,142.39999999999418,142.6999999999971,172.97857142857123
2026-06-21 08:00:00,64165.1,64198.9,63864.0,63983.4,264357.58,2643.5758,169162419.39451,1,334.90000000000146,33.80000000000291,301.09999999999854,334.90000000000146,185.1000000000001
2026-06-21 09:00:00,63983.4,64218.5,63920.0,64177.7,272703.41,2727.0341,174676104.45988,1,298.5,235.09999999999854,63.400000000001455,298.5,193.27857142857152
2026-06-21 10:00:00,64177.6,64380.0,64160.2,64334.8,254634.6,2546.346,163701202.73448,1,219.8000000000029,202.3000000000029,17.5,219.8000000000029,199.77142857142877
2026-06-21 11:00:00,64334.8,64448.4,64079.1,64144.6,394945.48,3949.4548,253815045.84441,1,369.3000000000029,113.59999999999854,255.70000000000437,369.3000000000029,213.32857142857185
2026-06-21 12:00:00,64144.5,64208.1,63908.9,64165.0,398845.09,3988.4509,255480504.57867,1,299.1999999999971,63.5,235.6999999999971,299.1999999999971,207.79285714285757
2026-06-21 13:00:00,64165.0,64165.0,63980.0,64111.9,142362.68,1423.6268,91215850.55192,1,185.0,0.0,185.0,185.0,214.2357142857145
2026-06-21 14:00:00,64111.9,64125.4,63964.4,64122.0,125459.55,1254.5955,80347652.31295,1,161.0,13.5,147.5,161.0,219.07857142857185
2026-06-21 15:00:00,64122.0,64332.5,64087.6,64191.6,171965.49,1719.6549,110415855.35134,1,244.90000000000146,210.5,34.400000000001455,244.90000000000146,228.82857142857185
2026-06-21 16:00:00,64191.7,64223.1,64002.3,64111.2,165645.03,1656.4503,106195823.82898,1,220.79999999999563,31.5,189.29999999999563,220.79999999999563,240.1642857142859
2026-06-21 17:00:00,64111.2,64188.0,64039.1,64114.2,79267.16,792.6716,50817488.7853,1,148.90000000000146,76.80000000000291,72.09999999999854,148.90000000000146,232.99285714285725
2026-06-21 18:00:00,64114.2,64212.6,63911.0,64179.3,143030.33,1430.3033,91621619.31224,1,301.59999999999854,98.40000000000146,203.1999999999971,301.59999999999854,230.14285714285714
2026-06-21 19:00:00,64179.3,64270.0,64130.1,64169.1,69283.06,692.8306,44472654.30345,1,139.90000000000146,90.69999999999709,49.200000000004366,139.90000000000146,229.29285714285703
2026-06-21 20:00:00,64169.2,64237.7,63643.0,63817.6,316643.06,3166.4306,202166120.69949,1,594.6999999999971,68.59999999999854,526.0999999999985,594.6999999999971,261.5142857142855
2026-06-21 21:00:00,63817.6,63939.0,63461.4,63768.5,374995.69,3749.9569,238775666.94743,1,477.59999999999854,121.40000000000146,356.1999999999971,477.59999999999854,285.4357142857142
2026-06-21 22:00:00,63768.4,63829.8,63537.9,63765.9,244153.38,2441.5338,155413485.62726,1,291.90000000000146,61.30000000000291,230.59999999999854,291.90000000000146,282.3642857142856
2026-06-21 23:00:00,63765.9,63765.9,63228.0,63278.9,388031.4,3880.314,246103145.14564,1,537.9000000000015,0.0,537.9000000000015,537.9000000000015,299.4642857142857
2026-06-22 00:00:00,63278.9,64075.0,63278.8,63860.0,571371.2,5713.712,364004287.50605,1,796.1999999999971,796.0999999999985,0.09999999999854481,796.1999999999971,340.63571428571385
2026-06-22 01:00:00,63860.0,64813.0,63820.0,64570.1,1067224.02,10672.2402,687681623.79429,1,993.0,953.0,40.0,993.0,385.1857142857137
2026-06-22 02:00:00,64570.1,64646.2,64220.3,64230.5,322560.16,3225.6016,207891941.51502,1,425.8999999999942,76.09999999999854,349.79999999999563,425.8999999999942,394.23571428571347
2026-06-22 03:00:00,64230.5,64436.0,63866.7,63940.1,483695.02,4836.9502,310107988.78188,1,569.3000000000029,205.5,363.8000000000029,569.3000000000029,421.6857142857137
2026-06-22 04:00:00,63940.1,64087.9,63833.3,64068.1,246952.29,2469.5229,157931529.11631,1,254.59999999999854,147.8000000000029,106.79999999999563,254.59999999999854,428.3714285714278
2026-06-22 05:00:00,64068.1,64310.2,64059.9,64219.3,235210.9,2352.109,151012462.54214,1,250.29999999999563,242.09999999999854,8.19999999999709,250.29999999999563,428.75714285714173
2026-06-22 06:00:00,64219.3,64293.2,63919.2,63963.9,208274.79,2082.7479,133428514.15295,1,374.0,73.89999999999418,300.1000000000058,374.0,439.6999999999992
2026-06-22 07:00:00,63963.9,64382.8,63941.0,64179.3,258416.27,2584.1627,165899945.44949,1,441.8000000000029,418.90000000000146,22.900000000001455,441.8000000000029,460.6214285714278
2026-06-22 08:00:00,64179.3,64320.0,64005.6,64132.4,224171.61,2241.7161,143841927.67048,1,314.40000000000146,140.6999999999971,173.70000000000437,314.40000000000146,461.53571428571377
2026-06-22 09:00:00,64132.4,64230.1,64022.0,64115.4,125031.56,1250.3156,80158261.17959,1,208.09999999999854,97.69999999999709,110.40000000000146,208.09999999999854,466.4071428571421
2026-06-22 10:00:00,64115.5,64252.4,64046.0,64113.6,113973.14,1139.7314,73112355.58654,1,206.40000000000146,137.0,69.40000000000146,206.40000000000146,438.6714285714282
2026-06-22 11:00:00,64113.6,64745.8,64070.0,64625.0,648193.55,6481.9355,418050655.1434,1,675.8000000000029,632.2000000000044,43.599999999998545,675.8000000000029,452.8285714285713
2026-06-22 12:00:00,64625.0,65189.5,64551.7,65116.4,1008709.01,10087.0901,654661755.07531,1,637.8000000000029,564.5,73.30000000000291,637.8000000000029,477.5357142857143
2026-06-22 13:00:00,65116.4,65566.0,64906.5,65549.1,881726.97,8817.2697,575446316.82541,1,659.5,449.59999999999854,209.90000000000146,659.5,486.2214285714285
2026-06-22 14:00:00,65549.1,65616.4,64800.0,64940.5,882303.67,8823.0367,574544836.12034,1,816.3999999999942,67.29999999998836,749.1000000000058,816.3999999999942,487.6642857142854
2026-06-22 15:00:00,64940.6,65115.8,64711.0,64803.5,397758.62,3977.5862,258265731.50136,1,404.8000000000029,175.3000000000029,229.5,404.8000000000029,445.6499999999999
2026-06-22 16:00:00,64803.5,64831.8,64478.7,64693.0,470789.48,4707.8948,304399355.25658,1,353.1000000000058,28.30000000000291,324.8000000000029,353.1000000000058,440.4500000000007
2026-06-22 17:00:00,64693.0,64747.6,64355.0,64578.7,360883.61,3608.8361,232752751.09084,1,392.59999999999854,54.599999999998545,338.0,392.59999999999854,427.8285714285718
2026-06-22 18:00:00,64578.7,64716.7,64263.0,64314.9,287680.25,2876.8025,185562012.46097,1,453.6999999999971,138.0,315.6999999999971,453.6999999999971,442.0500000000003
2026-06-22 19:00:00,64315.0,64480.0,64244.0,64451.4,303220.68,3032.2068,195157949.62921,1,236.0,165.09999999999854,70.90000000000146,236.0,441.02857142857204
2026-06-22 20:00:00,64451.4,64640.3,64331.5,64411.4,219794.33,2197.9433,141755601.21544,1,308.8000000000029,188.90000000000146,119.90000000000146,308.8000000000029,436.3714285714294
2026-06-22 21:00:00,64411.4,64456.7,64108.5,64291.1,187604.5,1876.045,120547683.40158,1,348.1999999999971,45.299999999995634,302.90000000000146,348.1999999999971,429.6857142857147
2026-06-22 22:00:00,64291.0,64367.9,63766.0,63943.0,511240.86,5112.4086,327120174.43661,1,601.9000000000015,76.80000000000291,525.0999999999985,601.9000000000015,450.221428571429
2026-06-22 23:00:00,63943.0,64023.4,63849.4,63994.0,197302.55,1973.0255,126163902.11779,1,174.0,80.40000000000146,93.59999999999854,174.0,447.7857142857148
2026-06-23 00:00:00,63993.9,64136.0,63803.1,64123.5,217232.8,2172.328,138958463.63352,1,332.90000000000146,142.0,190.90000000000146,332.90000000000146,456.82142857142907
2026-06-23 01:00:00,64123.5,64248.5,63866.0,64123.5,311197.69,3111.9769,199451034.4109,1,382.5,125.0,257.5,382.5,435.8714285714289
2026-06-23 02:00:00,64123.5,64250.0,64009.1,64168.3,136227.02,1362.2702,87392262.7671,1,240.90000000000146,126.5,114.40000000000146,240.90000000000146,407.52142857142877
2026-06-23 03:00:00,64168.3,64173.9,63936.2,64040.0,170454.01,1704.5401,109105224.30502,1,237.70000000000437,5.599999999998545,232.10000000000582,237.70000000000437,377.3928571428577
2026-06-23 04:00:00,64039.9,64067.8,63577.1,63597.9,385720.85,3857.2085,246017479.93798,1,490.70000000000437,27.80000000000291,462.90000000000146,490.70000000000437,354.1285714285727
2026-06-23 05:00:00,63597.8,63708.7,63325.0,63366.0,586578.95,5865.7895,372362101.42951,1,383.6999999999971,110.79999999999563,272.90000000000146,383.6999999999971,352.6214285714294
2026-06-23 06:00:00,63366.0,63372.0,62523.1,62899.9,1436817.58,14368.1758,903456584.91718,1,848.9000000000015,6.0,842.9000000000015,848.9000000000015,388.0357142857148
2026-06-23 07:00:00,62900.0,63057.2,62818.2,62846.3,356625.12,3566.2512,224423507.05885,1,239.0,157.29999999999563,81.70000000000437,239.0,377.0642857142863
2026-06-23 08:00:00,62846.2,62910.4,61883.8,62349.1,1576237.72,15762.3772,982268281.19921,1,1026.5999999999985,64.09999999999854,962.5,1026.5999999999985,417.985714285715
2026-06-23 09:00:00,62349.1,62476.9,62296.7,62353.0,281247.43,2812.4743,175495092.80924,1,180.20000000000437,127.80000000000291,52.400000000001455,180.20000000000437,414.000000000001
2026-06-23 10:00:00,62353.0,62548.9,62204.9,62289.1,360934.15,3609.3415,225039987.19594,1,344.0,195.90000000000146,148.09999999999854,344.0,416.51428571428653
2026-06-23 11:00:00,62289.1,62634.2,62286.8,62476.0,337688.94,3376.8894,210958368.54913,1,347.3999999999942,345.09999999999854,2.2999999999956344,347.3999999999942,416.4571428571435
2026-06-23 12:00:00,62476.1,62532.2,62155.0,62229.9,295552.21,2955.5221,184190325.84538,1,377.1999999999971,56.19999999999709,321.0,377.1999999999971,400.4071428571432
2026-06-23 13:00:00,62230.0,62513.2,61928.6,62450.0,824671.07,8246.7107,513247257.2559,1,584.5999999999985,283.29999999999563,301.3000000000029,584.5999999999985,429.7357142857145
2026-06-23 14:00:00,62450.0,62828.1,62375.0,62466.6,750638.42,7506.3842,469730109.6433,1,453.09999999999854,378.09999999999854,75.0,453.09999999999854,438.32142857142856
2026-06-23 15:00:00,62466.7,62486.2,62171.5,62459.9,395688.95,3956.8895,246609259.99024,1,314.6999999999971,19.599999999998545,295.09999999999854,314.6999999999971,433.47857142857123
2026-06-23 16:00:00,62459.9,62794.3,62401.1,62518.3,477023.86,4770.2386,298631057.66049,1,393.20000000000437,334.40000000000146,58.80000000000291,393.20000000000437,444.35714285714283
2026-06-23 17:00:00,62518.3,62661.7,62300.0,62322.1,299400.09,2994.0009,187065888.63688,1,361.6999999999971,143.39999999999418,218.3000000000029,361.6999999999971,453.2142857142852
2026-06-23 18:00:00,62322.2,62420.0,62075.0,62208.9,240937.07,2409.3707,149930778.51695,1,345.0,97.90000000000146,247.09999999999854,345.0,442.807142857142
2026-06-23 19:00:00,62209.0,62457.1,62195.6,62367.4,175757.79,1757.5779,109544004.88567,1,261.5,248.1999999999971,13.30000000000291,261.5,434.0785714285708
2026-06-23 20:00:00,62367.5,62514.8,62350.0,62438.3,114677.29,1146.7729,71608590.08226,1,164.8000000000029,147.40000000000146,17.400000000001455,164.8000000000029,385.2142857142852
2026-06-23 21:00:00,62438.4,62625.0,62438.4,62569.8,105380.39,1053.8039,65903935.40027,1,186.59999999999854,186.6999999999971,0.09999999999854481,186.6999999999971,381.4785714285707
2026-06-23 22:00:00,62569.8,62750.0,62490.0,62560.5,146400.58,1464.0058,91682017.5351,1,260.0,180.1999999999971,79.80000000000291,260.0,326.72142857142796
2026-06-23 23:00:00,62560.4,62774.8,62462.9,62701.4,158158.24,1581.5824,99012377.84649,1,311.90000000000146,214.3000000000029,97.59999999999854,311.90000000000146,336.1285714285706
2026-06-24 00:00:00,62701.5,63000.0,62700.0,62990.0,369455.36,3694.5536,232300177.40387,1,300.0,298.59999999999854,1.4000000000014552,300.0,332.98571428571347
2026-06-24 01:00:00,62990.1,63097.9,62735.6,62908.0,337906.95,3379.0695,212672379.45938,1,362.3000000000029,107.90000000000146,254.40000000000146,362.3000000000029,334.0499999999998
2026-06-24 02:00:00,62907.9,62990.0,62573.8,62607.3,365025.79,3650.2579,228947888.68931,1,416.1999999999971,82.0,334.1999999999971,416.1999999999971,336.83571428571406
2026-06-24 03:00:00,62607.3,62822.0,62433.0,62706.5,318405.08,3184.0508,199421303.98795,1,389.0,214.6999999999971,174.3000000000029,389.0,322.8642857142856
2026-06-24 04:00:00,62706.6,62774.2,62499.9,62722.2,171320.19,1713.2019,107337602.16595,1,274.29999999999563,67.69999999999709,206.59999999999854,274.29999999999563,310.0928571428568
2026-06-24 05:00:00,62722.1,63050.0,62681.6,62864.9,316226.15,3162.2615,198868147.6884,1,368.40000000000146,327.8000000000029,40.599999999998545,368.40000000000146,313.92857142857144
2026-06-24 06:00:00,62864.9,62890.1,62702.6,62757.9,157934.53,1579.3453,99177311.56017,1,187.5,25.19999999999709,162.3000000000029,187.5,299.235714285714
2026-06-24 07:00:00,62757.9,62823.3,62580.0,62627.0,237058.9,2370.589,148590338.05333,1,243.3000000000029,65.40000000000146,177.90000000000146,243.3000000000029,290.7785714285715
2026-06-24 08:00:00,62627.0,62787.6,62576.2,62771.2,160651.23,1606.5123,100702514.42773,1,211.40000000000146,160.59999999999854,50.80000000000291,211.40000000000146,281.2357142857145
2026-06-24 09:00:00,62771.2,62771.3,62607.2,62655.1,112624.74,1126.2474,70589211.37898,1,164.10000000000582,0.10000000000582077,164.0,164.10000000000582,274.27857142857204
2026-06-24 10:00:00,62655.1,62655.1,62385.7,62418.9,309610.43,3096.1043,193565216.67823,1,269.40000000000146,0.0,269.40000000000146,269.40000000000146,281.7500000000005
2026-06-24 11:00:00,62418.9,63221.0,62260.0,62887.5,877769.88,8777.6988,550473253.06983,1,961.0,802.0999999999985,158.90000000000146,961.0,337.05714285714356
2026-06-24 12:00:00,62887.4,62944.2,62551.6,62587.5,473190.38,4731.9038,297030092.84568,1,392.59999999999854,56.69999999999709,335.90000000000146,392.59999999999854,346.52857142857204
2026-06-24 13:00:00,62587.4,62600.0,61205.7,61300.0,2562511.4,25625.114,1583194464.46374,1,1394.300000000003,12.5,1381.800000000003,1394.300000000003,423.8428571428579
2026-06-24 14:00:00,61300.0,61436.5,60829.5,61089.8,1712923.42,17129.2342,1047181493.58322,1,607.0,136.5,470.5,607.0,445.7714285714293
2026-06-24 15:00:00,61089.8,61123.0,60230.9,60252.7,1438907.87,14389.0787,872863768.0164,1,892.0999999999985,33.19999999999709,858.9000000000015,892.0999999999985,483.61428571428615
2026-06-24 16:00:00,60252.7,60675.5,59574.0,59813.9,2267696.36,22676.9636,1362263739.08667,1,1101.5,422.8000000000029,678.6999999999971,1101.5,532.5642857142864
2026-06-24 17:00:00,59814.0,60038.3,59050.3,59359.4,2120453.99,21204.5399,1262437449.29578,1,988.0,224.40000000000146,763.5999999999985,988.0,575.3500000000006
2026-06-24 18:00:00,59359.4,59895.0,59269.0,59573.1,930151.99,9301.5199,554326234.6155,1,626.0,535.5999999999985,90.40000000000146,626.0,600.4714285714296
2026-06-24 19:00:00,59573.2,59957.0,59483.9,59921.2,539430.82,5394.3082,322145574.93142,1,473.09999999999854,383.90000000000146,89.19999999999709,473.09999999999854,607.9500000000007
2026-06-24 20:00:00,59920.8,61176.4,59815.2,60926.4,1716631.71,17166.3171,1041058102.10072,1,1361.2000000000044,1255.2000000000044,106.0,1361.2000000000044,691.7857142857154
2026-06-24 21:00:00,60926.3,61107.2,60632.4,61070.5,391859.76,3918.5976,238535557.49261,1,474.79999999999563,180.79999999999563,294.0,474.79999999999563,708.3214285714291
2026-06-24 22:00:00,61070.4,61243.9,60766.8,60846.5,343302.2,3433.022,209324320.14899,1,477.09999999999854,173.40000000000146,303.6999999999971,477.09999999999854,727.3000000000003
2026-06-24 23:00:00,60846.4,61085.2,60800.0,61050.0,195754.76,1957.5476,119318077.5134,1,285.1999999999971,238.6999999999971,46.5,285.1999999999971,735.9499999999997
2026-06-25 00:00:00,61050.1,61137.0,60692.4,60783.6,329399.55,3293.9955,200617606.22467,1,444.59999999999854,87.0,357.59999999999854,444.59999999999854,748.4642857142852
2026-06-25 01:00:00,60783.6,60955.7,60683.4,60884.4,208642.27,2086.4227,126877990.42968,1,272.29999999999563,172.09999999999854,100.19999999999709,272.29999999999563,699.2714285714277
2026-06-25 02:00:00,60884.4,60935.7,60660.6,60759.9,221748.77,2217.4877,134786080.05996,1,275.09999999999854,51.299999999995634,223.8000000000029,275.09999999999854,690.8785714285706
2026-06-25 03:00:00,60759.9,60873.0,60650.0,60851.9,160981.65,1609.8165,97821526.24399,1,223.0,113.09999999999854,109.90000000000146,223.0,607.2142857142846
2026-06-25 04:00:00,60852.0,61380.6,60752.9,61315.1,408329.73,4083.2973,249462283.5691,1,627.6999999999971,528.6999999999971,99.0,627.6999999999971,608.6928571428559
2026-06-25 05:00:00,61315.1,61776.9,61240.0,61560.3,974505.08,9745.0508,599873196.26473,1,536.9000000000015,461.8000000000029,75.09999999999854,536.9000000000015,583.3214285714275
2026-06-25 06:00:00,61560.3,61830.9,61560.3,61685.6,311380.62,3113.8062,192119060.3954,1,270.59999999999854,270.59999999999854,0.0,270.59999999999854,523.9714285714274
2026-06-25 07:00:00,61685.6,61929.5,61631.4,61877.6,403954.77,4039.5477,249657913.60756,1,298.09999999999854,243.90000000000146,54.19999999999709,298.09999999999854,474.69285714285587
2026-06-25 08:00:00,61877.6,61888.0,61643.5,61676.2,243829.71,2438.2971,150527883.29001,1,244.5,10.400000000001455,234.09999999999854,244.5,447.44285714285587
2026-06-25 09:00:00,61676.2,61753.0,61571.9,61699.9,196692.77,1966.9277,121321278.12386,1,181.09999999999854,76.80000000000291,104.29999999999563,181.09999999999854,426.58571428571304
2026-06-25 10:00:00,61700.0,61718.4,61231.2,61242.2,467215.9,4672.159,287086094.71919,1,487.20000000000437,18.5,468.70000000000437,487.20000000000437,364.1571428571416
2026-06-25 11:00:00,61242.1,61392.7,61029.3,61258.9,682664.31,6826.6431,417989285.52738,1,363.3999999999942,150.5,212.89999999999418,363.3999999999942,356.1999999999986
2026-06-25 12:00:00,61259.0,61757.4,61044.0,61207.3,933843.43,9338.4343,572997103.25677,1,713.4000000000015,498.5,214.90000000000146,713.4000000000015,373.0785714285703
2026-06-25 13:00:00,61207.3,61337.8,58031.5,58258.6,4046682.93,40466.8293,2411671932.63133,1,3306.300000000003,130.5,3175.800000000003,3306.300000000003,588.8714285714278
2026-06-25 14:00:00,58258.5,60453.3,58258.5,59438.0,4033021.67,40330.2167,2394746718.54027,1,2194.800000000003,2194.7000000000044,0.09999999999854481,2194.800000000003,713.8857142857139
2026-06-25 15:00:00,59437.9,59637.6,58833.8,59528.4,1352069.1,13520.691,800786469.33598,1,803.7999999999956,199.59999999999854,604.1999999999971,803.7999999999956,751.8499999999996
2026-06-25 16:00:00,59528.3,60031.0,59107.1,59281.2,888258.11,8882.5811,529231647.51898,1,923.9000000000015,502.59999999999854,421.3000000000029,923.9000000000015,798.192857142857
2026-06-25 17:00:00,59281.3,59714.9,59083.6,59644.6,472834.19,4728.3419,281024183.51112,1,631.3000000000029,433.70000000000437,197.59999999999854,631.3000000000029,827.3571428571429
2026-06-25 18:00:00,59644.5,59756.0,59320.8,59483.9,382674.9,3826.749,227777148.27376,1,435.1999999999971,111.40000000000146,323.79999999999563,435.1999999999971,813.6071428571429
2026-06-25 19:00:00,59483.8,59489.3,59120.8,59295.5,331993.13,3319.9313,196815509.33303,1,368.5,5.400000000001455,363.09999999999854,368.5,801.5785714285713
2026-06-25 20:00:00,59295.5,59720.0,59292.3,59429.0,304095.26,3040.9526,181000641.73137,1,427.6999999999971,424.5,3.1999999999970896,427.6999999999971,812.7999999999998
2026-06-25 21:00:00,59429.0,60267.7,59424.0,60179.8,307127.75,3071.2775,183961096.91336,1,843.6999999999971,838.6999999999971,5.0,843.6999999999971,851.7714285714283
2026-06-25 22:00:00,60179.7,60179.7,59705.0,59810.6,284474.6,2844.746,170348518.17784,1,474.6999999999971,0.10000000000582077,474.8000000000029,474.8000000000029,868.2214285714284
2026-06-25 23:00:00,59810.5,60168.6,59706.2,59767.2,274435.75,2744.3575,164566393.00911,1,462.40000000000146,358.0,104.40000000000146,462.40000000000146,888.3142857142858
2026-06-26 00:00:00,59767.3,59877.2,59600.1,59625.2,210039.14,2100.3914,125492791.01361,1,277.09999999999854,110.0,167.09999999999854,277.09999999999854,873.3071428571426
2026-06-26 01:00:00,59625.2,59754.0,59180.9,59406.1,408296.48,4082.9648,242507622.66057,1,573.0999999999985,128.8000000000029,444.29999999999563,573.0999999999985,888.2857142857143
2026-06-26 02:00:00,59406.0,59424.3,58325.0,58540.0,1404583.56,14045.8356,824611758.12057,1,1099.300000000003,18.200000000004366,1081.0999999999985,1099.300000000003,915.8500000000001
2026-06-26 03:00:00,58540.0,60114.0,58300.0,60010.1,1379864.15,13798.6415,818259559.11442,1,1814.0,1574.0,240.0,1814.0,809.2571428571428
2026-06-26 04:00:00,60010.1,60209.9,59804.7,59894.8,639739.78,6397.3978,383533565.22523,1,405.20000000000437,199.8000000000029,205.40000000000146,405.20000000000437,681.4285714285714
2026-06-26 05:00:00,59894.7,60018.4,59700.2,59910.3,435918.61,4359.1861,260924785.77662,1,318.20000000000437,123.59999999999854,194.60000000000582,318.20000000000437,646.7428571428578
2026-06-26 06:00:00,59910.3,60435.6,59668.4,60299.8,732803.25,7328.0325,440329039.27704,1,767.1999999999971,525.2999999999956,241.90000000000146,767.1999999999971,635.5500000000003
2026-06-26 07:00:00,60299.8,60759.9,60250.0,60486.1,885658.88,8856.5888,536293354.31087,1,509.90000000000146,460.09999999999854,49.80000000000291,509.90000000000146,626.8785714285716
2026-06-26 08:00:00,60486.2,60540.0,60108.8,60210.7,555572.69,5555.7269,334750734.81003,1,431.1999999999971,53.900000000001455,377.29999999999563,431.1999999999971,626.5928571428574
2026-06-26 09:00:00,60210.7,60220.0,59549.0,59705.8,634241.15,6342.4115,379834041.48351,1,671.0,9.30000000000291,661.6999999999971,671.0,648.2000000000002
2026-06-26 10:00:00,59705.9,59826.3,59200.6,59289.2,598328.01,5983.2801,356204516.12069,1,625.7000000000044,120.5,505.20000000000437,625.7000000000044,662.3428571428578
2026-06-26 11:00:00,59289.2,59570.7,59232.3,59390.4,428324.56,4283.2456,254513056.63732,1,338.3999999999942,281.5,56.89999999999418,338.3999999999942,626.2500000000006
2026-06-26 12:00:00,59390.3,59984.0,58940.0,59165.5,1312714.63,13127.1463,779777406.01562,1,1044.0,593.5999999999985,450.40000000000146,1044.0,666.9071428571432
2026-06-26 13:00:00,59165.5,60186.5,58468.0,60149.9,1917208.68,19172.0868,1135223619.38566,1,1718.5,1021.0,697.5,1718.5,756.6285714285716
2026-06-26 14:00:00,60150.0,60274.0,59354.3,59571.2,1311057.74,13110.5774,784570100.55955,1,919.6999999999971,124.09999999999854,795.5999999999985,919.6999999999971,802.5285714285716
2026-06-26 15:00:00,59571.2,60478.9,59555.0,60297.4,1061275.41,10612.7541,638080374.21931,1,923.9000000000015,907.7000000000044,16.19999999999709,923.9000000000015,827.5857142857146
2026-06-26 16:00:00,60297.4,60573.2,59926.9,60015.3,804294.89,8042.9489,483921526.24048,1,646.2999999999956,275.79999999999563,370.5,646.2999999999956,795.2285714285712
2026-06-26 17:00:00,60015.2,60262.7,59912.9,59997.5,345511.77,3455.1177,207556330.81689,1,349.79999999999563,247.39999999999418,102.40000000000146,349.79999999999563,690.6428571428567
2026-06-26 18:00:00,59997.4,60132.1,59527.0,59642.5,322019.05,3220.1905,192605724.05036,1,605.0999999999985,134.59999999999854,470.5,605.0999999999985,704.9214285714277
2026-06-26 19:00:00,59642.5,60080.8,59588.0,59730.0,460203.15,4602.0315,275629357.60794,1,492.8000000000029,438.3000000000029,54.5,492.8000000000029,717.3928571428561
2026-06-26 20:00:00,59730.1,59968.7,59529.4,59689.4,304625.42,3046.2542,181875945.40147,1,439.29999999999563,238.6999999999971,200.59999999999854,439.29999999999563,693.9714285714274
2026-06-26 21:00:00,59689.4,60027.9,59650.0,59887.2,133527.58,1335.2758,79925637.84653,1,377.90000000000146,338.5,39.400000000001455,377.90000000000146,684.542857142856
2026-06-26 22:00:00,59887.3,59946.0,59720.6,59866.2,71715.88,717.1588,42934842.29405,0,225.40000000000146,58.80000000000291,166.59999999999854,225.40000000000146,669.8428571428564
2026-06-16 14:00:00,66014.4,66226.0,65324.3,65628.4,975963.13,9759.6313,640891123.61759,1,901.6999999999971,,,901.6999999999971,901.6999999999971
2026-06-16 15:00:00,65628.3,65968.0,65580.1,65834.7,418749.69,4187.4969,275528507.53702,1,387.8999999999942,339.6000000000058,48.29999999998836,387.8999999999942,644.7999999999956
2026-06-16 16:00:00,65834.8,65929.7,65668.3,65727.0,217827.86,2178.2786,143257622.8408,1,261.3999999999942,95.0,166.39999999999418,261.3999999999942,516.9999999999951
2026-06-16 17:00:00,65727.0,65984.3,65675.8,65946.5,197768.85,1977.6885,130177463.46752,1,308.5,257.3000000000029,51.19999999999709,308.5,464.87499999999636
2026-06-16 18:00:00,65946.5,66246.8,65762.1,65815.3,321950.72,3219.5072,212559859.75587,1,484.6999999999971,300.3000000000029,184.39999999999418,484.6999999999971,468.8399999999965
2026-06-16 19:00:00,65815.2,65815.2,65520.8,65650.1,246067.66,2460.6766,161500975.74166,1,294.3999999999942,0.10000000000582077,294.5,294.5,439.7833333333304
2026-06-16 20:00:00,65650.0,65844.0,65554.5,65829.7,140750.43,1407.5043,92500417.48081,1,289.5,193.89999999999418,95.60000000000582,289.5,418.31428571428324
2026-06-16 21:00:00,65829.8,65921.2,65620.0,65748.0,120496.24,1204.9624,79239528.50118,1,301.1999999999971,91.5,209.6999999999971,301.1999999999971,403.67499999999745
2026-06-16 22:00:00,65748.0,65860.1,65650.0,65746.3,130428.91,1304.2891,85737847.5708,1,210.10000000000582,112.10000000000582,98.0,210.10000000000582,382.16666666666504
2026-06-16 23:00:00,65746.4,65806.7,65588.3,65648.7,86812.88,868.1288,57018946.65405,1,218.39999999999418,60.39999999999418,158.0,218.39999999999418,365.789999999998
2026-06-17 00:00:00,65648.7,65824.6,65648.7,65682.0,118708.95,1187.0895,78029339.07393,1,175.90000000000873,175.90000000000873,0.0,175.90000000000873,348.5272727272717
2026-06-17 01:00:00,65682.1,65934.4,65408.9,65902.9,306594.53,3065.9453,201264217.65025,1,525.4999999999927,252.39999999999418,273.09999999999854,525.4999999999927,363.27499999999844
2026-06-17 02:00:00,65903.0,66100.0,65739.3,65868.9,252975.22,2529.7522,166755178.41785,1,360.6999999999971,197.10000000000582,163.59999999999127,360.6999999999971,363.0769230769214
2026-06-17 03:00:00,65868.9,65874.4,65666.6,65820.0,103502.88,1035.0288,68066490.50279,1,207.79999999998836,5.5,202.29999999998836,207.79999999998836,351.9857142857119
2026-06-17 04:00:00,65820.0,66021.2,65754.5,65855.6,141185.67,1411.8567,93033293.49313,1,266.6999999999971,201.1999999999971,65.5,266.6999999999971,306.62857142856905
2026-06-17 05:00:00,65855.6,65950.0,65710.0,65803.7,137331.39,1373.3139,90366469.34849,1,240.0,94.39999999999418,145.60000000000582,240.0,296.06428571428376
2026-06-17 06:00:00,65803.7,65864.3,65543.1,65593.0,212913.96,2129.1396,139806129.91444,1,321.1999999999971,60.60000000000582,260.59999999999127,321.1999999999971,300.3357142857125
2026-06-17 07:00:00,65593.0,65687.8,65213.6,65505.0,580719.8,5807.198,380026051.17893,1,474.20000000000437,94.80000000000291,379.40000000000146,474.20000000000437,312.1714285714271
2026-06-17 08:00:00,65505.0,65543.6,64777.3,64886.7,867879.55,8678.7955,564853317.70962,1,766.3000000000029,38.60000000000582,727.6999999999971,766.3000000000029,332.28571428571325
2026-06-17 09:00:00,64886.7,65047.9,64810.0,64885.2,355288.5,3552.885,230749964.87792,1,237.90000000000146,161.20000000000437,76.69999999999709,237.90000000000146,328.2428571428562
2026-06-17 10:00:00,64885.2,64969.6,64724.4,64765.9,234520.3,2345.203,152059723.07281,1,245.1999999999971,84.40000000000146,160.79999999999563,245.1999999999971,325.0785714285703
2026-06-17 11:00:00,64765.9,64840.1,64514.6,64777.0,551175.34,5511.7534,356446517.00829,1,325.5,74.19999999999709,251.3000000000029,325.5,326.8142857142848
2026-06-17 12:00:00,64777.0,65074.8,64555.0,65007.2,481807.68,4818.0768,312333818.82907,1,519.8000000000029,297.8000000000029,222.0,519.8000000000029,348.9357142857131
2026-06-17 13:00:00,65007.2,65330.0,64810.0,65231.2,564912.03,5649.1203,367780044.9273,1,520.0,322.8000000000029,197.1999999999971,520.0,370.4785714285707
2026-06-17 14:00:00,65231.2,65420.0,64723.5,65068.0,671157.25,6711.5725,437081116.57623,1,696.5,188.8000000000029,507.6999999999971,696.5,407.66428571428435
2026-06-17 15:00:00,65067.9,65833.1,64950.0,65720.0,669880.96,6698.8096,438630020.81352,1,883.1000000000058,765.1000000000058,118.0,883.1000000000058,433.20714285714246
2026-06-17 16:00:00,65719.9,66426.6,65684.8,65835.1,880731.5,8807.315,581342595.97463,1,741.8000000000029,706.6000000000058,35.19999999999709,741.8000000000029,460.42857142857144
2026-06-17 17:00:00,65835.1,66182.7,65768.0,66077.6,269165.59,2691.6559,177498049.44352,1,414.6999999999971,347.59999999999127,67.10000000000582,414.6999999999971,475.2071428571435
2026-06-17 18:00:00,66077.5,66077.5,64760.4,65479.8,1817851.83,18178.5183,1190009513.06687,1,1317.0999999999985,0.10000000000582077,1317.2000000000044,1317.2000000000044,550.2428571428583
2026-06-17 19:00:00,65479.8,65631.6,64007.0,64278.2,1619758.22,16197.5822,1046011227.03856,1,1624.6000000000058,151.8000000000029,1472.800000000003,1624.6000000000058,649.1428571428587
2026-06-17 20:00:00,64278.2,64455.0,64140.4,64398.0,367458.65,3674.5865,236307341.99733,1,314.59999999999854,176.8000000000029,137.79999999999563,314.59999999999854,648.6714285714303
2026-06-17 21:00:00,64398.0,64420.0,64106.5,64222.7,188045.61,1880.4561,120872619.9397,1,313.5,22.0,291.5,313.5,637.1928571428585
2026-06-17 22:00:00,64222.7,64400.0,63880.0,64261.6,354248.83,3542.4883,227240841.8781,1,520.0,177.3000000000029,342.6999999999971,520.0,619.6000000000012
2026-06-17 23:00:00,64261.6,64498.0,64218.0,64471.4,148745.07,1487.4507,95780434.11164,1,280.0,236.40000000000146,43.599999999998545,280.0,622.6071428571439
2026-06-18 00:00:00,64471.3,64672.3,64412.5,64428.5,194129.04,1941.2904,125323389.97952,1,259.8000000000029,200.90000000000146,58.900000000001455,259.8000000000029,623.6500000000015
2026-06-18 01:00:00,64428.6,64775.4,64422.5,64519.9,180556.11,1805.5611,116680849.74382,1,352.90000000000146,346.90000000000146,6.0,352.90000000000146,625.6071428571444
2026-06-18 02:00:00,64520.0,64750.0,64444.3,64650.4,236022.59,2360.2259,152543595.5406,1,305.6999999999971,230.09999999999854,75.59999999999854,305.6999999999971,610.3142857142868
2026-06-18 03:00:00,64650.4,64655.0,64234.4,64250.1,246537.41,2465.3741,158697498.94354,1,420.59999999999854,4.599999999998545,416.0,420.59999999999854,603.2142857142868
2026-06-18 04:00:00,64250.2,64310.1,63773.1,63849.5,679106.04,6791.0604,434314183.41047,1,537.0,60.0,477.0,537.0,591.8214285714296
2026-06-18 05:00:00,63849.4,64000.0,63666.0,63968.4,343162.52,3431.6252,219108294.08928,1,334.0,150.5,183.5,334.0,552.6000000000006
2026-06-18 06:00:00,63968.4,64104.3,63820.4,64057.3,240314.71,2403.1471,153785438.72037,1,283.90000000000146,135.90000000000146,148.0,283.90000000000146,519.8928571428577
2026-06-18 07:00:00,64057.5,64480.0,63982.1,64474.1,368390.51,3683.9051,236786800.39572,1,497.90000000000146,422.6999999999971,75.20000000000437,497.90000000000146,525.8357142857151
2026-06-18 08:00:00,64474.1,64650.0,64314.8,64369.9,430050.38,4300.5038,277387734.61959,1,335.1999999999971,175.90000000000146,159.29999999999563,335.1999999999971,455.69285714285746
2026-06-18 09:00:00,64370.0,64450.0,64150.0,64168.2,233730.82,2337.3082,150273438.44544,1,300.0,80.09999999999854,219.90000000000146,300.0,361.0785714285713
2026-06-18 10:00:00,64168.2,64195.4,63886.0,64050.0,371818.83,3718.1883,238045058.09693,1,309.40000000000146,27.200000000004366,282.1999999999971,309.40000000000146,360.70714285714297
2026-06-18 11:00:00,64050.0,64169.9,63846.3,63941.0,295245.43,2952.4543,188881919.25797,1,323.59999999999854,119.90000000000146,203.6999999999971,323.59999999999854,361.42857142857144
2026-06-18 12:00:00,63941.0,64375.0,63890.6,64342.5,343798.15,3437.9815,220590042.37861,1,484.40000000000146,434.0,50.400000000001455,484.40000000000146,358.8857142857144
2026-06-18 13:00:00,64342.6,64416.4,63756.5,63956.0,640993.53,6409.9353,410925980.0176,1,659.9000000000015,73.90000000000146,586.0,659.9000000000015,386.02142857142877
2026-06-18 14:00:00,63956.0,64178.0,63525.0,63785.7,776643.81,7766.4381,495536347.39606,1,653.0,222.0,431.0,653.0,414.10714285714283
2026-06-18 15:00:00,63785.6,63800.0,62253.6,62332.2,1953411.62,19534.1162,1230468923.34249,1,1546.4000000000015,14.30000000000291,1532.0999999999985,1546.4000000000015,499.35714285714283
2026-06-18 16:00:00,62332.2,62789.9,62308.3,62659.0,787260.9,7872.609,492783376.12128,1,481.59999999999854,457.70000000000437,23.89999999999418,481.59999999999854,511.9214285714287
2026-06-18 17:00:00,62659.0,62716.8,62222.2,62569.1,631214.15,6312.1415,394470475.34319,1,494.6000000000058,57.80000000000291,436.8000000000029,494.6000000000058,517.2071428571435
2026-06-18 18:00:00,62569.1,62920.8,62541.2,62676.1,427572.3,4275.723,268262690.67118,1,379.6000000000058,351.70000000000437,27.900000000001455,379.6000000000058,505.96428571428675
2026-06-18 19:00:00,62676.2,62979.0,62600.0,62922.2,228415.37,2284.1537,143512423.43446,1,379.0,302.90000000000146,76.09999999999854,379.0,509.17857142857247
2026-06-18 20:00:00,62922.3,63249.9,62922.3,63059.3,324211.48,3242.1148,204571246.8964,1,327.59999999999854,327.70000000000437,0.10000000000582077,327.70000000000437,512.3071428571441
2026-06-18 21:00:00,63059.4,63097.4,62838.5,62933.1,149634.21,1496.3421,94194764.51857,1,258.90000000000146,38.099999999998545,220.8000000000029,258.90000000000146,495.2357142857155
2026-06-18 22:00:00,62933.0,62966.5,62695.5,62846.4,135094.97,1350.9497,84856528.87659,1,271.0,33.400000000001455,237.59999999999854,271.0,490.65000000000146
2026-06-18 23:00:00,62846.4,62958.1,62719.3,62920.8,118749.76,1187.4976,74630286.0465,1,238.79999999999563,111.69999999999709,127.09999999999854,238.79999999999563,486.27857142857255
2026-06-19 00:00:00,62920.8,63059.0,62807.9,62987.7,135131.33,1351.3133,85057835.04024,1,251.09999999999854,138.1999999999971,112.90000000000146,251.09999999999854,482.11428571428667
2026-06-19 01:00:00,62987.7,63072.8,62816.1,62995.5,149591.62,1495.9162,94166790.59818,1,256.70000000000437,85.10000000000582,171.59999999999854,256.70000000000437,477.33571428571565
2026-06-19 02:00:00,62995.6,63084.7,62855.1,62975.1,121665.72,1216.6572,76614227.25828,1,229.59999999999854,89.19999999999709,140.40000000000146,229.59999999999854,459.13571428571544
2026-06-19 03:00:00,62975.1,63000.0,62350.5,62746.4,573195.6,5731.956,358898184.22956,1,649.5,24.900000000001455,624.5999999999985,649.5,458.3928571428582
2026-06-19 04:00:00,62746.5,62893.3,62380.3,62428.1,308529.39,3085.2939,193156865.07301,1,513.0,146.90000000000146,366.09999999999854,513.0,448.3928571428582
2026-06-19 05:00:00,62428.2,62718.9,62423.2,62713.5,166606.35,1666.0635,104316170.09758,1,295.70000000000437,290.8000000000029,4.900000000001455,295.70000000000437,359.05714285714413
2026-06-19 06:00:00,62713.6,62884.9,62696.4,62859.9,169961.44,1699.6144,106714091.38251,1,188.5,171.40000000000146,17.099999999998545,188.5,338.12142857142993
2026-06-19 07:00:00,62860.0,62888.0,62470.9,62598.2,324185.97,3241.8597,202975900.54752,1,417.09999999999854,28.099999999998545,389.0,417.09999999999854,332.58571428571514
2026-06-19 08:00:00,62598.3,62751.4,62501.2,62571.7,164871.57,1648.7157,103234044.16656,1,250.20000000000437,153.20000000000437,97.0,250.20000000000437,323.3428571428579
2026-06-19 09:00:00,62571.6,62626.3,62281.6,62351.0,398575.67,3985.7567,248672021.82018,1,344.70000000000437,54.60000000000582,290.09999999999854,344.70000000000437,320.8928571428582
2026-06-19 10:00:00,62350.9,62560.0,62350.0,62500.0,239350.37,2393.5037,149472196.63007,1,210.0,209.0,1.0,210.0,312.485714285715
2026-06-19 11:00:00,62500.1,62660.0,62421.4,62599.5,207143.39,2071.4339,129576204.84102,1,238.59999999999854,160.0,78.59999999999854,238.59999999999854,311.0357142857148
2026-06-19 12:00:00,62599.5,62855.5,62320.0,62800.0,453065.33,4530.6533,283622673.12984,1,535.5,256.0,279.5,535.5,329.92857142857196
2026-06-19 13:00:00,62800.0,63387.5,62636.4,63175.9,720603.33,7206.0333,454150743.84585,1,751.0999999999985,587.5,163.59999999999854,751.0999999999985,366.5214285714293
2026-06-19 14:00:00,63175.9,63384.4,62980.0,63174.8,422191.21,4221.9121,266727040.3319,1,404.40000000000146,208.5,195.90000000000146,404.40000000000146,377.4714285714295
2026-06-19 15:00:00,63174.8,63256.2,62986.6,63187.6,272422.45,2724.2245,171954044.30529,1,269.59999999999854,81.39999999999418,188.20000000000437,269.59999999999854,378.3928571428577
2026-06-19 16:00:00,63187.7,63361.3,62879.6,62941.4,415403.22,4154.0322,262444693.75429,1,481.70000000000437,173.70000000000437,308.0,481.70000000000437,396.40000000000094
2026-06-19 17:00:00,62941.4,63197.2,62827.7,63163.1,310043.57,3100.4357,195360784.65928,1,369.5,255.79999999999563,113.70000000000437,369.5,376.40000000000094
2026-06-19 18:00:00,63163.1,63174.4,62950.0,63073.5,121986.51,1219.8651,76919735.07669,1,224.40000000000146,11.30000000000291,213.09999999999854,224.40000000000146,355.7857142857153
2026-06-19 19:00:00,63073.4,63122.7,62904.2,62999.9,116444.86,1164.4486,73358546.32049,1,218.5,49.19999999999709,169.3000000000029,218.5,350.2714285714293
2026-06-19 20:00:00,63000.0,63254.3,62931.0,63215.8,112918.95,1129.1895,71279841.88491,1,323.3000000000029,254.40000000000146,68.90000000000146,323.3000000000029,359.90000000000094
2026-06-19 21:00:00,63215.8,63246.3,63025.4,63052.4,69031.44,690.3144,43585629.35968,1,220.90000000000146,30.5,190.40000000000146,220.90000000000146,345.88571428571544
2026-06-19 22:00:00,63052.3,63350.0,63018.0,63284.7,108083.21,1080.8321,68324181.11515,1,332.0,297.59999999999854,34.400000000001455,332.0,351.72857142857225
2026-06-19 23:00:00,63284.8,63645.7,63240.3,63510.5,292712.77,2927.1277,185750072.29643,1,405.3999999999942,361.0,44.39999999999418,405.3999999999942,356.0642857142858
2026-06-20 00:00:00,63510.4,63752.0,63436.7,63493.5,261622.29,2616.2229,166304749.56064,1,315.3000000000029,241.5,73.80000000000291,315.3000000000029,363.5857142857146
2026-06-20 01:00:00,63493.4,63588.0,63370.0,63547.9,150635.98,1506.3598,95628839.62275,1,218.0,94.5,123.5,218.0,362.11428571428615
2026-06-20 02:00:00,63547.8,63547.8,63289.1,63310.1,142313.21,1423.1321,90212311.15014,1,258.70000000000437,0.09999999999854481,258.8000000000029,258.8000000000029,342.35000000000065
2026-06-20 03:00:00,63310.1,63484.4,63290.0,63448.6,93219.36,932.1936,59092454.71205,1,194.40000000000146,174.3000000000029,20.099999999998545,194.40000000000146,302.58571428571514
2026-06-20 04:00:00,63448.7,63585.3,63361.6,63551.0,115445.9,1154.459,73293950.91855,1,223.70000000000437,136.70000000000437,87.0,223.70000000000437,289.67857142857247
2026-06-20 05:00:00,63551.1,63886.0,63502.9,63640.7,375548.59,3755.4859,239280659.47967,1,383.09999999999854,335.0,48.099999999998545,383.09999999999854,297.7857142857153
2026-06-20 06:00:00,63640.7,63724.8,63604.3,63706.9,123284.91,1232.8491,78499655.44228,1,120.5,84.10000000000582,36.39999999999418,120.5,271.985714285715
2026-06-20 07:00:00,63706.9,63766.6,63560.0,63622.6,153014.55,1530.1455,97447858.08951,1,206.59999999999854,59.69999999999709,146.90000000000146,206.59999999999854,260.35000000000065
2026-06-20 08:00:00,63622.7,63628.2,63341.4,63381.6,311055.97,3110.5597,197389581.56085,1,286.79999999999563,5.599999999998545,281.1999999999971,286.79999999999563,264.80714285714305
2026-06-20 09:00:00,63381.6,63763.0,63381.6,63703.1,271075.07,2710.7507,172416778.82171,1,381.40000000000146,381.40000000000146,0.0,381.40000000000146,276.44285714285746
2026-06-20 10:00:00,63703.2,63749.9,63564.1,63646.1,147540.11,1475.4011,93905626.09272,1,185.8000000000029,46.80000000000291,139.0,185.8000000000029,266.6214285714289
2026-06-20 11:00:00,63646.1,63769.4,63585.6,63646.6,111723.98,1117.2398,71149420.24195,1,183.8000000000029,123.30000000000291,60.5,183.8000000000029,263.971428571429
2026-06-20 12:00:00,63646.7,63756.1,63510.0,63621.9,213585.06,2135.8506,135923865.47118,1,246.09999999999854,109.5,136.59999999999854,246.09999999999854,257.8357142857146
2026-06-20 13:00:00,63621.9,63621.9,63240.0,63357.9,439598.31,4395.9831,278597120.08264,1,381.90000000000146,0.0,381.90000000000146,381.90000000000146,256.1571428571437
2026-06-20 14:00:00,63357.9,64149.5,63150.0,63929.9,865483.69,8654.8369,551158007.92371,1,999.5,791.5999999999985,207.90000000000146,999.5,305.02857142857204
2026-06-20 15:00:00,63930.0,64355.5,63806.7,64129.7,656817.29,6568.1729,421024132.11661,1,548.8000000000029,425.59999999999854,123.20000000000437,548.8000000000029,328.6571428571437
2026-06-20 16:00:00,64129.8,64140.4,63869.6,63995.9,201966.0,2019.66,129223836.14887,1,270.8000000000029,10.700000000004366,260.09999999999854,270.8000000000029,329.51428571428653
2026-06-20 17:00:00,63995.8,64009.0,63701.7,63807.7,233379.7,2333.797,148996036.26872,1,307.3000000000029,13.099999999998545,294.20000000000437,307.3000000000029,337.5785714285724
2026-06-20 18:00:00,63807.7,63906.6,63741.4,63777.0,95845.93,958.4593,61160086.82461,1,165.1999999999971,98.90000000000146,66.29999999999563,165.1999999999971,333.40000000000043
2026-06-20 19:00:00,63776.9,63945.2,63761.2,63909.5,91497.71,914.9771,58434530.05111,1,184.0,168.1999999999971,15.80000000000291,184.0,319.17857142857196
2026-06-20 20:00:00,63909.5,63951.6,63822.7,63903.9,60553.98,605.5398,38697669.09373,1,128.90000000000146,42.099999999998545,86.80000000000291,128.90000000000146,319.77857142857204
2026-06-20 21:00:00,63903.9,64066.7,63887.2,63985.9,89685.62,896.8562,57373738.03315,1,179.5,162.79999999999563,16.700000000004366,179.5,317.8428571428579
2026-06-20 22:00:00,63985.9,64328.6,63951.9,64240.2,198626.72,1986.2672,127494012.56978,1,376.6999999999971,342.6999999999971,34.0,376.6999999999971,324.26428571428653
2026-06-20 23:00:00,64240.3,64309.8,64215.0,64261.7,86371.17,863.7117,55496956.12784,1,94.80000000000291,69.60000000000582,25.19999999999709,94.80000000000291,303.79285714285805
2026-06-21 00:00:00,64261.6,64287.2,64194.0,64257.9,107079.01,1070.7901,68779795.43518,1,93.19999999999709,25.5,67.69999999999709,93.19999999999709,297.17857142857196
2026-06-21 01:00:00,64257.9,64287.9,64179.5,64213.4,133434.35,1334.3435,85696038.22776,1,108.40000000000146,30.0,78.40000000000146,108.40000000000146,291.79285714285754
2026-06-21 02:00:00,64213.4,64246.1,64184.0,64213.8,56957.52,569.5752,36570601.35092,1,62.099999999998545,32.69999999999709,29.400000000001455,62.099999999998545,278.65000000000043
2026-06-21 03:00:00,64213.9,64447.0,64197.7,64391.5,253801.48,2538.0148,163353643.51129,1,249.3000000000029,233.1999999999971,16.10000000000582,249.3000000000029,269.17857142857196
2026-06-21 04:00:00,64391.5,64560.0,64218.5,64245.3,287923.78,2879.2378,185436760.93799,1,341.5,168.5,173.0,341.5,222.17857142857196
2026-06-21 05:00:00,64245.3,64337.8,64186.0,64223.4,138405.67,1384.0567,88910950.38548,1,151.8000000000029,92.5,59.30000000000291,151.8000000000029,193.8214285714291
2026-06-21 06:00:00,64223.5,64294.9,64151.3,64269.7,85526.55,855.2655,54924822.49844,1,143.59999999999854,71.5,72.09999999999854,143.59999999999854,184.7357142857145
2026-06-21 07:00:00,64269.6,64270.0,64127.3,64165.1,121941.64,1219.4164,78269756.19234,1,142.6999999999971,0.3000000000029104,142.39999999999418,142.6999999999971,172.97857142857123
2026-06-21 08:00:00,64165.1,64198.9,63864.0,63983.4,264357.58,2643.5758,169162419.39451,1,334.90000000000146,33.80000000000291,301.09999999999854,334.90000000000146,185.1000000000001
2026-06-21 09:00:00,63983.4,64218.5,63920.0,64177.7,272703.41,2727.0341,174676104.45988,1,298.5,235.09999999999854,63.400000000001455,298.5,193.27857142857152
2026-06-21 10:00:00,64177.6,64380.0,64160.2,64334.8,254634.6,2546.346,163701202.73448,1,219.8000000000029,202.3000000000029,17.5,219.8000000000029,199.77142857142877
2026-06-21 11:00:00,64334.8,64448.4,64079.1,64144.6,394945.48,3949.4548,253815045.84441,1,369.3000000000029,113.59999999999854,255.70000000000437,369.3000000000029,213.32857142857185
2026-06-21 12:00:00,64144.5,64208.1,63908.9,64165.0,398845.09,3988.4509,255480504.57867,1,299.1999999999971,63.5,235.6999999999971,299.1999999999971,207.79285714285757
2026-06-21 13:00:00,64165.0,64165.0,63980.0,64111.9,142362.68,1423.6268,91215850.55192,1,185.0,0.0,185.0,185.0,214.2357142857145
2026-06-21 14:00:00,64111.9,64125.4,63964.4,64122.0,125459.55,1254.5955,80347652.31295,1,161.0,13.5,147.5,161.0,219.07857142857185
2026-06-21 15:00:00,64122.0,64332.5,64087.6,64191.6,171965.49,1719.6549,110415855.35134,1,244.90000000000146,210.5,34.400000000001455,244.90000000000146,228.82857142857185
2026-06-21 16:00:00,64191.7,64223.1,64002.3,64111.2,165645.03,1656.4503,106195823.82898,1,220.79999999999563,31.5,189.29999999999563,220.79999999999563,240.1642857142859
2026-06-21 17:00:00,64111.2,64188.0,64039.1,64114.2,79267.16,792.6716,50817488.7853,1,148.90000000000146,76.80000000000291,72.09999999999854,148.90000000000146,232.99285714285725
2026-06-21 18:00:00,64114.2,64212.6,63911.0,64179.3,143030.33,1430.3033,91621619.31224,1,301.59999999999854,98.40000000000146,203.1999999999971,301.59999999999854,230.14285714285714
2026-06-21 19:00:00,64179.3,64270.0,64130.1,64169.1,69283.06,692.8306,44472654.30345,1,139.90000000000146,90.69999999999709,49.200000000004366,139.90000000000146,229.29285714285703
2026-06-21 20:00:00,64169.2,64237.7,63643.0,63817.6,316643.06,3166.4306,202166120.69949,1,594.6999999999971,68.59999999999854,526.0999999999985,594.6999999999971,261.5142857142855
2026-06-21 21:00:00,63817.6,63939.0,63461.4,63768.5,374995.69,3749.9569,238775666.94743,1,477.59999999999854,121.40000000000146,356.1999999999971,477.59999999999854,285.4357142857142
2026-06-21 22:00:00,63768.4,63829.8,63537.9,63765.9,244153.38,2441.5338,155413485.62726,1,291.90000000000146,61.30000000000291,230.59999999999854,291.90000000000146,282.3642857142856
2026-06-21 23:00:00,63765.9,63765.9,63228.0,63278.9,388031.4,3880.314,246103145.14564,1,537.9000000000015,0.0,537.9000000000015,537.9000000000015,299.4642857142857
2026-06-22 00:00:00,63278.9,64075.0,63278.8,63860.0,571371.2,5713.712,364004287.50605,1,796.1999999999971,796.0999999999985,0.09999999999854481,796.1999999999971,340.63571428571385
2026-06-22 01:00:00,63860.0,64813.0,63820.0,64570.1,1067224.02,10672.2402,687681623.79429,1,993.0,953.0,40.0,993.0,385.1857142857137
2026-06-22 02:00:00,64570.1,64646.2,64220.3,64230.5,322560.16,3225.6016,207891941.51502,1,425.8999999999942,76.09999999999854,349.79999999999563,425.8999999999942,394.23571428571347
2026-06-22 03:00:00,64230.5,64436.0,63866.7,63940.1,483695.02,4836.9502,310107988.78188,1,569.3000000000029,205.5,363.8000000000029,569.3000000000029,421.6857142857137
2026-06-22 04:00:00,63940.1,64087.9,63833.3,64068.1,246952.29,2469.5229,157931529.11631,1,254.59999999999854,147.8000000000029,106.79999999999563,254.59999999999854,428.3714285714278
2026-06-22 05:00:00,64068.1,64310.2,64059.9,64219.3,235210.9,2352.109,151012462.54214,1,250.29999999999563,242.09999999999854,8.19999999999709,250.29999999999563,428.75714285714173
2026-06-22 06:00:00,64219.3,64293.2,63919.2,63963.9,208274.79,2082.7479,133428514.15295,1,374.0,73.89999999999418,300.1000000000058,374.0,439.6999999999992
2026-06-22 07:00:00,63963.9,64382.8,63941.0,64179.3,258416.27,2584.1627,165899945.44949,1,441.8000000000029,418.90000000000146,22.900000000001455,441.8000000000029,460.6214285714278
2026-06-22 08:00:00,64179.3,64320.0,64005.6,64132.4,224171.61,2241.7161,143841927.67048,1,314.40000000000146,140.6999999999971,173.70000000000437,314.40000000000146,461.53571428571377
2026-06-22 09:00:00,64132.4,64230.1,64022.0,64115.4,125031.56,1250.3156,80158261.17959,1,208.09999999999854,97.69999999999709,110.40000000000146,208.09999999999854,466.4071428571421
2026-06-22 10:00:00,64115.5,64252.4,64046.0,64113.6,113973.14,1139.7314,73112355.58654,1,206.40000000000146,137.0,69.40000000000146,206.40000000000146,438.6714285714282
2026-06-22 11:00:00,64113.6,64745.8,64070.0,64625.0,648193.55,6481.9355,418050655.1434,1,675.8000000000029,632.2000000000044,43.599999999998545,675.8000000000029,452.8285714285713
2026-06-22 12:00:00,64625.0,65189.5,64551.7,65116.4,1008709.01,10087.0901,654661755.07531,1,637.8000000000029,564.5,73.30000000000291,637.8000000000029,477.5357142857143
2026-06-22 13:00:00,65116.4,65566.0,64906.5,65549.1,881726.97,8817.2697,575446316.82541,1,659.5,449.59999999999854,209.90000000000146,659.5,486.2214285714285
2026-06-22 14:00:00,65549.1,65616.4,64800.0,64940.5,882303.67,8823.0367,574544836.12034,1,816.3999999999942,67.29999999998836,749.1000000000058,816.3999999999942,487.6642857142854
2026-06-22 15:00:00,64940.6,65115.8,64711.0,64803.5,397758.62,3977.5862,258265731.50136,1,404.8000000000029,175.3000000000029,229.5,404.8000000000029,445.6499999999999
2026-06-22 16:00:00,64803.5,64831.8,64478.7,64693.0,470789.48,4707.8948,304399355.25658,1,353.1000000000058,28.30000000000291,324.8000000000029,353.1000000000058,440.4500000000007
2026-06-22 17:00:00,64693.0,64747.6,64355.0,64578.7,360883.61,3608.8361,232752751.09084,1,392.59999999999854,54.599999999998545,338.0,392.59999999999854,427.8285714285718
2026-06-22 18:00:00,64578.7,64716.7,64263.0,64314.9,287680.25,2876.8025,185562012.46097,1,453.6999999999971,138.0,315.6999999999971,453.6999999999971,442.0500000000003
2026-06-22 19:00:00,64315.0,64480.0,64244.0,64451.4,303220.68,3032.2068,195157949.62921,1,236.0,165.09999999999854,70.90000000000146,236.0,441.02857142857204
2026-06-22 20:00:00,64451.4,64640.3,64331.5,64411.4,219794.33,2197.9433,141755601.21544,1,308.8000000000029,188.90000000000146,119.90000000000146,308.8000000000029,436.3714285714294
2026-06-22 21:00:00,64411.4,64456.7,64108.5,64291.1,187604.5,1876.045,120547683.40158,1,348.1999999999971,45.299999999995634,302.90000000000146,348.1999999999971,429.6857142857147
2026-06-22 22:00:00,64291.0,64367.9,63766.0,63943.0,511240.86,5112.4086,327120174.43661,1,601.9000000000015,76.80000000000291,525.0999999999985,601.9000000000015,450.221428571429
2026-06-22 23:00:00,63943.0,64023.4,63849.4,63994.0,197302.55,1973.0255,126163902.11779,1,174.0,80.40000000000146,93.59999999999854,174.0,447.7857142857148
2026-06-23 00:00:00,63993.9,64136.0,63803.1,64123.5,217232.8,2172.328,138958463.63352,1,332.90000000000146,142.0,190.90000000000146,332.90000000000146,456.82142857142907
2026-06-23 01:00:00,64123.5,64248.5,63866.0,64123.5,311197.69,3111.9769,199451034.4109,1,382.5,125.0,257.5,382.5,435.8714285714289
2026-06-23 02:00:00,64123.5,64250.0,64009.1,64168.3,136227.02,1362.2702,87392262.7671,1,240.90000000000146,126.5,114.40000000000146,240.90000000000146,407.52142857142877
2026-06-23 03:00:00,64168.3,64173.9,63936.2,64040.0,170454.01,1704.5401,109105224.30502,1,237.70000000000437,5.599999999998545,232.10000000000582,237.70000000000437,377.3928571428577
2026-06-23 04:00:00,64039.9,64067.8,63577.1,63597.9,385720.85,3857.2085,246017479.93798,1,490.70000000000437,27.80000000000291,462.90000000000146,490.70000000000437,354.1285714285727
2026-06-23 05:00:00,63597.8,63708.7,63325.0,63366.0,586578.95,5865.7895,372362101.42951,1,383.6999999999971,110.79999999999563,272.90000000000146,383.6999999999971,352.6214285714294
2026-06-23 06:00:00,63366.0,63372.0,62523.1,62899.9,1436817.58,14368.1758,903456584.91718,1,848.9000000000015,6.0,842.9000000000015,848.9000000000015,388.0357142857148
2026-06-23 07:00:00,62900.0,63057.2,62818.2,62846.3,356625.12,3566.2512,224423507.05885,1,239.0,157.29999999999563,81.70000000000437,239.0,377.0642857142863
2026-06-23 08:00:00,62846.2,62910.4,61883.8,62349.1,1576237.72,15762.3772,982268281.19921,1,1026.5999999999985,64.09999999999854,962.5,1026.5999999999985,417.985714285715
2026-06-23 09:00:00,62349.1,62476.9,62296.7,62353.0,281247.43,2812.4743,175495092.80924,1,180.20000000000437,127.80000000000291,52.400000000001455,180.20000000000437,414.000000000001
2026-06-23 10:00:00,62353.0,62548.9,62204.9,62289.1,360934.15,3609.3415,225039987.19594,1,344.0,195.90000000000146,148.09999999999854,344.0,416.51428571428653
2026-06-23 11:00:00,62289.1,62634.2,62286.8,62476.0,337688.94,3376.8894,210958368.54913,1,347.3999999999942,345.09999999999854,2.2999999999956344,347.3999999999942,416.4571428571435
2026-06-23 12:00:00,62476.1,62532.2,62155.0,62229.9,295552.21,2955.5221,184190325.84538,1,377.1999999999971,56.19999999999709,321.0,377.1999999999971,400.4071428571432
2026-06-23 13:00:00,62230.0,62513.2,61928.6,62450.0,824671.07,8246.7107,513247257.2559,1,584.5999999999985,283.29999999999563,301.3000000000029,584.5999999999985,429.7357142857145
2026-06-23 14:00:00,62450.0,62828.1,62375.0,62466.6,750638.42,7506.3842,469730109.6433,1,453.09999999999854,378.09999999999854,75.0,453.09999999999854,438.32142857142856
2026-06-23 15:00:00,62466.7,62486.2,62171.5,62459.9,395688.95,3956.8895,246609259.99024,1,314.6999999999971,19.599999999998545,295.09999999999854,314.6999999999971,433.47857142857123
2026-06-23 16:00:00,62459.9,62794.3,62401.1,62518.3,477023.86,4770.2386,298631057.66049,1,393.20000000000437,334.40000000000146,58.80000000000291,393.20000000000437,444.35714285714283
2026-06-23 17:00:00,62518.3,62661.7,62300.0,62322.1,299400.09,2994.0009,187065888.63688,1,361.6999999999971,143.39999999999418,218.3000000000029,361.6999999999971,453.2142857142852
2026-06-23 18:00:00,62322.2,62420.0,62075.0,62208.9,240937.07,2409.3707,149930778.51695,1,345.0,97.90000000000146,247.09999999999854,345.0,442.807142857142
2026-06-23 19:00:00,62209.0,62457.1,62195.6,62367.4,175757.79,1757.5779,109544004.88567,1,261.5,248.1999999999971,13.30000000000291,261.5,434.0785714285708
2026-06-23 20:00:00,62367.5,62514.8,62350.0,62438.3,114677.29,1146.7729,71608590.08226,1,164.8000000000029,147.40000000000146,17.400000000001455,164.8000000000029,385.2142857142852
2026-06-23 21:00:00,62438.4,62625.0,62438.4,62569.8,105380.39,1053.8039,65903935.40027,1,186.59999999999854,186.6999999999971,0.09999999999854481,186.6999999999971,381.4785714285707
2026-06-23 22:00:00,62569.8,62750.0,62490.0,62560.5,146400.58,1464.0058,91682017.5351,1,260.0,180.1999999999971,79.80000000000291,260.0,326.72142857142796
2026-06-23 23:00:00,62560.4,62774.8,62462.9,62701.4,158158.24,1581.5824,99012377.84649,1,311.90000000000146,214.3000000000029,97.59999999999854,311.90000000000146,336.1285714285706
2026-06-24 00:00:00,62701.5,63000.0,62700.0,62990.0,369455.36,3694.5536,232300177.40387,1,300.0,298.59999999999854,1.4000000000014552,300.0,332.98571428571347
2026-06-24 01:00:00,62990.1,63097.9,62735.6,62908.0,337906.95,3379.0695,212672379.45938,1,362.3000000000029,107.90000000000146,254.40000000000146,362.3000000000029,334.0499999999998
2026-06-24 02:00:00,62907.9,62990.0,62573.8,62607.3,365025.79,3650.2579,228947888.68931,1,416.1999999999971,82.0,334.1999999999971,416.1999999999971,336.83571428571406
2026-06-24 03:00:00,62607.3,62822.0,62433.0,62706.5,318405.08,3184.0508,199421303.98795,1,389.0,214.6999999999971,174.3000000000029,389.0,322.8642857142856
2026-06-24 04:00:00,62706.6,62774.2,62499.9,62722.2,171320.19,1713.2019,107337602.16595,1,274.29999999999563,67.69999999999709,206.59999999999854,274.29999999999563,310.0928571428568
2026-06-24 05:00:00,62722.1,63050.0,62681.6,62864.9,316226.15,3162.2615,198868147.6884,1,368.40000000000146,327.8000000000029,40.599999999998545,368.40000000000146,313.92857142857144
2026-06-24 06:00:00,62864.9,62890.1,62702.6,62757.9,157934.53,1579.3453,99177311.56017,1,187.5,25.19999999999709,162.3000000000029,187.5,299.235714285714
2026-06-24 07:00:00,62757.9,62823.3,62580.0,62627.0,237058.9,2370.589,148590338.05333,1,243.3000000000029,65.40000000000146,177.90000000000146,243.3000000000029,290.7785714285715
2026-06-24 08:00:00,62627.0,62787.6,62576.2,62771.2,160651.23,1606.5123,100702514.42773,1,211.40000000000146,160.59999999999854,50.80000000000291,211.40000000000146,281.2357142857145
2026-06-24 09:00:00,62771.2,62771.3,62607.2,62655.1,112624.74,1126.2474,70589211.37898,1,164.10000000000582,0.10000000000582077,164.0,164.10000000000582,274.27857142857204
2026-06-24 10:00:00,62655.1,62655.1,62385.7,62418.9,309610.43,3096.1043,193565216.67823,1,269.40000000000146,0.0,269.40000000000146,269.40000000000146,281.7500000000005
2026-06-24 11:00:00,62418.9,63221.0,62260.0,62887.5,877769.88,8777.6988,550473253.06983,1,961.0,802.0999999999985,158.90000000000146,961.0,337.05714285714356
2026-06-24 12:00:00,62887.4,62944.2,62551.6,62587.5,473190.38,4731.9038,297030092.84568,1,392.59999999999854,56.69999999999709,335.90000000000146,392.59999999999854,346.52857142857204
2026-06-24 13:00:00,62587.4,62600.0,61205.7,61300.0,2562511.4,25625.114,1583194464.46374,1,1394.300000000003,12.5,1381.800000000003,1394.300000000003,423.8428571428579
2026-06-24 14:00:00,61300.0,61436.5,60829.5,61089.8,1712923.42,17129.2342,1047181493.58322,1,607.0,136.5,470.5,607.0,445.7714285714293
2026-06-24 15:00:00,61089.8,61123.0,60230.9,60252.7,1438907.87,14389.0787,872863768.0164,1,892.0999999999985,33.19999999999709,858.9000000000015,892.0999999999985,483.61428571428615
2026-06-24 16:00:00,60252.7,60675.5,59574.0,59813.9,2267696.36,22676.9636,1362263739.08667,1,1101.5,422.8000000000029,678.6999999999971,1101.5,532.5642857142864
2026-06-24 17:00:00,59814.0,60038.3,59050.3,59359.4,2120453.99,21204.5399,1262437449.29578,1,988.0,224.40000000000146,763.5999999999985,988.0,575.3500000000006
2026-06-24 18:00:00,59359.4,59895.0,59269.0,59573.1,930151.99,9301.5199,554326234.6155,1,626.0,535.5999999999985,90.40000000000146,626.0,600.4714285714296
2026-06-24 19:00:00,59573.2,59957.0,59483.9,59921.2,539430.82,5394.3082,322145574.93142,1,473.09999999999854,383.90000000000146,89.19999999999709,473.09999999999854,607.9500000000007
2026-06-24 20:00:00,59920.8,61176.4,59815.2,60926.4,1716631.71,17166.3171,1041058102.10072,1,1361.2000000000044,1255.2000000000044,106.0,1361.2000000000044,691.7857142857154
2026-06-24 21:00:00,60926.3,61107.2,60632.4,61070.5,391859.76,3918.5976,238535557.49261,1,474.79999999999563,180.79999999999563,294.0,474.79999999999563,708.3214285714291
2026-06-24 22:00:00,61070.4,61243.9,60766.8,60846.5,343302.2,3433.022,209324320.14899,1,477.09999999999854,173.40000000000146,303.6999999999971,477.09999999999854,727.3000000000003
2026-06-24 23:00:00,60846.4,61085.2,60800.0,61050.0,195754.76,1957.5476,119318077.5134,1,285.1999999999971,238.6999999999971,46.5,285.1999999999971,735.9499999999997
2026-06-25 00:00:00,61050.1,61137.0,60692.4,60783.6,329399.55,3293.9955,200617606.22467,1,444.59999999999854,87.0,357.59999999999854,444.59999999999854,748.4642857142852
2026-06-25 01:00:00,60783.6,60955.7,60683.4,60884.4,208642.27,2086.4227,126877990.42968,1,272.29999999999563,172.09999999999854,100.19999999999709,272.29999999999563,699.2714285714277
2026-06-25 02:00:00,60884.4,60935.7,60660.6,60759.9,221748.77,2217.4877,134786080.05996,1,275.09999999999854,51.299999999995634,223.8000000000029,275.09999999999854,690.8785714285706
2026-06-25 03:00:00,60759.9,60873.0,60650.0,60851.9,160981.65,1609.8165,97821526.24399,1,223.0,113.09999999999854,109.90000000000146,223.0,607.2142857142846
2026-06-25 04:00:00,60852.0,61380.6,60752.9,61315.1,408329.73,4083.2973,249462283.5691,1,627.6999999999971,528.6999999999971,99.0,627.6999999999971,608.6928571428559
2026-06-25 05:00:00,61315.1,61776.9,61240.0,61560.3,974505.08,9745.0508,599873196.26473,1,536.9000000000015,461.8000000000029,75.09999999999854,536.9000000000015,583.3214285714275
2026-06-25 06:00:00,61560.3,61830.9,61560.3,61685.6,311380.62,3113.8062,192119060.3954,1,270.59999999999854,270.59999999999854,0.0,270.59999999999854,523.9714285714274
2026-06-25 07:00:00,61685.6,61929.5,61631.4,61877.6,403954.77,4039.5477,249657913.60756,1,298.09999999999854,243.90000000000146,54.19999999999709,298.09999999999854,474.69285714285587
2026-06-25 08:00:00,61877.6,61888.0,61643.5,61676.2,243829.71,2438.2971,150527883.29001,1,244.5,10.400000000001455,234.09999999999854,244.5,447.44285714285587
2026-06-25 09:00:00,61676.2,61753.0,61571.9,61699.9,196692.77,1966.9277,121321278.12386,1,181.09999999999854,76.80000000000291,104.29999999999563,181.09999999999854,426.58571428571304
2026-06-25 10:00:00,61700.0,61718.4,61231.2,61242.2,467215.9,4672.159,287086094.71919,1,487.20000000000437,18.5,468.70000000000437,487.20000000000437,364.1571428571416
2026-06-25 11:00:00,61242.1,61392.7,61029.3,61258.9,682664.31,6826.6431,417989285.52738,1,363.3999999999942,150.5,212.89999999999418,363.3999999999942,356.1999999999986
2026-06-25 12:00:00,61259.0,61757.4,61044.0,61207.3,933843.43,9338.4343,572997103.25677,1,713.4000000000015,498.5,214.90000000000146,713.4000000000015,373.0785714285703
2026-06-25 13:00:00,61207.3,61337.8,58031.5,58258.6,4046682.93,40466.8293,2411671932.63133,1,3306.300000000003,130.5,3175.800000000003,3306.300000000003,588.8714285714278
2026-06-25 14:00:00,58258.5,60453.3,58258.5,59438.0,4033021.67,40330.2167,2394746718.54027,1,2194.800000000003,2194.7000000000044,0.09999999999854481,2194.800000000003,713.8857142857139
2026-06-25 15:00:00,59437.9,59637.6,58833.8,59528.4,1352069.1,13520.691,800786469.33598,1,803.7999999999956,199.59999999999854,604.1999999999971,803.7999999999956,751.8499999999996
2026-06-25 16:00:00,59528.3,60031.0,59107.1,59281.2,888258.11,8882.5811,529231647.51898,1,923.9000000000015,502.59999999999854,421.3000000000029,923.9000000000015,798.192857142857
2026-06-25 17:00:00,59281.3,59714.9,59083.6,59644.6,472834.19,4728.3419,281024183.51112,1,631.3000000000029,433.70000000000437,197.59999999999854,631.3000000000029,827.3571428571429
2026-06-25 18:00:00,59644.5,59756.0,59320.8,59483.9,382674.9,3826.749,227777148.27376,1,435.1999999999971,111.40000000000146,323.79999999999563,435.1999999999971,813.6071428571429
2026-06-25 19:00:00,59483.8,59489.3,59120.8,59295.5,331993.13,3319.9313,196815509.33303,1,368.5,5.400000000001455,363.09999999999854,368.5,801.5785714285713
2026-06-25 20:00:00,59295.5,59720.0,59292.3,59429.0,304095.26,3040.9526,181000641.73137,1,427.6999999999971,424.5,3.1999999999970896,427.6999999999971,812.7999999999998
2026-06-25 21:00:00,59429.0,60267.7,59424.0,60179.8,307127.75,3071.2775,183961096.91336,1,843.6999999999971,838.6999999999971,5.0,843.6999999999971,851.7714285714283
2026-06-25 22:00:00,60179.7,60179.7,59705.0,59810.6,284474.6,2844.746,170348518.17784,1,474.6999999999971,0.10000000000582077,474.8000000000029,474.8000000000029,868.2214285714284
2026-06-25 23:00:00,59810.5,60168.6,59706.2,59767.2,274435.75,2744.3575,164566393.00911,1,462.40000000000146,358.0,104.40000000000146,462.40000000000146,888.3142857142858
2026-06-26 00:00:00,59767.3,59877.2,59600.1,59625.2,210039.14,2100.3914,125492791.01361,1,277.09999999999854,110.0,167.09999999999854,277.09999999999854,873.3071428571426
2026-06-26 01:00:00,59625.2,59754.0,59180.9,59406.1,408296.48,4082.9648,242507622.66057,1,573.0999999999985,128.8000000000029,444.29999999999563,573.0999999999985,888.2857142857143
2026-06-26 02:00:00,59406.0,59424.3,58325.0,58540.0,1404583.56,14045.8356,824611758.12057,1,1099.300000000003,18.200000000004366,1081.0999999999985,1099.300000000003,915.8500000000001
2026-06-26 03:00:00,58540.0,60114.0,58300.0,60010.1,1379864.15,13798.6415,818259559.11442,1,1814.0,1574.0,240.0,1814.0,809.2571428571428
2026-06-26 04:00:00,60010.1,60209.9,59804.7,59894.8,639739.78,6397.3978,383533565.22523,1,405.20000000000437,199.8000000000029,205.40000000000146,405.20000000000437,681.4285714285714
2026-06-26 05:00:00,59894.7,60018.4,59700.2,59910.3,435918.61,4359.1861,260924785.77662,1,318.20000000000437,123.59999999999854,194.60000000000582,318.20000000000437,646.7428571428578
2026-06-26 06:00:00,59910.3,60435.6,59668.4,60299.8,732803.25,7328.0325,440329039.27704,1,767.1999999999971,525.2999999999956,241.90000000000146,767.1999999999971,635.5500000000003
2026-06-26 07:00:00,60299.8,60759.9,60250.0,60486.1,885658.88,8856.5888,536293354.31087,1,509.90000000000146,460.09999999999854,49.80000000000291,509.90000000000146,626.8785714285716
2026-06-26 08:00:00,60486.2,60540.0,60108.8,60210.7,555572.69,5555.7269,334750734.81003,1,431.1999999999971,53.900000000001455,377.29999999999563,431.1999999999971,626.5928571428574
2026-06-26 09:00:00,60210.7,60220.0,59549.0,59705.8,634241.15,6342.4115,379834041.48351,1,671.0,9.30000000000291,661.6999999999971,671.0,648.2000000000002
2026-06-26 10:00:00,59705.9,59826.3,59200.6,59289.2,598328.01,5983.2801,356204516.12069,1,625.7000000000044,120.5,505.20000000000437,625.7000000000044,662.3428571428578
2026-06-26 11:00:00,59289.2,59570.7,59232.3,59390.4,428324.56,4283.2456,254513056.63732,1,338.3999999999942,281.5,56.89999999999418,338.3999999999942,626.2500000000006
2026-06-26 12:00:00,59390.3,59984.0,58940.0,59165.5,1312714.63,13127.1463,779777406.01562,1,1044.0,593.5999999999985,450.40000000000146,1044.0,666.9071428571432
2026-06-26 13:00:00,59165.5,60186.5,58468.0,60149.9,1917208.68,19172.0868,1135223619.38566,1,1718.5,1021.0,697.5,1718.5,756.6285714285716
2026-06-26 14:00:00,60150.0,60274.0,59354.3,59571.2,1311057.74,13110.5774,784570100.55955,1,919.6999999999971,124.09999999999854,795.5999999999985,919.6999999999971,802.5285714285716
2026-06-26 15:00:00,59571.2,60478.9,59555.0,60297.4,1061275.41,10612.7541,638080374.21931,1,923.9000000000015,907.7000000000044,16.19999999999709,923.9000000000015,827.5857142857146
2026-06-26 16:00:00,60297.4,60573.2,59926.9,60015.3,804294.89,8042.9489,483921526.24048,1,646.2999999999956,275.79999999999563,370.5,646.2999999999956,795.2285714285712
2026-06-26 17:00:00,60015.2,60262.7,59912.9,59997.5,345511.77,3455.1177,207556330.81689,1,349.79999999999563,247.39999999999418,102.40000000000146,349.79999999999563,690.6428571428567
2026-06-26 18:00:00,59997.4,60132.1,59527.0,59642.5,322019.05,3220.1905,192605724.05036,1,605.0999999999985,134.59999999999854,470.5,605.0999999999985,704.9214285714277
2026-06-26 19:00:00,59642.5,60080.8,59588.0,59730.0,460203.15,4602.0315,275629357.60794,1,492.8000000000029,438.3000000000029,54.5,492.8000000000029,717.3928571428561
2026-06-26 20:00:00,59730.1,59968.7,59529.4,59689.4,304625.42,3046.2542,181875945.40147,1,439.29999999999563,238.6999999999971,200.59999999999854,439.29999999999563,693.9714285714274
2026-06-26 21:00:00,59689.4,60027.9,59650.0,59887.2,133527.58,1335.2758,79925637.84653,1,377.90000000000146,338.5,39.400000000001455,377.90000000000146,684.542857142856
2026-06-26 22:00:00,59887.3,60055.2,59720.6,60013.3,134715.41,1347.1541,80706883.45495,1,334.59999999999854,168.0,166.59999999999854,334.59999999999854,677.6428571428561
2026-06-26 23:00:00,60013.3,60088.0,59893.2,60046.9,120138.37,1201.3837,72089135.7223,0,194.8000000000029,74.69999999999709,120.10000000000582,194.8000000000029,643.6285714285706
2026-06-16 18:00:00,65946.5,66246.8,65762.1,65815.3,321950.72,3219.5072,212559859.75587,1,484.6999999999971,,,484.6999999999971,484.6999999999971
2026-06-16 19:00:00,65815.2,65815.2,65520.8,65650.1,246067.66,2460.6766,161500975.74166,1,294.3999999999942,0.10000000000582077,294.5,294.5,389.59999999999854
2026-06-16 20:00:00,65650.0,65844.0,65554.5,65829.7,140750.43,1407.5043,92500417.48081,1,289.5,193.89999999999418,95.60000000000582,289.5,356.2333333333324
2026-06-16 21:00:00,65829.8,65921.2,65620.0,65748.0,120496.24,1204.9624,79239528.50118,1,301.1999999999971,91.5,209.6999999999971,301.1999999999971,342.47499999999854
2026-06-16 22:00:00,65748.0,65860.1,65650.0,65746.3,130428.91,1304.2891,85737847.5708,1,210.10000000000582,112.10000000000582,98.0,210.10000000000582,316.0
2026-06-16 23:00:00,65746.4,65806.7,65588.3,65648.7,86812.88,868.1288,57018946.65405,1,218.39999999999418,60.39999999999418,158.0,218.39999999999418,299.7333333333324
2026-06-17 00:00:00,65648.7,65824.6,65648.7,65682.0,118708.95,1187.0895,78029339.07393,1,175.90000000000873,175.90000000000873,0.0,175.90000000000873,282.04285714285754
2026-06-17 01:00:00,65682.1,65934.4,65408.9,65902.9,306594.53,3065.9453,201264217.65025,1,525.4999999999927,252.39999999999418,273.09999999999854,525.4999999999927,312.47499999999945
2026-06-17 02:00:00,65903.0,66100.0,65739.3,65868.9,252975.22,2529.7522,166755178.41785,1,360.6999999999971,197.10000000000582,163.59999999999127,360.6999999999971,317.8333333333325
2026-06-17 03:00:00,65868.9,65874.4,65666.6,65820.0,103502.88,1035.0288,68066490.50279,1,207.79999999998836,5.5,202.29999999998836,207.79999999998836,306.8299999999981
2026-06-17 04:00:00,65820.0,66021.2,65754.5,65855.6,141185.67,1411.8567,93033293.49313,1,266.6999999999971,201.1999999999971,65.5,266.6999999999971,303.1818181818162
2026-06-17 05:00:00,65855.6,65950.0,65710.0,65803.7,137331.39,1373.3139,90366469.34849,1,240.0,94.39999999999418,145.60000000000582,240.0,297.91666666666487
2026-06-17 06:00:00,65803.7,65864.3,65543.1,65593.0,212913.96,2129.1396,139806129.91444,1,321.1999999999971,60.60000000000582,260.59999999999127,321.1999999999971,299.7076923076904
2026-06-17 07:00:00,65593.0,65687.8,65213.6,65505.0,580719.8,5807.198,380026051.17893,1,474.20000000000437,94.80000000000291,379.40000000000146,474.20000000000437,312.1714285714271
2026-06-17 08:00:00,65505.0,65543.6,64777.3,64886.7,867879.55,8678.7955,564853317.70962,1,766.3000000000029,38.60000000000582,727.6999999999971,766.3000000000029,332.28571428571325
2026-06-17 09:00:00,64886.7,65047.9,64810.0,64885.2,355288.5,3552.885,230749964.87792,1,237.90000000000146,161.20000000000437,76.69999999999709,237.90000000000146,328.2428571428562
2026-06-17 10:00:00,64885.2,64969.6,64724.4,64765.9,234520.3,2345.203,152059723.07281,1,245.1999999999971,84.40000000000146,160.79999999999563,245.1999999999971,325.0785714285703
2026-06-17 11:00:00,64765.9,64840.1,64514.6,64777.0,551175.34,5511.7534,356446517.00829,1,325.5,74.19999999999709,251.3000000000029,325.5,326.8142857142848
2026-06-17 12:00:00,64777.0,65074.8,64555.0,65007.2,481807.68,4818.0768,312333818.82907,1,519.8000000000029,297.8000000000029,222.0,519.8000000000029,348.9357142857131
2026-06-17 13:00:00,65007.2,65330.0,64810.0,65231.2,564912.03,5649.1203,367780044.9273,1,520.0,322.8000000000029,197.1999999999971,520.0,370.4785714285707
2026-06-17 14:00:00,65231.2,65420.0,64723.5,65068.0,671157.25,6711.5725,437081116.57623,1,696.5,188.8000000000029,507.6999999999971,696.5,407.66428571428435
2026-06-17 15:00:00,65067.9,65833.1,64950.0,65720.0,669880.96,6698.8096,438630020.81352,1,883.1000000000058,765.1000000000058,118.0,883.1000000000058,433.20714285714246
2026-06-17 16:00:00,65719.9,66426.6,65684.8,65835.1,880731.5,8807.315,581342595.97463,1,741.8000000000029,706.6000000000058,35.19999999999709,741.8000000000029,460.42857142857144
2026-06-17 17:00:00,65835.1,66182.7,65768.0,66077.6,269165.59,2691.6559,177498049.44352,1,414.6999999999971,347.59999999999127,67.10000000000582,414.6999999999971,475.2071428571435
2026-06-17 18:00:00,66077.5,66077.5,64760.4,65479.8,1817851.83,18178.5183,1190009513.06687,1,1317.0999999999985,0.10000000000582077,1317.2000000000044,1317.2000000000044,550.2428571428583
2026-06-17 19:00:00,65479.8,65631.6,64007.0,64278.2,1619758.22,16197.5822,1046011227.03856,1,1624.6000000000058,151.8000000000029,1472.800000000003,1624.6000000000058,649.1428571428587
2026-06-17 20:00:00,64278.2,64455.0,64140.4,64398.0,367458.65,3674.5865,236307341.99733,1,314.59999999999854,176.8000000000029,137.79999999999563,314.59999999999854,648.6714285714303
2026-06-17 21:00:00,64398.0,64420.0,64106.5,64222.7,188045.61,1880.4561,120872619.9397,1,313.5,22.0,291.5,313.5,637.1928571428585
2026-06-17 22:00:00,64222.7,64400.0,63880.0,64261.6,354248.83,3542.4883,227240841.8781,1,520.0,177.3000000000029,342.6999999999971,520.0,619.6000000000012
2026-06-17 23:00:00,64261.6,64498.0,64218.0,64471.4,148745.07,1487.4507,95780434.11164,1,280.0,236.40000000000146,43.599999999998545,280.0,622.6071428571439
2026-06-18 00:00:00,64471.3,64672.3,64412.5,64428.5,194129.04,1941.2904,125323389.97952,1,259.8000000000029,200.90000000000146,58.900000000001455,259.8000000000029,623.6500000000015
2026-06-18 01:00:00,64428.6,64775.4,64422.5,64519.9,180556.11,1805.5611,116680849.74382,1,352.90000000000146,346.90000000000146,6.0,352.90000000000146,625.6071428571444
2026-06-18 02:00:00,64520.0,64750.0,64444.3,64650.4,236022.59,2360.2259,152543595.5406,1,305.6999999999971,230.09999999999854,75.59999999999854,305.6999999999971,610.3142857142868
2026-06-18 03:00:00,64650.4,64655.0,64234.4,64250.1,246537.41,2465.3741,158697498.94354,1,420.59999999999854,4.599999999998545,416.0,420.59999999999854,603.2142857142868
2026-06-18 04:00:00,64250.2,64310.1,63773.1,63849.5,679106.04,6791.0604,434314183.41047,1,537.0,60.0,477.0,537.0,591.8214285714296
2026-06-18 05:00:00,63849.4,64000.0,63666.0,63968.4,343162.52,3431.6252,219108294.08928,1,334.0,150.5,183.5,334.0,552.6000000000006
2026-06-18 06:00:00,63968.4,64104.3,63820.4,64057.3,240314.71,2403.1471,153785438.72037,1,283.90000000000146,135.90000000000146,148.0,283.90000000000146,519.8928571428577
2026-06-18 07:00:00,64057.5,64480.0,63982.1,64474.1,368390.51,3683.9051,236786800.39572,1,497.90000000000146,422.6999999999971,75.20000000000437,497.90000000000146,525.8357142857151
2026-06-18 08:00:00,64474.1,64650.0,64314.8,64369.9,430050.38,4300.5038,277387734.61959,1,335.1999999999971,175.90000000000146,159.29999999999563,335.1999999999971,455.69285714285746
2026-06-18 09:00:00,64370.0,64450.0,64150.0,64168.2,233730.82,2337.3082,150273438.44544,1,300.0,80.09999999999854,219.90000000000146,300.0,361.0785714285713
2026-06-18 10:00:00,64168.2,64195.4,63886.0,64050.0,371818.83,3718.1883,238045058.09693,1,309.40000000000146,27.200000000004366,282.1999999999971,309.40000000000146,360.70714285714297
2026-06-18 11:00:00,64050.0,64169.9,63846.3,63941.0,295245.43,2952.4543,188881919.25797,1,323.59999999999854,119.90000000000146,203.6999999999971,323.59999999999854,361.42857142857144
2026-06-18 12:00:00,63941.0,64375.0,63890.6,64342.5,343798.15,3437.9815,220590042.37861,1,484.40000000000146,434.0,50.400000000001455,484.40000000000146,358.8857142857144
2026-06-18 13:00:00,64342.6,64416.4,63756.5,63956.0,640993.53,6409.9353,410925980.0176,1,659.9000000000015,73.90000000000146,586.0,659.9000000000015,386.02142857142877
2026-06-18 14:00:00,63956.0,64178.0,63525.0,63785.7,776643.81,7766.4381,495536347.39606,1,653.0,222.0,431.0,653.0,414.10714285714283
2026-06-18 15:00:00,63785.6,63800.0,62253.6,62332.2,1953411.62,19534.1162,1230468923.34249,1,1546.4000000000015,14.30000000000291,1532.0999999999985,1546.4000000000015,499.35714285714283
2026-06-18 16:00:00,62332.2,62789.9,62308.3,62659.0,787260.9,7872.609,492783376.12128,1,481.59999999999854,457.70000000000437,23.89999999999418,481.59999999999854,511.9214285714287
2026-06-18 17:00:00,62659.0,62716.8,62222.2,62569.1,631214.15,6312.1415,394470475.34319,1,494.6000000000058,57.80000000000291,436.8000000000029,494.6000000000058,517.2071428571435
2026-06-18 18:00:00,62569.1,62920.8,62541.2,62676.1,427572.3,4275.723,268262690.67118,1,379.6000000000058,351.70000000000437,27.900000000001455,379.6000000000058,505.96428571428675
2026-06-18 19:00:00,62676.2,62979.0,62600.0,62922.2,228415.37,2284.1537,143512423.43446,1,379.0,302.90000000000146,76.09999999999854,379.0,509.17857142857247
2026-06-18 20:00:00,62922.3,63249.9,62922.3,63059.3,324211.48,3242.1148,204571246.8964,1,327.59999999999854,327.70000000000437,0.10000000000582077,327.70000000000437,512.3071428571441
2026-06-18 21:00:00,63059.4,63097.4,62838.5,62933.1,149634.21,1496.3421,94194764.51857,1,258.90000000000146,38.099999999998545,220.8000000000029,258.90000000000146,495.2357142857155
2026-06-18 22:00:00,62933.0,62966.5,62695.5,62846.4,135094.97,1350.9497,84856528.87659,1,271.0,33.400000000001455,237.59999999999854,271.0,490.65000000000146
2026-06-18 23:00:00,62846.4,62958.1,62719.3,62920.8,118749.76,1187.4976,74630286.0465,1,238.79999999999563,111.69999999999709,127.09999999999854,238.79999999999563,486.27857142857255
2026-06-19 00:00:00,62920.8,63059.0,62807.9,62987.7,135131.33,1351.3133,85057835.04024,1,251.09999999999854,138.1999999999971,112.90000000000146,251.09999999999854,482.11428571428667
2026-06-19 01:00:00,62987.7,63072.8,62816.1,62995.5,149591.62,1495.9162,94166790.59818,1,256.70000000000437,85.10000000000582,171.59999999999854,256.70000000000437,477.33571428571565
2026-06-19 02:00:00,62995.6,63084.7,62855.1,62975.1,121665.72,1216.6572,76614227.25828,1,229.59999999999854,89.19999999999709,140.40000000000146,229.59999999999854,459.13571428571544
2026-06-19 03:00:00,62975.1,63000.0,62350.5,62746.4,573195.6,5731.956,358898184.22956,1,649.5,24.900000000001455,624.5999999999985,649.5,458.3928571428582
2026-06-19 04:00:00,62746.5,62893.3,62380.3,62428.1,308529.39,3085.2939,193156865.07301,1,513.0,146.90000000000146,366.09999999999854,513.0,448.3928571428582
2026-06-19 05:00:00,62428.2,62718.9,62423.2,62713.5,166606.35,1666.0635,104316170.09758,1,295.70000000000437,290.8000000000029,4.900000000001455,295.70000000000437,359.05714285714413
2026-06-19 06:00:00,62713.6,62884.9,62696.4,62859.9,169961.44,1699.6144,106714091.38251,1,188.5,171.40000000000146,17.099999999998545,188.5,338.12142857142993
2026-06-19 07:00:00,62860.0,62888.0,62470.9,62598.2,324185.97,3241.8597,202975900.54752,1,417.09999999999854,28.099999999998545,389.0,417.09999999999854,332.58571428571514
2026-06-19 08:00:00,62598.3,62751.4,62501.2,62571.7,164871.57,1648.7157,103234044.16656,1,250.20000000000437,153.20000000000437,97.0,250.20000000000437,323.3428571428579
2026-06-19 09:00:00,62571.6,62626.3,62281.6,62351.0,398575.67,3985.7567,248672021.82018,1,344.70000000000437,54.60000000000582,290.09999999999854,344.70000000000437,320.8928571428582
2026-06-19 10:00:00,62350.9,62560.0,62350.0,62500.0,239350.37,2393.5037,149472196.63007,1,210.0,209.0,1.0,210.0,312.485714285715
2026-06-19 11:00:00,62500.1,62660.0,62421.4,62599.5,207143.39,2071.4339,129576204.84102,1,238.59999999999854,160.0,78.59999999999854,238.59999999999854,311.0357142857148
2026-06-19 12:00:00,62599.5,62855.5,62320.0,62800.0,453065.33,4530.6533,283622673.12984,1,535.5,256.0,279.5,535.5,329.92857142857196
2026-06-19 13:00:00,62800.0,63387.5,62636.4,63175.9,720603.33,7206.0333,454150743.84585,1,751.0999999999985,587.5,163.59999999999854,751.0999999999985,366.5214285714293
2026-06-19 14:00:00,63175.9,63384.4,62980.0,63174.8,422191.21,4221.9121,266727040.3319,1,404.40000000000146,208.5,195.90000000000146,404.40000000000146,377.4714285714295
2026-06-19 15:00:00,63174.8,63256.2,62986.6,63187.6,272422.45,2724.2245,171954044.30529,1,269.59999999999854,81.39999999999418,188.20000000000437,269.59999999999854,378.3928571428577
2026-06-19 16:00:00,63187.7,63361.3,62879.6,62941.4,415403.22,4154.0322,262444693.75429,1,481.70000000000437,173.70000000000437,308.0,481.70000000000437,396.40000000000094
2026-06-19 17:00:00,62941.4,63197.2,62827.7,63163.1,310043.57,3100.4357,195360784.65928,1,369.5,255.79999999999563,113.70000000000437,369.5,376.40000000000094
2026-06-19 18:00:00,63163.1,63174.4,62950.0,63073.5,121986.51,1219.8651,76919735.07669,1,224.40000000000146,11.30000000000291,213.09999999999854,224.40000000000146,355.7857142857153
2026-06-19 19:00:00,63073.4,63122.7,62904.2,62999.9,116444.86,1164.4486,73358546.32049,1,218.5,49.19999999999709,169.3000000000029,218.5,350.2714285714293
2026-06-19 20:00:00,63000.0,63254.3,62931.0,63215.8,112918.95,1129.1895,71279841.88491,1,323.3000000000029,254.40000000000146,68.90000000000146,323.3000000000029,359.90000000000094
2026-06-19 21:00:00,63215.8,63246.3,63025.4,63052.4,69031.44,690.3144,43585629.35968,1,220.90000000000146,30.5,190.40000000000146,220.90000000000146,345.88571428571544
2026-06-19 22:00:00,63052.3,63350.0,63018.0,63284.7,108083.21,1080.8321,68324181.11515,1,332.0,297.59999999999854,34.400000000001455,332.0,351.72857142857225
2026-06-19 23:00:00,63284.8,63645.7,63240.3,63510.5,292712.77,2927.1277,185750072.29643,1,405.3999999999942,361.0,44.39999999999418,405.3999999999942,356.0642857142858
2026-06-20 00:00:00,63510.4,63752.0,63436.7,63493.5,261622.29,2616.2229,166304749.56064,1,315.3000000000029,241.5,73.80000000000291,315.3000000000029,363.5857142857146
2026-06-20 01:00:00,63493.4,63588.0,63370.0,63547.9,150635.98,1506.3598,95628839.62275,1,218.0,94.5,123.5,218.0,362.11428571428615
2026-06-20 02:00:00,63547.8,63547.8,63289.1,63310.1,142313.21,1423.1321,90212311.15014,1,258.70000000000437,0.09999999999854481,258.8000000000029,258.8000000000029,342.35000000000065
2026-06-20 03:00:00,63310.1,63484.4,63290.0,63448.6,93219.36,932.1936,59092454.71205,1,194.40000000000146,174.3000000000029,20.099999999998545,194.40000000000146,302.58571428571514
2026-06-20 04:00:00,63448.7,63585.3,63361.6,63551.0,115445.9,1154.459,73293950.91855,1,223.70000000000437,136.70000000000437,87.0,223.70000000000437,289.67857142857247
2026-06-20 05:00:00,63551.1,63886.0,63502.9,63640.7,375548.59,3755.4859,239280659.47967,1,383.09999999999854,335.0,48.099999999998545,383.09999999999854,297.7857142857153
2026-06-20 06:00:00,63640.7,63724.8,63604.3,63706.9,123284.91,1232.8491,78499655.44228,1,120.5,84.10000000000582,36.39999999999418,120.5,271.985714285715
2026-06-20 07:00:00,63706.9,63766.6,63560.0,63622.6,153014.55,1530.1455,97447858.08951,1,206.59999999999854,59.69999999999709,146.90000000000146,206.59999999999854,260.35000000000065
2026-06-20 08:00:00,63622.7,63628.2,63341.4,63381.6,311055.97,3110.5597,197389581.56085,1,286.79999999999563,5.599999999998545,281.1999999999971,286.79999999999563,264.80714285714305
2026-06-20 09:00:00,63381.6,63763.0,63381.6,63703.1,271075.07,2710.7507,172416778.82171,1,381.40000000000146,381.40000000000146,0.0,381.40000000000146,276.44285714285746
2026-06-20 10:00:00,63703.2,63749.9,63564.1,63646.1,147540.11,1475.4011,93905626.09272,1,185.8000000000029,46.80000000000291,139.0,185.8000000000029,266.6214285714289
2026-06-20 11:00:00,63646.1,63769.4,63585.6,63646.6,111723.98,1117.2398,71149420.24195,1,183.8000000000029,123.30000000000291,60.5,183.8000000000029,263.971428571429
2026-06-20 12:00:00,63646.7,63756.1,63510.0,63621.9,213585.06,2135.8506,135923865.47118,1,246.09999999999854,109.5,136.59999999999854,246.09999999999854,257.8357142857146
2026-06-20 13:00:00,63621.9,63621.9,63240.0,63357.9,439598.31,4395.9831,278597120.08264,1,381.90000000000146,0.0,381.90000000000146,381.90000000000146,256.1571428571437
2026-06-20 14:00:00,63357.9,64149.5,63150.0,63929.9,865483.69,8654.8369,551158007.92371,1,999.5,791.5999999999985,207.90000000000146,999.5,305.02857142857204
2026-06-20 15:00:00,63930.0,64355.5,63806.7,64129.7,656817.29,6568.1729,421024132.11661,1,548.8000000000029,425.59999999999854,123.20000000000437,548.8000000000029,328.6571428571437
2026-06-20 16:00:00,64129.8,64140.4,63869.6,63995.9,201966.0,2019.66,129223836.14887,1,270.8000000000029,10.700000000004366,260.09999999999854,270.8000000000029,329.51428571428653
2026-06-20 17:00:00,63995.8,64009.0,63701.7,63807.7,233379.7,2333.797,148996036.26872,1,307.3000000000029,13.099999999998545,294.20000000000437,307.3000000000029,337.5785714285724
2026-06-20 18:00:00,63807.7,63906.6,63741.4,63777.0,95845.93,958.4593,61160086.82461,1,165.1999999999971,98.90000000000146,66.29999999999563,165.1999999999971,333.40000000000043
2026-06-20 19:00:00,63776.9,63945.2,63761.2,63909.5,91497.71,914.9771,58434530.05111,1,184.0,168.1999999999971,15.80000000000291,184.0,319.17857142857196
2026-06-20 20:00:00,63909.5,63951.6,63822.7,63903.9,60553.98,605.5398,38697669.09373,1,128.90000000000146,42.099999999998545,86.80000000000291,128.90000000000146,319.77857142857204
2026-06-20 21:00:00,63903.9,64066.7,63887.2,63985.9,89685.62,896.8562,57373738.03315,1,179.5,162.79999999999563,16.700000000004366,179.5,317.8428571428579
2026-06-20 22:00:00,63985.9,64328.6,63951.9,64240.2,198626.72,1986.2672,127494012.56978,1,376.6999999999971,342.6999999999971,34.0,376.6999999999971,324.26428571428653
2026-06-20 23:00:00,64240.3,64309.8,64215.0,64261.7,86371.17,863.7117,55496956.12784,1,94.80000000000291,69.60000000000582,25.19999999999709,94.80000000000291,303.79285714285805
2026-06-21 00:00:00,64261.6,64287.2,64194.0,64257.9,107079.01,1070.7901,68779795.43518,1,93.19999999999709,25.5,67.69999999999709,93.19999999999709,297.17857142857196
2026-06-21 01:00:00,64257.9,64287.9,64179.5,64213.4,133434.35,1334.3435,85696038.22776,1,108.40000000000146,30.0,78.40000000000146,108.40000000000146,291.79285714285754
2026-06-21 02:00:00,64213.4,64246.1,64184.0,64213.8,56957.52,569.5752,36570601.35092,1,62.099999999998545,32.69999999999709,29.400000000001455,62.099999999998545,278.65000000000043
2026-06-21 03:00:00,64213.9,64447.0,64197.7,64391.5,253801.48,2538.0148,163353643.51129,1,249.3000000000029,233.1999999999971,16.10000000000582,249.3000000000029,269.17857142857196
2026-06-21 04:00:00,64391.5,64560.0,64218.5,64245.3,287923.78,2879.2378,185436760.93799,1,341.5,168.5,173.0,341.5,222.17857142857196
2026-06-21 05:00:00,64245.3,64337.8,64186.0,64223.4,138405.67,1384.0567,88910950.38548,1,151.8000000000029,92.5,59.30000000000291,151.8000000000029,193.8214285714291
2026-06-21 06:00:00,64223.5,64294.9,64151.3,64269.7,85526.55,855.2655,54924822.49844,1,143.59999999999854,71.5,72.09999999999854,143.59999999999854,184.7357142857145
2026-06-21 07:00:00,64269.6,64270.0,64127.3,64165.1,121941.64,1219.4164,78269756.19234,1,142.6999999999971,0.3000000000029104,142.39999999999418,142.6999999999971,172.97857142857123
2026-06-21 08:00:00,64165.1,64198.9,63864.0,63983.4,264357.58,2643.5758,169162419.39451,1,334.90000000000146,33.80000000000291,301.09999999999854,334.90000000000146,185.1000000000001
2026-06-21 09:00:00,63983.4,64218.5,63920.0,64177.7,272703.41,2727.0341,174676104.45988,1,298.5,235.09999999999854,63.400000000001455,298.5,193.27857142857152
2026-06-21 10:00:00,64177.6,64380.0,64160.2,64334.8,254634.6,2546.346,163701202.73448,1,219.8000000000029,202.3000000000029,17.5,219.8000000000029,199.77142857142877
2026-06-21 11:00:00,64334.8,64448.4,64079.1,64144.6,394945.48,3949.4548,253815045.84441,1,369.3000000000029,113.59999999999854,255.70000000000437,369.3000000000029,213.32857142857185
2026-06-21 12:00:00,64144.5,64208.1,63908.9,64165.0,398845.09,3988.4509,255480504.57867,1,299.1999999999971,63.5,235.6999999999971,299.1999999999971,207.79285714285757
2026-06-21 13:00:00,64165.0,64165.0,63980.0,64111.9,142362.68,1423.6268,91215850.55192,1,185.0,0.0,185.0,185.0,214.2357142857145
2026-06-21 14:00:00,64111.9,64125.4,63964.4,64122.0,125459.55,1254.5955,80347652.31295,1,161.0,13.5,147.5,161.0,219.07857142857185
2026-06-21 15:00:00,64122.0,64332.5,64087.6,64191.6,171965.49,1719.6549,110415855.35134,1,244.90000000000146,210.5,34.400000000001455,244.90000000000146,228.82857142857185
2026-06-21 16:00:00,64191.7,64223.1,64002.3,64111.2,165645.03,1656.4503,106195823.82898,1,220.79999999999563,31.5,189.29999999999563,220.79999999999563,240.1642857142859
2026-06-21 17:00:00,64111.2,64188.0,64039.1,64114.2,79267.16,792.6716,50817488.7853,1,148.90000000000146,76.80000000000291,72.09999999999854,148.90000000000146,232.99285714285725
2026-06-21 18:00:00,64114.2,64212.6,63911.0,64179.3,143030.33,1430.3033,91621619.31224,1,301.59999999999854,98.40000000000146,203.1999999999971,301.59999999999854,230.14285714285714
2026-06-21 19:00:00,64179.3,64270.0,64130.1,64169.1,69283.06,692.8306,44472654.30345,1,139.90000000000146,90.69999999999709,49.200000000004366,139.90000000000146,229.29285714285703
2026-06-21 20:00:00,64169.2,64237.7,63643.0,63817.6,316643.06,3166.4306,202166120.69949,1,594.6999999999971,68.59999999999854,526.0999999999985,594.6999999999971,261.5142857142855
2026-06-21 21:00:00,63817.6,63939.0,63461.4,63768.5,374995.69,3749.9569,238775666.94743,1,477.59999999999854,121.40000000000146,356.1999999999971,477.59999999999854,285.4357142857142
2026-06-21 22:00:00,63768.4,63829.8,63537.9,63765.9,244153.38,2441.5338,155413485.62726,1,291.90000000000146,61.30000000000291,230.59999999999854,291.90000000000146,282.3642857142856
2026-06-21 23:00:00,63765.9,63765.9,63228.0,63278.9,388031.4,3880.314,246103145.14564,1,537.9000000000015,0.0,537.9000000000015,537.9000000000015,299.4642857142857
2026-06-22 00:00:00,63278.9,64075.0,63278.8,63860.0,571371.2,5713.712,364004287.50605,1,796.1999999999971,796.0999999999985,0.09999999999854481,796.1999999999971,340.63571428571385
2026-06-22 01:00:00,63860.0,64813.0,63820.0,64570.1,1067224.02,10672.2402,687681623.79429,1,993.0,953.0,40.0,993.0,385.1857142857137
2026-06-22 02:00:00,64570.1,64646.2,64220.3,64230.5,322560.16,3225.6016,207891941.51502,1,425.8999999999942,76.09999999999854,349.79999999999563,425.8999999999942,394.23571428571347
2026-06-22 03:00:00,64230.5,64436.0,63866.7,63940.1,483695.02,4836.9502,310107988.78188,1,569.3000000000029,205.5,363.8000000000029,569.3000000000029,421.6857142857137
2026-06-22 04:00:00,63940.1,64087.9,63833.3,64068.1,246952.29,2469.5229,157931529.11631,1,254.59999999999854,147.8000000000029,106.79999999999563,254.59999999999854,428.3714285714278
2026-06-22 05:00:00,64068.1,64310.2,64059.9,64219.3,235210.9,2352.109,151012462.54214,1,250.29999999999563,242.09999999999854,8.19999999999709,250.29999999999563,428.75714285714173
2026-06-22 06:00:00,64219.3,64293.2,63919.2,63963.9,208274.79,2082.7479,133428514.15295,1,374.0,73.89999999999418,300.1000000000058,374.0,439.6999999999992
2026-06-22 07:00:00,63963.9,64382.8,63941.0,64179.3,258416.27,2584.1627,165899945.44949,1,441.8000000000029,418.90000000000146,22.900000000001455,441.8000000000029,460.6214285714278
2026-06-22 08:00:00,64179.3,64320.0,64005.6,64132.4,224171.61,2241.7161,143841927.67048,1,314.40000000000146,140.6999999999971,173.70000000000437,314.40000000000146,461.53571428571377
2026-06-22 09:00:00,64132.4,64230.1,64022.0,64115.4,125031.56,1250.3156,80158261.17959,1,208.09999999999854,97.69999999999709,110.40000000000146,208.09999999999854,466.4071428571421
2026-06-22 10:00:00,64115.5,64252.4,64046.0,64113.6,113973.14,1139.7314,73112355.58654,1,206.40000000000146,137.0,69.40000000000146,206.40000000000146,438.6714285714282
2026-06-22 11:00:00,64113.6,64745.8,64070.0,64625.0,648193.55,6481.9355,418050655.1434,1,675.8000000000029,632.2000000000044,43.599999999998545,675.8000000000029,452.8285714285713
2026-06-22 12:00:00,64625.0,65189.5,64551.7,65116.4,1008709.01,10087.0901,654661755.07531,1,637.8000000000029,564.5,73.30000000000291,637.8000000000029,477.5357142857143
2026-06-22 13:00:00,65116.4,65566.0,64906.5,65549.1,881726.97,8817.2697,575446316.82541,1,659.5,449.59999999999854,209.90000000000146,659.5,486.2214285714285
2026-06-22 14:00:00,65549.1,65616.4,64800.0,64940.5,882303.67,8823.0367,574544836.12034,1,816.3999999999942,67.29999999998836,749.1000000000058,816.3999999999942,487.6642857142854
2026-06-22 15:00:00,64940.6,65115.8,64711.0,64803.5,397758.62,3977.5862,258265731.50136,1,404.8000000000029,175.3000000000029,229.5,404.8000000000029,445.6499999999999
2026-06-22 16:00:00,64803.5,64831.8,64478.7,64693.0,470789.48,4707.8948,304399355.25658,1,353.1000000000058,28.30000000000291,324.8000000000029,353.1000000000058,440.4500000000007
2026-06-22 17:00:00,64693.0,64747.6,64355.0,64578.7,360883.61,3608.8361,232752751.09084,1,392.59999999999854,54.599999999998545,338.0,392.59999999999854,427.8285714285718
2026-06-22 18:00:00,64578.7,64716.7,64263.0,64314.9,287680.25,2876.8025,185562012.46097,1,453.6999999999971,138.0,315.6999999999971,453.6999999999971,442.0500000000003
2026-06-22 19:00:00,64315.0,64480.0,64244.0,64451.4,303220.68,3032.2068,195157949.62921,1,236.0,165.09999999999854,70.90000000000146,236.0,441.02857142857204
2026-06-22 20:00:00,64451.4,64640.3,64331.5,64411.4,219794.33,2197.9433,141755601.21544,1,308.8000000000029,188.90000000000146,119.90000000000146,308.8000000000029,436.3714285714294
2026-06-22 21:00:00,64411.4,64456.7,64108.5,64291.1,187604.5,1876.045,120547683.40158,1,348.1999999999971,45.299999999995634,302.90000000000146,348.1999999999971,429.6857142857147
2026-06-22 22:00:00,64291.0,64367.9,63766.0,63943.0,511240.86,5112.4086,327120174.43661,1,601.9000000000015,76.80000000000291,525.0999999999985,601.9000000000015,450.221428571429
2026-06-22 23:00:00,63943.0,64023.4,63849.4,63994.0,197302.55,1973.0255,126163902.11779,1,174.0,80.40000000000146,93.59999999999854,174.0,447.7857142857148
2026-06-23 00:00:00,63993.9,64136.0,63803.1,64123.5,217232.8,2172.328,138958463.63352,1,332.90000000000146,142.0,190.90000000000146,332.90000000000146,456.82142857142907
2026-06-23 01:00:00,64123.5,64248.5,63866.0,64123.5,311197.69,3111.9769,199451034.4109,1,382.5,125.0,257.5,382.5,435.8714285714289
2026-06-23 02:00:00,64123.5,64250.0,64009.1,64168.3,136227.02,1362.2702,87392262.7671,1,240.90000000000146,126.5,114.40000000000146,240.90000000000146,407.52142857142877
2026-06-23 03:00:00,64168.3,64173.9,63936.2,64040.0,170454.01,1704.5401,109105224.30502,1,237.70000000000437,5.599999999998545,232.10000000000582,237.70000000000437,377.3928571428577
2026-06-23 04:00:00,64039.9,64067.8,63577.1,63597.9,385720.85,3857.2085,246017479.93798,1,490.70000000000437,27.80000000000291,462.90000000000146,490.70000000000437,354.1285714285727
2026-06-23 05:00:00,63597.8,63708.7,63325.0,63366.0,586578.95,5865.7895,372362101.42951,1,383.6999999999971,110.79999999999563,272.90000000000146,383.6999999999971,352.6214285714294
2026-06-23 06:00:00,63366.0,63372.0,62523.1,62899.9,1436817.58,14368.1758,903456584.91718,1,848.9000000000015,6.0,842.9000000000015,848.9000000000015,388.0357142857148
2026-06-23 07:00:00,62900.0,63057.2,62818.2,62846.3,356625.12,3566.2512,224423507.05885,1,239.0,157.29999999999563,81.70000000000437,239.0,377.0642857142863
2026-06-23 08:00:00,62846.2,62910.4,61883.8,62349.1,1576237.72,15762.3772,982268281.19921,1,1026.5999999999985,64.09999999999854,962.5,1026.5999999999985,417.985714285715
2026-06-23 09:00:00,62349.1,62476.9,62296.7,62353.0,281247.43,2812.4743,175495092.80924,1,180.20000000000437,127.80000000000291,52.400000000001455,180.20000000000437,414.000000000001
2026-06-23 10:00:00,62353.0,62548.9,62204.9,62289.1,360934.15,3609.3415,225039987.19594,1,344.0,195.90000000000146,148.09999999999854,344.0,416.51428571428653
2026-06-23 11:00:00,62289.1,62634.2,62286.8,62476.0,337688.94,3376.8894,210958368.54913,1,347.3999999999942,345.09999999999854,2.2999999999956344,347.3999999999942,416.4571428571435
2026-06-23 12:00:00,62476.1,62532.2,62155.0,62229.9,295552.21,2955.5221,184190325.84538,1,377.1999999999971,56.19999999999709,321.0,377.1999999999971,400.4071428571432
2026-06-23 13:00:00,62230.0,62513.2,61928.6,62450.0,824671.07,8246.7107,513247257.2559,1,584.5999999999985,283.29999999999563,301.3000000000029,584.5999999999985,429.7357142857145
2026-06-23 14:00:00,62450.0,62828.1,62375.0,62466.6,750638.42,7506.3842,469730109.6433,1,453.09999999999854,378.09999999999854,75.0,453.09999999999854,438.32142857142856
2026-06-23 15:00:00,62466.7,62486.2,62171.5,62459.9,395688.95,3956.8895,246609259.99024,1,314.6999999999971,19.599999999998545,295.09999999999854,314.6999999999971,433.47857142857123
2026-06-23 16:00:00,62459.9,62794.3,62401.1,62518.3,477023.86,4770.2386,298631057.66049,1,393.20000000000437,334.40000000000146,58.80000000000291,393.20000000000437,444.35714285714283
2026-06-23 17:00:00,62518.3,62661.7,62300.0,62322.1,299400.09,2994.0009,187065888.63688,1,361.6999999999971,143.39999999999418,218.3000000000029,361.6999999999971,453.2142857142852
2026-06-23 18:00:00,62322.2,62420.0,62075.0,62208.9,240937.07,2409.3707,149930778.51695,1,345.0,97.90000000000146,247.09999999999854,345.0,442.807142857142
2026-06-23 19:00:00,62209.0,62457.1,62195.6,62367.4,175757.79,1757.5779,109544004.88567,1,261.5,248.1999999999971,13.30000000000291,261.5,434.0785714285708
2026-06-23 20:00:00,62367.5,62514.8,62350.0,62438.3,114677.29,1146.7729,71608590.08226,1,164.8000000000029,147.40000000000146,17.400000000001455,164.8000000000029,385.2142857142852
2026-06-23 21:00:00,62438.4,62625.0,62438.4,62569.8,105380.39,1053.8039,65903935.40027,1,186.59999999999854,186.6999999999971,0.09999999999854481,186.6999999999971,381.4785714285707
2026-06-23 22:00:00,62569.8,62750.0,62490.0,62560.5,146400.58,1464.0058,91682017.5351,1,260.0,180.1999999999971,79.80000000000291,260.0,326.72142857142796
2026-06-23 23:00:00,62560.4,62774.8,62462.9,62701.4,158158.24,1581.5824,99012377.84649,1,311.90000000000146,214.3000000000029,97.59999999999854,311.90000000000146,336.1285714285706
2026-06-24 00:00:00,62701.5,63000.0,62700.0,62990.0,369455.36,3694.5536,232300177.40387,1,300.0,298.59999999999854,1.4000000000014552,300.0,332.98571428571347
2026-06-24 01:00:00,62990.1,63097.9,62735.6,62908.0,337906.95,3379.0695,212672379.45938,1,362.3000000000029,107.90000000000146,254.40000000000146,362.3000000000029,334.0499999999998
2026-06-24 02:00:00,62907.9,62990.0,62573.8,62607.3,365025.79,3650.2579,228947888.68931,1,416.1999999999971,82.0,334.1999999999971,416.1999999999971,336.83571428571406
2026-06-24 03:00:00,62607.3,62822.0,62433.0,62706.5,318405.08,3184.0508,199421303.98795,1,389.0,214.6999999999971,174.3000000000029,389.0,322.8642857142856
2026-06-24 04:00:00,62706.6,62774.2,62499.9,62722.2,171320.19,1713.2019,107337602.16595,1,274.29999999999563,67.69999999999709,206.59999999999854,274.29999999999563,310.0928571428568
2026-06-24 05:00:00,62722.1,63050.0,62681.6,62864.9,316226.15,3162.2615,198868147.6884,1,368.40000000000146,327.8000000000029,40.599999999998545,368.40000000000146,313.92857142857144
2026-06-24 06:00:00,62864.9,62890.1,62702.6,62757.9,157934.53,1579.3453,99177311.56017,1,187.5,25.19999999999709,162.3000000000029,187.5,299.235714285714
2026-06-24 07:00:00,62757.9,62823.3,62580.0,62627.0,237058.9,2370.589,148590338.05333,1,243.3000000000029,65.40000000000146,177.90000000000146,243.3000000000029,290.7785714285715
2026-06-24 08:00:00,62627.0,62787.6,62576.2,62771.2,160651.23,1606.5123,100702514.42773,1,211.40000000000146,160.59999999999854,50.80000000000291,211.40000000000146,281.2357142857145
2026-06-24 09:00:00,62771.2,62771.3,62607.2,62655.1,112624.74,1126.2474,70589211.37898,1,164.10000000000582,0.10000000000582077,164.0,164.10000000000582,274.27857142857204
2026-06-24 10:00:00,62655.1,62655.1,62385.7,62418.9,309610.43,3096.1043,193565216.67823,1,269.40000000000146,0.0,269.40000000000146,269.40000000000146,281.7500000000005
2026-06-24 11:00:00,62418.9,63221.0,62260.0,62887.5,877769.88,8777.6988,550473253.06983,1,961.0,802.0999999999985,158.90000000000146,961.0,337.05714285714356
2026-06-24 12:00:00,62887.4,62944.2,62551.6,62587.5,473190.38,4731.9038,297030092.84568,1,392.59999999999854,56.69999999999709,335.90000000000146,392.59999999999854,346.52857142857204
2026-06-24 13:00:00,62587.4,62600.0,61205.7,61300.0,2562511.4,25625.114,1583194464.46374,1,1394.300000000003,12.5,1381.800000000003,1394.300000000003,423.8428571428579
2026-06-24 14:00:00,61300.0,61436.5,60829.5,61089.8,1712923.42,17129.2342,1047181493.58322,1,607.0,136.5,470.5,607.0,445.7714285714293
2026-06-24 15:00:00,61089.8,61123.0,60230.9,60252.7,1438907.87,14389.0787,872863768.0164,1,892.0999999999985,33.19999999999709,858.9000000000015,892.0999999999985,483.61428571428615
2026-06-24 16:00:00,60252.7,60675.5,59574.0,59813.9,2267696.36,22676.9636,1362263739.08667,1,1101.5,422.8000000000029,678.6999999999971,1101.5,532.5642857142864
2026-06-24 17:00:00,59814.0,60038.3,59050.3,59359.4,2120453.99,21204.5399,1262437449.29578,1,988.0,224.40000000000146,763.5999999999985,988.0,575.3500000000006
2026-06-24 18:00:00,59359.4,59895.0,59269.0,59573.1,930151.99,9301.5199,554326234.6155,1,626.0,535.5999999999985,90.40000000000146,626.0,600.4714285714296
2026-06-24 19:00:00,59573.2,59957.0,59483.9,59921.2,539430.82,5394.3082,322145574.93142,1,473.09999999999854,383.90000000000146,89.19999999999709,473.09999999999854,607.9500000000007
2026-06-24 20:00:00,59920.8,61176.4,59815.2,60926.4,1716631.71,17166.3171,1041058102.10072,1,1361.2000000000044,1255.2000000000044,106.0,1361.2000000000044,691.7857142857154
2026-06-24 21:00:00,60926.3,61107.2,60632.4,61070.5,391859.76,3918.5976,238535557.49261,1,474.79999999999563,180.79999999999563,294.0,474.79999999999563,708.3214285714291
2026-06-24 22:00:00,61070.4,61243.9,60766.8,60846.5,343302.2,3433.022,209324320.14899,1,477.09999999999854,173.40000000000146,303.6999999999971,477.09999999999854,727.3000000000003
2026-06-24 23:00:00,60846.4,61085.2,60800.0,61050.0,195754.76,1957.5476,119318077.5134,1,285.1999999999971,238.6999999999971,46.5,285.1999999999971,735.9499999999997
2026-06-25 00:00:00,61050.1,61137.0,60692.4,60783.6,329399.55,3293.9955,200617606.22467,1,444.59999999999854,87.0,357.59999999999854,444.59999999999854,748.4642857142852
2026-06-25 01:00:00,60783.6,60955.7,60683.4,60884.4,208642.27,2086.4227,126877990.42968,1,272.29999999999563,172.09999999999854,100.19999999999709,272.29999999999563,699.2714285714277
2026-06-25 02:00:00,60884.4,60935.7,60660.6,60759.9,221748.77,2217.4877,134786080.05996,1,275.09999999999854,51.299999999995634,223.8000000000029,275.09999999999854,690.8785714285706
2026-06-25 03:00:00,60759.9,60873.0,60650.0,60851.9,160981.65,1609.8165,97821526.24399,1,223.0,113.09999999999854,109.90000000000146,223.0,607.2142857142846
2026-06-25 04:00:00,60852.0,61380.6,60752.9,61315.1,408329.73,4083.2973,249462283.5691,1,627.6999999999971,528.6999999999971,99.0,627.6999999999971,608.6928571428559
2026-06-25 05:00:00,61315.1,61776.9,61240.0,61560.3,974505.08,9745.0508,599873196.26473,1,536.9000000000015,461.8000000000029,75.09999999999854,536.9000000000015,583.3214285714275
2026-06-25 06:00:00,61560.3,61830.9,61560.3,61685.6,311380.62,3113.8062,192119060.3954,1,270.59999999999854,270.59999999999854,0.0,270.59999999999854,523.9714285714274
2026-06-25 07:00:00,61685.6,61929.5,61631.4,61877.6,403954.77,4039.5477,249657913.60756,1,298.09999999999854,243.90000000000146,54.19999999999709,298.09999999999854,474.69285714285587
2026-06-25 08:00:00,61877.6,61888.0,61643.5,61676.2,243829.71,2438.2971,150527883.29001,1,244.5,10.400000000001455,234.09999999999854,244.5,447.44285714285587
2026-06-25 09:00:00,61676.2,61753.0,61571.9,61699.9,196692.77,1966.9277,121321278.12386,1,181.09999999999854,76.80000000000291,104.29999999999563,181.09999999999854,426.58571428571304
2026-06-25 10:00:00,61700.0,61718.4,61231.2,61242.2,467215.9,4672.159,287086094.71919,1,487.20000000000437,18.5,468.70000000000437,487.20000000000437,364.1571428571416
2026-06-25 11:00:00,61242.1,61392.7,61029.3,61258.9,682664.31,6826.6431,417989285.52738,1,363.3999999999942,150.5,212.89999999999418,363.3999999999942,356.1999999999986
2026-06-25 12:00:00,61259.0,61757.4,61044.0,61207.3,933843.43,9338.4343,572997103.25677,1,713.4000000000015,498.5,214.90000000000146,713.4000000000015,373.0785714285703
2026-06-25 13:00:00,61207.3,61337.8,58031.5,58258.6,4046682.93,40466.8293,2411671932.63133,1,3306.300000000003,130.5,3175.800000000003,3306.300000000003,588.8714285714278
2026-06-25 14:00:00,58258.5,60453.3,58258.5,59438.0,4033021.67,40330.2167,2394746718.54027,1,2194.800000000003,2194.7000000000044,0.09999999999854481,2194.800000000003,713.8857142857139
2026-06-25 15:00:00,59437.9,59637.6,58833.8,59528.4,1352069.1,13520.691,800786469.33598,1,803.7999999999956,199.59999999999854,604.1999999999971,803.7999999999956,751.8499999999996
2026-06-25 16:00:00,59528.3,60031.0,59107.1,59281.2,888258.11,8882.5811,529231647.51898,1,923.9000000000015,502.59999999999854,421.3000000000029,923.9000000000015,798.192857142857
2026-06-25 17:00:00,59281.3,59714.9,59083.6,59644.6,472834.19,4728.3419,281024183.51112,1,631.3000000000029,433.70000000000437,197.59999999999854,631.3000000000029,827.3571428571429
2026-06-25 18:00:00,59644.5,59756.0,59320.8,59483.9,382674.9,3826.749,227777148.27376,1,435.1999999999971,111.40000000000146,323.79999999999563,435.1999999999971,813.6071428571429
2026-06-25 19:00:00,59483.8,59489.3,59120.8,59295.5,331993.13,3319.9313,196815509.33303,1,368.5,5.400000000001455,363.09999999999854,368.5,801.5785714285713
2026-06-25 20:00:00,59295.5,59720.0,59292.3,59429.0,304095.26,3040.9526,181000641.73137,1,427.6999999999971,424.5,3.1999999999970896,427.6999999999971,812.7999999999998
2026-06-25 21:00:00,59429.0,60267.7,59424.0,60179.8,307127.75,3071.2775,183961096.91336,1,843.6999999999971,838.6999999999971,5.0,843.6999999999971,851.7714285714283
2026-06-25 22:00:00,60179.7,60179.7,59705.0,59810.6,284474.6,2844.746,170348518.17784,1,474.6999999999971,0.10000000000582077,474.8000000000029,474.8000000000029,868.2214285714284
2026-06-25 23:00:00,59810.5,60168.6,59706.2,59767.2,274435.75,2744.3575,164566393.00911,1,462.40000000000146,358.0,104.40000000000146,462.40000000000146,888.3142857142858
2026-06-26 00:00:00,59767.3,59877.2,59600.1,59625.2,210039.14,2100.3914,125492791.01361,1,277.09999999999854,110.0,167.09999999999854,277.09999999999854,873.3071428571426
2026-06-26 01:00:00,59625.2,59754.0,59180.9,59406.1,408296.48,4082.9648,242507622.66057,1,573.0999999999985,128.8000000000029,444.29999999999563,573.0999999999985,888.2857142857143
2026-06-26 02:00:00,59406.0,59424.3,58325.0,58540.0,1404583.56,14045.8356,824611758.12057,1,1099.300000000003,18.200000000004366,1081.0999999999985,1099.300000000003,915.8500000000001
2026-06-26 03:00:00,58540.0,60114.0,58300.0,60010.1,1379864.15,13798.6415,818259559.11442,1,1814.0,1574.0,240.0,1814.0,809.2571428571428
2026-06-26 04:00:00,60010.1,60209.9,59804.7,59894.8,639739.78,6397.3978,383533565.22523,1,405.20000000000437,199.8000000000029,205.40000000000146,405.20000000000437,681.4285714285714
2026-06-26 05:00:00,59894.7,60018.4,59700.2,59910.3,435918.61,4359.1861,260924785.77662,1,318.20000000000437,123.59999999999854,194.60000000000582,318.20000000000437,646.7428571428578
2026-06-26 06:00:00,59910.3,60435.6,59668.4,60299.8,732803.25,7328.0325,440329039.27704,1,767.1999999999971,525.2999999999956,241.90000000000146,767.1999999999971,635.5500000000003
2026-06-26 07:00:00,60299.8,60759.9,60250.0,60486.1,885658.88,8856.5888,536293354.31087,1,509.90000000000146,460.09999999999854,49.80000000000291,509.90000000000146,626.8785714285716
2026-06-26 08:00:00,60486.2,60540.0,60108.8,60210.7,555572.69,5555.7269,334750734.81003,1,431.1999999999971,53.900000000001455,377.29999999999563,431.1999999999971,626.5928571428574
2026-06-26 09:00:00,60210.7,60220.0,59549.0,59705.8,634241.15,6342.4115,379834041.48351,1,671.0,9.30000000000291,661.6999999999971,671.0,648.2000000000002
2026-06-26 10:00:00,59705.9,59826.3,59200.6,59289.2,598328.01,5983.2801,356204516.12069,1,625.7000000000044,120.5,505.20000000000437,625.7000000000044,662.3428571428578
2026-06-26 11:00:00,59289.2,59570.7,59232.3,59390.4,428324.56,4283.2456,254513056.63732,1,338.3999999999942,281.5,56.89999999999418,338.3999999999942,626.2500000000006
2026-06-26 12:00:00,59390.3,59984.0,58940.0,59165.5,1312714.63,13127.1463,779777406.01562,1,1044.0,593.5999999999985,450.40000000000146,1044.0,666.9071428571432
2026-06-26 13:00:00,59165.5,60186.5,58468.0,60149.9,1917208.68,19172.0868,1135223619.38566,1,1718.5,1021.0,697.5,1718.5,756.6285714285716
2026-06-26 14:00:00,60150.0,60274.0,59354.3,59571.2,1311057.74,13110.5774,784570100.55955,1,919.6999999999971,124.09999999999854,795.5999999999985,919.6999999999971,802.5285714285716
2026-06-26 15:00:00,59571.2,60478.9,59555.0,60297.4,1061275.41,10612.7541,638080374.21931,1,923.9000000000015,907.7000000000044,16.19999999999709,923.9000000000015,827.5857142857146
2026-06-26 16:00:00,60297.4,60573.2,59926.9,60015.3,804294.89,8042.9489,483921526.24048,1,646.2999999999956,275.79999999999563,370.5,646.2999999999956,795.2285714285712
2026-06-26 17:00:00,60015.2,60262.7,59912.9,59997.5,345511.77,3455.1177,207556330.81689,1,349.79999999999563,247.39999999999418,102.40000000000146,349.79999999999563,690.6428571428567
2026-06-26 18:00:00,59997.4,60132.1,59527.0,59642.5,322019.05,3220.1905,192605724.05036,1,605.0999999999985,134.59999999999854,470.5,605.0999999999985,704.9214285714277
2026-06-26 19:00:00,59642.5,60080.8,59588.0,59730.0,460203.15,4602.0315,275629357.60794,1,492.8000000000029,438.3000000000029,54.5,492.8000000000029,717.3928571428561
2026-06-26 20:00:00,59730.1,59968.7,59529.4,59689.4,304625.42,3046.2542,181875945.40147,1,439.29999999999563,238.6999999999971,200.59999999999854,439.29999999999563,693.9714285714274
2026-06-26 21:00:00,59689.4,60027.9,59650.0,59887.2,133527.58,1335.2758,79925637.84653,1,377.90000000000146,338.5,39.400000000001455,377.90000000000146,684.542857142856
2026-06-26 22:00:00,59887.3,60055.2,59720.6,60013.3,134715.41,1347.1541,80706883.45495,1,334.59999999999854,168.0,166.59999999999854,334.59999999999854,677.6428571428561
2026-06-26 23:00:00,60013.3,60090.5,59893.2,60072.1,138036.39,1380.3639,82837047.98419,1,197.3000000000029,77.19999999999709,120.10000000000582,197.3000000000029,643.807142857142
2026-06-27 00:00:00,60072.1,60170.8,59853.5,60030.1,162728.26,1627.2826,97651529.14126,1,317.3000000000029,98.70000000000437,218.59999999999854,317.3000000000029,621.7785714285704
2026-06-27 01:00:00,60030.2,60039.7,59902.1,59919.1,63781.59,637.8159,38237065.40285,1,137.59999999999854,9.599999999998545,128.0,137.59999999999854,607.4357142857136
2026-06-27 02:00:00,59919.1,60358.3,59890.1,60257.6,328402.76,3284.0276,197766186.86295,1,468.20000000000437,439.20000000000437,29.0,468.20000000000437,566.3071428571426
2026-06-27 03:00:00,60257.7,60399.8,60135.9,60280.4,95852.04,958.5204,57749821.21901,0,263.90000000000146,142.20000000000437,121.69999999999709,263.90000000000146,462.4071428571427
2026-06-16 21:00:00,65829.8,65921.2,65620.0,65748.0,120496.24,1204.9624,79239528.50118,1,301.1999999999971,,,301.1999999999971,301.1999999999971
2026-06-16 22:00:00,65748.0,65860.1,65650.0,65746.3,130428.91,1304.2891,85737847.5708,1,210.10000000000582,112.10000000000582,98.0,210.10000000000582,255.65000000000146
2026-06-16 23:00:00,65746.4,65806.7,65588.3,65648.7,86812.88,868.1288,57018946.65405,1,218.39999999999418,60.39999999999418,158.0,218.39999999999418,243.23333333333235
2026-06-17 00:00:00,65648.7,65824.6,65648.7,65682.0,118708.95,1187.0895,78029339.07393,1,175.90000000000873,175.90000000000873,0.0,175.90000000000873,226.40000000000146
2026-06-17 01:00:00,65682.1,65934.4,65408.9,65902.9,306594.53,3065.9453,201264217.65025,1,525.4999999999927,252.39999999999418,273.09999999999854,525.4999999999927,286.2199999999997
2026-06-17 02:00:00,65903.0,66100.0,65739.3,65868.9,252975.22,2529.7522,166755178.41785,1,360.6999999999971,197.10000000000582,163.59999999999127,360.6999999999971,298.6333333333326
2026-06-17 03:00:00,65868.9,65874.4,65666.6,65820.0,103502.88,1035.0288,68066490.50279,1,207.79999999998836,5.5,202.29999999998836,207.79999999998836,285.65714285714057
2026-06-17 04:00:00,65820.0,66021.2,65754.5,65855.6,141185.67,1411.8567,93033293.49313,1,266.6999999999971,201.1999999999971,65.5,266.6999999999971,283.28749999999764
2026-06-17 05:00:00,65855.6,65950.0,65710.0,65803.7,137331.39,1373.3139,90366469.34849,1,240.0,94.39999999999418,145.60000000000582,240.0,278.47777777777566
2026-06-17 06:00:00,65803.7,65864.3,65543.1,65593.0,212913.96,2129.1396,139806129.91444,1,321.1999999999971,60.60000000000582,260.59999999999127,321.1999999999971,282.74999999999784
2026-06-17 07:00:00,65593.0,65687.8,65213.6,65505.0,580719.8,5807.198,380026051.17893,1,474.20000000000437,94.80000000000291,379.40000000000146,474.20000000000437,300.1545454545439
2026-06-17 08:00:00,65505.0,65543.6,64777.3,64886.7,867879.55,8678.7955,564853317.70962,1,766.3000000000029,38.60000000000582,727.6999999999971,766.3000000000029,338.9999999999988
2026-06-17 09:00:00,64886.7,65047.9,64810.0,64885.2,355288.5,3552.885,230749964.87792,1,237.90000000000146,161.20000000000437,76.69999999999709,237.90000000000146,331.2230769230759
2026-06-17 10:00:00,64885.2,64969.6,64724.4,64765.9,234520.3,2345.203,152059723.07281,1,245.1999999999971,84.40000000000146,160.79999999999563,245.1999999999971,325.0785714285703
2026-06-17 11:00:00,64765.9,64840.1,64514.6,64777.0,551175.34,5511.7534,356446517.00829,1,325.5,74.19999999999709,251.3000000000029,325.5,326.8142857142848
2026-06-17 12:00:00,64777.0,65074.8,64555.0,65007.2,481807.68,4818.0768,312333818.82907,1,519.8000000000029,297.8000000000029,222.0,519.8000000000029,348.9357142857131
2026-06-17 13:00:00,65007.2,65330.0,64810.0,65231.2,564912.03,5649.1203,367780044.9273,1,520.0,322.8000000000029,197.1999999999971,520.0,370.4785714285707
2026-06-17 14:00:00,65231.2,65420.0,64723.5,65068.0,671157.25,6711.5725,437081116.57623,1,696.5,188.8000000000029,507.6999999999971,696.5,407.66428571428435
2026-06-17 15:00:00,65067.9,65833.1,64950.0,65720.0,669880.96,6698.8096,438630020.81352,1,883.1000000000058,765.1000000000058,118.0,883.1000000000058,433.20714285714246
2026-06-17 16:00:00,65719.9,66426.6,65684.8,65835.1,880731.5,8807.315,581342595.97463,1,741.8000000000029,706.6000000000058,35.19999999999709,741.8000000000029,460.42857142857144
2026-06-17 17:00:00,65835.1,66182.7,65768.0,66077.6,269165.59,2691.6559,177498049.44352,1,414.6999999999971,347.59999999999127,67.10000000000582,414.6999999999971,475.2071428571435
2026-06-17 18:00:00,66077.5,66077.5,64760.4,65479.8,1817851.83,18178.5183,1190009513.06687,1,1317.0999999999985,0.10000000000582077,1317.2000000000044,1317.2000000000044,550.2428571428583
2026-06-17 19:00:00,65479.8,65631.6,64007.0,64278.2,1619758.22,16197.5822,1046011227.03856,1,1624.6000000000058,151.8000000000029,1472.800000000003,1624.6000000000058,649.1428571428587
2026-06-17 20:00:00,64278.2,64455.0,64140.4,64398.0,367458.65,3674.5865,236307341.99733,1,314.59999999999854,176.8000000000029,137.79999999999563,314.59999999999854,648.6714285714303
2026-06-17 21:00:00,64398.0,64420.0,64106.5,64222.7,188045.61,1880.4561,120872619.9397,1,313.5,22.0,291.5,313.5,637.1928571428585
2026-06-17 22:00:00,64222.7,64400.0,63880.0,64261.6,354248.83,3542.4883,227240841.8781,1,520.0,177.3000000000029,342.6999999999971,520.0,619.6000000000012
2026-06-17 23:00:00,64261.6,64498.0,64218.0,64471.4,148745.07,1487.4507,95780434.11164,1,280.0,236.40000000000146,43.599999999998545,280.0,622.6071428571439
2026-06-18 00:00:00,64471.3,64672.3,64412.5,64428.5,194129.04,1941.2904,125323389.97952,1,259.8000000000029,200.90000000000146,58.900000000001455,259.8000000000029,623.6500000000015
2026-06-18 01:00:00,64428.6,64775.4,64422.5,64519.9,180556.11,1805.5611,116680849.74382,1,352.90000000000146,346.90000000000146,6.0,352.90000000000146,625.6071428571444
2026-06-18 02:00:00,64520.0,64750.0,64444.3,64650.4,236022.59,2360.2259,152543595.5406,1,305.6999999999971,230.09999999999854,75.59999999999854,305.6999999999971,610.3142857142868
2026-06-18 03:00:00,64650.4,64655.0,64234.4,64250.1,246537.41,2465.3741,158697498.94354,1,420.59999999999854,4.599999999998545,416.0,420.59999999999854,603.2142857142868
2026-06-18 04:00:00,64250.2,64310.1,63773.1,63849.5,679106.04,6791.0604,434314183.41047,1,537.0,60.0,477.0,537.0,591.8214285714296
2026-06-18 05:00:00,63849.4,64000.0,63666.0,63968.4,343162.52,3431.6252,219108294.08928,1,334.0,150.5,183.5,334.0,552.6000000000006
2026-06-18 06:00:00,63968.4,64104.3,63820.4,64057.3,240314.71,2403.1471,153785438.72037,1,283.90000000000146,135.90000000000146,148.0,283.90000000000146,519.8928571428577
2026-06-18 07:00:00,64057.5,64480.0,63982.1,64474.1,368390.51,3683.9051,236786800.39572,1,497.90000000000146,422.6999999999971,75.20000000000437,497.90000000000146,525.8357142857151
2026-06-18 08:00:00,64474.1,64650.0,64314.8,64369.9,430050.38,4300.5038,277387734.61959,1,335.1999999999971,175.90000000000146,159.29999999999563,335.1999999999971,455.69285714285746
2026-06-18 09:00:00,64370.0,64450.0,64150.0,64168.2,233730.82,2337.3082,150273438.44544,1,300.0,80.09999999999854,219.90000000000146,300.0,361.0785714285713
2026-06-18 10:00:00,64168.2,64195.4,63886.0,64050.0,371818.83,3718.1883,238045058.09693,1,309.40000000000146,27.200000000004366,282.1999999999971,309.40000000000146,360.70714285714297
2026-06-18 11:00:00,64050.0,64169.9,63846.3,63941.0,295245.43,2952.4543,188881919.25797,1,323.59999999999854,119.90000000000146,203.6999999999971,323.59999999999854,361.42857142857144
2026-06-18 12:00:00,63941.0,64375.0,63890.6,64342.5,343798.15,3437.9815,220590042.37861,1,484.40000000000146,434.0,50.400000000001455,484.40000000000146,358.8857142857144
2026-06-18 13:00:00,64342.6,64416.4,63756.5,63956.0,640993.53,6409.9353,410925980.0176,1,659.9000000000015,73.90000000000146,586.0,659.9000000000015,386.02142857142877
2026-06-18 14:00:00,63956.0,64178.0,63525.0,63785.7,776643.81,7766.4381,495536347.39606,1,653.0,222.0,431.0,653.0,414.10714285714283
2026-06-18 15:00:00,63785.6,63800.0,62253.6,62332.2,1953411.62,19534.1162,1230468923.34249,1,1546.4000000000015,14.30000000000291,1532.0999999999985,1546.4000000000015,499.35714285714283
2026-06-18 16:00:00,62332.2,62789.9,62308.3,62659.0,787260.9,7872.609,492783376.12128,1,481.59999999999854,457.70000000000437,23.89999999999418,481.59999999999854,511.9214285714287
2026-06-18 17:00:00,62659.0,62716.8,62222.2,62569.1,631214.15,6312.1415,394470475.34319,1,494.6000000000058,57.80000000000291,436.8000000000029,494.6000000000058,517.2071428571435
2026-06-18 18:00:00,62569.1,62920.8,62541.2,62676.1,427572.3,4275.723,268262690.67118,1,379.6000000000058,351.70000000000437,27.900000000001455,379.6000000000058,505.96428571428675
2026-06-18 19:00:00,62676.2,62979.0,62600.0,62922.2,228415.37,2284.1537,143512423.43446,1,379.0,302.90000000000146,76.09999999999854,379.0,509.17857142857247
2026-06-18 20:00:00,62922.3,63249.9,62922.3,63059.3,324211.48,3242.1148,204571246.8964,1,327.59999999999854,327.70000000000437,0.10000000000582077,327.70000000000437,512.3071428571441
2026-06-18 21:00:00,63059.4,63097.4,62838.5,62933.1,149634.21,1496.3421,94194764.51857,1,258.90000000000146,38.099999999998545,220.8000000000029,258.90000000000146,495.2357142857155
2026-06-18 22:00:00,62933.0,62966.5,62695.5,62846.4,135094.97,1350.9497,84856528.87659,1,271.0,33.400000000001455,237.59999999999854,271.0,490.65000000000146
2026-06-18 23:00:00,62846.4,62958.1,62719.3,62920.8,118749.76,1187.4976,74630286.0465,1,238.79999999999563,111.69999999999709,127.09999999999854,238.79999999999563,486.27857142857255
2026-06-19 00:00:00,62920.8,63059.0,62807.9,62987.7,135131.33,1351.3133,85057835.04024,1,251.09999999999854,138.1999999999971,112.90000000000146,251.09999999999854,482.11428571428667
2026-06-19 01:00:00,62987.7,63072.8,62816.1,62995.5,149591.62,1495.9162,94166790.59818,1,256.70000000000437,85.10000000000582,171.59999999999854,256.70000000000437,477.33571428571565
2026-06-19 02:00:00,62995.6,63084.7,62855.1,62975.1,121665.72,1216.6572,76614227.25828,1,229.59999999999854,89.19999999999709,140.40000000000146,229.59999999999854,459.13571428571544
2026-06-19 03:00:00,62975.1,63000.0,62350.5,62746.4,573195.6,5731.956,358898184.22956,1,649.5,24.900000000001455,624.5999999999985,649.5,458.3928571428582
2026-06-19 04:00:00,62746.5,62893.3,62380.3,62428.1,308529.39,3085.2939,193156865.07301,1,513.0,146.90000000000146,366.09999999999854,513.0,448.3928571428582
2026-06-19 05:00:00,62428.2,62718.9,62423.2,62713.5,166606.35,1666.0635,104316170.09758,1,295.70000000000437,290.8000000000029,4.900000000001455,295.70000000000437,359.05714285714413
2026-06-19 06:00:00,62713.6,62884.9,62696.4,62859.9,169961.44,1699.6144,106714091.38251,1,188.5,171.40000000000146,17.099999999998545,188.5,338.12142857142993
2026-06-19 07:00:00,62860.0,62888.0,62470.9,62598.2,324185.97,3241.8597,202975900.54752,1,417.09999999999854,28.099999999998545,389.0,417.09999999999854,332.58571428571514
2026-06-19 08:00:00,62598.3,62751.4,62501.2,62571.7,164871.57,1648.7157,103234044.16656,1,250.20000000000437,153.20000000000437,97.0,250.20000000000437,323.3428571428579
2026-06-19 09:00:00,62571.6,62626.3,62281.6,62351.0,398575.67,3985.7567,248672021.82018,1,344.70000000000437,54.60000000000582,290.09999999999854,344.70000000000437,320.8928571428582
2026-06-19 10:00:00,62350.9,62560.0,62350.0,62500.0,239350.37,2393.5037,149472196.63007,1,210.0,209.0,1.0,210.0,312.485714285715
2026-06-19 11:00:00,62500.1,62660.0,62421.4,62599.5,207143.39,2071.4339,129576204.84102,1,238.59999999999854,160.0,78.59999999999854,238.59999999999854,311.0357142857148
2026-06-19 12:00:00,62599.5,62855.5,62320.0,62800.0,453065.33,4530.6533,283622673.12984,1,535.5,256.0,279.5,535.5,329.92857142857196
2026-06-19 13:00:00,62800.0,63387.5,62636.4,63175.9,720603.33,7206.0333,454150743.84585,1,751.0999999999985,587.5,163.59999999999854,751.0999999999985,366.5214285714293
2026-06-19 14:00:00,63175.9,63384.4,62980.0,63174.8,422191.21,4221.9121,266727040.3319,1,404.40000000000146,208.5,195.90000000000146,404.40000000000146,377.4714285714295
2026-06-19 15:00:00,63174.8,63256.2,62986.6,63187.6,272422.45,2724.2245,171954044.30529,1,269.59999999999854,81.39999999999418,188.20000000000437,269.59999999999854,378.3928571428577
2026-06-19 16:00:00,63187.7,63361.3,62879.6,62941.4,415403.22,4154.0322,262444693.75429,1,481.70000000000437,173.70000000000437,308.0,481.70000000000437,396.40000000000094
2026-06-19 17:00:00,62941.4,63197.2,62827.7,63163.1,310043.57,3100.4357,195360784.65928,1,369.5,255.79999999999563,113.70000000000437,369.5,376.40000000000094
2026-06-19 18:00:00,63163.1,63174.4,62950.0,63073.5,121986.51,1219.8651,76919735.07669,1,224.40000000000146,11.30000000000291,213.09999999999854,224.40000000000146,355.7857142857153
2026-06-19 19:00:00,63073.4,63122.7,62904.2,62999.9,116444.86,1164.4486,73358546.32049,1,218.5,49.19999999999709,169.3000000000029,218.5,350.2714285714293
2026-06-19 20:00:00,63000.0,63254.3,62931.0,63215.8,112918.95,1129.1895,71279841.88491,1,323.3000000000029,254.40000000000146,68.90000000000146,323.3000000000029,359.90000000000094
2026-06-19 21:00:00,63215.8,63246.3,63025.4,63052.4,69031.44,690.3144,43585629.35968,1,220.90000000000146,30.5,190.40000000000146,220.90000000000146,345.88571428571544
2026-06-19 22:00:00,63052.3,63350.0,63018.0,63284.7,108083.21,1080.8321,68324181.11515,1,332.0,297.59999999999854,34.400000000001455,332.0,351.72857142857225
2026-06-19 23:00:00,63284.8,63645.7,63240.3,63510.5,292712.77,2927.1277,185750072.29643,1,405.3999999999942,361.0,44.39999999999418,405.3999999999942,356.0642857142858
2026-06-20 00:00:00,63510.4,63752.0,63436.7,63493.5,261622.29,2616.2229,166304749.56064,1,315.3000000000029,241.5,73.80000000000291,315.3000000000029,363.5857142857146
2026-06-20 01:00:00,63493.4,63588.0,63370.0,63547.9,150635.98,1506.3598,95628839.62275,1,218.0,94.5,123.5,218.0,362.11428571428615
2026-06-20 02:00:00,63547.8,63547.8,63289.1,63310.1,142313.21,1423.1321,90212311.15014,1,258.70000000000437,0.09999999999854481,258.8000000000029,258.8000000000029,342.35000000000065
2026-06-20 03:00:00,63310.1,63484.4,63290.0,63448.6,93219.36,932.1936,59092454.71205,1,194.40000000000146,174.3000000000029,20.099999999998545,194.40000000000146,302.58571428571514
2026-06-20 04:00:00,63448.7,63585.3,63361.6,63551.0,115445.9,1154.459,73293950.91855,1,223.70000000000437,136.70000000000437,87.0,223.70000000000437,289.67857142857247
2026-06-20 05:00:00,63551.1,63886.0,63502.9,63640.7,375548.59,3755.4859,239280659.47967,1,383.09999999999854,335.0,48.099999999998545,383.09999999999854,297.7857142857153
2026-06-20 06:00:00,63640.7,63724.8,63604.3,63706.9,123284.91,1232.8491,78499655.44228,1,120.5,84.10000000000582,36.39999999999418,120.5,271.985714285715
2026-06-20 07:00:00,63706.9,63766.6,63560.0,63622.6,153014.55,1530.1455,97447858.08951,1,206.59999999999854,59.69999999999709,146.90000000000146,206.59999999999854,260.35000000000065
2026-06-20 08:00:00,63622.7,63628.2,63341.4,63381.6,311055.97,3110.5597,197389581.56085,1,286.79999999999563,5.599999999998545,281.1999999999971,286.79999999999563,264.80714285714305
2026-06-20 09:00:00,63381.6,63763.0,63381.6,63703.1,271075.07,2710.7507,172416778.82171,1,381.40000000000146,381.40000000000146,0.0,381.40000000000146,276.44285714285746
2026-06-20 10:00:00,63703.2,63749.9,63564.1,63646.1,147540.11,1475.4011,93905626.09272,1,185.8000000000029,46.80000000000291,139.0,185.8000000000029,266.6214285714289
2026-06-20 11:00:00,63646.1,63769.4,63585.6,63646.6,111723.98,1117.2398,71149420.24195,1,183.8000000000029,123.30000000000291,60.5,183.8000000000029,263.971428571429
2026-06-20 12:00:00,63646.7,63756.1,63510.0,63621.9,213585.06,2135.8506,135923865.47118,1,246.09999999999854,109.5,136.59999999999854,246.09999999999854,257.8357142857146
2026-06-20 13:00:00,63621.9,63621.9,63240.0,63357.9,439598.31,4395.9831,278597120.08264,1,381.90000000000146,0.0,381.90000000000146,381.90000000000146,256.1571428571437
2026-06-20 14:00:00,63357.9,64149.5,63150.0,63929.9,865483.69,8654.8369,551158007.92371,1,999.5,791.5999999999985,207.90000000000146,999.5,305.02857142857204
2026-06-20 15:00:00,63930.0,64355.5,63806.7,64129.7,656817.29,6568.1729,421024132.11661,1,548.8000000000029,425.59999999999854,123.20000000000437,548.8000000000029,328.6571428571437
2026-06-20 16:00:00,64129.8,64140.4,63869.6,63995.9,201966.0,2019.66,129223836.14887,1,270.8000000000029,10.700000000004366,260.09999999999854,270.8000000000029,329.51428571428653
2026-06-20 17:00:00,63995.8,64009.0,63701.7,63807.7,233379.7,2333.797,148996036.26872,1,307.3000000000029,13.099999999998545,294.20000000000437,307.3000000000029,337.5785714285724
2026-06-20 18:00:00,63807.7,63906.6,63741.4,63777.0,95845.93,958.4593,61160086.82461,1,165.1999999999971,98.90000000000146,66.29999999999563,165.1999999999971,333.40000000000043
2026-06-20 19:00:00,63776.9,63945.2,63761.2,63909.5,91497.71,914.9771,58434530.05111,1,184.0,168.1999999999971,15.80000000000291,184.0,319.17857142857196
2026-06-20 20:00:00,63909.5,63951.6,63822.7,63903.9,60553.98,605.5398,38697669.09373,1,128.90000000000146,42.099999999998545,86.80000000000291,128.90000000000146,319.77857142857204
2026-06-20 21:00:00,63903.9,64066.7,63887.2,63985.9,89685.62,896.8562,57373738.03315,1,179.5,162.79999999999563,16.700000000004366,179.5,317.8428571428579
2026-06-20 22:00:00,63985.9,64328.6,63951.9,64240.2,198626.72,1986.2672,127494012.56978,1,376.6999999999971,342.6999999999971,34.0,376.6999999999971,324.26428571428653
2026-06-20 23:00:00,64240.3,64309.8,64215.0,64261.7,86371.17,863.7117,55496956.12784,1,94.80000000000291,69.60000000000582,25.19999999999709,94.80000000000291,303.79285714285805
2026-06-21 00:00:00,64261.6,64287.2,64194.0,64257.9,107079.01,1070.7901,68779795.43518,1,93.19999999999709,25.5,67.69999999999709,93.19999999999709,297.17857142857196
2026-06-21 01:00:00,64257.9,64287.9,64179.5,64213.4,133434.35,1334.3435,85696038.22776,1,108.40000000000146,30.0,78.40000000000146,108.40000000000146,291.79285714285754
2026-06-21 02:00:00,64213.4,64246.1,64184.0,64213.8,56957.52,569.5752,36570601.35092,1,62.099999999998545,32.69999999999709,29.400000000001455,62.099999999998545,278.65000000000043
2026-06-21 03:00:00,64213.9,64447.0,64197.7,64391.5,253801.48,2538.0148,163353643.51129,1,249.3000000000029,233.1999999999971,16.10000000000582,249.3000000000029,269.17857142857196
2026-06-21 04:00:00,64391.5,64560.0,64218.5,64245.3,287923.78,2879.2378,185436760.93799,1,341.5,168.5,173.0,341.5,222.17857142857196
2026-06-21 05:00:00,64245.3,64337.8,64186.0,64223.4,138405.67,1384.0567,88910950.38548,1,151.8000000000029,92.5,59.30000000000291,151.8000000000029,193.8214285714291
2026-06-21 06:00:00,64223.5,64294.9,64151.3,64269.7,85526.55,855.2655,54924822.49844,1,143.59999999999854,71.5,72.09999999999854,143.59999999999854,184.7357142857145
2026-06-21 07:00:00,64269.6,64270.0,64127.3,64165.1,121941.64,1219.4164,78269756.19234,1,142.6999999999971,0.3000000000029104,142.39999999999418,142.6999999999971,172.97857142857123
2026-06-21 08:00:00,64165.1,64198.9,63864.0,63983.4,264357.58,2643.5758,169162419.39451,1,334.90000000000146,33.80000000000291,301.09999999999854,334.90000000000146,185.1000000000001
2026-06-21 09:00:00,63983.4,64218.5,63920.0,64177.7,272703.41,2727.0341,174676104.45988,1,298.5,235.09999999999854,63.400000000001455,298.5,193.27857142857152
2026-06-21 10:00:00,64177.6,64380.0,64160.2,64334.8,254634.6,2546.346,163701202.73448,1,219.8000000000029,202.3000000000029,17.5,219.8000000000029,199.77142857142877
2026-06-21 11:00:00,64334.8,64448.4,64079.1,64144.6,394945.48,3949.4548,253815045.84441,1,369.3000000000029,113.59999999999854,255.70000000000437,369.3000000000029,213.32857142857185
2026-06-21 12:00:00,64144.5,64208.1,63908.9,64165.0,398845.09,3988.4509,255480504.57867,1,299.1999999999971,63.5,235.6999999999971,299.1999999999971,207.79285714285757
2026-06-21 13:00:00,64165.0,64165.0,63980.0,64111.9,142362.68,1423.6268,91215850.55192,1,185.0,0.0,185.0,185.0,214.2357142857145
2026-06-21 14:00:00,64111.9,64125.4,63964.4,64122.0,125459.55,1254.5955,80347652.31295,1,161.0,13.5,147.5,161.0,219.07857142857185
2026-06-21 15:00:00,64122.0,64332.5,64087.6,64191.6,171965.49,1719.6549,110415855.35134,1,244.90000000000146,210.5,34.400000000001455,244.90000000000146,228.82857142857185
2026-06-21 16:00:00,64191.7,64223.1,64002.3,64111.2,165645.03,1656.4503,106195823.82898,1,220.79999999999563,31.5,189.29999999999563,220.79999999999563,240.1642857142859
2026-06-21 17:00:00,64111.2,64188.0,64039.1,64114.2,79267.16,792.6716,50817488.7853,1,148.90000000000146,76.80000000000291,72.09999999999854,148.90000000000146,232.99285714285725
2026-06-21 18:00:00,64114.2,64212.6,63911.0,64179.3,143030.33,1430.3033,91621619.31224,1,301.59999999999854,98.40000000000146,203.1999999999971,301.59999999999854,230.14285714285714
2026-06-21 19:00:00,64179.3,64270.0,64130.1,64169.1,69283.06,692.8306,44472654.30345,1,139.90000000000146,90.69999999999709,49.200000000004366,139.90000000000146,229.29285714285703
2026-06-21 20:00:00,64169.2,64237.7,63643.0,63817.6,316643.06,3166.4306,202166120.69949,1,594.6999999999971,68.59999999999854,526.0999999999985,594.6999999999971,261.5142857142855
2026-06-21 21:00:00,63817.6,63939.0,63461.4,63768.5,374995.69,3749.9569,238775666.94743,1,477.59999999999854,121.40000000000146,356.1999999999971,477.59999999999854,285.4357142857142
2026-06-21 22:00:00,63768.4,63829.8,63537.9,63765.9,244153.38,2441.5338,155413485.62726,1,291.90000000000146,61.30000000000291,230.59999999999854,291.90000000000146,282.3642857142856
2026-06-21 23:00:00,63765.9,63765.9,63228.0,63278.9,388031.4,3880.314,246103145.14564,1,537.9000000000015,0.0,537.9000000000015,537.9000000000015,299.4642857142857
2026-06-22 00:00:00,63278.9,64075.0,63278.8,63860.0,571371.2,5713.712,364004287.50605,1,796.1999999999971,796.0999999999985,0.09999999999854481,796.1999999999971,340.63571428571385
2026-06-22 01:00:00,63860.0,64813.0,63820.0,64570.1,1067224.02,10672.2402,687681623.79429,1,993.0,953.0,40.0,993.0,385.1857142857137
2026-06-22 02:00:00,64570.1,64646.2,64220.3,64230.5,322560.16,3225.6016,207891941.51502,1,425.8999999999942,76.09999999999854,349.79999999999563,425.8999999999942,394.23571428571347
2026-06-22 03:00:00,64230.5,64436.0,63866.7,63940.1,483695.02,4836.9502,310107988.78188,1,569.3000000000029,205.5,363.8000000000029,569.3000000000029,421.6857142857137
2026-06-22 04:00:00,63940.1,64087.9,63833.3,64068.1,246952.29,2469.5229,157931529.11631,1,254.59999999999854,147.8000000000029,106.79999999999563,254.59999999999854,428.3714285714278
2026-06-22 05:00:00,64068.1,64310.2,64059.9,64219.3,235210.9,2352.109,151012462.54214,1,250.29999999999563,242.09999999999854,8.19999999999709,250.29999999999563,428.75714285714173
2026-06-22 06:00:00,64219.3,64293.2,63919.2,63963.9,208274.79,2082.7479,133428514.15295,1,374.0,73.89999999999418,300.1000000000058,374.0,439.6999999999992
2026-06-22 07:00:00,63963.9,64382.8,63941.0,64179.3,258416.27,2584.1627,165899945.44949,1,441.8000000000029,418.90000000000146,22.900000000001455,441.8000000000029,460.6214285714278
2026-06-22 08:00:00,64179.3,64320.0,64005.6,64132.4,224171.61,2241.7161,143841927.67048,1,314.40000000000146,140.6999999999971,173.70000000000437,314.40000000000146,461.53571428571377
2026-06-22 09:00:00,64132.4,64230.1,64022.0,64115.4,125031.56,1250.3156,80158261.17959,1,208.09999999999854,97.69999999999709,110.40000000000146,208.09999999999854,466.4071428571421
2026-06-22 10:00:00,64115.5,64252.4,64046.0,64113.6,113973.14,1139.7314,73112355.58654,1,206.40000000000146,137.0,69.40000000000146,206.40000000000146,438.6714285714282
2026-06-22 11:00:00,64113.6,64745.8,64070.0,64625.0,648193.55,6481.9355,418050655.1434,1,675.8000000000029,632.2000000000044,43.599999999998545,675.8000000000029,452.8285714285713
2026-06-22 12:00:00,64625.0,65189.5,64551.7,65116.4,1008709.01,10087.0901,654661755.07531,1,637.8000000000029,564.5,73.30000000000291,637.8000000000029,477.5357142857143
2026-06-22 13:00:00,65116.4,65566.0,64906.5,65549.1,881726.97,8817.2697,575446316.82541,1,659.5,449.59999999999854,209.90000000000146,659.5,486.2214285714285
2026-06-22 14:00:00,65549.1,65616.4,64800.0,64940.5,882303.67,8823.0367,574544836.12034,1,816.3999999999942,67.29999999998836,749.1000000000058,816.3999999999942,487.6642857142854
2026-06-22 15:00:00,64940.6,65115.8,64711.0,64803.5,397758.62,3977.5862,258265731.50136,1,404.8000000000029,175.3000000000029,229.5,404.8000000000029,445.6499999999999
2026-06-22 16:00:00,64803.5,64831.8,64478.7,64693.0,470789.48,4707.8948,304399355.25658,1,353.1000000000058,28.30000000000291,324.8000000000029,353.1000000000058,440.4500000000007
2026-06-22 17:00:00,64693.0,64747.6,64355.0,64578.7,360883.61,3608.8361,232752751.09084,1,392.59999999999854,54.599999999998545,338.0,392.59999999999854,427.8285714285718
2026-06-22 18:00:00,64578.7,64716.7,64263.0,64314.9,287680.25,2876.8025,185562012.46097,1,453.6999999999971,138.0,315.6999999999971,453.6999999999971,442.0500000000003
2026-06-22 19:00:00,64315.0,64480.0,64244.0,64451.4,303220.68,3032.2068,195157949.62921,1,236.0,165.09999999999854,70.90000000000146,236.0,441.02857142857204
2026-06-22 20:00:00,64451.4,64640.3,64331.5,64411.4,219794.33,2197.9433,141755601.21544,1,308.8000000000029,188.90000000000146,119.90000000000146,308.8000000000029,436.3714285714294
2026-06-22 21:00:00,64411.4,64456.7,64108.5,64291.1,187604.5,1876.045,120547683.40158,1,348.1999999999971,45.299999999995634,302.90000000000146,348.1999999999971,429.6857142857147
2026-06-22 22:00:00,64291.0,64367.9,63766.0,63943.0,511240.86,5112.4086,327120174.43661,1,601.9000000000015,76.80000000000291,525.0999999999985,601.9000000000015,450.221428571429
2026-06-22 23:00:00,63943.0,64023.4,63849.4,63994.0,197302.55,1973.0255,126163902.11779,1,174.0,80.40000000000146,93.59999999999854,174.0,447.7857142857148
2026-06-23 00:00:00,63993.9,64136.0,63803.1,64123.5,217232.8,2172.328,138958463.63352,1,332.90000000000146,142.0,190.90000000000146,332.90000000000146,456.82142857142907
2026-06-23 01:00:00,64123.5,64248.5,63866.0,64123.5,311197.69,3111.9769,199451034.4109,1,382.5,125.0,257.5,382.5,435.8714285714289
2026-06-23 02:00:00,64123.5,64250.0,64009.1,64168.3,136227.02,1362.2702,87392262.7671,1,240.90000000000146,126.5,114.40000000000146,240.90000000000146,407.52142857142877
2026-06-23 03:00:00,64168.3,64173.9,63936.2,64040.0,170454.01,1704.5401,109105224.30502,1,237.70000000000437,5.599999999998545,232.10000000000582,237.70000000000437,377.3928571428577
2026-06-23 04:00:00,64039.9,64067.8,63577.1,63597.9,385720.85,3857.2085,246017479.93798,1,490.70000000000437,27.80000000000291,462.90000000000146,490.70000000000437,354.1285714285727
2026-06-23 05:00:00,63597.8,63708.7,63325.0,63366.0,586578.95,5865.7895,372362101.42951,1,383.6999999999971,110.79999999999563,272.90000000000146,383.6999999999971,352.6214285714294
2026-06-23 06:00:00,63366.0,63372.0,62523.1,62899.9,1436817.58,14368.1758,903456584.91718,1,848.9000000000015,6.0,842.9000000000015,848.9000000000015,388.0357142857148
2026-06-23 07:00:00,62900.0,63057.2,62818.2,62846.3,356625.12,3566.2512,224423507.05885,1,239.0,157.29999999999563,81.70000000000437,239.0,377.0642857142863
2026-06-23 08:00:00,62846.2,62910.4,61883.8,62349.1,1576237.72,15762.3772,982268281.19921,1,1026.5999999999985,64.09999999999854,962.5,1026.5999999999985,417.985714285715
2026-06-23 09:00:00,62349.1,62476.9,62296.7,62353.0,281247.43,2812.4743,175495092.80924,1,180.20000000000437,127.80000000000291,52.400000000001455,180.20000000000437,414.000000000001
2026-06-23 10:00:00,62353.0,62548.9,62204.9,62289.1,360934.15,3609.3415,225039987.19594,1,344.0,195.90000000000146,148.09999999999854,344.0,416.51428571428653
2026-06-23 11:00:00,62289.1,62634.2,62286.8,62476.0,337688.94,3376.8894,210958368.54913,1,347.3999999999942,345.09999999999854,2.2999999999956344,347.3999999999942,416.4571428571435
2026-06-23 12:00:00,62476.1,62532.2,62155.0,62229.9,295552.21,2955.5221,184190325.84538,1,377.1999999999971,56.19999999999709,321.0,377.1999999999971,400.4071428571432
2026-06-23 13:00:00,62230.0,62513.2,61928.6,62450.0,824671.07,8246.7107,513247257.2559,1,584.5999999999985,283.29999999999563,301.3000000000029,584.5999999999985,429.7357142857145
2026-06-23 14:00:00,62450.0,62828.1,62375.0,62466.6,750638.42,7506.3842,469730109.6433,1,453.09999999999854,378.09999999999854,75.0,453.09999999999854,438.32142857142856
2026-06-23 15:00:00,62466.7,62486.2,62171.5,62459.9,395688.95,3956.8895,246609259.99024,1,314.6999999999971,19.599999999998545,295.09999999999854,314.6999999999971,433.47857142857123
2026-06-23 16:00:00,62459.9,62794.3,62401.1,62518.3,477023.86,4770.2386,298631057.66049,1,393.20000000000437,334.40000000000146,58.80000000000291,393.20000000000437,444.35714285714283
2026-06-23 17:00:00,62518.3,62661.7,62300.0,62322.1,299400.09,2994.0009,187065888.63688,1,361.6999999999971,143.39999999999418,218.3000000000029,361.6999999999971,453.2142857142852
2026-06-23 18:00:00,62322.2,62420.0,62075.0,62208.9,240937.07,2409.3707,149930778.51695,1,345.0,97.90000000000146,247.09999999999854,345.0,442.807142857142
2026-06-23 19:00:00,62209.0,62457.1,62195.6,62367.4,175757.79,1757.5779,109544004.88567,1,261.5,248.1999999999971,13.30000000000291,261.5,434.0785714285708
2026-06-23 20:00:00,62367.5,62514.8,62350.0,62438.3,114677.29,1146.7729,71608590.08226,1,164.8000000000029,147.40000000000146,17.400000000001455,164.8000000000029,385.2142857142852
2026-06-23 21:00:00,62438.4,62625.0,62438.4,62569.8,105380.39,1053.8039,65903935.40027,1,186.59999999999854,186.6999999999971,0.09999999999854481,186.6999999999971,381.4785714285707
2026-06-23 22:00:00,62569.8,62750.0,62490.0,62560.5,146400.58,1464.0058,91682017.5351,1,260.0,180.1999999999971,79.80000000000291,260.0,326.72142857142796
2026-06-23 23:00:00,62560.4,62774.8,62462.9,62701.4,158158.24,1581.5824,99012377.84649,1,311.90000000000146,214.3000000000029,97.59999999999854,311.90000000000146,336.1285714285706
2026-06-24 00:00:00,62701.5,63000.0,62700.0,62990.0,369455.36,3694.5536,232300177.40387,1,300.0,298.59999999999854,1.4000000000014552,300.0,332.98571428571347
2026-06-24 01:00:00,62990.1,63097.9,62735.6,62908.0,337906.95,3379.0695,212672379.45938,1,362.3000000000029,107.90000000000146,254.40000000000146,362.3000000000029,334.0499999999998
2026-06-24 02:00:00,62907.9,62990.0,62573.8,62607.3,365025.79,3650.2579,228947888.68931,1,416.1999999999971,82.0,334.1999999999971,416.1999999999971,336.83571428571406
2026-06-24 03:00:00,62607.3,62822.0,62433.0,62706.5,318405.08,3184.0508,199421303.98795,1,389.0,214.6999999999971,174.3000000000029,389.0,322.8642857142856
2026-06-24 04:00:00,62706.6,62774.2,62499.9,62722.2,171320.19,1713.2019,107337602.16595,1,274.29999999999563,67.69999999999709,206.59999999999854,274.29999999999563,310.0928571428568
2026-06-24 05:00:00,62722.1,63050.0,62681.6,62864.9,316226.15,3162.2615,198868147.6884,1,368.40000000000146,327.8000000000029,40.599999999998545,368.40000000000146,313.92857142857144
2026-06-24 06:00:00,62864.9,62890.1,62702.6,62757.9,157934.53,1579.3453,99177311.56017,1,187.5,25.19999999999709,162.3000000000029,187.5,299.235714285714
2026-06-24 07:00:00,62757.9,62823.3,62580.0,62627.0,237058.9,2370.589,148590338.05333,1,243.3000000000029,65.40000000000146,177.90000000000146,243.3000000000029,290.7785714285715
2026-06-24 08:00:00,62627.0,62787.6,62576.2,62771.2,160651.23,1606.5123,100702514.42773,1,211.40000000000146,160.59999999999854,50.80000000000291,211.40000000000146,281.2357142857145
2026-06-24 09:00:00,62771.2,62771.3,62607.2,62655.1,112624.74,1126.2474,70589211.37898,1,164.10000000000582,0.10000000000582077,164.0,164.10000000000582,274.27857142857204
2026-06-24 10:00:00,62655.1,62655.1,62385.7,62418.9,309610.43,3096.1043,193565216.67823,1,269.40000000000146,0.0,269.40000000000146,269.40000000000146,281.7500000000005
2026-06-24 11:00:00,62418.9,63221.0,62260.0,62887.5,877769.88,8777.6988,550473253.06983,1,961.0,802.0999999999985,158.90000000000146,961.0,337.05714285714356
2026-06-24 12:00:00,62887.4,62944.2,62551.6,62587.5,473190.38,4731.9038,297030092.84568,1,392.59999999999854,56.69999999999709,335.90000000000146,392.59999999999854,346.52857142857204
2026-06-24 13:00:00,62587.4,62600.0,61205.7,61300.0,2562511.4,25625.114,1583194464.46374,1,1394.300000000003,12.5,1381.800000000003,1394.300000000003,423.8428571428579
2026-06-24 14:00:00,61300.0,61436.5,60829.5,61089.8,1712923.42,17129.2342,1047181493.58322,1,607.0,136.5,470.5,607.0,445.7714285714293
2026-06-24 15:00:00,61089.8,61123.0,60230.9,60252.7,1438907.87,14389.0787,872863768.0164,1,892.0999999999985,33.19999999999709,858.9000000000015,892.0999999999985,483.61428571428615
2026-06-24 16:00:00,60252.7,60675.5,59574.0,59813.9,2267696.36,22676.9636,1362263739.08667,1,1101.5,422.8000000000029,678.6999999999971,1101.5,532.5642857142864
2026-06-24 17:00:00,59814.0,60038.3,59050.3,59359.4,2120453.99,21204.5399,1262437449.29578,1,988.0,224.40000000000146,763.5999999999985,988.0,575.3500000000006
2026-06-24 18:00:00,59359.4,59895.0,59269.0,59573.1,930151.99,9301.5199,554326234.6155,1,626.0,535.5999999999985,90.40000000000146,626.0,600.4714285714296
2026-06-24 19:00:00,59573.2,59957.0,59483.9,59921.2,539430.82,5394.3082,322145574.93142,1,473.09999999999854,383.90000000000146,89.19999999999709,473.09999999999854,607.9500000000007
2026-06-24 20:00:00,59920.8,61176.4,59815.2,60926.4,1716631.71,17166.3171,1041058102.10072,1,1361.2000000000044,1255.2000000000044,106.0,1361.2000000000044,691.7857142857154
2026-06-24 21:00:00,60926.3,61107.2,60632.4,61070.5,391859.76,3918.5976,238535557.49261,1,474.79999999999563,180.79999999999563,294.0,474.79999999999563,708.3214285714291
2026-06-24 22:00:00,61070.4,61243.9,60766.8,60846.5,343302.2,3433.022,209324320.14899,1,477.09999999999854,173.40000000000146,303.6999999999971,477.09999999999854,727.3000000000003
2026-06-24 23:00:00,60846.4,61085.2,60800.0,61050.0,195754.76,1957.5476,119318077.5134,1,285.1999999999971,238.6999999999971,46.5,285.1999999999971,735.9499999999997
2026-06-25 00:00:00,61050.1,61137.0,60692.4,60783.6,329399.55,3293.9955,200617606.22467,1,444.59999999999854,87.0,357.59999999999854,444.59999999999854,748.4642857142852
2026-06-25 01:00:00,60783.6,60955.7,60683.4,60884.4,208642.27,2086.4227,126877990.42968,1,272.29999999999563,172.09999999999854,100.19999999999709,272.29999999999563,699.2714285714277
2026-06-25 02:00:00,60884.4,60935.7,60660.6,60759.9,221748.77,2217.4877,134786080.05996,1,275.09999999999854,51.299999999995634,223.8000000000029,275.09999999999854,690.8785714285706
2026-06-25 03:00:00,60759.9,60873.0,60650.0,60851.9,160981.65,1609.8165,97821526.24399,1,223.0,113.09999999999854,109.90000000000146,223.0,607.2142857142846
2026-06-25 04:00:00,60852.0,61380.6,60752.9,61315.1,408329.73,4083.2973,249462283.5691,1,627.6999999999971,528.6999999999971,99.0,627.6999999999971,608.6928571428559
2026-06-25 05:00:00,61315.1,61776.9,61240.0,61560.3,974505.08,9745.0508,599873196.26473,1,536.9000000000015,461.8000000000029,75.09999999999854,536.9000000000015,583.3214285714275
2026-06-25 06:00:00,61560.3,61830.9,61560.3,61685.6,311380.62,3113.8062,192119060.3954,1,270.59999999999854,270.59999999999854,0.0,270.59999999999854,523.9714285714274
2026-06-25 07:00:00,61685.6,61929.5,61631.4,61877.6,403954.77,4039.5477,249657913.60756,1,298.09999999999854,243.90000000000146,54.19999999999709,298.09999999999854,474.69285714285587
2026-06-25 08:00:00,61877.6,61888.0,61643.5,61676.2,243829.71,2438.2971,150527883.29001,1,244.5,10.400000000001455,234.09999999999854,244.5,447.44285714285587
2026-06-25 09:00:00,61676.2,61753.0,61571.9,61699.9,196692.77,1966.9277,121321278.12386,1,181.09999999999854,76.80000000000291,104.29999999999563,181.09999999999854,426.58571428571304
2026-06-25 10:00:00,61700.0,61718.4,61231.2,61242.2,467215.9,4672.159,287086094.71919,1,487.20000000000437,18.5,468.70000000000437,487.20000000000437,364.1571428571416
2026-06-25 11:00:00,61242.1,61392.7,61029.3,61258.9,682664.31,6826.6431,417989285.52738,1,363.3999999999942,150.5,212.89999999999418,363.3999999999942,356.1999999999986
2026-06-25 12:00:00,61259.0,61757.4,61044.0,61207.3,933843.43,9338.4343,572997103.25677,1,713.4000000000015,498.5,214.90000000000146,713.4000000000015,373.0785714285703
2026-06-25 13:00:00,61207.3,61337.8,58031.5,58258.6,4046682.93,40466.8293,2411671932.63133,1,3306.300000000003,130.5,3175.800000000003,3306.300000000003,588.8714285714278
2026-06-25 14:00:00,58258.5,60453.3,58258.5,59438.0,4033021.67,40330.2167,2394746718.54027,1,2194.800000000003,2194.7000000000044,0.09999999999854481,2194.800000000003,713.8857142857139
2026-06-25 15:00:00,59437.9,59637.6,58833.8,59528.4,1352069.1,13520.691,800786469.33598,1,803.7999999999956,199.59999999999854,604.1999999999971,803.7999999999956,751.8499999999996
2026-06-25 16:00:00,59528.3,60031.0,59107.1,59281.2,888258.11,8882.5811,529231647.51898,1,923.9000000000015,502.59999999999854,421.3000000000029,923.9000000000015,798.192857142857
2026-06-25 17:00:00,59281.3,59714.9,59083.6,59644.6,472834.19,4728.3419,281024183.51112,1,631.3000000000029,433.70000000000437,197.59999999999854,631.3000000000029,827.3571428571429
2026-06-25 18:00:00,59644.5,59756.0,59320.8,59483.9,382674.9,3826.749,227777148.27376,1,435.1999999999971,111.40000000000146,323.79999999999563,435.1999999999971,813.6071428571429
2026-06-25 19:00:00,59483.8,59489.3,59120.8,59295.5,331993.13,3319.9313,196815509.33303,1,368.5,5.400000000001455,363.09999999999854,368.5,801.5785714285713
2026-06-25 20:00:00,59295.5,59720.0,59292.3,59429.0,304095.26,3040.9526,181000641.73137,1,427.6999999999971,424.5,3.1999999999970896,427.6999999999971,812.7999999999998
2026-06-25 21:00:00,59429.0,60267.7,59424.0,60179.8,307127.75,3071.2775,183961096.91336,1,843.6999999999971,838.6999999999971,5.0,843.6999999999971,851.7714285714283
2026-06-25 22:00:00,60179.7,60179.7,59705.0,59810.6,284474.6,2844.746,170348518.17784,1,474.6999999999971,0.10000000000582077,474.8000000000029,474.8000000000029,868.2214285714284
2026-06-25 23:00:00,59810.5,60168.6,59706.2,59767.2,274435.75,2744.3575,164566393.00911,1,462.40000000000146,358.0,104.40000000000146,462.40000000000146,888.3142857142858
2026-06-26 00:00:00,59767.3,59877.2,59600.1,59625.2,210039.14,2100.3914,125492791.01361,1,277.09999999999854,110.0,167.09999999999854,277.09999999999854,873.3071428571426
2026-06-26 01:00:00,59625.2,59754.0,59180.9,59406.1,408296.48,4082.9648,242507622.66057,1,573.0999999999985,128.8000000000029,444.29999999999563,573.0999999999985,888.2857142857143
2026-06-26 02:00:00,59406.0,59424.3,58325.0,58540.0,1404583.56,14045.8356,824611758.12057,1,1099.300000000003,18.200000000004366,1081.0999999999985,1099.300000000003,915.8500000000001
2026-06-26 03:00:00,58540.0,60114.0,58300.0,60010.1,1379864.15,13798.6415,818259559.11442,1,1814.0,1574.0,240.0,1814.0,809.2571428571428
2026-06-26 04:00:00,60010.1,60209.9,59804.7,59894.8,639739.78,6397.3978,383533565.22523,1,405.20000000000437,199.8000000000029,205.40000000000146,405.20000000000437,681.4285714285714
2026-06-26 05:00:00,59894.7,60018.4,59700.2,59910.3,435918.61,4359.1861,260924785.77662,1,318.20000000000437,123.59999999999854,194.60000000000582,318.20000000000437,646.7428571428578
2026-06-26 06:00:00,59910.3,60435.6,59668.4,60299.8,732803.25,7328.0325,440329039.27704,1,767.1999999999971,525.2999999999956,241.90000000000146,767.1999999999971,635.5500000000003
2026-06-26 07:00:00,60299.8,60759.9,60250.0,60486.1,885658.88,8856.5888,536293354.31087,1,509.90000000000146,460.09999999999854,49.80000000000291,509.90000000000146,626.8785714285716
2026-06-26 08:00:00,60486.2,60540.0,60108.8,60210.7,555572.69,5555.7269,334750734.81003,1,431.1999999999971,53.900000000001455,377.29999999999563,431.1999999999971,626.5928571428574
2026-06-26 09:00:00,60210.7,60220.0,59549.0,59705.8,634241.15,6342.4115,379834041.48351,1,671.0,9.30000000000291,661.6999999999971,671.0,648.2000000000002
2026-06-26 10:00:00,59705.9,59826.3,59200.6,59289.2,598328.01,5983.2801,356204516.12069,1,625.7000000000044,120.5,505.20000000000437,625.7000000000044,662.3428571428578
2026-06-26 11:00:00,59289.2,59570.7,59232.3,59390.4,428324.56,4283.2456,254513056.63732,1,338.3999999999942,281.5,56.89999999999418,338.3999999999942,626.2500000000006
2026-06-26 12:00:00,59390.3,59984.0,58940.0,59165.5,1312714.63,13127.1463,779777406.01562,1,1044.0,593.5999999999985,450.40000000000146,1044.0,666.9071428571432
2026-06-26 13:00:00,59165.5,60186.5,58468.0,60149.9,1917208.68,19172.0868,1135223619.38566,1,1718.5,1021.0,697.5,1718.5,756.6285714285716
2026-06-26 14:00:00,60150.0,60274.0,59354.3,59571.2,1311057.74,13110.5774,784570100.55955,1,919.6999999999971,124.09999999999854,795.5999999999985,919.6999999999971,802.5285714285716
2026-06-26 15:00:00,59571.2,60478.9,59555.0,60297.4,1061275.41,10612.7541,638080374.21931,1,923.9000000000015,907.7000000000044,16.19999999999709,923.9000000000015,827.5857142857146
2026-06-26 16:00:00,60297.4,60573.2,59926.9,60015.3,804294.89,8042.9489,483921526.24048,1,646.2999999999956,275.79999999999563,370.5,646.2999999999956,795.2285714285712
2026-06-26 17:00:00,60015.2,60262.7,59912.9,59997.5,345511.77,3455.1177,207556330.81689,1,349.79999999999563,247.39999999999418,102.40000000000146,349.79999999999563,690.6428571428567
2026-06-26 18:00:00,59997.4,60132.1,59527.0,59642.5,322019.05,3220.1905,192605724.05036,1,605.0999999999985,134.59999999999854,470.5,605.0999999999985,704.9214285714277
2026-06-26 19:00:00,59642.5,60080.8,59588.0,59730.0,460203.15,4602.0315,275629357.60794,1,492.8000000000029,438.3000000000029,54.5,492.8000000000029,717.3928571428561
2026-06-26 20:00:00,59730.1,59968.7,59529.4,59689.4,304625.42,3046.2542,181875945.40147,1,439.29999999999563,238.6999999999971,200.59999999999854,439.29999999999563,693.9714285714274
2026-06-26 21:00:00,59689.4,60027.9,59650.0,59887.2,133527.58,1335.2758,79925637.84653,1,377.90000000000146,338.5,39.400000000001455,377.90000000000146,684.542857142856
2026-06-26 22:00:00,59887.3,60055.2,59720.6,60013.3,134715.41,1347.1541,80706883.45495,1,334.59999999999854,168.0,166.59999999999854,334.59999999999854,677.6428571428561
2026-06-26 23:00:00,60013.3,60090.5,59893.2,60072.1,138036.39,1380.3639,82837047.98419,1,197.3000000000029,77.19999999999709,120.10000000000582,197.3000000000029,643.807142857142
2026-06-27 00:00:00,60072.1,60170.8,59853.5,60030.1,162728.26,1627.2826,97651529.14126,1,317.3000000000029,98.70000000000437,218.59999999999854,317.3000000000029,621.7785714285704
2026-06-27 01:00:00,60030.2,60039.7,59902.1,59919.1,63781.59,637.8159,38237065.40285,1,137.59999999999854,9.599999999998545,128.0,137.59999999999854,607.4357142857136
2026-06-27 02:00:00,59919.1,60358.3,59890.1,60257.6,328402.76,3284.0276,197766186.86295,1,468.20000000000437,439.20000000000437,29.0,468.20000000000437,566.3071428571426
2026-06-27 03:00:00,60257.7,60399.8,60135.9,60277.4,209407.59,2094.0759,126217547.04465,1,263.90000000000146,142.20000000000437,121.69999999999709,263.90000000000146,462.4071428571427
2026-06-27 04:00:00,60277.5,60454.7,60188.0,60219.7,212831.79,2128.3179,128470375.40852,1,266.6999999999971,177.29999999999563,89.40000000000146,266.6999999999971,415.7642857142855
2026-06-27 05:00:00,60219.7,60287.9,60092.1,60211.2,185124.99,1851.2499,111431212.2746,1,195.8000000000029,68.20000000000437,127.59999999999854,195.8000000000029,363.75714285714275
2026-06-27 06:00:00,60211.2,60415.6,60089.0,60387.9,147810.77,1478.1077,89055176.42979,0,326.59999999999854,204.40000000000146,122.19999999999709,326.59999999999854,340.9214285714287
2026-06-17 00:00:00,65648.7,65824.6,65648.7,65682.0,118708.95,1187.0895,78029339.07393,1,175.90000000000873,,,175.90000000000873,175.90000000000873
2026-06-17 01:00:00,65682.1,65934.4,65408.9,65902.9,306594.53,3065.9453,201264217.65025,1,525.4999999999927,252.39999999999418,273.09999999999854,525.4999999999927,350.7000000000007
2026-06-17 02:00:00,65903.0,66100.0,65739.3,65868.9,252975.22,2529.7522,166755178.41785,1,360.6999999999971,197.10000000000582,163.59999999999127,360.6999999999971,354.03333333333285
2026-06-17 03:00:00,65868.9,65874.4,65666.6,65820.0,103502.88,1035.0288,68066490.50279,1,207.79999999998836,5.5,202.29999999998836,207.79999999998836,317.4749999999967
2026-06-17 04:00:00,65820.0,66021.2,65754.5,65855.6,141185.67,1411.8567,93033293.49313,1,266.6999999999971,201.1999999999971,65.5,266.6999999999971,307.3199999999968
2026-06-17 05:00:00,65855.6,65950.0,65710.0,65803.7,137331.39,1373.3139,90366469.34849,1,240.0,94.39999999999418,145.60000000000582,240.0,296.09999999999735
2026-06-17 06:00:00,65803.7,65864.3,65543.1,65593.0,212913.96,2129.1396,139806129.91444,1,321.1999999999971,60.60000000000582,260.59999999999127,321.1999999999971,299.6857142857116
2026-06-17 07:00:00,65593.0,65687.8,65213.6,65505.0,580719.8,5807.198,380026051.17893,1,474.20000000000437,94.80000000000291,379.40000000000146,474.20000000000437,321.4999999999982
2026-06-17 08:00:00,65505.0,65543.6,64777.3,64886.7,867879.55,8678.7955,564853317.70962,1,766.3000000000029,38.60000000000582,727.6999999999971,766.3000000000029,370.9222222222209
2026-06-17 09:00:00,64886.7,65047.9,64810.0,64885.2,355288.5,3552.885,230749964.87792,1,237.90000000000146,161.20000000000437,76.69999999999709,237.90000000000146,357.619999999999
2026-06-17 10:00:00,64885.2,64969.6,64724.4,64765.9,234520.3,2345.203,152059723.07281,1,245.1999999999971,84.40000000000146,160.79999999999563,245.1999999999971,347.3999999999988
2026-06-17 11:00:00,64765.9,64840.1,64514.6,64777.0,551175.34,5511.7534,356446517.00829,1,325.5,74.19999999999709,251.3000000000029,325.5,345.5749999999989
2026-06-17 12:00:00,64777.0,65074.8,64555.0,65007.2,481807.68,4818.0768,312333818.82907,1,519.8000000000029,297.8000000000029,222.0,519.8000000000029,358.9769230769223
2026-06-17 13:00:00,65007.2,65330.0,64810.0,65231.2,564912.03,5649.1203,367780044.9273,1,520.0,322.8000000000029,197.1999999999971,520.0,370.4785714285707
2026-06-17 14:00:00,65231.2,65420.0,64723.5,65068.0,671157.25,6711.5725,437081116.57623,1,696.5,188.8000000000029,507.6999999999971,696.5,407.66428571428435
2026-06-17 15:00:00,65067.9,65833.1,64950.0,65720.0,669880.96,6698.8096,438630020.81352,1,883.1000000000058,765.1000000000058,118.0,883.1000000000058,433.20714285714246
2026-06-17 16:00:00,65719.9,66426.6,65684.8,65835.1,880731.5,8807.315,581342595.97463,1,741.8000000000029,706.6000000000058,35.19999999999709,741.8000000000029,460.42857142857144
2026-06-17 17:00:00,65835.1,66182.7,65768.0,66077.6,269165.59,2691.6559,177498049.44352,1,414.6999999999971,347.59999999999127,67.10000000000582,414.6999999999971,475.2071428571435
2026-06-17 18:00:00,66077.5,66077.5,64760.4,65479.8,1817851.83,18178.5183,1190009513.06687,1,1317.0999999999985,0.10000000000582077,1317.2000000000044,1317.2000000000044,550.2428571428583
2026-06-17 19:00:00,65479.8,65631.6,64007.0,64278.2,1619758.22,16197.5822,1046011227.03856,1,1624.6000000000058,151.8000000000029,1472.800000000003,1624.6000000000058,649.1428571428587
2026-06-17 20:00:00,64278.2,64455.0,64140.4,64398.0,367458.65,3674.5865,236307341.99733,1,314.59999999999854,176.8000000000029,137.79999999999563,314.59999999999854,648.6714285714303
2026-06-17 21:00:00,64398.0,64420.0,64106.5,64222.7,188045.61,1880.4561,120872619.9397,1,313.5,22.0,291.5,313.5,637.1928571428585
2026-06-17 22:00:00,64222.7,64400.0,63880.0,64261.6,354248.83,3542.4883,227240841.8781,1,520.0,177.3000000000029,342.6999999999971,520.0,619.6000000000012
2026-06-17 23:00:00,64261.6,64498.0,64218.0,64471.4,148745.07,1487.4507,95780434.11164,1,280.0,236.40000000000146,43.599999999998545,280.0,622.6071428571439
2026-06-18 00:00:00,64471.3,64672.3,64412.5,64428.5,194129.04,1941.2904,125323389.97952,1,259.8000000000029,200.90000000000146,58.900000000001455,259.8000000000029,623.6500000000015
2026-06-18 01:00:00,64428.6,64775.4,64422.5,64519.9,180556.11,1805.5611,116680849.74382,1,352.90000000000146,346.90000000000146,6.0,352.90000000000146,625.6071428571444
2026-06-18 02:00:00,64520.0,64750.0,64444.3,64650.4,236022.59,2360.2259,152543595.5406,1,305.6999999999971,230.09999999999854,75.59999999999854,305.6999999999971,610.3142857142868
2026-06-18 03:00:00,64650.4,64655.0,64234.4,64250.1,246537.41,2465.3741,158697498.94354,1,420.59999999999854,4.599999999998545,416.0,420.59999999999854,603.2142857142868
2026-06-18 04:00:00,64250.2,64310.1,63773.1,63849.5,679106.04,6791.0604,434314183.41047,1,537.0,60.0,477.0,537.0,591.8214285714296
2026-06-18 05:00:00,63849.4,64000.0,63666.0,63968.4,343162.52,3431.6252,219108294.08928,1,334.0,150.5,183.5,334.0,552.6000000000006
2026-06-18 06:00:00,63968.4,64104.3,63820.4,64057.3,240314.71,2403.1471,153785438.72037,1,283.90000000000146,135.90000000000146,148.0,283.90000000000146,519.8928571428577
2026-06-18 07:00:00,64057.5,64480.0,63982.1,64474.1,368390.51,3683.9051,236786800.39572,1,497.90000000000146,422.6999999999971,75.20000000000437,497.90000000000146,525.8357142857151
2026-06-18 08:00:00,64474.1,64650.0,64314.8,64369.9,430050.38,4300.5038,277387734.61959,1,335.1999999999971,175.90000000000146,159.29999999999563,335.1999999999971,455.69285714285746
2026-06-18 09:00:00,64370.0,64450.0,64150.0,64168.2,233730.82,2337.3082,150273438.44544,1,300.0,80.09999999999854,219.90000000000146,300.0,361.0785714285713
2026-06-18 10:00:00,64168.2,64195.4,63886.0,64050.0,371818.83,3718.1883,238045058.09693,1,309.40000000000146,27.200000000004366,282.1999999999971,309.40000000000146,360.70714285714297
2026-06-18 11:00:00,64050.0,64169.9,63846.3,63941.0,295245.43,2952.4543,188881919.25797,1,323.59999999999854,119.90000000000146,203.6999999999971,323.59999999999854,361.42857142857144
2026-06-18 12:00:00,63941.0,64375.0,63890.6,64342.5,343798.15,3437.9815,220590042.37861,1,484.40000000000146,434.0,50.400000000001455,484.40000000000146,358.8857142857144
2026-06-18 13:00:00,64342.6,64416.4,63756.5,63956.0,640993.53,6409.9353,410925980.0176,1,659.9000000000015,73.90000000000146,586.0,659.9000000000015,386.02142857142877
2026-06-18 14:00:00,63956.0,64178.0,63525.0,63785.7,776643.81,7766.4381,495536347.39606,1,653.0,222.0,431.0,653.0,414.10714285714283
2026-06-18 15:00:00,63785.6,63800.0,62253.6,62332.2,1953411.62,19534.1162,1230468923.34249,1,1546.4000000000015,14.30000000000291,1532.0999999999985,1546.4000000000015,499.35714285714283
2026-06-18 16:00:00,62332.2,62789.9,62308.3,62659.0,787260.9,7872.609,492783376.12128,1,481.59999999999854,457.70000000000437,23.89999999999418,481.59999999999854,511.9214285714287
2026-06-18 17:00:00,62659.0,62716.8,62222.2,62569.1,631214.15,6312.1415,394470475.34319,1,494.6000000000058,57.80000000000291,436.8000000000029,494.6000000000058,517.2071428571435
2026-06-18 18:00:00,62569.1,62920.8,62541.2,62676.1,427572.3,4275.723,268262690.67118,1,379.6000000000058,351.70000000000437,27.900000000001455,379.6000000000058,505.96428571428675
2026-06-18 19:00:00,62676.2,62979.0,62600.0,62922.2,228415.37,2284.1537,143512423.43446,1,379.0,302.90000000000146,76.09999999999854,379.0,509.17857142857247
2026-06-18 20:00:00,62922.3,63249.9,62922.3,63059.3,324211.48,3242.1148,204571246.8964,1,327.59999999999854,327.70000000000437,0.10000000000582077,327.70000000000437,512.3071428571441
2026-06-18 21:00:00,63059.4,63097.4,62838.5,62933.1,149634.21,1496.3421,94194764.51857,1,258.90000000000146,38.099999999998545,220.8000000000029,258.90000000000146,495.2357142857155
2026-06-18 22:00:00,62933.0,62966.5,62695.5,62846.4,135094.97,1350.9497,84856528.87659,1,271.0,33.400000000001455,237.59999999999854,271.0,490.65000000000146
2026-06-18 23:00:00,62846.4,62958.1,62719.3,62920.8,118749.76,1187.4976,74630286.0465,1,238.79999999999563,111.69999999999709,127.09999999999854,238.79999999999563,486.27857142857255
2026-06-19 00:00:00,62920.8,63059.0,62807.9,62987.7,135131.33,1351.3133,85057835.04024,1,251.09999999999854,138.1999999999971,112.90000000000146,251.09999999999854,482.11428571428667
2026-06-19 01:00:00,62987.7,63072.8,62816.1,62995.5,149591.62,1495.9162,94166790.59818,1,256.70000000000437,85.10000000000582,171.59999999999854,256.70000000000437,477.33571428571565
2026-06-19 02:00:00,62995.6,63084.7,62855.1,62975.1,121665.72,1216.6572,76614227.25828,1,229.59999999999854,89.19999999999709,140.40000000000146,229.59999999999854,459.13571428571544
2026-06-19 03:00:00,62975.1,63000.0,62350.5,62746.4,573195.6,5731.956,358898184.22956,1,649.5,24.900000000001455,624.5999999999985,649.5,458.3928571428582
2026-06-19 04:00:00,62746.5,62893.3,62380.3,62428.1,308529.39,3085.2939,193156865.07301,1,513.0,146.90000000000146,366.09999999999854,513.0,448.3928571428582
2026-06-19 05:00:00,62428.2,62718.9,62423.2,62713.5,166606.35,1666.0635,104316170.09758,1,295.70000000000437,290.8000000000029,4.900000000001455,295.70000000000437,359.05714285714413
2026-06-19 06:00:00,62713.6,62884.9,62696.4,62859.9,169961.44,1699.6144,106714091.38251,1,188.5,171.40000000000146,17.099999999998545,188.5,338.12142857142993
2026-06-19 07:00:00,62860.0,62888.0,62470.9,62598.2,324185.97,3241.8597,202975900.54752,1,417.09999999999854,28.099999999998545,389.0,417.09999999999854,332.58571428571514
2026-06-19 08:00:00,62598.3,62751.4,62501.2,62571.7,164871.57,1648.7157,103234044.16656,1,250.20000000000437,153.20000000000437,97.0,250.20000000000437,323.3428571428579
2026-06-19 09:00:00,62571.6,62626.3,62281.6,62351.0,398575.67,3985.7567,248672021.82018,1,344.70000000000437,54.60000000000582,290.09999999999854,344.70000000000437,320.8928571428582
2026-06-19 10:00:00,62350.9,62560.0,62350.0,62500.0,239350.37,2393.5037,149472196.63007,1,210.0,209.0,1.0,210.0,312.485714285715
2026-06-19 11:00:00,62500.1,62660.0,62421.4,62599.5,207143.39,2071.4339,129576204.84102,1,238.59999999999854,160.0,78.59999999999854,238.59999999999854,311.0357142857148
2026-06-19 12:00:00,62599.5,62855.5,62320.0,62800.0,453065.33,4530.6533,283622673.12984,1,535.5,256.0,279.5,535.5,329.92857142857196
2026-06-19 13:00:00,62800.0,63387.5,62636.4,63175.9,720603.33,7206.0333,454150743.84585,1,751.0999999999985,587.5,163.59999999999854,751.0999999999985,366.5214285714293
2026-06-19 14:00:00,63175.9,63384.4,62980.0,63174.8,422191.21,4221.9121,266727040.3319,1,404.40000000000146,208.5,195.90000000000146,404.40000000000146,377.4714285714295
2026-06-19 15:00:00,63174.8,63256.2,62986.6,63187.6,272422.45,2724.2245,171954044.30529,1,269.59999999999854,81.39999999999418,188.20000000000437,269.59999999999854,378.3928571428577
2026-06-19 16:00:00,63187.7,63361.3,62879.6,62941.4,415403.22,4154.0322,262444693.75429,1,481.70000000000437,173.70000000000437,308.0,481.70000000000437,396.40000000000094
2026-06-19 17:00:00,62941.4,63197.2,62827.7,63163.1,310043.57,3100.4357,195360784.65928,1,369.5,255.79999999999563,113.70000000000437,369.5,376.40000000000094
2026-06-19 18:00:00,63163.1,63174.4,62950.0,63073.5,121986.51,1219.8651,76919735.07669,1,224.40000000000146,11.30000000000291,213.09999999999854,224.40000000000146,355.7857142857153
2026-06-19 19:00:00,63073.4,63122.7,62904.2,62999.9,116444.86,1164.4486,73358546.32049,1,218.5,49.19999999999709,169.3000000000029,218.5,350.2714285714293
2026-06-19 20:00:00,63000.0,63254.3,62931.0,63215.8,112918.95,1129.1895,71279841.88491,1,323.3000000000029,254.40000000000146,68.90000000000146,323.3000000000029,359.90000000000094
2026-06-19 21:00:00,63215.8,63246.3,63025.4,63052.4,69031.44,690.3144,43585629.35968,1,220.90000000000146,30.5,190.40000000000146,220.90000000000146,345.88571428571544
2026-06-19 22:00:00,63052.3,63350.0,63018.0,63284.7,108083.21,1080.8321,68324181.11515,1,332.0,297.59999999999854,34.400000000001455,332.0,351.72857142857225
2026-06-19 23:00:00,63284.8,63645.7,63240.3,63510.5,292712.77,2927.1277,185750072.29643,1,405.3999999999942,361.0,44.39999999999418,405.3999999999942,356.0642857142858
2026-06-20 00:00:00,63510.4,63752.0,63436.7,63493.5,261622.29,2616.2229,166304749.56064,1,315.3000000000029,241.5,73.80000000000291,315.3000000000029,363.5857142857146
2026-06-20 01:00:00,63493.4,63588.0,63370.0,63547.9,150635.98,1506.3598,95628839.62275,1,218.0,94.5,123.5,218.0,362.11428571428615
2026-06-20 02:00:00,63547.8,63547.8,63289.1,63310.1,142313.21,1423.1321,90212311.15014,1,258.70000000000437,0.09999999999854481,258.8000000000029,258.8000000000029,342.35000000000065
2026-06-20 03:00:00,63310.1,63484.4,63290.0,63448.6,93219.36,932.1936,59092454.71205,1,194.40000000000146,174.3000000000029,20.099999999998545,194.40000000000146,302.58571428571514
2026-06-20 04:00:00,63448.7,63585.3,63361.6,63551.0,115445.9,1154.459,73293950.91855,1,223.70000000000437,136.70000000000437,87.0,223.70000000000437,289.67857142857247
2026-06-20 05:00:00,63551.1,63886.0,63502.9,63640.7,375548.59,3755.4859,239280659.47967,1,383.09999999999854,335.0,48.099999999998545,383.09999999999854,297.7857142857153
2026-06-20 06:00:00,63640.7,63724.8,63604.3,63706.9,123284.91,1232.8491,78499655.44228,1,120.5,84.10000000000582,36.39999999999418,120.5,271.985714285715
2026-06-20 07:00:00,63706.9,63766.6,63560.0,63622.6,153014.55,1530.1455,97447858.08951,1,206.59999999999854,59.69999999999709,146.90000000000146,206.59999999999854,260.35000000000065
2026-06-20 08:00:00,63622.7,63628.2,63341.4,63381.6,311055.97,3110.5597,197389581.56085,1,286.79999999999563,5.599999999998545,281.1999999999971,286.79999999999563,264.80714285714305
2026-06-20 09:00:00,63381.6,63763.0,63381.6,63703.1,271075.07,2710.7507,172416778.82171,1,381.40000000000146,381.40000000000146,0.0,381.40000000000146,276.44285714285746
2026-06-20 10:00:00,63703.2,63749.9,63564.1,63646.1,147540.11,1475.4011,93905626.09272,1,185.8000000000029,46.80000000000291,139.0,185.8000000000029,266.6214285714289
2026-06-20 11:00:00,63646.1,63769.4,63585.6,63646.6,111723.98,1117.2398,71149420.24195,1,183.8000000000029,123.30000000000291,60.5,183.8000000000029,263.971428571429
2026-06-20 12:00:00,63646.7,63756.1,63510.0,63621.9,213585.06,2135.8506,135923865.47118,1,246.09999999999854,109.5,136.59999999999854,246.09999999999854,257.8357142857146
2026-06-20 13:00:00,63621.9,63621.9,63240.0,63357.9,439598.31,4395.9831,278597120.08264,1,381.90000000000146,0.0,381.90000000000146,381.90000000000146,256.1571428571437
2026-06-20 14:00:00,63357.9,64149.5,63150.0,63929.9,865483.69,8654.8369,551158007.92371,1,999.5,791.5999999999985,207.90000000000146,999.5,305.02857142857204
2026-06-20 15:00:00,63930.0,64355.5,63806.7,64129.7,656817.29,6568.1729,421024132.11661,1,548.8000000000029,425.59999999999854,123.20000000000437,548.8000000000029,328.6571428571437
2026-06-20 16:00:00,64129.8,64140.4,63869.6,63995.9,201966.0,2019.66,129223836.14887,1,270.8000000000029,10.700000000004366,260.09999999999854,270.8000000000029,329.51428571428653
2026-06-20 17:00:00,63995.8,64009.0,63701.7,63807.7,233379.7,2333.797,148996036.26872,1,307.3000000000029,13.099999999998545,294.20000000000437,307.3000000000029,337.5785714285724
2026-06-20 18:00:00,63807.7,63906.6,63741.4,63777.0,95845.93,958.4593,61160086.82461,1,165.1999999999971,98.90000000000146,66.29999999999563,165.1999999999971,333.40000000000043
2026-06-20 19:00:00,63776.9,63945.2,63761.2,63909.5,91497.71,914.9771,58434530.05111,1,184.0,168.1999999999971,15.80000000000291,184.0,319.17857142857196
2026-06-20 20:00:00,63909.5,63951.6,63822.7,63903.9,60553.98,605.5398,38697669.09373,1,128.90000000000146,42.099999999998545,86.80000000000291,128.90000000000146,319.77857142857204
2026-06-20 21:00:00,63903.9,64066.7,63887.2,63985.9,89685.62,896.8562,57373738.03315,1,179.5,162.79999999999563,16.700000000004366,179.5,317.8428571428579
2026-06-20 22:00:00,63985.9,64328.6,63951.9,64240.2,198626.72,1986.2672,127494012.56978,1,376.6999999999971,342.6999999999971,34.0,376.6999999999971,324.26428571428653
2026-06-20 23:00:00,64240.3,64309.8,64215.0,64261.7,86371.17,863.7117,55496956.12784,1,94.80000000000291,69.60000000000582,25.19999999999709,94.80000000000291,303.79285714285805
2026-06-21 00:00:00,64261.6,64287.2,64194.0,64257.9,107079.01,1070.7901,68779795.43518,1,93.19999999999709,25.5,67.69999999999709,93.19999999999709,297.17857142857196
2026-06-21 01:00:00,64257.9,64287.9,64179.5,64213.4,133434.35,1334.3435,85696038.22776,1,108.40000000000146,30.0,78.40000000000146,108.40000000000146,291.79285714285754
2026-06-21 02:00:00,64213.4,64246.1,64184.0,64213.8,56957.52,569.5752,36570601.35092,1,62.099999999998545,32.69999999999709,29.400000000001455,62.099999999998545,278.65000000000043
2026-06-21 03:00:00,64213.9,64447.0,64197.7,64391.5,253801.48,2538.0148,163353643.51129,1,249.3000000000029,233.1999999999971,16.10000000000582,249.3000000000029,269.17857142857196
2026-06-21 04:00:00,64391.5,64560.0,64218.5,64245.3,287923.78,2879.2378,185436760.93799,1,341.5,168.5,173.0,341.5,222.17857142857196
2026-06-21 05:00:00,64245.3,64337.8,64186.0,64223.4,138405.67,1384.0567,88910950.38548,1,151.8000000000029,92.5,59.30000000000291,151.8000000000029,193.8214285714291
2026-06-21 06:00:00,64223.5,64294.9,64151.3,64269.7,85526.55,855.2655,54924822.49844,1,143.59999999999854,71.5,72.09999999999854,143.59999999999854,184.7357142857145
2026-06-21 07:00:00,64269.6,64270.0,64127.3,64165.1,121941.64,1219.4164,78269756.19234,1,142.6999999999971,0.3000000000029104,142.39999999999418,142.6999999999971,172.97857142857123
2026-06-21 08:00:00,64165.1,64198.9,63864.0,63983.4,264357.58,2643.5758,169162419.39451,1,334.90000000000146,33.80000000000291,301.09999999999854,334.90000000000146,185.1000000000001
2026-06-21 09:00:00,63983.4,64218.5,63920.0,64177.7,272703.41,2727.0341,174676104.45988,1,298.5,235.09999999999854,63.400000000001455,298.5,193.27857142857152
2026-06-21 10:00:00,64177.6,64380.0,64160.2,64334.8,254634.6,2546.346,163701202.73448,1,219.8000000000029,202.3000000000029,17.5,219.8000000000029,199.77142857142877
2026-06-21 11:00:00,64334.8,64448.4,64079.1,64144.6,394945.48,3949.4548,253815045.84441,1,369.3000000000029,113.59999999999854,255.70000000000437,369.3000000000029,213.32857142857185
2026-06-21 12:00:00,64144.5,64208.1,63908.9,64165.0,398845.09,3988.4509,255480504.57867,1,299.1999999999971,63.5,235.6999999999971,299.1999999999971,207.79285714285757
2026-06-21 13:00:00,64165.0,64165.0,63980.0,64111.9,142362.68,1423.6268,91215850.55192,1,185.0,0.0,185.0,185.0,214.2357142857145
2026-06-21 14:00:00,64111.9,64125.4,63964.4,64122.0,125459.55,1254.5955,80347652.31295,1,161.0,13.5,147.5,161.0,219.07857142857185
2026-06-21 15:00:00,64122.0,64332.5,64087.6,64191.6,171965.49,1719.6549,110415855.35134,1,244.90000000000146,210.5,34.400000000001455,244.90000000000146,228.82857142857185
2026-06-21 16:00:00,64191.7,64223.1,64002.3,64111.2,165645.03,1656.4503,106195823.82898,1,220.79999999999563,31.5,189.29999999999563,220.79999999999563,240.1642857142859
2026-06-21 17:00:00,64111.2,64188.0,64039.1,64114.2,79267.16,792.6716,50817488.7853,1,148.90000000000146,76.80000000000291,72.09999999999854,148.90000000000146,232.99285714285725
2026-06-21 18:00:00,64114.2,64212.6,63911.0,64179.3,143030.33,1430.3033,91621619.31224,1,301.59999999999854,98.40000000000146,203.1999999999971,301.59999999999854,230.14285714285714
2026-06-21 19:00:00,64179.3,64270.0,64130.1,64169.1,69283.06,692.8306,44472654.30345,1,139.90000000000146,90.69999999999709,49.200000000004366,139.90000000000146,229.29285714285703
2026-06-21 20:00:00,64169.2,64237.7,63643.0,63817.6,316643.06,3166.4306,202166120.69949,1,594.6999999999971,68.59999999999854,526.0999999999985,594.6999999999971,261.5142857142855
2026-06-21 21:00:00,63817.6,63939.0,63461.4,63768.5,374995.69,3749.9569,238775666.94743,1,477.59999999999854,121.40000000000146,356.1999999999971,477.59999999999854,285.4357142857142
2026-06-21 22:00:00,63768.4,63829.8,63537.9,63765.9,244153.38,2441.5338,155413485.62726,1,291.90000000000146,61.30000000000291,230.59999999999854,291.90000000000146,282.3642857142856
2026-06-21 23:00:00,63765.9,63765.9,63228.0,63278.9,388031.4,3880.314,246103145.14564,1,537.9000000000015,0.0,537.9000000000015,537.9000000000015,299.4642857142857
2026-06-22 00:00:00,63278.9,64075.0,63278.8,63860.0,571371.2,5713.712,364004287.50605,1,796.1999999999971,796.0999999999985,0.09999999999854481,796.1999999999971,340.63571428571385
2026-06-22 01:00:00,63860.0,64813.0,63820.0,64570.1,1067224.02,10672.2402,687681623.79429,1,993.0,953.0,40.0,993.0,385.1857142857137
2026-06-22 02:00:00,64570.1,64646.2,64220.3,64230.5,322560.16,3225.6016,207891941.51502,1,425.8999999999942,76.09999999999854,349.79999999999563,425.8999999999942,394.23571428571347
2026-06-22 03:00:00,64230.5,64436.0,63866.7,63940.1,483695.02,4836.9502,310107988.78188,1,569.3000000000029,205.5,363.8000000000029,569.3000000000029,421.6857142857137
2026-06-22 04:00:00,63940.1,64087.9,63833.3,64068.1,246952.29,2469.5229,157931529.11631,1,254.59999999999854,147.8000000000029,106.79999999999563,254.59999999999854,428.3714285714278
2026-06-22 05:00:00,64068.1,64310.2,64059.9,64219.3,235210.9,2352.109,151012462.54214,1,250.29999999999563,242.09999999999854,8.19999999999709,250.29999999999563,428.75714285714173
2026-06-22 06:00:00,64219.3,64293.2,63919.2,63963.9,208274.79,2082.7479,133428514.15295,1,374.0,73.89999999999418,300.1000000000058,374.0,439.6999999999992
2026-06-22 07:00:00,63963.9,64382.8,63941.0,64179.3,258416.27,2584.1627,165899945.44949,1,441.8000000000029,418.90000000000146,22.900000000001455,441.8000000000029,460.6214285714278
2026-06-22 08:00:00,64179.3,64320.0,64005.6,64132.4,224171.61,2241.7161,143841927.67048,1,314.40000000000146,140.6999999999971,173.70000000000437,314.40000000000146,461.53571428571377
2026-06-22 09:00:00,64132.4,64230.1,64022.0,64115.4,125031.56,1250.3156,80158261.17959,1,208.09999999999854,97.69999999999709,110.40000000000146,208.09999999999854,466.4071428571421
2026-06-22 10:00:00,64115.5,64252.4,64046.0,64113.6,113973.14,1139.7314,73112355.58654,1,206.40000000000146,137.0,69.40000000000146,206.40000000000146,438.6714285714282
2026-06-22 11:00:00,64113.6,64745.8,64070.0,64625.0,648193.55,6481.9355,418050655.1434,1,675.8000000000029,632.2000000000044,43.599999999998545,675.8000000000029,452.8285714285713
2026-06-22 12:00:00,64625.0,65189.5,64551.7,65116.4,1008709.01,10087.0901,654661755.07531,1,637.8000000000029,564.5,73.30000000000291,637.8000000000029,477.5357142857143
2026-06-22 13:00:00,65116.4,65566.0,64906.5,65549.1,881726.97,8817.2697,575446316.82541,1,659.5,449.59999999999854,209.90000000000146,659.5,486.2214285714285
2026-06-22 14:00:00,65549.1,65616.4,64800.0,64940.5,882303.67,8823.0367,574544836.12034,1,816.3999999999942,67.29999999998836,749.1000000000058,816.3999999999942,487.6642857142854
2026-06-22 15:00:00,64940.6,65115.8,64711.0,64803.5,397758.62,3977.5862,258265731.50136,1,404.8000000000029,175.3000000000029,229.5,404.8000000000029,445.6499999999999
2026-06-22 16:00:00,64803.5,64831.8,64478.7,64693.0,470789.48,4707.8948,304399355.25658,1,353.1000000000058,28.30000000000291,324.8000000000029,353.1000000000058,440.4500000000007
2026-06-22 17:00:00,64693.0,64747.6,64355.0,64578.7,360883.61,3608.8361,232752751.09084,1,392.59999999999854,54.599999999998545,338.0,392.59999999999854,427.8285714285718
2026-06-22 18:00:00,64578.7,64716.7,64263.0,64314.9,287680.25,2876.8025,185562012.46097,1,453.6999999999971,138.0,315.6999999999971,453.6999999999971,442.0500000000003
2026-06-22 19:00:00,64315.0,64480.0,64244.0,64451.4,303220.68,3032.2068,195157949.62921,1,236.0,165.09999999999854,70.90000000000146,236.0,441.02857142857204
2026-06-22 20:00:00,64451.4,64640.3,64331.5,64411.4,219794.33,2197.9433,141755601.21544,1,308.8000000000029,188.90000000000146,119.90000000000146,308.8000000000029,436.3714285714294
2026-06-22 21:00:00,64411.4,64456.7,64108.5,64291.1,187604.5,1876.045,120547683.40158,1,348.1999999999971,45.299999999995634,302.90000000000146,348.1999999999971,429.6857142857147
2026-06-22 22:00:00,64291.0,64367.9,63766.0,63943.0,511240.86,5112.4086,327120174.43661,1,601.9000000000015,76.80000000000291,525.0999999999985,601.9000000000015,450.221428571429
2026-06-22 23:00:00,63943.0,64023.4,63849.4,63994.0,197302.55,1973.0255,126163902.11779,1,174.0,80.40000000000146,93.59999999999854,174.0,447.7857142857148
2026-06-23 00:00:00,63993.9,64136.0,63803.1,64123.5,217232.8,2172.328,138958463.63352,1,332.90000000000146,142.0,190.90000000000146,332.90000000000146,456.82142857142907
2026-06-23 01:00:00,64123.5,64248.5,63866.0,64123.5,311197.69,3111.9769,199451034.4109,1,382.5,125.0,257.5,382.5,435.8714285714289
2026-06-23 02:00:00,64123.5,64250.0,64009.1,64168.3,136227.02,1362.2702,87392262.7671,1,240.90000000000146,126.5,114.40000000000146,240.90000000000146,407.52142857142877
2026-06-23 03:00:00,64168.3,64173.9,63936.2,64040.0,170454.01,1704.5401,109105224.30502,1,237.70000000000437,5.599999999998545,232.10000000000582,237.70000000000437,377.3928571428577
2026-06-23 04:00:00,64039.9,64067.8,63577.1,63597.9,385720.85,3857.2085,246017479.93798,1,490.70000000000437,27.80000000000291,462.90000000000146,490.70000000000437,354.1285714285727
2026-06-23 05:00:00,63597.8,63708.7,63325.0,63366.0,586578.95,5865.7895,372362101.42951,1,383.6999999999971,110.79999999999563,272.90000000000146,383.6999999999971,352.6214285714294
2026-06-23 06:00:00,63366.0,63372.0,62523.1,62899.9,1436817.58,14368.1758,903456584.91718,1,848.9000000000015,6.0,842.9000000000015,848.9000000000015,388.0357142857148
2026-06-23 07:00:00,62900.0,63057.2,62818.2,62846.3,356625.12,3566.2512,224423507.05885,1,239.0,157.29999999999563,81.70000000000437,239.0,377.0642857142863
2026-06-23 08:00:00,62846.2,62910.4,61883.8,62349.1,1576237.72,15762.3772,982268281.19921,1,1026.5999999999985,64.09999999999854,962.5,1026.5999999999985,417.985714285715
2026-06-23 09:00:00,62349.1,62476.9,62296.7,62353.0,281247.43,2812.4743,175495092.80924,1,180.20000000000437,127.80000000000291,52.400000000001455,180.20000000000437,414.000000000001
2026-06-23 10:00:00,62353.0,62548.9,62204.9,62289.1,360934.15,3609.3415,225039987.19594,1,344.0,195.90000000000146,148.09999999999854,344.0,416.51428571428653
2026-06-23 11:00:00,62289.1,62634.2,62286.8,62476.0,337688.94,3376.8894,210958368.54913,1,347.3999999999942,345.09999999999854,2.2999999999956344,347.3999999999942,416.4571428571435
2026-06-23 12:00:00,62476.1,62532.2,62155.0,62229.9,295552.21,2955.5221,184190325.84538,1,377.1999999999971,56.19999999999709,321.0,377.1999999999971,400.4071428571432
2026-06-23 13:00:00,62230.0,62513.2,61928.6,62450.0,824671.07,8246.7107,513247257.2559,1,584.5999999999985,283.29999999999563,301.3000000000029,584.5999999999985,429.7357142857145
2026-06-23 14:00:00,62450.0,62828.1,62375.0,62466.6,750638.42,7506.3842,469730109.6433,1,453.09999999999854,378.09999999999854,75.0,453.09999999999854,438.32142857142856
2026-06-23 15:00:00,62466.7,62486.2,62171.5,62459.9,395688.95,3956.8895,246609259.99024,1,314.6999999999971,19.599999999998545,295.09999999999854,314.6999999999971,433.47857142857123
2026-06-23 16:00:00,62459.9,62794.3,62401.1,62518.3,477023.86,4770.2386,298631057.66049,1,393.20000000000437,334.40000000000146,58.80000000000291,393.20000000000437,444.35714285714283
2026-06-23 17:00:00,62518.3,62661.7,62300.0,62322.1,299400.09,2994.0009,187065888.63688,1,361.6999999999971,143.39999999999418,218.3000000000029,361.6999999999971,453.2142857142852
2026-06-23 18:00:00,62322.2,62420.0,62075.0,62208.9,240937.07,2409.3707,149930778.51695,1,345.0,97.90000000000146,247.09999999999854,345.0,442.807142857142
2026-06-23 19:00:00,62209.0,62457.1,62195.6,62367.4,175757.79,1757.5779,109544004.88567,1,261.5,248.1999999999971,13.30000000000291,261.5,434.0785714285708
2026-06-23 20:00:00,62367.5,62514.8,62350.0,62438.3,114677.29,1146.7729,71608590.08226,1,164.8000000000029,147.40000000000146,17.400000000001455,164.8000000000029,385.2142857142852
2026-06-23 21:00:00,62438.4,62625.0,62438.4,62569.8,105380.39,1053.8039,65903935.40027,1,186.59999999999854,186.6999999999971,0.09999999999854481,186.6999999999971,381.4785714285707
2026-06-23 22:00:00,62569.8,62750.0,62490.0,62560.5,146400.58,1464.0058,91682017.5351,1,260.0,180.1999999999971,79.80000000000291,260.0,326.72142857142796
2026-06-23 23:00:00,62560.4,62774.8,62462.9,62701.4,158158.24,1581.5824,99012377.84649,1,311.90000000000146,214.3000000000029,97.59999999999854,311.90000000000146,336.1285714285706
2026-06-24 00:00:00,62701.5,63000.0,62700.0,62990.0,369455.36,3694.5536,232300177.40387,1,300.0,298.59999999999854,1.4000000000014552,300.0,332.98571428571347
2026-06-24 01:00:00,62990.1,63097.9,62735.6,62908.0,337906.95,3379.0695,212672379.45938,1,362.3000000000029,107.90000000000146,254.40000000000146,362.3000000000029,334.0499999999998
2026-06-24 02:00:00,62907.9,62990.0,62573.8,62607.3,365025.79,3650.2579,228947888.68931,1,416.1999999999971,82.0,334.1999999999971,416.1999999999971,336.83571428571406
2026-06-24 03:00:00,62607.3,62822.0,62433.0,62706.5,318405.08,3184.0508,199421303.98795,1,389.0,214.6999999999971,174.3000000000029,389.0,322.8642857142856
2026-06-24 04:00:00,62706.6,62774.2,62499.9,62722.2,171320.19,1713.2019,107337602.16595,1,274.29999999999563,67.69999999999709,206.59999999999854,274.29999999999563,310.0928571428568
2026-06-24 05:00:00,62722.1,63050.0,62681.6,62864.9,316226.15,3162.2615,198868147.6884,1,368.40000000000146,327.8000000000029,40.599999999998545,368.40000000000146,313.92857142857144
2026-06-24 06:00:00,62864.9,62890.1,62702.6,62757.9,157934.53,1579.3453,99177311.56017,1,187.5,25.19999999999709,162.3000000000029,187.5,299.235714285714
2026-06-24 07:00:00,62757.9,62823.3,62580.0,62627.0,237058.9,2370.589,148590338.05333,1,243.3000000000029,65.40000000000146,177.90000000000146,243.3000000000029,290.7785714285715
2026-06-24 08:00:00,62627.0,62787.6,62576.2,62771.2,160651.23,1606.5123,100702514.42773,1,211.40000000000146,160.59999999999854,50.80000000000291,211.40000000000146,281.2357142857145
2026-06-24 09:00:00,62771.2,62771.3,62607.2,62655.1,112624.74,1126.2474,70589211.37898,1,164.10000000000582,0.10000000000582077,164.0,164.10000000000582,274.27857142857204
2026-06-24 10:00:00,62655.1,62655.1,62385.7,62418.9,309610.43,3096.1043,193565216.67823,1,269.40000000000146,0.0,269.40000000000146,269.40000000000146,281.7500000000005
2026-06-24 11:00:00,62418.9,63221.0,62260.0,62887.5,877769.88,8777.6988,550473253.06983,1,961.0,802.0999999999985,158.90000000000146,961.0,337.05714285714356
2026-06-24 12:00:00,62887.4,62944.2,62551.6,62587.5,473190.38,4731.9038,297030092.84568,1,392.59999999999854,56.69999999999709,335.90000000000146,392.59999999999854,346.52857142857204
2026-06-24 13:00:00,62587.4,62600.0,61205.7,61300.0,2562511.4,25625.114,1583194464.46374,1,1394.300000000003,12.5,1381.800000000003,1394.300000000003,423.8428571428579
2026-06-24 14:00:00,61300.0,61436.5,60829.5,61089.8,1712923.42,17129.2342,1047181493.58322,1,607.0,136.5,470.5,607.0,445.7714285714293
2026-06-24 15:00:00,61089.8,61123.0,60230.9,60252.7,1438907.87,14389.0787,872863768.0164,1,892.0999999999985,33.19999999999709,858.9000000000015,892.0999999999985,483.61428571428615
2026-06-24 16:00:00,60252.7,60675.5,59574.0,59813.9,2267696.36,22676.9636,1362263739.08667,1,1101.5,422.8000000000029,678.6999999999971,1101.5,532.5642857142864
2026-06-24 17:00:00,59814.0,60038.3,59050.3,59359.4,2120453.99,21204.5399,1262437449.29578,1,988.0,224.40000000000146,763.5999999999985,988.0,575.3500000000006
2026-06-24 18:00:00,59359.4,59895.0,59269.0,59573.1,930151.99,9301.5199,554326234.6155,1,626.0,535.5999999999985,90.40000000000146,626.0,600.4714285714296
2026-06-24 19:00:00,59573.2,59957.0,59483.9,59921.2,539430.82,5394.3082,322145574.93142,1,473.09999999999854,383.90000000000146,89.19999999999709,473.09999999999854,607.9500000000007
2026-06-24 20:00:00,59920.8,61176.4,59815.2,60926.4,1716631.71,17166.3171,1041058102.10072,1,1361.2000000000044,1255.2000000000044,106.0,1361.2000000000044,691.7857142857154
2026-06-24 21:00:00,60926.3,61107.2,60632.4,61070.5,391859.76,3918.5976,238535557.49261,1,474.79999999999563,180.79999999999563,294.0,474.79999999999563,708.3214285714291
2026-06-24 22:00:00,61070.4,61243.9,60766.8,60846.5,343302.2,3433.022,209324320.14899,1,477.09999999999854,173.40000000000146,303.6999999999971,477.09999999999854,727.3000000000003
2026-06-24 23:00:00,60846.4,61085.2,60800.0,61050.0,195754.76,1957.5476,119318077.5134,1,285.1999999999971,238.6999999999971,46.5,285.1999999999971,735.9499999999997
2026-06-25 00:00:00,61050.1,61137.0,60692.4,60783.6,329399.55,3293.9955,200617606.22467,1,444.59999999999854,87.0,357.59999999999854,444.59999999999854,748.4642857142852
2026-06-25 01:00:00,60783.6,60955.7,60683.4,60884.4,208642.27,2086.4227,126877990.42968,1,272.29999999999563,172.09999999999854,100.19999999999709,272.29999999999563,699.2714285714277
2026-06-25 02:00:00,60884.4,60935.7,60660.6,60759.9,221748.77,2217.4877,134786080.05996,1,275.09999999999854,51.299999999995634,223.8000000000029,275.09999999999854,690.8785714285706
2026-06-25 03:00:00,60759.9,60873.0,60650.0,60851.9,160981.65,1609.8165,97821526.24399,1,223.0,113.09999999999854,109.90000000000146,223.0,607.2142857142846
2026-06-25 04:00:00,60852.0,61380.6,60752.9,61315.1,408329.73,4083.2973,249462283.5691,1,627.6999999999971,528.6999999999971,99.0,627.6999999999971,608.6928571428559
2026-06-25 05:00:00,61315.1,61776.9,61240.0,61560.3,974505.08,9745.0508,599873196.26473,1,536.9000000000015,461.8000000000029,75.09999999999854,536.9000000000015,583.3214285714275
2026-06-25 06:00:00,61560.3,61830.9,61560.3,61685.6,311380.62,3113.8062,192119060.3954,1,270.59999999999854,270.59999999999854,0.0,270.59999999999854,523.9714285714274
2026-06-25 07:00:00,61685.6,61929.5,61631.4,61877.6,403954.77,4039.5477,249657913.60756,1,298.09999999999854,243.90000000000146,54.19999999999709,298.09999999999854,474.69285714285587
2026-06-25 08:00:00,61877.6,61888.0,61643.5,61676.2,243829.71,2438.2971,150527883.29001,1,244.5,10.400000000001455,234.09999999999854,244.5,447.44285714285587
2026-06-25 09:00:00,61676.2,61753.0,61571.9,61699.9,196692.77,1966.9277,121321278.12386,1,181.09999999999854,76.80000000000291,104.29999999999563,181.09999999999854,426.58571428571304
2026-06-25 10:00:00,61700.0,61718.4,61231.2,61242.2,467215.9,4672.159,287086094.71919,1,487.20000000000437,18.5,468.70000000000437,487.20000000000437,364.1571428571416
2026-06-25 11:00:00,61242.1,61392.7,61029.3,61258.9,682664.31,6826.6431,417989285.52738,1,363.3999999999942,150.5,212.89999999999418,363.3999999999942,356.1999999999986
2026-06-25 12:00:00,61259.0,61757.4,61044.0,61207.3,933843.43,9338.4343,572997103.25677,1,713.4000000000015,498.5,214.90000000000146,713.4000000000015,373.0785714285703
2026-06-25 13:00:00,61207.3,61337.8,58031.5,58258.6,4046682.93,40466.8293,2411671932.63133,1,3306.300000000003,130.5,3175.800000000003,3306.300000000003,588.8714285714278
2026-06-25 14:00:00,58258.5,60453.3,58258.5,59438.0,4033021.67,40330.2167,2394746718.54027,1,2194.800000000003,2194.7000000000044,0.09999999999854481,2194.800000000003,713.8857142857139
2026-06-25 15:00:00,59437.9,59637.6,58833.8,59528.4,1352069.1,13520.691,800786469.33598,1,803.7999999999956,199.59999999999854,604.1999999999971,803.7999999999956,751.8499999999996
2026-06-25 16:00:00,59528.3,60031.0,59107.1,59281.2,888258.11,8882.5811,529231647.51898,1,923.9000000000015,502.59999999999854,421.3000000000029,923.9000000000015,798.192857142857
2026-06-25 17:00:00,59281.3,59714.9,59083.6,59644.6,472834.19,4728.3419,281024183.51112,1,631.3000000000029,433.70000000000437,197.59999999999854,631.3000000000029,827.3571428571429
2026-06-25 18:00:00,59644.5,59756.0,59320.8,59483.9,382674.9,3826.749,227777148.27376,1,435.1999999999971,111.40000000000146,323.79999999999563,435.1999999999971,813.6071428571429
2026-06-25 19:00:00,59483.8,59489.3,59120.8,59295.5,331993.13,3319.9313,196815509.33303,1,368.5,5.400000000001455,363.09999999999854,368.5,801.5785714285713
2026-06-25 20:00:00,59295.5,59720.0,59292.3,59429.0,304095.26,3040.9526,181000641.73137,1,427.6999999999971,424.5,3.1999999999970896,427.6999999999971,812.7999999999998
2026-06-25 21:00:00,59429.0,60267.7,59424.0,60179.8,307127.75,3071.2775,183961096.91336,1,843.6999999999971,838.6999999999971,5.0,843.6999999999971,851.7714285714283
2026-06-25 22:00:00,60179.7,60179.7,59705.0,59810.6,284474.6,2844.746,170348518.17784,1,474.6999999999971,0.10000000000582077,474.8000000000029,474.8000000000029,868.2214285714284
2026-06-25 23:00:00,59810.5,60168.6,59706.2,59767.2,274435.75,2744.3575,164566393.00911,1,462.40000000000146,358.0,104.40000000000146,462.40000000000146,888.3142857142858
2026-06-26 00:00:00,59767.3,59877.2,59600.1,59625.2,210039.14,2100.3914,125492791.01361,1,277.09999999999854,110.0,167.09999999999854,277.09999999999854,873.3071428571426
2026-06-26 01:00:00,59625.2,59754.0,59180.9,59406.1,408296.48,4082.9648,242507622.66057,1,573.0999999999985,128.8000000000029,444.29999999999563,573.0999999999985,888.2857142857143
2026-06-26 02:00:00,59406.0,59424.3,58325.0,58540.0,1404583.56,14045.8356,824611758.12057,1,1099.300000000003,18.200000000004366,1081.0999999999985,1099.300000000003,915.8500000000001
2026-06-26 03:00:00,58540.0,60114.0,58300.0,60010.1,1379864.15,13798.6415,818259559.11442,1,1814.0,1574.0,240.0,1814.0,809.2571428571428
2026-06-26 04:00:00,60010.1,60209.9,59804.7,59894.8,639739.78,6397.3978,383533565.22523,1,405.20000000000437,199.8000000000029,205.40000000000146,405.20000000000437,681.4285714285714
2026-06-26 05:00:00,59894.7,60018.4,59700.2,59910.3,435918.61,4359.1861,260924785.77662,1,318.20000000000437,123.59999999999854,194.60000000000582,318.20000000000437,646.7428571428578
2026-06-26 06:00:00,59910.3,60435.6,59668.4,60299.8,732803.25,7328.0325,440329039.27704,1,767.1999999999971,525.2999999999956,241.90000000000146,767.1999999999971,635.5500000000003
2026-06-26 07:00:00,60299.8,60759.9,60250.0,60486.1,885658.88,8856.5888,536293354.31087,1,509.90000000000146,460.09999999999854,49.80000000000291,509.90000000000146,626.8785714285716
2026-06-26 08:00:00,60486.2,60540.0,60108.8,60210.7,555572.69,5555.7269,334750734.81003,1,431.1999999999971,53.900000000001455,377.29999999999563,431.1999999999971,626.5928571428574
2026-06-26 09:00:00,60210.7,60220.0,59549.0,59705.8,634241.15,6342.4115,379834041.48351,1,671.0,9.30000000000291,661.6999999999971,671.0,648.2000000000002
2026-06-26 10:00:00,59705.9,59826.3,59200.6,59289.2,598328.01,5983.2801,356204516.12069,1,625.7000000000044,120.5,505.20000000000437,625.7000000000044,662.3428571428578
2026-06-26 11:00:00,59289.2,59570.7,59232.3,59390.4,428324.56,4283.2456,254513056.63732,1,338.3999999999942,281.5,56.89999999999418,338.3999999999942,626.2500000000006
2026-06-26 12:00:00,59390.3,59984.0,58940.0,59165.5,1312714.63,13127.1463,779777406.01562,1,1044.0,593.5999999999985,450.40000000000146,1044.0,666.9071428571432
2026-06-26 13:00:00,59165.5,60186.5,58468.0,60149.9,1917208.68,19172.0868,1135223619.38566,1,1718.5,1021.0,697.5,1718.5,756.6285714285716
2026-06-26 14:00:00,60150.0,60274.0,59354.3,59571.2,1311057.74,13110.5774,784570100.55955,1,919.6999999999971,124.09999999999854,795.5999999999985,919.6999999999971,802.5285714285716
2026-06-26 15:00:00,59571.2,60478.9,59555.0,60297.4,1061275.41,10612.7541,638080374.21931,1,923.9000000000015,907.7000000000044,16.19999999999709,923.9000000000015,827.5857142857146
2026-06-26 16:00:00,60297.4,60573.2,59926.9,60015.3,804294.89,8042.9489,483921526.24048,1,646.2999999999956,275.79999999999563,370.5,646.2999999999956,795.2285714285712
2026-06-26 17:00:00,60015.2,60262.7,59912.9,59997.5,345511.77,3455.1177,207556330.81689,1,349.79999999999563,247.39999999999418,102.40000000000146,349.79999999999563,690.6428571428567
2026-06-26 18:00:00,59997.4,60132.1,59527.0,59642.5,322019.05,3220.1905,192605724.05036,1,605.0999999999985,134.59999999999854,470.5,605.0999999999985,704.9214285714277
2026-06-26 19:00:00,59642.5,60080.8,59588.0,59730.0,460203.15,4602.0315,275629357.60794,1,492.8000000000029,438.3000000000029,54.5,492.8000000000029,717.3928571428561
2026-06-26 20:00:00,59730.1,59968.7,59529.4,59689.4,304625.42,3046.2542,181875945.40147,1,439.29999999999563,238.6999999999971,200.59999999999854,439.29999999999563,693.9714285714274
2026-06-26 21:00:00,59689.4,60027.9,59650.0,59887.2,133527.58,1335.2758,79925637.84653,1,377.90000000000146,338.5,39.400000000001455,377.90000000000146,684.542857142856
2026-06-26 22:00:00,59887.3,60055.2,59720.6,60013.3,134715.41,1347.1541,80706883.45495,1,334.59999999999854,168.0,166.59999999999854,334.59999999999854,677.6428571428561
2026-06-26 23:00:00,60013.3,60090.5,59893.2,60072.1,138036.39,1380.3639,82837047.98419,1,197.3000000000029,77.19999999999709,120.10000000000582,197.3000000000029,643.807142857142
2026-06-27 00:00:00,60072.1,60170.8,59853.5,60030.1,162728.26,1627.2826,97651529.14126,1,317.3000000000029,98.70000000000437,218.59999999999854,317.3000000000029,621.7785714285704
2026-06-27 01:00:00,60030.2,60039.7,59902.1,59919.1,63781.59,637.8159,38237065.40285,1,137.59999999999854,9.599999999998545,128.0,137.59999999999854,607.4357142857136
2026-06-27 02:00:00,59919.1,60358.3,59890.1,60257.6,328402.76,3284.0276,197766186.86295,1,468.20000000000437,439.20000000000437,29.0,468.20000000000437,566.3071428571426
2026-06-27 03:00:00,60257.7,60399.8,60135.9,60277.4,209407.59,2094.0759,126217547.04465,1,263.90000000000146,142.20000000000437,121.69999999999709,263.90000000000146,462.4071428571427
2026-06-27 04:00:00,60277.5,60454.7,60188.0,60219.7,212831.79,2128.3179,128470375.40852,1,266.6999999999971,177.29999999999563,89.40000000000146,266.6999999999971,415.7642857142855
2026-06-27 05:00:00,60219.7,60287.9,60092.1,60211.2,185124.99,1851.2499,111431212.2746,1,195.8000000000029,68.20000000000437,127.59999999999854,195.8000000000029,363.75714285714275
2026-06-27 06:00:00,60211.2,60472.0,60089.0,60342.9,214711.71,2147.1171,129461487.18426,1,383.0,260.8000000000029,122.19999999999709,383.0,344.9500000000002
2026-06-27 07:00:00,60342.9,60543.0,60267.0,60516.1,183658.17,1836.5817,110963971.38089,1,276.0,200.09999999999854,75.90000000000146,276.0,339.67857142857196
2026-06-27 08:00:00,60516.1,60516.2,60339.3,60426.0,162664.7,1626.647,98290721.0099,1,176.89999999999418,0.09999999999854481,176.79999999999563,176.89999999999418,309.0928571428573
2026-06-27 09:00:00,60426.1,60479.9,60246.8,60266.6,76795.93,767.9593,46331182.37669,0,233.09999999999854,53.900000000001455,179.1999999999971,233.09999999999854,290.54285714285703
