timestamp,open,high,low,close,volume,volCcy,volCcyQuote,confirm,high_low,high_close,low_close,tr,atr
2026-04-02 10:00:00,66431.6,66480.1,66177.5,66428.9,220671.56,2206.7156,146361620.0688,1,302.6000000000058,,,302.6000000000058,302.6000000000058
2026-04-02 11:00:00,66429.0,66455.0,66107.3,66179.5,339071.2,3390.712,224793210.31786,1,347.6999999999971,26.10000000000582,321.59999999999127,347.6999999999971,325.15000000000146
2026-04-02 12:00:00,66179.5,66216.7,65914.2,66016.6,497139.79,4971.3979,328468838.45086,1,302.5,37.19999999999709,265.3000000000029,302.5,317.600000000001
2026-04-02 13:00:00,66016.5,66236.5,65653.0,66228.3,757584.2,7575.842,499501781.59077,1,583.5,219.89999999999418,363.6000000000058,583.5,384.0750000000007
2026-04-02 14:00:00,66228.3,67077.0,66121.0,66827.0,1239773.79,12397.7379,826308582.22939,1,956.0,848.6999999999971,107.30000000000291,956.0,498.4600000000006
2026-04-02 15:00:00,66827.0,66960.0,66595.1,66818.1,473484.79,4734.8479,316188390.85248,1,364.8999999999942,133.0,231.89999999999418,364.8999999999942,476.19999999999953
2026-04-02 16:00:00,66818.0,67273.7,66723.4,67058.2,505815.27,5058.1527,339003663.56944,1,550.3000000000029,455.59999999999127,94.70000000001164,550.3000000000029,486.7857142857143
2026-04-02 17:00:00,67058.1,67400.0,66627.0,66653.4,631747.58,6317.4758,423624191.10302,1,773.0,341.8000000000029,431.1999999999971,773.0,522.5625
2026-04-02 18:00:00,66653.5,67040.5,66555.2,66949.9,306944.44,3069.4444,204890409.15099,1,485.3000000000029,387.1000000000058,98.19999999999709,485.3000000000029,518.4222222222226
2026-04-02 19:00:00,66950.0,67077.9,66843.1,66949.9,175003.3,1750.033,117212600.88628,1,234.79999999998836,128.0,106.79999999998836,234.79999999998836,490.05999999999915
2026-04-02 20:00:00,66950.0,67070.7,66766.0,66913.8,122125.87,1221.2587,81725776.93119,1,304.6999999999971,120.80000000000291,183.89999999999418,304.6999999999971,473.20909090908987
2026-04-02 21:00:00,66913.8,66990.7,66682.7,66907.9,94985.97,949.8597,63475596.56752,1,308.0,76.89999999999418,231.10000000000582,308.0,459.4416666666657
2026-04-02 22:00:00,66907.9,67013.8,66790.1,66951.8,92559.01,925.5901,61946842.26121,1,223.6999999999971,105.90000000000873,117.79999999998836,223.6999999999971,441.3076923076912
2026-04-02 23:00:00,66951.7,67070.0,66814.5,66864.5,125930.85,1259.3085,84302225.8332,1,255.5,118.19999999999709,137.3000000000029,255.5,428.03571428571325
2026-04-03 00:00:00,66864.6,66974.0,66675.0,66755.0,124478.22,1244.7822,83144378.29453,1,299.0,109.5,189.5,299.0,427.77857142857
2026-04-03 01:00:00,66755.0,66872.0,66458.0,66591.5,246030.39,2460.3039,163959124.3579,1,414.0,117.0,297.0,414.0,432.5142857142845
2026-04-03 02:00:00,66591.4,66719.9,66250.0,66501.2,340136.92,3401.3692,225954150.57778,1,469.8999999999942,128.39999999999418,341.5,469.8999999999942,444.4714285714269
2026-04-03 03:00:00,66501.2,66688.0,66457.9,66553.3,181976.27,1819.7627,121167548.8383,1,230.10000000000582,186.8000000000029,43.30000000000291,230.10000000000582,419.2285714285702
2026-04-03 04:00:00,66553.1,66661.8,66470.8,66578.6,125860.02,1258.6002,83784579.88409,1,191.0,108.5,82.5,191.0,364.58571428571304
2026-04-03 05:00:00,66578.7,66783.3,66380.0,66583.1,209504.42,2095.0442,139555264.5818,1,403.3000000000029,204.6999999999971,198.60000000000582,403.3000000000029,367.3285714285708
2026-04-03 06:00:00,66583.1,66775.0,66529.4,66769.0,131504.17,1315.0417,87663840.31275,1,245.60000000000582,191.89999999999418,53.70000000001164,245.60000000000582,345.5642857142853
2026-04-03 07:00:00,66769.0,67239.2,66726.2,67015.2,376802.92,3768.0292,252456136.10758,1,513.0,470.1999999999971,42.80000000000291,513.0,326.99285714285674
2026-04-03 08:00:00,67015.2,67279.3,66875.0,66941.4,308225.73,3082.2573,206718648.38998,1,404.3000000000029,264.1000000000058,140.1999999999971,404.3000000000029,321.20714285714246
2026-04-03 09:00:00,66941.3,66986.0,66720.0,66841.0,201059.66,2010.5966,134366920.66082,1,266.0,44.60000000000582,221.39999999999418,266.0,323.4357142857147
2026-04-03 10:00:00,66841.0,66869.0,66650.2,66848.2,147842.79,1478.4279,98716403.19897,1,218.8000000000029,28.0,190.8000000000029,218.8000000000029,317.3000000000008
2026-04-03 11:00:00,66848.2,67038.4,66789.4,66987.2,177255.37,1772.5537,118635733.86438,1,249.0,190.1999999999971,58.80000000000291,249.0,313.08571428571514
2026-04-03 12:00:00,66987.2,67350.0,66607.0,66697.4,573516.24,5735.1624,384169278.88932,1,743.0,362.8000000000029,380.1999999999971,743.0,350.17857142857247
2026-04-03 13:00:00,66697.4,66711.0,66478.5,66646.5,324159.96,3241.5996,215902819.53301,1,232.5,13.60000000000582,218.89999999999418,232.5,348.5357142857153
2026-04-03 14:00:00,66646.5,66960.0,66595.3,66901.0,262543.52,2625.4352,175401659.5183,1,364.6999999999971,313.5,51.19999999999709,364.6999999999971,353.22857142857225
2026-04-03 15:00:00,66900.9,66999.0,66783.8,66808.0,178414.84,1784.1484,119319370.5075,1,215.1999999999971,98.0,117.19999999999709,215.1999999999971,339.02857142857204
2026-04-03 16:00:00,66808.1,67036.0,66792.9,66974.0,129155.91,1291.5591,86442680.97791,1,243.10000000000582,228.0,15.10000000000582,243.10000000000582,322.8285714285729
2026-04-03 17:00:00,66974.0,67035.0,66721.5,66808.6,155353.09,1553.5309,103860716.06802,1,313.5,61.0,252.5,313.5,328.7857142857153
2026-04-03 18:00:00,66808.5,66895.8,66745.0,66777.4,79516.68,795.1668,53133787.75361,1,150.8000000000029,87.19999999999709,63.60000000000582,150.8000000000029,325.91428571428696
2026-04-03 19:00:00,66777.4,66879.3,66737.0,66854.0,63433.5,634.335,42362580.67877,1,142.3000000000029,101.90000000000873,40.39999999999418,142.3000000000029,307.2714285714298
2026-04-03 20:00:00,66854.1,66888.9,66791.1,66791.1,39004.97,390.0497,26071370.87821,1,97.79999999998836,34.89999999999418,62.89999999999418,97.79999999998836,296.7142857142857
2026-04-03 21:00:00,66791.1,66954.7,66784.3,66928.6,56486.31,564.8631,37774066.5391,1,170.39999999999418,163.59999999999127,6.80000000000291,170.39999999999418,272.24285714285674
2026-04-03 22:00:00,66928.5,66948.4,66808.9,66855.1,51693.88,516.9388,34570490.57278,1,139.5,19.79999999998836,119.70000000001164,139.5,253.3285714285708
2026-04-03 23:00:00,66855.1,66929.0,66799.1,66929.0,57632.66,576.3266,38532329.36365,1,129.89999999999418,73.89999999999418,56.0,129.89999999999418,243.6071428571418
2026-04-04 00:00:00,66928.9,66937.4,66839.0,66868.1,51879.02,518.7902,34703037.63526,1,98.39999999999418,8.39999999999418,90.0,98.39999999999418,235.0071428571412
2026-04-04 01:00:00,66868.2,66894.4,66800.0,66824.6,75111.36,751.1136,50202146.81232,1,94.39999999999418,26.29999999998836,68.10000000000582,94.39999999999418,223.96428571428365
2026-04-04 02:00:00,66824.6,66889.5,66780.0,66816.0,48398.14,483.9814,32335319.64743,1,109.5,64.89999999999418,44.60000000000582,109.5,178.71428571428365
2026-04-04 03:00:00,66816.1,66870.0,66800.0,66800.3,44785.29,447.8529,29930361.47529,1,70.0,54.0,16.0,70.0,167.1071428571408
2026-04-04 04:00:00,66800.3,66838.0,66734.5,66828.2,59166.63,591.6663,39524777.34343,1,103.5,37.69999999999709,65.80000000000291,103.5,148.44999999999814
2026-04-04 05:00:00,66828.3,66900.0,66808.2,66875.3,76550.72,765.5072,51180216.63998,1,91.80000000000291,71.80000000000291,20.0,91.80000000000291,139.63571428571282
2026-04-04 06:00:00,66875.3,67013.4,66870.2,66973.6,103931.11,1039.3111,69571037.36819,1,143.1999999999971,138.09999999999127,5.100000000005821,143.1999999999971,132.49999999999793
2026-04-04 07:00:00,66973.6,67011.6,66896.6,66980.0,110511.34,1105.1134,73988819.92675,1,115.0,38.0,77.0,115.0,118.3214285714265
2026-04-04 08:00:00,66980.0,67048.9,66873.9,66908.5,135863.29,1358.6329,90990381.27264,1,175.0,68.89999999999418,106.10000000000582,175.0,120.04999999999771
2026-04-04 09:00:00,66908.6,66959.1,66882.6,66949.9,86044.69,860.4469,57588178.68694,1,76.5,50.60000000000582,25.89999999999418,76.5,115.34999999999751
2026-04-04 10:00:00,66950.0,67142.9,66875.9,67132.6,162574.77,1625.7477,108956023.00235,1,267.0,193.0,74.0,267.0,127.43571428571262
2026-04-04 11:00:00,67132.6,67199.8,67052.1,67129.9,176714.69,1767.1469,118615515.23544,1,147.6999999999971,67.19999999999709,80.5,147.6999999999971,125.81428571428425
2026-04-04 12:00:00,67129.9,67163.3,67025.7,67064.5,98163.45,981.6345,65854554.47508,1,137.60000000000582,33.40000000000873,104.19999999999709,137.60000000000582,125.6785714285704
2026-04-04 13:00:00,67064.5,67250.0,67050.0,67160.4,156415.18,1564.1518,105054816.32196,1,200.0,185.5,14.5,200.0,130.68571428571366
2026-04-04 14:00:00,67160.3,67191.7,66980.0,67172.6,192025.52,1920.2552,128832513.94537,1,211.6999999999971,31.30000000000291,180.39999999999418,211.6999999999971,138.778571428571
2026-04-04 15:00:00,67172.6,67550.0,67140.3,67346.0,481737.83,4817.3783,324402490.31251,1,409.6999999999971,377.3999999999942,32.30000000000291,409.6999999999971,161.29999999999978
2026-04-04 16:00:00,67346.0,67484.2,67285.2,67331.7,214566.68,2145.6668,144594660.13027,1,199.0,138.1999999999971,60.80000000000291,199.0,167.69285714285692
2026-04-04 17:00:00,67331.7,67386.9,67258.0,67305.5,158697.09,1586.9709,106840528.07801,1,128.89999999999418,55.19999999999709,73.69999999999709,128.89999999999418,171.89999999999938
2026-04-04 18:00:00,67305.5,67350.0,67215.0,67260.4,97057.71,970.5771,65304595.51912,1,135.0,44.5,90.5,135.0,174.14999999999938
2026-04-04 19:00:00,67260.3,67517.4,67241.5,67262.3,159249.92,1592.4992,107274681.89267,1,275.8999999999942,257.0,18.89999999999418,275.8999999999942,187.29999999999876
2026-04-04 20:00:00,67262.2,67279.2,67150.5,67240.0,86515.54,865.1554,58151433.8332,1,128.6999999999971,16.89999999999418,111.80000000000291,128.6999999999971,186.26428571428445
2026-04-04 21:00:00,67239.9,67449.5,67180.0,67316.3,64467.38,644.6738,43389923.17507,1,269.5,209.5,60.0,269.5,197.29999999999876
2026-04-04 22:00:00,67316.4,67429.4,67303.0,67362.1,71362.85,713.6285,48071853.61602,1,126.39999999999418,113.09999999999127,13.30000000000291,126.39999999999418,193.82857142856977
2026-04-04 23:00:00,67362.0,67364.4,67222.6,67267.4,92427.32,924.2732,62194864.15463,1,141.79999999998836,2.2999999999883585,139.5,141.79999999998836,198.49285714285466
2026-04-05 00:00:00,67267.3,67288.1,67122.7,67178.2,102613.89,1026.1389,68965166.14666,1,165.40000000000873,20.70000000001164,144.6999999999971,165.40000000000873,191.23571428571242
2026-04-05 01:00:00,67178.2,67198.1,67042.3,67056.3,107734.79,1077.3479,72286744.36098,1,155.8000000000029,19.90000000000873,135.89999999999418,155.8000000000029,191.81428571428427
2026-04-05 02:00:00,67056.2,67143.8,66880.2,67136.3,200283.23,2002.8323,134233669.30459,1,263.6000000000058,87.5,176.10000000000582,263.6000000000058,200.81428571428427
2026-04-05 03:00:00,67136.3,67157.9,67051.0,67115.1,71145.93,711.4593,47743836.72004,1,106.89999999999418,21.59999999999127,85.30000000000291,106.89999999999418,194.16428571428384
2026-04-05 04:00:00,67115.2,67157.6,67044.5,67070.1,84605.39,846.0539,56767466.31941,1,113.10000000000582,42.5,70.60000000000582,113.10000000000582,187.12142857142732
2026-04-05 05:00:00,67070.1,67125.9,66850.3,66904.3,141366.02,1413.6602,94678473.5135,1,275.59999999999127,55.79999999998836,219.8000000000029,275.59999999999127,177.54285714285547
2026-04-05 06:00:00,66904.3,66920.9,66572.3,66767.1,427443.41,4274.4341,285255453.36377,1,348.59999999999127,16.59999999999127,332.0,348.59999999999127,188.22857142856915
2026-04-05 07:00:00,66767.1,66888.8,66679.5,66785.2,154002.35,1540.0235,102844729.77735,1,209.3000000000029,121.69999999999709,87.60000000000582,209.3000000000029,193.9714285714269
2026-04-05 08:00:00,66785.1,66900.0,66779.0,66894.6,124665.47,1246.6547,83329117.31641,1,121.0,114.80000000000291,6.19999999999709,121.0,192.9714285714269
2026-04-05 09:00:00,66894.7,67049.9,66861.2,66996.8,146950.61,1469.5061,98387379.13492,1,188.6999999999971,155.29999999998836,33.40000000000873,188.6999999999971,186.74285714285568
2026-04-05 10:00:00,66996.8,67116.7,66923.6,67007.2,140871.52,1408.7152,94393752.28048,1,193.09999999999127,119.89999999999418,73.19999999999709,193.09999999999127,191.34285714285528
2026-04-05 11:00:00,67007.3,67050.9,66938.2,66971.8,74295.73,742.9573,49771987.9783,1,112.69999999999709,43.69999999999709,69.0,112.69999999999709,180.14285714285506
2026-04-05 12:00:00,66971.8,66971.9,66650.1,66756.2,268583.5,2685.835,179345705.59038,1,321.79999999998836,0.09999999999126885,321.6999999999971,321.79999999998836,194.0999999999975
2026-04-05 13:00:00,66756.2,66891.0,66666.7,66861.5,176025.99,1760.2599,117555875.03892,1,224.3000000000029,134.8000000000029,89.5,224.3000000000029,199.99285714285568
2026-04-05 14:00:00,66861.4,66937.1,66766.6,66893.1,144466.87,1444.6687,96615611.90163,1,170.5,75.60000000000582,94.89999999999418,170.5,200.3571428571408
2026-04-05 15:00:00,66893.2,67846.1,66800.1,67281.0,971872.73,9718.7273,655016236.18993,1,1046.0,953.0,93.0,1046.0,263.94285714285485
2026-04-05 16:00:00,67281.0,67386.0,67146.9,67187.3,217630.12,2176.3012,146426191.71594,1,239.10000000000582,105.0,134.10000000000582,239.10000000000582,262.19285714285485
2026-04-05 17:00:00,67187.3,67382.5,67160.0,67349.7,125668.09,1256.6809,84549977.63643,1,222.5,195.1999999999971,27.30000000000291,222.5,270.4499999999981
2026-04-05 18:00:00,67349.8,67433.8,67246.4,67387.5,105752.45,1057.5245,71236548.18331,1,187.40000000000873,84.10000000000582,103.30000000000291,187.40000000000873,275.7571428571412
2026-04-05 19:00:00,67387.6,67537.5,67254.7,67335.0,109854.77,1098.5477,74048918.65495,1,282.8000000000029,150.0,132.8000000000029,282.8000000000029,276.27142857142775
2026-04-05 20:00:00,67334.9,67685.9,67309.8,67630.3,133836.29,1338.3629,90411754.75846,1,376.09999999999127,350.8999999999942,25.19999999999709,376.09999999999127,278.23571428571347
2026-04-05 21:00:00,67630.3,67650.3,67381.0,67519.7,138119.72,1381.1972,93236251.42125,1,269.3000000000029,20.0,249.3000000000029,269.3000000000029,282.52142857142775
2026-04-05 22:00:00,67519.7,68347.0,67300.0,68320.8,819613.6,8196.136,556693200.72457,1,1047.0,827.3000000000029,219.6999999999971,1047.0,348.66428571428486
2026-04-05 23:00:00,68320.7,69118.0,68234.4,69008.0,974049.61,9740.4961,669890620.8335,1,883.6000000000058,797.1999999999971,86.40000000000873,883.6000000000058,398.2999999999998
2026-04-06 00:00:00,69008.0,69587.9,69005.5,69061.7,975180.86,9751.8086,675829763.41632,1,582.3999999999942,579.8999999999942,2.5,582.3999999999942,426.10714285714283
2026-04-06 01:00:00,69061.7,69118.1,68767.7,68791.6,426162.51,4261.6251,293612208.31375,1,350.40000000000873,56.40000000000873,294.0,350.40000000000873,443.08571428571514
2026-04-06 02:00:00,68791.6,69380.0,68748.0,69180.1,500225.23,5002.2523,345860550.55413,1,632.0,588.3999999999942,43.60000000000582,632.0,465.2428571428588
2026-04-06 03:00:00,69180.1,69233.5,69031.2,69099.9,190513.47,1905.1347,131682180.42522,1,202.3000000000029,53.39999999999418,148.90000000000873,202.3000000000029,463.6714285714302
2026-04-06 04:00:00,69100.0,69191.5,68948.3,69109.4,183357.21,1833.5721,126656506.09881,1,243.1999999999971,91.60000000000582,151.59999999999127,243.1999999999971,468.8642857142872
2026-04-06 05:00:00,69109.4,69213.0,69058.0,69169.3,116836.34,1168.3634,80795566.50335,1,155.0,103.60000000000582,51.39999999999418,155.0,405.22142857143
2026-04-06 06:00:00,69169.3,69327.7,68736.9,68948.0,566935.45,5669.3545,390967511.59899,1,590.8000000000029,158.39999999999418,432.40000000000873,590.8000000000029,430.3428571428584
2026-04-06 07:00:00,68948.1,69179.5,68782.8,69074.8,223688.6,2236.886,154320336.60236,1,396.6999999999971,231.5,165.1999999999971,396.6999999999971,442.7857142857153
2026-04-06 08:00:00,69074.8,69318.0,69040.6,69180.0,206725.75,2067.2575,143023757.62553,1,277.3999999999942,243.1999999999971,34.19999999999709,277.3999999999942,449.2142857142857
2026-04-06 09:00:00,69180.0,70276.8,69169.8,69700.1,1274859.2,12748.592,889850090.56249,1,1107.0,1096.800000000003,10.19999999999709,1107.0,508.08571428571406
2026-04-06 10:00:00,69700.1,69952.0,69678.0,69749.9,293689.73,2936.8973,204936615.0794,1,274.0,251.89999999999418,22.10000000000582,274.0,500.79285714285754
2026-04-06 11:00:00,69749.9,69749.9,69536.9,69592.5,212896.61,2128.9661,148235440.87865,1,213.0,0.0,213.0,213.0,496.77142857142877
2026-04-06 12:00:00,69592.4,69615.0,69302.0,69349.5,352163.08,3521.6308,244576094.51989,1,313.0,22.5,290.5,313.0,444.3428571428573
2026-04-06 13:00:00,69349.6,69532.8,69201.0,69405.1,443824.1,4438.241,307861844.2337,1,331.8000000000029,183.3000000000029,148.5,331.8000000000029,404.92857142857144
2026-04-06 14:00:00,69405.0,69798.8,69130.0,69618.7,748518.68,7485.1868,519938869.46091,1,668.8000000000029,393.6999999999971,275.1000000000058,668.8000000000029,411.10000000000065
2026-04-06 15:00:00,69618.7,69935.0,69486.3,69923.0,472412.53,4724.1253,329358322.57106,1,448.6999999999971,316.3000000000029,132.39999999999418,448.6999999999971,418.12142857142834
2026-04-06 16:00:00,69923.0,70322.8,69734.9,69750.1,623068.77,6230.6877,436044296.74444,1,587.9000000000087,399.8000000000029,188.10000000000582,587.9000000000087,414.971428571429
2026-04-06 17:00:00,69750.2,69777.9,69225.0,69530.9,553613.03,5536.1303,384629386.90854,1,552.8999999999942,27.79999999998836,525.1000000000058,552.8999999999942,440.0142857142855
2026-04-06 18:00:00,69531.0,69933.3,69434.6,69849.9,326380.24,3263.8024,227579021.61953,1,498.6999999999971,402.40000000000873,96.29999999998836,498.6999999999971,458.2642857142855
2026-04-06 19:00:00,69850.0,69864.7,69536.9,69699.8,170336.82,1703.3682,118742325.49335,1,327.8000000000029,14.80000000000291,313.0,327.8000000000029,470.60714285714283
2026-04-06 20:00:00,69699.8,69947.5,69584.2,69782.2,125246.37,1252.4637,87408921.9394,1,363.3000000000029,247.6999999999971,115.60000000000582,363.3000000000029,454.35714285714283
2026-04-06 21:00:00,69782.1,69786.9,69380.2,69473.0,148026.03,1480.2603,102982414.71244,1,406.6999999999971,4.69999999999709,402.0,406.6999999999971,455.07142857142856
2026-04-06 22:00:00,69472.9,69545.5,68765.0,68768.0,426779.65,4267.7965,294889348.68099,1,780.5,72.5,708.0,780.5,491.00714285714326
2026-04-06 23:00:00,68768.1,68887.7,68269.0,68812.9,704064.14,7040.6414,483015364.26414,1,618.6999999999971,119.69999999999709,499.0,618.6999999999971,456.12857142857166
2026-04-07 00:00:00,68812.9,69100.6,68690.0,68743.8,341059.62,3410.5962,234885770.71246,1,410.6000000000058,287.70000000001164,122.89999999999418,410.6000000000058,465.8857142857149
2026-04-07 01:00:00,68743.7,68868.7,68300.1,68368.1,420082.72,4200.8272,288127776.55244,1,568.5999999999913,124.89999999999418,443.6999999999971,568.5999999999913,491.2857142857143
2026-04-07 02:00:00,68368.0,68685.1,68233.5,68636.9,301861.86,3018.6186,206688742.99946,1,451.6000000000058,317.0,134.60000000000582,451.6000000000058,501.1857142857147
2026-04-07 03:00:00,68636.9,68773.3,68589.2,68745.2,160054.22,1600.5422,109966246.86858,1,184.10000000000582,136.40000000000873,47.69999999999709,184.10000000000582,490.6357142857149
2026-04-07 04:00:00,68745.1,68958.8,68510.7,68814.9,236617.57,2366.1757,162679800.33323,1,448.1000000000058,213.60000000000582,234.5,448.1000000000058,474.8714285714294
2026-04-07 05:00:00,68814.9,68843.2,68588.0,68632.1,155707.66,1557.0766,106970033.48545,1,255.1999999999971,28.30000000000291,226.89999999999418,255.1999999999971,461.0500000000008
2026-04-07 06:00:00,68632.0,68632.1,68408.4,68546.2,192484.23,1924.8423,131876715.41231,1,223.70000000001164,0.0,223.70000000001164,223.70000000001164,435.0357142857153
2026-04-07 07:00:00,68546.2,68690.4,68470.7,68585.4,125295.79,1252.9579,85928201.44209,1,219.6999999999971,144.1999999999971,75.5,219.6999999999971,411.2357142857155
2026-04-07 08:00:00,68585.3,68955.0,68566.1,68907.8,301028.4,3010.284,207111309.93928,1,388.8999999999942,369.6000000000058,19.29999999998836,388.8999999999942,403.3928571428582
2026-04-07 09:00:00,68907.8,69217.7,68888.8,69106.4,399282.25,3992.8225,275809512.15691,1,328.8999999999942,309.8999999999942,19.0,328.8999999999942,403.471428571429
2026-04-07 10:00:00,69106.4,69165.1,68155.0,68199.3,853110.26,8531.1026,584936448.27054,1,1010.1000000000058,58.70000000001164,951.3999999999942,1010.1000000000058,449.6714285714292
2026-04-07 11:00:00,68199.3,68421.0,68006.4,68308.1,551985.44,5519.8544,376702301.63457,1,414.6000000000058,221.6999999999971,192.90000000000873,414.6000000000058,450.2357142857155
2026-04-07 12:00:00,68308.1,68583.2,68044.2,68368.6,448506.21,4485.0621,306254855.66068,1,539.0,275.09999999999127,263.90000000000873,539.0,432.9857142857155
2026-04-07 13:00:00,68368.6,68613.8,68167.9,68205.1,415645.13,4156.4513,284342187.82269,1,445.90000000000873,245.1999999999971,200.70000000001164,445.90000000000873,420.6428571428592
2026-04-07 14:00:00,68205.0,68230.0,67721.1,67828.9,779549.92,7795.4992,529820938.3201,1,508.8999999999942,24.89999999999418,484.0,508.8999999999942,427.66428571428696
2026-04-07 15:00:00,67829.0,68248.0,67680.2,68138.7,502577.25,5025.7725,341708921.49794,1,567.8000000000029,419.1000000000058,148.6999999999971,567.8000000000029,427.60714285714494
2026-04-07 16:00:00,68138.6,68426.6,68050.0,68208.2,348103.78,3481.0378,237538073.40817,1,376.6000000000058,287.90000000000873,88.69999999999709,376.6000000000058,422.2500000000021
2026-04-07 17:00:00,68208.3,68979.5,68153.2,68669.9,563301.99,5633.0199,386401495.58605,1,826.3000000000029,771.3000000000029,55.0,826.3000000000029,468.12142857143044
2026-04-07 18:00:00,68670.0,68745.3,68313.7,68413.3,318341.62,3183.4162,218158767.99178,1,431.6000000000058,75.40000000000873,356.1999999999971,431.6000000000058,466.942857142859
2026-04-07 19:00:00,68413.4,69058.8,68325.0,68975.6,486811.94,4868.1194,334496240.84127,1,733.8000000000029,645.5,88.30000000000291,733.8000000000029,501.1285714285737
2026-04-07 20:00:00,68975.6,69520.0,68975.6,69280.5,551634.68,5516.3468,382273047.8873,1,544.3999999999942,544.3999999999942,0.0,544.3999999999942,524.0357142857154
2026-04-07 21:00:00,69280.4,70186.1,69268.5,69898.0,823863.54,8238.6354,575088809.34617,1,917.6000000000058,905.6000000000058,12.0,917.6000000000058,573.885714285716
2026-04-07 22:00:00,69898.1,71500.0,69898.1,71479.0,1690012.17,16900.1217,1195825528.60988,1,1601.8999999999942,1602.0,0.10000000000582077,1602.0,660.5357142857164
2026-04-07 23:00:00,71479.0,72773.9,71154.1,71904.6,2312753.62,23127.5362,1665478344.69366,1,1619.7999999999884,1294.8999999999942,324.8999999999942,1619.7999999999884,752.7428571428588
2026-04-08 00:00:00,71904.7,72101.7,71518.4,71696.0,633394.12,6333.9412,455001352.63357,1,583.3000000000029,197.09999999999127,386.20000000001164,583.3000000000029,722.2571428571443
2026-04-08 01:00:00,71696.0,71749.8,71430.0,71467.6,288307.36,2883.0736,206282324.60658,1,319.8000000000029,53.80000000000291,266.0,319.8000000000029,715.4857142857155
2026-04-08 02:00:00,71467.6,71711.9,71219.3,71350.0,371225.33,3712.2533,265172765.37185,1,492.59999999999127,244.29999999998836,248.3000000000029,492.59999999999127,712.1714285714291
2026-04-08 03:00:00,71350.0,71500.0,71258.6,71280.1,187186.86,1871.8686,133586732.20163,1,241.39999999999418,150.0,91.39999999999418,241.39999999999418,697.5642857142853
2026-04-08 04:00:00,71280.0,71677.6,71279.0,71551.5,339104.96,3391.0496,242547094.14751,1,398.6000000000058,397.5,1.1000000000058208,398.6000000000058,689.6857142857147
2026-04-08 05:00:00,71551.5,71830.4,71535.2,71715.0,232507.53,2325.0753,166683644.73031,1,295.1999999999971,278.8999999999942,16.30000000000291,295.1999999999971,670.2142857142857
2026-04-08 06:00:00,71715.0,71935.0,71566.1,71719.9,342326.3,3423.263,245722129.39767,1,368.8999999999942,220.0,148.89999999999418,368.8999999999942,669.6642857142849
2026-04-08 07:00:00,71720.0,71894.2,71567.7,71624.2,261742.97,2617.4297,187652307.15153,1,326.5,174.3000000000029,152.1999999999971,326.5,633.9642857142846
2026-04-08 08:00:00,71624.2,71819.7,71624.2,71790.0,221112.34,2211.1234,158593862.34922,1,195.5,195.5,0.0,195.5,617.0999999999985
2026-04-08 09:00:00,71790.0,71965.1,71575.0,71672.0,236306.84,2363.0684,169618754.97526,1,390.1000000000058,175.10000000000582,215.0,390.1000000000058,592.5499999999987
2026-04-08 10:00:00,71672.1,71780.0,71443.2,71462.4,162840.32,1628.4032,116546244.6666,1,336.8000000000029,108.0,228.8000000000029,336.8000000000029,577.721428571428
2026-04-08 11:00:00,71462.3,71713.0,71388.0,71661.3,259645.31,2596.4531,185822382.11315,1,325.0,250.60000000000582,74.39999999999418,325.0,535.3928571428561
2026-04-08 12:00:00,71661.4,72156.0,71555.0,72036.2,499259.86,4992.5986,358847117.00022,1,601.0,494.6999999999971,106.30000000000291,601.0,463.8928571428561
2026-04-08 13:00:00,72036.3,72876.5,71477.0,71567.4,1934027.83,19340.2783,1396642865.9497,1,1399.5,840.3000000000029,559.1999999999971,1399.5,448.1571428571427
2026-04-08 14:00:00,71567.4,71724.5,70670.0,70886.9,1013159.79,10131.5979,720927796.32293,1,1054.5,157.10000000000582,897.3999999999942,1054.5,481.8142857142853
2026-04-08 15:00:00,70887.0,71315.1,70797.9,71265.3,548745.44,5487.4544,390158438.5214,1,517.2000000000116,428.20000000001164,89.0,517.2000000000116,495.91428571428594
2026-04-08 16:00:00,71265.3,71700.0,71210.9,71561.3,456095.81,4560.9581,325688317.64244,1,489.1000000000058,434.6999999999971,54.40000000000873,489.1000000000058,495.66428571428696
2026-04-08 17:00:00,71561.4,71929.9,71440.9,71854.5,454160.68,4541.6068,325699029.2135,1,489.0,368.59999999999127,120.40000000000873,489.0,513.3500000000016
2026-04-08 18:00:00,71854.6,71857.4,71054.2,71073.6,491677.45,4916.7745,351215193.89809,1,803.1999999999971,2.8999999999941792,800.3000000000029,803.1999999999971,542.250000000001
2026-04-08 19:00:00,71073.6,71346.6,70983.5,71294.0,215596.79,2155.9679,153454637.51386,1,363.1000000000058,273.0,90.10000000000582,363.1000000000058,547.1000000000016
2026-04-08 20:00:00,71294.0,71457.6,71252.3,71350.5,138296.19,1382.9619,98698173.86722,1,205.3000000000029,163.60000000000582,41.69999999999709,205.3000000000029,535.414285714288
2026-04-08 21:00:00,71350.6,71718.8,71300.0,71519.9,138909.55,1389.0955,99398753.31145,1,418.8000000000029,368.3000000000029,50.5,418.8000000000029,542.0071428571454
2026-04-08 22:00:00,71520.0,71546.7,71024.4,71027.8,184421.78,1844.2178,131392720.39528,1,522.3000000000029,26.80000000000291,495.5,522.3000000000029,565.3500000000028
2026-04-08 23:00:00,71027.7,71179.0,70863.5,71041.7,223538.16,2235.3816,158702085.02345,1,315.5,151.1999999999971,164.3000000000029,315.5,560.0214285714309
2026-04-09 00:00:00,71041.8,71109.4,70606.0,70780.0,303881.52,3038.8152,215195791.45828,1,503.3999999999942,67.69999999999709,435.6999999999971,503.3999999999942,571.9214285714303
2026-04-09 01:00:00,70780.0,70929.9,70422.0,70892.7,457527.62,4575.2762,323252625.59631,1,507.8999999999942,149.89999999999418,358.0,507.8999999999942,584.9857142857155
2026-04-09 02:00:00,70892.6,71170.0,70774.4,71026.9,278409.9,2784.099,197614645.91569,1,395.6000000000058,277.3000000000029,118.30000000000291,395.6000000000058,570.3142857142874
2026-04-09 03:00:00,71026.9,71087.9,70810.1,70965.7,172019.18,1720.1918,122024619.29046,1,277.79999999998836,61.0,216.79999999998836,277.79999999998836,490.192857142858
2026-04-09 04:00:00,70965.7,70985.0,70680.0,70757.0,167374.72,1673.7472,118545968.74111,1,305.0,19.30000000000291,285.6999999999971,305.0,436.6571428571437
2026-04-09 05:00:00,70757.0,71071.3,70660.7,70959.7,185833.32,1858.3332,131766794.34327,1,410.6000000000058,314.3000000000029,96.30000000000291,410.6000000000058,429.04285714285754
2026-04-09 06:00:00,70959.7,71067.1,70778.6,70994.1,181544.33,1815.4433,128773687.88106,1,288.5,107.40000000000873,181.09999999999127,288.5,414.7142857142857
2026-04-09 07:00:00,70994.1,71086.2,70921.2,70953.8,152002.62,1520.0262,107907149.76247,1,165.0,92.09999999999127,72.90000000000873,165.0,391.57142857142856
2026-04-09 08:00:00,70953.8,71358.3,70831.5,71225.8,378204.47,3782.0447,268995567.94153,1,526.8000000000029,404.5,122.30000000000291,526.8000000000029,371.8285714285718
2026-04-09 09:00:00,71225.8,71548.0,71079.2,71502.5,444617.99,4446.1799,317157756.63911,1,468.8000000000029,322.1999999999971,146.60000000000582,468.8000000000029,379.37857142857166
2026-04-09 10:00:00,71502.6,71505.9,71246.4,71246.5,165749.53,1657.4953,118329192.97041,1,259.5,3.3999999999941792,256.1000000000058,259.5,383.25
2026-04-09 11:00:00,71246.5,71325.0,71020.1,71124.5,253712.65,2537.1265,180528633.09823,1,304.8999999999942,78.5,226.39999999999418,304.8999999999942,375.1142857142851
2026-04-09 12:00:00,71124.5,71316.6,71013.0,71263.6,233998.3,2339.983,166544723.951,1,303.6000000000058,192.10000000000582,111.5,303.6000000000058,359.49285714285674
2026-04-09 13:00:00,71263.7,71337.6,70609.5,70779.8,599273.37,5992.7337,424848894.53782,1,728.1000000000058,74.0,654.1000000000058,728.1000000000058,388.9642857142857
2026-04-09 14:00:00,70779.8,71228.0,70505.0,71090.7,695093.9,6950.939,492516714.0204,1,723.0,448.1999999999971,274.8000000000029,723.0,404.65000000000043
2026-04-09 15:00:00,71090.8,72333.7,70900.0,72105.7,1447394.89,14473.9489,1038881477.35316,1,1433.699999999997,1243.0,190.6999999999971,1433.699999999997,470.77857142857204
2026-04-09 16:00:00,72105.6,72379.3,71666.7,72047.5,839697.96,8396.9796,604978217.47558,1,712.6000000000058,273.6000000000058,439.0,712.6000000000058,493.4214285714292
2026-04-09 17:00:00,72047.6,72518.3,72037.2,72308.6,708292.04,7082.9204,512308837.76113,1,481.1000000000058,470.8000000000029,10.30000000000291,481.1000000000058,507.942857142859
2026-04-09 18:00:00,72308.6,72341.7,71708.5,71858.3,403241.97,4032.4197,289975599.45173,1,633.1999999999971,33.09999999999127,600.1000000000058,633.1999999999971,531.385714285716
2026-04-09 19:00:00,71858.2,72270.0,71718.0,72060.7,331870.79,3318.7079,238966812.87773,1,552.0,411.6999999999971,140.3000000000029,552.0,541.4857142857155
2026-04-09 20:00:00,72060.7,72418.5,71929.1,72374.8,193540.6,1935.406,139784909.5515,1,489.3999999999942,357.8000000000029,131.59999999999127,489.3999999999942,555.8357142857151
2026-04-09 21:00:00,72374.8,72676.0,72107.1,72226.5,279496.94,2794.9694,202260842.01316,1,568.8999999999942,301.1999999999971,267.6999999999971,568.8999999999942,584.6857142857147
2026-04-09 22:00:00,72226.5,73146.1,71911.1,71911.2,776714.58,7767.1458,564052537.02616,1,1235.0,919.6000000000058,315.3999999999942,1235.0,635.2714285714288
2026-04-09 23:00:00,71911.1,71995.1,71541.9,71759.0,507415.11,5074.1511,364148307.6448,1,453.20000000001164,83.90000000000873,369.3000000000029,453.20000000001164,634.1571428571436
2026-04-10 00:00:00,71759.1,72020.3,71543.0,71945.6,334171.79,3341.7179,239908445.02745,1,477.3000000000029,261.3000000000029,216.0,477.3000000000029,649.7142857142868
2026-04-10 01:00:00,71945.7,72355.4,71632.7,72133.4,437285.52,4372.8552,315279975.68267,1,722.6999999999971,409.79999999998836,312.90000000000873,722.6999999999971,679.5571428571441
2026-04-10 02:00:00,72133.3,72264.5,71868.8,71924.9,222835.48,2228.3548,160610061.9063,1,395.6999999999971,131.10000000000582,264.59999999999127,395.6999999999971,686.1357142857149
2026-04-10 03:00:00,71924.9,71999.9,71780.0,71838.2,164980.84,1649.8084,118577104.3559,1,219.89999999999418,75.0,144.89999999999418,219.89999999999418,649.8357142857141
2026-04-10 04:00:00,71838.3,72194.6,71784.1,72086.8,206026.15,2060.2615,148205045.16388,1,410.5,356.40000000000873,54.09999999999127,410.5,627.5142857142855
2026-04-10 05:00:00,72086.9,72258.0,71960.4,72097.0,169317.58,1693.1758,122117392.92252,1,297.6000000000058,171.1999999999971,126.40000000000873,297.6000000000058,546.3642857142861
2026-04-10 06:00:00,72096.9,72150.0,71754.6,71777.0,168118.79,1681.1879,120916194.68358,1,395.3999999999942,53.0,342.3999999999942,395.3999999999942,523.7071428571425
2026-04-10 07:00:00,71777.0,71819.5,71404.1,71463.5,418943.43,4189.4343,300091873.80868,1,415.3999999999942,42.5,372.8999999999942,415.3999999999942,519.0142857142845
2026-04-10 08:00:00,71463.5,71730.0,71388.9,71581.2,377281.92,3772.8192,270006426.76677,1,341.1000000000058,266.5,74.60000000000582,341.1000000000058,498.14999999999935
2026-04-10 09:00:00,71581.1,71846.9,71560.5,71748.1,195568.74,1955.6874,140289346.83774,1,286.3999999999942,265.6999999999971,20.69999999999709,286.3999999999942,479.17857142857036
2026-04-10 10:00:00,71748.1,71896.3,71667.6,71863.2,161443.35,1614.4335,115888631.6847,1,228.6999999999971,148.1999999999971,80.5,228.6999999999971,460.557142857142
2026-04-10 11:00:00,71863.1,72222.0,71858.4,72084.8,365823.26,3658.2326,263748774.63914,1,363.6000000000058,358.8000000000029,4.80000000000291,363.6000000000058,445.89285714285717
2026-04-10 12:00:00,72084.7,72420.0,71960.0,72220.0,621306.45,6213.0645,448599083.25846,1,460.0,335.1999999999971,124.80000000000291,460.0,390.5357142857143
2026-04-10 13:00:00,72220.0,72381.0,71868.8,72289.0,589488.13,5894.8813,425111651.2257,1,512.1999999999971,161.0,351.1999999999971,512.1999999999971,394.749999999999
2026-04-10 14:00:00,72289.0,73125.5,72215.2,72878.5,1308279.65,13082.7965,951996825.08801,1,910.3000000000029,836.5,73.80000000000291,910.3000000000029,425.67857142857036
2026-04-10 15:00:00,72878.6,73288.0,72285.8,72418.3,770351.82,7703.5182,560859472.62007,1,1002.1999999999971,409.5,592.6999999999971,1002.1999999999971,445.6428571428561
2026-04-10 16:00:00,72418.2,73056.7,72348.4,72965.8,538770.61,5387.7061,391839303.33444,1,708.3000000000029,638.3999999999942,69.90000000000873,708.3000000000029,467.97142857142796
2026-04-10 17:00:00,72965.8,73123.0,72768.1,73092.0,250899.77,2508.9977,182996934.3725,1,354.8999999999942,157.1999999999971,197.6999999999971,354.8999999999942,477.6142857142851
2026-04-10 18:00:00,73091.9,73149.5,72840.0,73071.1,193789.77,1937.8977,141421643.14072,1,309.5,57.5,252.0,309.5,470.39999999999935
2026-04-10 19:00:00,73071.2,73248.8,72863.8,73194.0,220556.58,2205.5658,161146731.42696,1,385.0,177.6999999999971,207.3000000000029,385.0,476.6428571428561
2026-04-10 20:00:00,73194.5,73452.3,73012.8,73321.2,319830.31,3198.3031,234247968.07323,1,439.5,258.3000000000029,181.1999999999971,439.5,479.7928571428565
2026-04-10 21:00:00,73321.3,73321.3,72900.0,73163.0,147295.39,1472.9539,107652107.73626,1,421.3000000000029,0.10000000000582077,421.1999999999971,421.3000000000029,480.2142857142857
2026-04-10 22:00:00,73162.9,73220.0,72678.5,72840.8,239777.72,2397.7772,174923904.80719,1,541.5,57.0,484.5,541.5,494.528571428571
2026-04-10 23:00:00,72840.8,72933.3,72746.0,72925.8,99300.94,993.0094,72334898.99783,1,187.3000000000029,92.5,94.80000000000291,187.3000000000029,487.4500000000002
2026-04-11 00:00:00,72925.7,72925.8,72750.0,72799.2,102403.81,1024.0381,74575986.45651,1,175.8000000000029,0.0,175.8000000000029,175.8000000000029,483.6714285714292
2026-04-11 01:00:00,72799.3,72975.0,72616.7,72927.5,139871.05,1398.7105,101809247.30231,1,358.3000000000029,175.8000000000029,182.5,358.3000000000029,483.29285714285754
2026-04-11 02:00:00,72927.5,73073.8,72868.1,72928.8,143405.49,1434.0549,104632164.5792,1,205.6999999999971,146.3000000000029,59.39999999999418,205.6999999999971,465.12857142857166
2026-04-11 03:00:00,72928.8,73047.2,72785.8,72836.9,108653.64,1086.5364,79241778.45058,1,261.3999999999942,118.39999999999418,143.0,261.3999999999942,447.2142857142857
2026-04-11 04:00:00,72837.0,72925.2,72650.6,72781.1,149800.48,1498.0048,108998972.79047,1,274.59999999999127,88.30000000000291,186.29999999998836,274.59999999999127,401.807142857142
2026-04-11 05:00:00,72781.2,72812.0,72642.8,72696.4,99069.34,990.6934,72051520.32814,1,169.1999999999971,30.89999999999418,138.3000000000029,169.1999999999971,342.307142857142
2026-04-11 06:00:00,72696.3,72755.1,72570.3,72738.9,119441.57,1194.4157,86783444.4426,1,184.8000000000029,58.70000000001164,126.09999999999127,184.8000000000029,304.91428571428486
2026-04-11 07:00:00,72739.0,72809.7,72633.6,72719.7,112411.22,1124.1122,81758530.57577,1,176.09999999999127,70.80000000000291,105.29999999998836,176.09999999999127,292.1428571428561
2026-04-11 08:00:00,72719.8,72779.9,72601.0,72636.3,94421.28,944.2128,68641588.309,1,178.89999999999418,60.19999999999709,118.69999999999709,178.89999999999418,282.81428571428427
2026-04-11 09:00:00,72636.3,72884.0,72600.0,72875.2,183876.84,1838.7684,133810682.96345,1,284.0,247.6999999999971,36.30000000000291,284.0,275.59999999999854
2026-04-11 10:00:00,72875.1,72898.4,72728.0,72811.2,120527.89,1205.2789,87744455.79562,1,170.39999999999418,23.19999999999709,147.1999999999971,170.39999999999418,256.37857142856956
2026-04-11 11:00:00,72811.2,72896.0,72787.0,72883.8,77161.34,771.6134,56201338.81336,1,109.0,84.80000000000291,24.19999999999709,109.0,234.07142857142648
2026-04-11 12:00:00,72883.7,72956.5,72787.0,72900.0,128447.29,1284.4729,93618257.43802,1,169.5,72.69999999999709,96.80000000000291,169.5,207.49999999999793
2026-04-11 13:00:00,72900.0,72900.0,72480.4,72628.1,334889.39,3348.8939,243270808.93786,1,419.6000000000058,0.0,419.6000000000058,419.6000000000058,224.09285714285528
2026-04-11 14:00:00,72628.2,72749.4,72578.0,72669.3,106063.24,1060.6324,77069394.53086,1,171.39999999999418,121.29999999998836,50.10000000000582,171.39999999999418,223.77857142856894
2026-04-11 15:00:00,72669.3,72874.1,72648.6,72826.6,162324.12,1623.2412,118098956.68574,1,225.5,204.8000000000029,20.69999999999709,225.5,214.29285714285444
2026-04-11 16:00:00,72826.5,73200.0,72790.0,73000.4,301061.86,3010.6186,219801105.67473,1,410.0,373.3999999999942,36.60000000000582,410.0,228.8857142857118
2026-04-11 17:00:00,73000.4,73142.0,72903.0,73060.3,140491.03,1404.9103,102598708.79648,1,239.0,141.60000000000582,97.39999999999418,239.0,227.2857142857122
2026-04-11 18:00:00,73060.4,73748.5,73002.8,73527.3,546266.16,5462.6616,401260784.16565,1,745.6999999999971,688.1999999999971,57.5,745.6999999999971,260.9357142857126
2026-04-11 19:00:00,73527.4,73799.1,73433.8,73659.6,319181.24,3191.8124,234993986.71088,1,365.3000000000029,271.8000000000029,93.5,365.3000000000029,274.94285714285587
2026-04-11 20:00:00,73659.6,73670.7,73201.6,73274.8,208809.91,2088.0991,153231108.35394,1,469.09999999999127,11.099999999991269,458.0,469.09999999999127,295.2499999999979
2026-04-11 21:00:00,73274.8,73530.4,73166.0,73406.3,134447.91,1344.4791,98649048.27641,1,364.3999999999942,255.59999999999127,108.80000000000291,364.3999999999942,308.6999999999981
2026-04-11 22:00:00,73406.2,73546.3,73210.8,73341.1,128116.76,1281.1676,93973982.71454,1,335.5,140.0,195.5,335.5,319.8857142857128
2026-04-11 23:00:00,73341.1,73341.2,72864.0,73014.7,239979.75,2399.7975,175274179.95955,1,477.1999999999971,0.09999999999126885,477.1000000000058,477.1999999999971,333.6857142857126
2026-04-12 00:00:00,73014.7,73088.0,72823.4,73049.8,157857.11,1578.5711,115218288.04918,1,264.6000000000058,73.30000000000291,191.3000000000029,264.6000000000058,340.41428571428486
2026-04-12 01:00:00,73049.9,73107.1,71270.2,71610.0,1246856.37,12468.5637,897300002.47611,1,1836.9000000000087,57.30000000000291,1779.6000000000058,1836.9000000000087,463.83571428571406
2026-04-12 02:00:00,71609.9,71934.7,71310.5,71725.8,523885.87,5238.8587,375690217.73381,1,624.1999999999971,324.6999999999971,299.5,624.1999999999971,496.3142857142853
2026-04-12 03:00:00,71725.8,71829.5,71557.0,71557.7,262524.52,2625.2452,188115814.79246,1,272.5,103.69999999999709,168.8000000000029,272.5,485.807142857142
2026-04-12 04:00:00,71557.6,71650.0,71411.0,71437.9,205248.84,2052.4884,146781381.90611,1,239.0,92.30000000000291,146.6999999999971,239.0,490.63571428571385
2026-04-12 05:00:00,71437.9,71750.0,71380.0,71664.1,220222.19,2202.2219,157637777.13503,1,370.0,312.1000000000058,57.89999999999418,370.0,500.95714285714246
2026-04-12 06:00:00,71664.2,71726.5,71600.0,71617.1,103361.43,1033.6143,74065925.80728,1,126.5,62.39999999999418,64.10000000000582,126.5,480.70714285714246
2026-04-12 07:00:00,71617.0,71720.0,71541.1,71635.9,126279.6,1262.796,90464864.66363,1,178.89999999999418,102.89999999999418,76.0,178.89999999999418,476.41428571428486
2026-04-12 08:00:00,71635.9,71772.0,71553.4,71591.5,162766.43,1627.6643,116613298.42716,1,218.60000000000582,136.10000000000582,82.5,218.60000000000582,438.7642857142855
2026-04-12 09:00:00,71591.4,71607.4,71480.9,71507.4,118292.85,1182.9285,84628903.49087,1,126.5,15.89999999999418,110.60000000000582,126.5,421.70714285714246
2026-04-12 10:00:00,71507.3,71655.0,71323.0,71425.0,184950.54,1849.5054,132207454.15137,1,332.0,147.60000000000582,184.39999999999418,332.0,411.91428571428594
2026-04-12 11:00:00,71425.0,71519.7,71387.8,71441.4,113648.42,1136.4842,81190576.1014,1,131.89999999999418,94.69999999999709,37.19999999999709,131.89999999999418,395.30714285714305
2026-04-12 12:00:00,71441.3,71477.7,71027.0,71053.9,442302.2,4423.022,315066360.28671,1,450.6999999999971,36.30000000000291,414.3999999999942,450.6999999999971,403.5357142857143
2026-04-12 13:00:00,71053.9,71121.4,70830.4,70861.6,506772.24,5067.7224,359649291.91216,1,291.0,67.5,223.5,291.0,390.2357142857145
2026-04-12 14:00:00,70861.6,71076.2,70660.7,70721.9,382967.88,3829.6788,271341182.06189,1,415.5,214.59999999999127,200.90000000000873,415.5,401.0142857142855
2026-04-12 15:00:00,70722.0,70917.0,70570.0,70869.5,306455.25,3064.5525,216879231.09811,1,347.0,195.10000000000582,151.89999999999418,347.0,294.5928571428563
2026-04-12 16:00:00,70869.5,70934.6,70778.0,70900.1,140240.65,1402.4065,99389618.92979,1,156.60000000000582,65.10000000000582,91.5,156.60000000000582,261.19285714285695
2026-04-12 17:00:00,70900.1,71175.9,70866.0,71120.2,238923.09,2389.2309,169674562.41395,1,309.8999999999942,275.79999999998836,34.10000000000582,309.8999999999942,263.8642857142851
2026-04-12 18:00:00,71120.3,71187.5,71026.0,71094.8,115313.21,1153.1321,81988156.91687,1,161.5,67.30000000000291,94.19999999999709,161.5,258.3285714285708
2026-04-12 19:00:00,71094.9,71140.2,71087.8,71126.9,6380.77,63.8077,4537759.21743,0,52.39999999999418,45.39999999999418,7.0,52.39999999999418,235.64285714285612
2026-04-02 10:00:00,66431.6,66480.1,66177.5,66428.9,220671.56,2206.7156,146361620.0688,1,302.6000000000058,,,302.6000000000058,302.6000000000058
2026-04-02 11:00:00,66429.0,66455.0,66107.3,66179.5,339071.2,3390.712,224793210.31786,1,347.6999999999971,26.10000000000582,321.59999999999127,347.6999999999971,325.15000000000146
2026-04-02 12:00:00,66179.5,66216.7,65914.2,66016.6,497139.79,4971.3979,328468838.45086,1,302.5,37.19999999999709,265.3000000000029,302.5,317.600000000001
2026-04-02 13:00:00,66016.5,66236.5,65653.0,66228.3,757584.2,7575.842,499501781.59077,1,583.5,219.89999999999418,363.6000000000058,583.5,384.0750000000007
2026-04-02 14:00:00,66228.3,67077.0,66121.0,66827.0,1239773.79,12397.7379,826308582.22939,1,956.0,848.6999999999971,107.30000000000291,956.0,498.4600000000006
2026-04-02 15:00:00,66827.0,66960.0,66595.1,66818.1,473484.79,4734.8479,316188390.85248,1,364.8999999999942,133.0,231.89999999999418,364.8999999999942,476.19999999999953
2026-04-02 16:00:00,66818.0,67273.7,66723.4,67058.2,505815.27,5058.1527,339003663.56944,1,550.3000000000029,455.59999999999127,94.70000000001164,550.3000000000029,486.7857142857143
2026-04-02 17:00:00,67058.1,67400.0,66627.0,66653.4,631747.58,6317.4758,423624191.10302,1,773.0,341.8000000000029,431.1999999999971,773.0,522.5625
2026-04-02 18:00:00,66653.5,67040.5,66555.2,66949.9,306944.44,3069.4444,204890409.15099,1,485.3000000000029,387.1000000000058,98.19999999999709,485.3000000000029,518.4222222222226
2026-04-02 19:00:00,66950.0,67077.9,66843.1,66949.9,175003.3,1750.033,117212600.88628,1,234.79999999998836,128.0,106.79999999998836,234.79999999998836,490.05999999999915
2026-04-02 20:00:00,66950.0,67070.7,66766.0,66913.8,122125.87,1221.2587,81725776.93119,1,304.6999999999971,120.80000000000291,183.89999999999418,304.6999999999971,473.20909090908987
2026-04-02 21:00:00,66913.8,66990.7,66682.7,66907.9,94985.97,949.8597,63475596.56752,1,308.0,76.89999999999418,231.10000000000582,308.0,459.4416666666657
2026-04-02 22:00:00,66907.9,67013.8,66790.1,66951.8,92559.01,925.5901,61946842.26121,1,223.6999999999971,105.90000000000873,117.79999999998836,223.6999999999971,441.3076923076912
2026-04-02 23:00:00,66951.7,67070.0,66814.5,66864.5,125930.85,1259.3085,84302225.8332,1,255.5,118.19999999999709,137.3000000000029,255.5,428.03571428571325
2026-04-03 00:00:00,66864.6,66974.0,66675.0,66755.0,124478.22,1244.7822,83144378.29453,1,299.0,109.5,189.5,299.0,427.77857142857
2026-04-03 01:00:00,66755.0,66872.0,66458.0,66591.5,246030.39,2460.3039,163959124.3579,1,414.0,117.0,297.0,414.0,432.5142857142845
2026-04-03 02:00:00,66591.4,66719.9,66250.0,66501.2,340136.92,3401.3692,225954150.57778,1,469.8999999999942,128.39999999999418,341.5,469.8999999999942,444.4714285714269
2026-04-03 03:00:00,66501.2,66688.0,66457.9,66553.3,181976.27,1819.7627,121167548.8383,1,230.10000000000582,186.8000000000029,43.30000000000291,230.10000000000582,419.2285714285702
2026-04-03 04:00:00,66553.1,66661.8,66470.8,66578.6,125860.02,1258.6002,83784579.88409,1,191.0,108.5,82.5,191.0,364.58571428571304
2026-04-03 05:00:00,66578.7,66783.3,66380.0,66583.1,209504.42,2095.0442,139555264.5818,1,403.3000000000029,204.6999999999971,198.60000000000582,403.3000000000029,367.3285714285708
2026-04-03 06:00:00,66583.1,66775.0,66529.4,66769.0,131504.17,1315.0417,87663840.31275,1,245.60000000000582,191.89999999999418,53.70000000001164,245.60000000000582,345.5642857142853
2026-04-03 07:00:00,66769.0,67239.2,66726.2,67015.2,376802.92,3768.0292,252456136.10758,1,513.0,470.1999999999971,42.80000000000291,513.0,326.99285714285674
2026-04-03 08:00:00,67015.2,67279.3,66875.0,66941.4,308225.73,3082.2573,206718648.38998,1,404.3000000000029,264.1000000000058,140.1999999999971,404.3000000000029,321.20714285714246
2026-04-03 09:00:00,66941.3,66986.0,66720.0,66841.0,201059.66,2010.5966,134366920.66082,1,266.0,44.60000000000582,221.39999999999418,266.0,323.4357142857147
2026-04-03 10:00:00,66841.0,66869.0,66650.2,66848.2,147842.79,1478.4279,98716403.19897,1,218.8000000000029,28.0,190.8000000000029,218.8000000000029,317.3000000000008
2026-04-03 11:00:00,66848.2,67038.4,66789.4,66987.2,177255.37,1772.5537,118635733.86438,1,249.0,190.1999999999971,58.80000000000291,249.0,313.08571428571514
2026-04-03 12:00:00,66987.2,67350.0,66607.0,66697.4,573516.24,5735.1624,384169278.88932,1,743.0,362.8000000000029,380.1999999999971,743.0,350.17857142857247
2026-04-03 13:00:00,66697.4,66711.0,66478.5,66646.5,324159.96,3241.5996,215902819.53301,1,232.5,13.60000000000582,218.89999999999418,232.5,348.5357142857153
2026-04-03 14:00:00,66646.5,66960.0,66595.3,66901.0,262543.52,2625.4352,175401659.5183,1,364.6999999999971,313.5,51.19999999999709,364.6999999999971,353.22857142857225
2026-04-03 15:00:00,66900.9,66999.0,66783.8,66808.0,178414.84,1784.1484,119319370.5075,1,215.1999999999971,98.0,117.19999999999709,215.1999999999971,339.02857142857204
2026-04-03 16:00:00,66808.1,67036.0,66792.9,66974.0,129155.91,1291.5591,86442680.97791,1,243.10000000000582,228.0,15.10000000000582,243.10000000000582,322.8285714285729
2026-04-03 17:00:00,66974.0,67035.0,66721.5,66808.6,155353.09,1553.5309,103860716.06802,1,313.5,61.0,252.5,313.5,328.7857142857153
2026-04-03 18:00:00,66808.5,66895.8,66745.0,66777.4,79516.68,795.1668,53133787.75361,1,150.8000000000029,87.19999999999709,63.60000000000582,150.8000000000029,325.91428571428696
2026-04-03 19:00:00,66777.4,66879.3,66737.0,66854.0,63433.5,634.335,42362580.67877,1,142.3000000000029,101.90000000000873,40.39999999999418,142.3000000000029,307.2714285714298
2026-04-03 20:00:00,66854.1,66888.9,66791.1,66791.1,39004.97,390.0497,26071370.87821,1,97.79999999998836,34.89999999999418,62.89999999999418,97.79999999998836,296.7142857142857
2026-04-03 21:00:00,66791.1,66954.7,66784.3,66928.6,56486.31,564.8631,37774066.5391,1,170.39999999999418,163.59999999999127,6.80000000000291,170.39999999999418,272.24285714285674
2026-04-03 22:00:00,66928.5,66948.4,66808.9,66855.1,51693.88,516.9388,34570490.57278,1,139.5,19.79999999998836,119.70000000001164,139.5,253.3285714285708
2026-04-03 23:00:00,66855.1,66929.0,66799.1,66929.0,57632.66,576.3266,38532329.36365,1,129.89999999999418,73.89999999999418,56.0,129.89999999999418,243.6071428571418
2026-04-04 00:00:00,66928.9,66937.4,66839.0,66868.1,51879.02,518.7902,34703037.63526,1,98.39999999999418,8.39999999999418,90.0,98.39999999999418,235.0071428571412
2026-04-04 01:00:00,66868.2,66894.4,66800.0,66824.6,75111.36,751.1136,50202146.81232,1,94.39999999999418,26.29999999998836,68.10000000000582,94.39999999999418,223.96428571428365
2026-04-04 02:00:00,66824.6,66889.5,66780.0,66816.0,48398.14,483.9814,32335319.64743,1,109.5,64.89999999999418,44.60000000000582,109.5,178.71428571428365
2026-04-04 03:00:00,66816.1,66870.0,66800.0,66800.3,44785.29,447.8529,29930361.47529,1,70.0,54.0,16.0,70.0,167.1071428571408
2026-04-04 04:00:00,66800.3,66838.0,66734.5,66828.2,59166.63,591.6663,39524777.34343,1,103.5,37.69999999999709,65.80000000000291,103.5,148.44999999999814
2026-04-04 05:00:00,66828.3,66900.0,66808.2,66875.3,76550.72,765.5072,51180216.63998,1,91.80000000000291,71.80000000000291,20.0,91.80000000000291,139.63571428571282
2026-04-04 06:00:00,66875.3,67013.4,66870.2,66973.6,103931.11,1039.3111,69571037.36819,1,143.1999999999971,138.09999999999127,5.100000000005821,143.1999999999971,132.49999999999793
2026-04-04 07:00:00,66973.6,67011.6,66896.6,66980.0,110511.34,1105.1134,73988819.92675,1,115.0,38.0,77.0,115.0,118.3214285714265
2026-04-04 08:00:00,66980.0,67048.9,66873.9,66908.5,135863.29,1358.6329,90990381.27264,1,175.0,68.89999999999418,106.10000000000582,175.0,120.04999999999771
2026-04-04 09:00:00,66908.6,66959.1,66882.6,66949.9,86044.69,860.4469,57588178.68694,1,76.5,50.60000000000582,25.89999999999418,76.5,115.34999999999751
2026-04-04 10:00:00,66950.0,67142.9,66875.9,67132.6,162574.77,1625.7477,108956023.00235,1,267.0,193.0,74.0,267.0,127.43571428571262
2026-04-04 11:00:00,67132.6,67199.8,67052.1,67129.9,176714.69,1767.1469,118615515.23544,1,147.6999999999971,67.19999999999709,80.5,147.6999999999971,125.81428571428425
2026-04-04 12:00:00,67129.9,67163.3,67025.7,67064.5,98163.45,981.6345,65854554.47508,1,137.60000000000582,33.40000000000873,104.19999999999709,137.60000000000582,125.6785714285704
2026-04-04 13:00:00,67064.5,67250.0,67050.0,67160.4,156415.18,1564.1518,105054816.32196,1,200.0,185.5,14.5,200.0,130.68571428571366
2026-04-04 14:00:00,67160.3,67191.7,66980.0,67172.6,192025.52,1920.2552,128832513.94537,1,211.6999999999971,31.30000000000291,180.39999999999418,211.6999999999971,138.778571428571
2026-04-04 15:00:00,67172.6,67550.0,67140.3,67346.0,481737.83,4817.3783,324402490.31251,1,409.6999999999971,377.3999999999942,32.30000000000291,409.6999999999971,161.29999999999978
2026-04-04 16:00:00,67346.0,67484.2,67285.2,67331.7,214566.68,2145.6668,144594660.13027,1,199.0,138.1999999999971,60.80000000000291,199.0,167.69285714285692
2026-04-04 17:00:00,67331.7,67386.9,67258.0,67305.5,158697.09,1586.9709,106840528.07801,1,128.89999999999418,55.19999999999709,73.69999999999709,128.89999999999418,171.89999999999938
2026-04-04 18:00:00,67305.5,67350.0,67215.0,67260.4,97057.71,970.5771,65304595.51912,1,135.0,44.5,90.5,135.0,174.14999999999938
2026-04-04 19:00:00,67260.3,67517.4,67241.5,67262.3,159249.92,1592.4992,107274681.89267,1,275.8999999999942,257.0,18.89999999999418,275.8999999999942,187.29999999999876
2026-04-04 20:00:00,67262.2,67279.2,67150.5,67240.0,86515.54,865.1554,58151433.8332,1,128.6999999999971,16.89999999999418,111.80000000000291,128.6999999999971,186.26428571428445
2026-04-04 21:00:00,67239.9,67449.5,67180.0,67316.3,64467.38,644.6738,43389923.17507,1,269.5,209.5,60.0,269.5,197.29999999999876
2026-04-04 22:00:00,67316.4,67429.4,67303.0,67362.1,71362.85,713.6285,48071853.61602,1,126.39999999999418,113.09999999999127,13.30000000000291,126.39999999999418,193.82857142856977
2026-04-04 23:00:00,67362.0,67364.4,67222.6,67267.4,92427.32,924.2732,62194864.15463,1,141.79999999998836,2.2999999999883585,139.5,141.79999999998836,198.49285714285466
2026-04-05 00:00:00,67267.3,67288.1,67122.7,67178.2,102613.89,1026.1389,68965166.14666,1,165.40000000000873,20.70000000001164,144.6999999999971,165.40000000000873,191.23571428571242
2026-04-05 01:00:00,67178.2,67198.1,67042.3,67056.3,107734.79,1077.3479,72286744.36098,1,155.8000000000029,19.90000000000873,135.89999999999418,155.8000000000029,191.81428571428427
2026-04-05 02:00:00,67056.2,67143.8,66880.2,67136.3,200283.23,2002.8323,134233669.30459,1,263.6000000000058,87.5,176.10000000000582,263.6000000000058,200.81428571428427
2026-04-05 03:00:00,67136.3,67157.9,67051.0,67115.1,71145.93,711.4593,47743836.72004,1,106.89999999999418,21.59999999999127,85.30000000000291,106.89999999999418,194.16428571428384
2026-04-05 04:00:00,67115.2,67157.6,67044.5,67070.1,84605.39,846.0539,56767466.31941,1,113.10000000000582,42.5,70.60000000000582,113.10000000000582,187.12142857142732
2026-04-05 05:00:00,67070.1,67125.9,66850.3,66904.3,141366.02,1413.6602,94678473.5135,1,275.59999999999127,55.79999999998836,219.8000000000029,275.59999999999127,177.54285714285547
2026-04-05 06:00:00,66904.3,66920.9,66572.3,66767.1,427443.41,4274.4341,285255453.36377,1,348.59999999999127,16.59999999999127,332.0,348.59999999999127,188.22857142856915
2026-04-05 07:00:00,66767.1,66888.8,66679.5,66785.2,154002.35,1540.0235,102844729.77735,1,209.3000000000029,121.69999999999709,87.60000000000582,209.3000000000029,193.9714285714269
2026-04-05 08:00:00,66785.1,66900.0,66779.0,66894.6,124665.47,1246.6547,83329117.31641,1,121.0,114.80000000000291,6.19999999999709,121.0,192.9714285714269
2026-04-05 09:00:00,66894.7,67049.9,66861.2,66996.8,146950.61,1469.5061,98387379.13492,1,188.6999999999971,155.29999999998836,33.40000000000873,188.6999999999971,186.74285714285568
2026-04-05 10:00:00,66996.8,67116.7,66923.6,67007.2,140871.52,1408.7152,94393752.28048,1,193.09999999999127,119.89999999999418,73.19999999999709,193.09999999999127,191.34285714285528
2026-04-05 11:00:00,67007.3,67050.9,66938.2,66971.8,74295.73,742.9573,49771987.9783,1,112.69999999999709,43.69999999999709,69.0,112.69999999999709,180.14285714285506
2026-04-05 12:00:00,66971.8,66971.9,66650.1,66756.2,268583.5,2685.835,179345705.59038,1,321.79999999998836,0.09999999999126885,321.6999999999971,321.79999999998836,194.0999999999975
2026-04-05 13:00:00,66756.2,66891.0,66666.7,66861.5,176025.99,1760.2599,117555875.03892,1,224.3000000000029,134.8000000000029,89.5,224.3000000000029,199.99285714285568
2026-04-05 14:00:00,66861.4,66937.1,66766.6,66893.1,144466.87,1444.6687,96615611.90163,1,170.5,75.60000000000582,94.89999999999418,170.5,200.3571428571408
2026-04-05 15:00:00,66893.2,67846.1,66800.1,67281.0,971872.73,9718.7273,655016236.18993,1,1046.0,953.0,93.0,1046.0,263.94285714285485
2026-04-05 16:00:00,67281.0,67386.0,67146.9,67187.3,217630.12,2176.3012,146426191.71594,1,239.10000000000582,105.0,134.10000000000582,239.10000000000582,262.19285714285485
2026-04-05 17:00:00,67187.3,67382.5,67160.0,67349.7,125668.09,1256.6809,84549977.63643,1,222.5,195.1999999999971,27.30000000000291,222.5,270.4499999999981
2026-04-05 18:00:00,67349.8,67433.8,67246.4,67387.5,105752.45,1057.5245,71236548.18331,1,187.40000000000873,84.10000000000582,103.30000000000291,187.40000000000873,275.7571428571412
2026-04-05 19:00:00,67387.6,67537.5,67254.7,67335.0,109854.77,1098.5477,74048918.65495,1,282.8000000000029,150.0,132.8000000000029,282.8000000000029,276.27142857142775
2026-04-05 20:00:00,67334.9,67685.9,67309.8,67630.3,133836.29,1338.3629,90411754.75846,1,376.09999999999127,350.8999999999942,25.19999999999709,376.09999999999127,278.23571428571347
2026-04-05 21:00:00,67630.3,67650.3,67381.0,67519.7,138119.72,1381.1972,93236251.42125,1,269.3000000000029,20.0,249.3000000000029,269.3000000000029,282.52142857142775
2026-04-05 22:00:00,67519.7,68347.0,67300.0,68320.8,819613.6,8196.136,556693200.72457,1,1047.0,827.3000000000029,219.6999999999971,1047.0,348.66428571428486
2026-04-05 23:00:00,68320.7,69118.0,68234.4,69008.0,974049.61,9740.4961,669890620.8335,1,883.6000000000058,797.1999999999971,86.40000000000873,883.6000000000058,398.2999999999998
2026-04-06 00:00:00,69008.0,69587.9,69005.5,69061.7,975180.86,9751.8086,675829763.41632,1,582.3999999999942,579.8999999999942,2.5,582.3999999999942,426.10714285714283
2026-04-06 01:00:00,69061.7,69118.1,68767.7,68791.6,426162.51,4261.6251,293612208.31375,1,350.40000000000873,56.40000000000873,294.0,350.40000000000873,443.08571428571514
2026-04-06 02:00:00,68791.6,69380.0,68748.0,69180.1,500225.23,5002.2523,345860550.55413,1,632.0,588.3999999999942,43.60000000000582,632.0,465.2428571428588
2026-04-06 03:00:00,69180.1,69233.5,69031.2,69099.9,190513.47,1905.1347,131682180.42522,1,202.3000000000029,53.39999999999418,148.90000000000873,202.3000000000029,463.6714285714302
2026-04-06 04:00:00,69100.0,69191.5,68948.3,69109.4,183357.21,1833.5721,126656506.09881,1,243.1999999999971,91.60000000000582,151.59999999999127,243.1999999999971,468.8642857142872
2026-04-06 05:00:00,69109.4,69213.0,69058.0,69169.3,116836.34,1168.3634,80795566.50335,1,155.0,103.60000000000582,51.39999999999418,155.0,405.22142857143
2026-04-06 06:00:00,69169.3,69327.7,68736.9,68948.0,566935.45,5669.3545,390967511.59899,1,590.8000000000029,158.39999999999418,432.40000000000873,590.8000000000029,430.3428571428584
2026-04-06 07:00:00,68948.1,69179.5,68782.8,69074.8,223688.6,2236.886,154320336.60236,1,396.6999999999971,231.5,165.1999999999971,396.6999999999971,442.7857142857153
2026-04-06 08:00:00,69074.8,69318.0,69040.6,69180.0,206725.75,2067.2575,143023757.62553,1,277.3999999999942,243.1999999999971,34.19999999999709,277.3999999999942,449.2142857142857
2026-04-06 09:00:00,69180.0,70276.8,69169.8,69700.1,1274859.2,12748.592,889850090.56249,1,1107.0,1096.800000000003,10.19999999999709,1107.0,508.08571428571406
2026-04-06 10:00:00,69700.1,69952.0,69678.0,69749.9,293689.73,2936.8973,204936615.0794,1,274.0,251.89999999999418,22.10000000000582,274.0,500.79285714285754
2026-04-06 11:00:00,69749.9,69749.9,69536.9,69592.5,212896.61,2128.9661,148235440.87865,1,213.0,0.0,213.0,213.0,496.77142857142877
2026-04-06 12:00:00,69592.4,69615.0,69302.0,69349.5,352163.08,3521.6308,244576094.51989,1,313.0,22.5,290.5,313.0,444.3428571428573
2026-04-06 13:00:00,69349.6,69532.8,69201.0,69405.1,443824.1,4438.241,307861844.2337,1,331.8000000000029,183.3000000000029,148.5,331.8000000000029,404.92857142857144
2026-04-06 14:00:00,69405.0,69798.8,69130.0,69618.7,748518.68,7485.1868,519938869.46091,1,668.8000000000029,393.6999999999971,275.1000000000058,668.8000000000029,411.10000000000065
2026-04-06 15:00:00,69618.7,69935.0,69486.3,69923.0,472412.53,4724.1253,329358322.57106,1,448.6999999999971,316.3000000000029,132.39999999999418,448.6999999999971,418.12142857142834
2026-04-06 16:00:00,69923.0,70322.8,69734.9,69750.1,623068.77,6230.6877,436044296.74444,1,587.9000000000087,399.8000000000029,188.10000000000582,587.9000000000087,414.971428571429
2026-04-06 17:00:00,69750.2,69777.9,69225.0,69530.9,553613.03,5536.1303,384629386.90854,1,552.8999999999942,27.79999999998836,525.1000000000058,552.8999999999942,440.0142857142855
2026-04-06 18:00:00,69531.0,69933.3,69434.6,69849.9,326380.24,3263.8024,227579021.61953,1,498.6999999999971,402.40000000000873,96.29999999998836,498.6999999999971,458.2642857142855
2026-04-06 19:00:00,69850.0,69864.7,69536.9,69699.8,170336.82,1703.3682,118742325.49335,1,327.8000000000029,14.80000000000291,313.0,327.8000000000029,470.60714285714283
2026-04-06 20:00:00,69699.8,69947.5,69584.2,69782.2,125246.37,1252.4637,87408921.9394,1,363.3000000000029,247.6999999999971,115.60000000000582,363.3000000000029,454.35714285714283
2026-04-06 21:00:00,69782.1,69786.9,69380.2,69473.0,148026.03,1480.2603,102982414.71244,1,406.6999999999971,4.69999999999709,402.0,406.6999999999971,455.07142857142856
2026-04-06 22:00:00,69472.9,69545.5,68765.0,68768.0,426779.65,4267.7965,294889348.68099,1,780.5,72.5,708.0,780.5,491.00714285714326
2026-04-06 23:00:00,68768.1,68887.7,68269.0,68812.9,704064.14,7040.6414,483015364.26414,1,618.6999999999971,119.69999999999709,499.0,618.6999999999971,456.12857142857166
2026-04-07 00:00:00,68812.9,69100.6,68690.0,68743.8,341059.62,3410.5962,234885770.71246,1,410.6000000000058,287.70000000001164,122.89999999999418,410.6000000000058,465.8857142857149
2026-04-07 01:00:00,68743.7,68868.7,68300.1,68368.1,420082.72,4200.8272,288127776.55244,1,568.5999999999913,124.89999999999418,443.6999999999971,568.5999999999913,491.2857142857143
2026-04-07 02:00:00,68368.0,68685.1,68233.5,68636.9,301861.86,3018.6186,206688742.99946,1,451.6000000000058,317.0,134.60000000000582,451.6000000000058,501.1857142857147
2026-04-07 03:00:00,68636.9,68773.3,68589.2,68745.2,160054.22,1600.5422,109966246.86858,1,184.10000000000582,136.40000000000873,47.69999999999709,184.10000000000582,490.6357142857149
2026-04-07 04:00:00,68745.1,68958.8,68510.7,68814.9,236617.57,2366.1757,162679800.33323,1,448.1000000000058,213.60000000000582,234.5,448.1000000000058,474.8714285714294
2026-04-07 05:00:00,68814.9,68843.2,68588.0,68632.1,155707.66,1557.0766,106970033.48545,1,255.1999999999971,28.30000000000291,226.89999999999418,255.1999999999971,461.0500000000008
2026-04-07 06:00:00,68632.0,68632.1,68408.4,68546.2,192484.23,1924.8423,131876715.41231,1,223.70000000001164,0.0,223.70000000001164,223.70000000001164,435.0357142857153
2026-04-07 07:00:00,68546.2,68690.4,68470.7,68585.4,125295.79,1252.9579,85928201.44209,1,219.6999999999971,144.1999999999971,75.5,219.6999999999971,411.2357142857155
2026-04-07 08:00:00,68585.3,68955.0,68566.1,68907.8,301028.4,3010.284,207111309.93928,1,388.8999999999942,369.6000000000058,19.29999999998836,388.8999999999942,403.3928571428582
2026-04-07 09:00:00,68907.8,69217.7,68888.8,69106.4,399282.25,3992.8225,275809512.15691,1,328.8999999999942,309.8999999999942,19.0,328.8999999999942,403.471428571429
2026-04-07 10:00:00,69106.4,69165.1,68155.0,68199.3,853110.26,8531.1026,584936448.27054,1,1010.1000000000058,58.70000000001164,951.3999999999942,1010.1000000000058,449.6714285714292
2026-04-07 11:00:00,68199.3,68421.0,68006.4,68308.1,551985.44,5519.8544,376702301.63457,1,414.6000000000058,221.6999999999971,192.90000000000873,414.6000000000058,450.2357142857155
2026-04-07 12:00:00,68308.1,68583.2,68044.2,68368.6,448506.21,4485.0621,306254855.66068,1,539.0,275.09999999999127,263.90000000000873,539.0,432.9857142857155
2026-04-07 13:00:00,68368.6,68613.8,68167.9,68205.1,415645.13,4156.4513,284342187.82269,1,445.90000000000873,245.1999999999971,200.70000000001164,445.90000000000873,420.6428571428592
2026-04-07 14:00:00,68205.0,68230.0,67721.1,67828.9,779549.92,7795.4992,529820938.3201,1,508.8999999999942,24.89999999999418,484.0,508.8999999999942,427.66428571428696
2026-04-07 15:00:00,67829.0,68248.0,67680.2,68138.7,502577.25,5025.7725,341708921.49794,1,567.8000000000029,419.1000000000058,148.6999999999971,567.8000000000029,427.60714285714494
2026-04-07 16:00:00,68138.6,68426.6,68050.0,68208.2,348103.78,3481.0378,237538073.40817,1,376.6000000000058,287.90000000000873,88.69999999999709,376.6000000000058,422.2500000000021
2026-04-07 17:00:00,68208.3,68979.5,68153.2,68669.9,563301.99,5633.0199,386401495.58605,1,826.3000000000029,771.3000000000029,55.0,826.3000000000029,468.12142857143044
2026-04-07 18:00:00,68670.0,68745.3,68313.7,68413.3,318341.62,3183.4162,218158767.99178,1,431.6000000000058,75.40000000000873,356.1999999999971,431.6000000000058,466.942857142859
2026-04-07 19:00:00,68413.4,69058.8,68325.0,68975.6,486811.94,4868.1194,334496240.84127,1,733.8000000000029,645.5,88.30000000000291,733.8000000000029,501.1285714285737
2026-04-07 20:00:00,68975.6,69520.0,68975.6,69280.5,551634.68,5516.3468,382273047.8873,1,544.3999999999942,544.3999999999942,0.0,544.3999999999942,524.0357142857154
2026-04-07 21:00:00,69280.4,70186.1,69268.5,69898.0,823863.54,8238.6354,575088809.34617,1,917.6000000000058,905.6000000000058,12.0,917.6000000000058,573.885714285716
2026-04-07 22:00:00,69898.1,71500.0,69898.1,71479.0,1690012.17,16900.1217,1195825528.60988,1,1601.8999999999942,1602.0,0.10000000000582077,1602.0,660.5357142857164
2026-04-07 23:00:00,71479.0,72773.9,71154.1,71904.6,2312753.62,23127.5362,1665478344.69366,1,1619.7999999999884,1294.8999999999942,324.8999999999942,1619.7999999999884,752.7428571428588
2026-04-08 00:00:00,71904.7,72101.7,71518.4,71696.0,633394.12,6333.9412,455001352.63357,1,583.3000000000029,197.09999999999127,386.20000000001164,583.3000000000029,722.2571428571443
2026-04-08 01:00:00,71696.0,71749.8,71430.0,71467.6,288307.36,2883.0736,206282324.60658,1,319.8000000000029,53.80000000000291,266.0,319.8000000000029,715.4857142857155
2026-04-08 02:00:00,71467.6,71711.9,71219.3,71350.0,371225.33,3712.2533,265172765.37185,1,492.59999999999127,244.29999999998836,248.3000000000029,492.59999999999127,712.1714285714291
2026-04-08 03:00:00,71350.0,71500.0,71258.6,71280.1,187186.86,1871.8686,133586732.20163,1,241.39999999999418,150.0,91.39999999999418,241.39999999999418,697.5642857142853
2026-04-08 04:00:00,71280.0,71677.6,71279.0,71551.5,339104.96,3391.0496,242547094.14751,1,398.6000000000058,397.5,1.1000000000058208,398.6000000000058,689.6857142857147
2026-04-08 05:00:00,71551.5,71830.4,71535.2,71715.0,232507.53,2325.0753,166683644.73031,1,295.1999999999971,278.8999999999942,16.30000000000291,295.1999999999971,670.2142857142857
2026-04-08 06:00:00,71715.0,71935.0,71566.1,71719.9,342326.3,3423.263,245722129.39767,1,368.8999999999942,220.0,148.89999999999418,368.8999999999942,669.6642857142849
2026-04-08 07:00:00,71720.0,71894.2,71567.7,71624.2,261742.97,2617.4297,187652307.15153,1,326.5,174.3000000000029,152.1999999999971,326.5,633.9642857142846
2026-04-08 08:00:00,71624.2,71819.7,71624.2,71790.0,221112.34,2211.1234,158593862.34922,1,195.5,195.5,0.0,195.5,617.0999999999985
2026-04-08 09:00:00,71790.0,71965.1,71575.0,71672.0,236306.84,2363.0684,169618754.97526,1,390.1000000000058,175.10000000000582,215.0,390.1000000000058,592.5499999999987
2026-04-08 10:00:00,71672.1,71780.0,71443.2,71462.4,162840.32,1628.4032,116546244.6666,1,336.8000000000029,108.0,228.8000000000029,336.8000000000029,577.721428571428
2026-04-08 11:00:00,71462.3,71713.0,71388.0,71661.3,259645.31,2596.4531,185822382.11315,1,325.0,250.60000000000582,74.39999999999418,325.0,535.3928571428561
2026-04-08 12:00:00,71661.4,72156.0,71555.0,72036.2,499259.86,4992.5986,358847117.00022,1,601.0,494.6999999999971,106.30000000000291,601.0,463.8928571428561
2026-04-08 13:00:00,72036.3,72876.5,71477.0,71567.4,1934027.83,19340.2783,1396642865.9497,1,1399.5,840.3000000000029,559.1999999999971,1399.5,448.1571428571427
2026-04-08 14:00:00,71567.4,71724.5,70670.0,70886.9,1013159.79,10131.5979,720927796.32293,1,1054.5,157.10000000000582,897.3999999999942,1054.5,481.8142857142853
2026-04-08 15:00:00,70887.0,71315.1,70797.9,71265.3,548745.44,5487.4544,390158438.5214,1,517.2000000000116,428.20000000001164,89.0,517.2000000000116,495.91428571428594
2026-04-08 16:00:00,71265.3,71700.0,71210.9,71561.3,456095.81,4560.9581,325688317.64244,1,489.1000000000058,434.6999999999971,54.40000000000873,489.1000000000058,495.66428571428696
2026-04-08 17:00:00,71561.4,71929.9,71440.9,71854.5,454160.68,4541.6068,325699029.2135,1,489.0,368.59999999999127,120.40000000000873,489.0,513.3500000000016
2026-04-08 18:00:00,71854.6,71857.4,71054.2,71073.6,491677.45,4916.7745,351215193.89809,1,803.1999999999971,2.8999999999941792,800.3000000000029,803.1999999999971,542.250000000001
2026-04-08 19:00:00,71073.6,71346.6,70983.5,71294.0,215596.79,2155.9679,153454637.51386,1,363.1000000000058,273.0,90.10000000000582,363.1000000000058,547.1000000000016
2026-04-08 20:00:00,71294.0,71457.6,71252.3,71350.5,138296.19,1382.9619,98698173.86722,1,205.3000000000029,163.60000000000582,41.69999999999709,205.3000000000029,535.414285714288
2026-04-08 21:00:00,71350.6,71718.8,71300.0,71519.9,138909.55,1389.0955,99398753.31145,1,418.8000000000029,368.3000000000029,50.5,418.8000000000029,542.0071428571454
2026-04-08 22:00:00,71520.0,71546.7,71024.4,71027.8,184421.78,1844.2178,131392720.39528,1,522.3000000000029,26.80000000000291,495.5,522.3000000000029,565.3500000000028
2026-04-08 23:00:00,71027.7,71179.0,70863.5,71041.7,223538.16,2235.3816,158702085.02345,1,315.5,151.1999999999971,164.3000000000029,315.5,560.0214285714309
2026-04-09 00:00:00,71041.8,71109.4,70606.0,70780.0,303881.52,3038.8152,215195791.45828,1,503.3999999999942,67.69999999999709,435.6999999999971,503.3999999999942,571.9214285714303
2026-04-09 01:00:00,70780.0,70929.9,70422.0,70892.7,457527.62,4575.2762,323252625.59631,1,507.8999999999942,149.89999999999418,358.0,507.8999999999942,584.9857142857155
2026-04-09 02:00:00,70892.6,71170.0,70774.4,71026.9,278409.9,2784.099,197614645.91569,1,395.6000000000058,277.3000000000029,118.30000000000291,395.6000000000058,570.3142857142874
2026-04-09 03:00:00,71026.9,71087.9,70810.1,70965.7,172019.18,1720.1918,122024619.29046,1,277.79999999998836,61.0,216.79999999998836,277.79999999998836,490.192857142858
2026-04-09 04:00:00,70965.7,70985.0,70680.0,70757.0,167374.72,1673.7472,118545968.74111,1,305.0,19.30000000000291,285.6999999999971,305.0,436.6571428571437
2026-04-09 05:00:00,70757.0,71071.3,70660.7,70959.7,185833.32,1858.3332,131766794.34327,1,410.6000000000058,314.3000000000029,96.30000000000291,410.6000000000058,429.04285714285754
2026-04-09 06:00:00,70959.7,71067.1,70778.6,70994.1,181544.33,1815.4433,128773687.88106,1,288.5,107.40000000000873,181.09999999999127,288.5,414.7142857142857
2026-04-09 07:00:00,70994.1,71086.2,70921.2,70953.8,152002.62,1520.0262,107907149.76247,1,165.0,92.09999999999127,72.90000000000873,165.0,391.57142857142856
2026-04-09 08:00:00,70953.8,71358.3,70831.5,71225.8,378204.47,3782.0447,268995567.94153,1,526.8000000000029,404.5,122.30000000000291,526.8000000000029,371.8285714285718
2026-04-09 09:00:00,71225.8,71548.0,71079.2,71502.5,444617.99,4446.1799,317157756.63911,1,468.8000000000029,322.1999999999971,146.60000000000582,468.8000000000029,379.37857142857166
2026-04-09 10:00:00,71502.6,71505.9,71246.4,71246.5,165749.53,1657.4953,118329192.97041,1,259.5,3.3999999999941792,256.1000000000058,259.5,383.25
2026-04-09 11:00:00,71246.5,71325.0,71020.1,71124.5,253712.65,2537.1265,180528633.09823,1,304.8999999999942,78.5,226.39999999999418,304.8999999999942,375.1142857142851
2026-04-09 12:00:00,71124.5,71316.6,71013.0,71263.6,233998.3,2339.983,166544723.951,1,303.6000000000058,192.10000000000582,111.5,303.6000000000058,359.49285714285674
2026-04-09 13:00:00,71263.7,71337.6,70609.5,70779.8,599273.37,5992.7337,424848894.53782,1,728.1000000000058,74.0,654.1000000000058,728.1000000000058,388.9642857142857
2026-04-09 14:00:00,70779.8,71228.0,70505.0,71090.7,695093.9,6950.939,492516714.0204,1,723.0,448.1999999999971,274.8000000000029,723.0,404.65000000000043
2026-04-09 15:00:00,71090.8,72333.7,70900.0,72105.7,1447394.89,14473.9489,1038881477.35316,1,1433.699999999997,1243.0,190.6999999999971,1433.699999999997,470.77857142857204
2026-04-09 16:00:00,72105.6,72379.3,71666.7,72047.5,839697.96,8396.9796,604978217.47558,1,712.6000000000058,273.6000000000058,439.0,712.6000000000058,493.4214285714292
2026-04-09 17:00:00,72047.6,72518.3,72037.2,72308.6,708292.04,7082.9204,512308837.76113,1,481.1000000000058,470.8000000000029,10.30000000000291,481.1000000000058,507.942857142859
2026-04-09 18:00:00,72308.6,72341.7,71708.5,71858.3,403241.97,4032.4197,289975599.45173,1,633.1999999999971,33.09999999999127,600.1000000000058,633.1999999999971,531.385714285716
2026-04-09 19:00:00,71858.2,72270.0,71718.0,72060.7,331870.79,3318.7079,238966812.87773,1,552.0,411.6999999999971,140.3000000000029,552.0,541.4857142857155
2026-04-09 20:00:00,72060.7,72418.5,71929.1,72374.8,193540.6,1935.406,139784909.5515,1,489.3999999999942,357.8000000000029,131.59999999999127,489.3999999999942,555.8357142857151
2026-04-09 21:00:00,72374.8,72676.0,72107.1,72226.5,279496.94,2794.9694,202260842.01316,1,568.8999999999942,301.1999999999971,267.6999999999971,568.8999999999942,584.6857142857147
2026-04-09 22:00:00,72226.5,73146.1,71911.1,71911.2,776714.58,7767.1458,564052537.02616,1,1235.0,919.6000000000058,315.3999999999942,1235.0,635.2714285714288
2026-04-09 23:00:00,71911.1,71995.1,71541.9,71759.0,507415.11,5074.1511,364148307.6448,1,453.20000000001164,83.90000000000873,369.3000000000029,453.20000000001164,634.1571428571436
2026-04-10 00:00:00,71759.1,72020.3,71543.0,71945.6,334171.79,3341.7179,239908445.02745,1,477.3000000000029,261.3000000000029,216.0,477.3000000000029,649.7142857142868
2026-04-10 01:00:00,71945.7,72355.4,71632.7,72133.4,437285.52,4372.8552,315279975.68267,1,722.6999999999971,409.79999999998836,312.90000000000873,722.6999999999971,679.5571428571441
2026-04-10 02:00:00,72133.3,72264.5,71868.8,71924.9,222835.48,2228.3548,160610061.9063,1,395.6999999999971,131.10000000000582,264.59999999999127,395.6999999999971,686.1357142857149
2026-04-10 03:00:00,71924.9,71999.9,71780.0,71838.2,164980.84,1649.8084,118577104.3559,1,219.89999999999418,75.0,144.89999999999418,219.89999999999418,649.8357142857141
2026-04-10 04:00:00,71838.3,72194.6,71784.1,72086.8,206026.15,2060.2615,148205045.16388,1,410.5,356.40000000000873,54.09999999999127,410.5,627.5142857142855
2026-04-10 05:00:00,72086.9,72258.0,71960.4,72097.0,169317.58,1693.1758,122117392.92252,1,297.6000000000058,171.1999999999971,126.40000000000873,297.6000000000058,546.3642857142861
2026-04-10 06:00:00,72096.9,72150.0,71754.6,71777.0,168118.79,1681.1879,120916194.68358,1,395.3999999999942,53.0,342.3999999999942,395.3999999999942,523.7071428571425
2026-04-10 07:00:00,71777.0,71819.5,71404.1,71463.5,418943.43,4189.4343,300091873.80868,1,415.3999999999942,42.5,372.8999999999942,415.3999999999942,519.0142857142845
2026-04-10 08:00:00,71463.5,71730.0,71388.9,71581.2,377281.92,3772.8192,270006426.76677,1,341.1000000000058,266.5,74.60000000000582,341.1000000000058,498.14999999999935
2026-04-10 09:00:00,71581.1,71846.9,71560.5,71748.1,195568.74,1955.6874,140289346.83774,1,286.3999999999942,265.6999999999971,20.69999999999709,286.3999999999942,479.17857142857036
2026-04-10 10:00:00,71748.1,71896.3,71667.6,71863.2,161443.35,1614.4335,115888631.6847,1,228.6999999999971,148.1999999999971,80.5,228.6999999999971,460.557142857142
2026-04-10 11:00:00,71863.1,72222.0,71858.4,72084.8,365823.26,3658.2326,263748774.63914,1,363.6000000000058,358.8000000000029,4.80000000000291,363.6000000000058,445.89285714285717
2026-04-10 12:00:00,72084.7,72420.0,71960.0,72220.0,621306.45,6213.0645,448599083.25846,1,460.0,335.1999999999971,124.80000000000291,460.0,390.5357142857143
2026-04-10 13:00:00,72220.0,72381.0,71868.8,72289.0,589488.13,5894.8813,425111651.2257,1,512.1999999999971,161.0,351.1999999999971,512.1999999999971,394.749999999999
2026-04-10 14:00:00,72289.0,73125.5,72215.2,72878.5,1308279.65,13082.7965,951996825.08801,1,910.3000000000029,836.5,73.80000000000291,910.3000000000029,425.67857142857036
2026-04-10 15:00:00,72878.6,73288.0,72285.8,72418.3,770351.82,7703.5182,560859472.62007,1,1002.1999999999971,409.5,592.6999999999971,1002.1999999999971,445.6428571428561
2026-04-10 16:00:00,72418.2,73056.7,72348.4,72965.8,538770.61,5387.7061,391839303.33444,1,708.3000000000029,638.3999999999942,69.90000000000873,708.3000000000029,467.97142857142796
2026-04-10 17:00:00,72965.8,73123.0,72768.1,73092.0,250899.77,2508.9977,182996934.3725,1,354.8999999999942,157.1999999999971,197.6999999999971,354.8999999999942,477.6142857142851
2026-04-10 18:00:00,73091.9,73149.5,72840.0,73071.1,193789.77,1937.8977,141421643.14072,1,309.5,57.5,252.0,309.5,470.39999999999935
2026-04-10 19:00:00,73071.2,73248.8,72863.8,73194.0,220556.58,2205.5658,161146731.42696,1,385.0,177.6999999999971,207.3000000000029,385.0,476.6428571428561
2026-04-10 20:00:00,73194.5,73452.3,73012.8,73321.2,319830.31,3198.3031,234247968.07323,1,439.5,258.3000000000029,181.1999999999971,439.5,479.7928571428565
2026-04-10 21:00:00,73321.3,73321.3,72900.0,73163.0,147295.39,1472.9539,107652107.73626,1,421.3000000000029,0.10000000000582077,421.1999999999971,421.3000000000029,480.2142857142857
2026-04-10 22:00:00,73162.9,73220.0,72678.5,72840.8,239777.72,2397.7772,174923904.80719,1,541.5,57.0,484.5,541.5,494.528571428571
2026-04-10 23:00:00,72840.8,72933.3,72746.0,72925.8,99300.94,993.0094,72334898.99783,1,187.3000000000029,92.5,94.80000000000291,187.3000000000029,487.4500000000002
2026-04-11 00:00:00,72925.7,72925.8,72750.0,72799.2,102403.81,1024.0381,74575986.45651,1,175.8000000000029,0.0,175.8000000000029,175.8000000000029,483.6714285714292
2026-04-11 01:00:00,72799.3,72975.0,72616.7,72927.5,139871.05,1398.7105,101809247.30231,1,358.3000000000029,175.8000000000029,182.5,358.3000000000029,483.29285714285754
2026-04-11 02:00:00,72927.5,73073.8,72868.1,72928.8,143405.49,1434.0549,104632164.5792,1,205.6999999999971,146.3000000000029,59.39999999999418,205.6999999999971,465.12857142857166
2026-04-11 03:00:00,72928.8,73047.2,72785.8,72836.9,108653.64,1086.5364,79241778.45058,1,261.3999999999942,118.39999999999418,143.0,261.3999999999942,447.2142857142857
2026-04-11 04:00:00,72837.0,72925.2,72650.6,72781.1,149800.48,1498.0048,108998972.79047,1,274.59999999999127,88.30000000000291,186.29999999998836,274.59999999999127,401.807142857142
2026-04-11 05:00:00,72781.2,72812.0,72642.8,72696.4,99069.34,990.6934,72051520.32814,1,169.1999999999971,30.89999999999418,138.3000000000029,169.1999999999971,342.307142857142
2026-04-11 06:00:00,72696.3,72755.1,72570.3,72738.9,119441.57,1194.4157,86783444.4426,1,184.8000000000029,58.70000000001164,126.09999999999127,184.8000000000029,304.91428571428486
2026-04-11 07:00:00,72739.0,72809.7,72633.6,72719.7,112411.22,1124.1122,81758530.57577,1,176.09999999999127,70.80000000000291,105.29999999998836,176.09999999999127,292.1428571428561
2026-04-11 08:00:00,72719.8,72779.9,72601.0,72636.3,94421.28,944.2128,68641588.309,1,178.89999999999418,60.19999999999709,118.69999999999709,178.89999999999418,282.81428571428427
2026-04-11 09:00:00,72636.3,72884.0,72600.0,72875.2,183876.84,1838.7684,133810682.96345,1,284.0,247.6999999999971,36.30000000000291,284.0,275.59999999999854
2026-04-11 10:00:00,72875.1,72898.4,72728.0,72811.2,120527.89,1205.2789,87744455.79562,1,170.39999999999418,23.19999999999709,147.1999999999971,170.39999999999418,256.37857142856956
2026-04-11 11:00:00,72811.2,72896.0,72787.0,72883.8,77161.34,771.6134,56201338.81336,1,109.0,84.80000000000291,24.19999999999709,109.0,234.07142857142648
2026-04-11 12:00:00,72883.7,72956.5,72787.0,72900.0,128447.29,1284.4729,93618257.43802,1,169.5,72.69999999999709,96.80000000000291,169.5,207.49999999999793
2026-04-11 13:00:00,72900.0,72900.0,72480.4,72628.1,334889.39,3348.8939,243270808.93786,1,419.6000000000058,0.0,419.6000000000058,419.6000000000058,224.09285714285528
2026-04-11 14:00:00,72628.2,72749.4,72578.0,72669.3,106063.24,1060.6324,77069394.53086,1,171.39999999999418,121.29999999998836,50.10000000000582,171.39999999999418,223.77857142856894
2026-04-11 15:00:00,72669.3,72874.1,72648.6,72826.6,162324.12,1623.2412,118098956.68574,1,225.5,204.8000000000029,20.69999999999709,225.5,214.29285714285444
2026-04-11 16:00:00,72826.5,73200.0,72790.0,73000.4,301061.86,3010.6186,219801105.67473,1,410.0,373.3999999999942,36.60000000000582,410.0,228.8857142857118
2026-04-11 17:00:00,73000.4,73142.0,72903.0,73060.3,140491.03,1404.9103,102598708.79648,1,239.0,141.60000000000582,97.39999999999418,239.0,227.2857142857122
2026-04-11 18:00:00,73060.4,73748.5,73002.8,73527.3,546266.16,5462.6616,401260784.16565,1,745.6999999999971,688.1999999999971,57.5,745.6999999999971,260.9357142857126
2026-04-11 19:00:00,73527.4,73799.1,73433.8,73659.6,319181.24,3191.8124,234993986.71088,1,365.3000000000029,271.8000000000029,93.5,365.3000000000029,274.94285714285587
2026-04-11 20:00:00,73659.6,73670.7,73201.6,73274.8,208809.91,2088.0991,153231108.35394,1,469.09999999999127,11.099999999991269,458.0,469.09999999999127,295.2499999999979
2026-04-11 21:00:00,73274.8,73530.4,73166.0,73406.3,134447.91,1344.4791,98649048.27641,1,364.3999999999942,255.59999999999127,108.80000000000291,364.3999999999942,308.6999999999981
2026-04-11 22:00:00,73406.2,73546.3,73210.8,73341.1,128116.76,1281.1676,93973982.71454,1,335.5,140.0,195.5,335.5,319.8857142857128
2026-04-11 23:00:00,73341.1,73341.2,72864.0,73014.7,239979.75,2399.7975,175274179.95955,1,477.1999999999971,0.09999999999126885,477.1000000000058,477.1999999999971,333.6857142857126
2026-04-12 00:00:00,73014.7,73088.0,72823.4,73049.8,157857.11,1578.5711,115218288.04918,1,264.6000000000058,73.30000000000291,191.3000000000029,264.6000000000058,340.41428571428486
2026-04-12 01:00:00,73049.9,73107.1,71270.2,71610.0,1246856.37,12468.5637,897300002.47611,1,1836.9000000000087,57.30000000000291,1779.6000000000058,1836.9000000000087,463.83571428571406
2026-04-12 02:00:00,71609.9,71934.7,71310.5,71725.8,523885.87,5238.8587,375690217.73381,1,624.1999999999971,324.6999999999971,299.5,624.1999999999971,496.3142857142853
2026-04-12 03:00:00,71725.8,71829.5,71557.0,71557.7,262524.52,2625.2452,188115814.79246,1,272.5,103.69999999999709,168.8000000000029,272.5,485.807142857142
2026-04-12 04:00:00,71557.6,71650.0,71411.0,71437.9,205248.84,2052.4884,146781381.90611,1,239.0,92.30000000000291,146.6999999999971,239.0,490.63571428571385
2026-04-12 05:00:00,71437.9,71750.0,71380.0,71664.1,220222.19,2202.2219,157637777.13503,1,370.0,312.1000000000058,57.89999999999418,370.0,500.95714285714246
2026-04-12 06:00:00,71664.2,71726.5,71600.0,71617.1,103361.43,1033.6143,74065925.80728,1,126.5,62.39999999999418,64.10000000000582,126.5,480.70714285714246
2026-04-12 07:00:00,71617.0,71720.0,71541.1,71635.9,126279.6,1262.796,90464864.66363,1,178.89999999999418,102.89999999999418,76.0,178.89999999999418,476.41428571428486
2026-04-12 08:00:00,71635.9,71772.0,71553.4,71591.5,162766.43,1627.6643,116613298.42716,1,218.60000000000582,136.10000000000582,82.5,218.60000000000582,438.7642857142855
2026-04-12 09:00:00,71591.4,71607.4,71480.9,71507.4,118292.85,1182.9285,84628903.49087,1,126.5,15.89999999999418,110.60000000000582,126.5,421.70714285714246
2026-04-12 10:00:00,71507.3,71655.0,71323.0,71425.0,184950.54,1849.5054,132207454.15137,1,332.0,147.60000000000582,184.39999999999418,332.0,411.91428571428594
2026-04-12 11:00:00,71425.0,71519.7,71387.8,71441.4,113648.42,1136.4842,81190576.1014,1,131.89999999999418,94.69999999999709,37.19999999999709,131.89999999999418,395.30714285714305
2026-04-12 12:00:00,71441.3,71477.7,71027.0,71053.9,442302.2,4423.022,315066360.28671,1,450.6999999999971,36.30000000000291,414.3999999999942,450.6999999999971,403.5357142857143
2026-04-12 13:00:00,71053.9,71121.4,70830.4,70861.6,506772.24,5067.7224,359649291.91216,1,291.0,67.5,223.5,291.0,390.2357142857145
2026-04-12 14:00:00,70861.6,71076.2,70660.7,70721.9,382967.88,3829.6788,271341182.06189,1,415.5,214.59999999999127,200.90000000000873,415.5,401.0142857142855
2026-04-12 15:00:00,70722.0,70917.0,70570.0,70869.5,306455.25,3064.5525,216879231.09811,1,347.0,195.10000000000582,151.89999999999418,347.0,294.5928571428563
2026-04-12 16:00:00,70869.5,70934.6,70778.0,70900.1,140240.65,1402.4065,99389618.92979,1,156.60000000000582,65.10000000000582,91.5,156.60000000000582,261.19285714285695
2026-04-12 17:00:00,70900.1,71175.9,70866.0,71120.2,238923.09,2389.2309,169674562.41395,1,309.8999999999942,275.79999999998836,34.10000000000582,309.8999999999942,263.8642857142851
2026-04-12 18:00:00,71120.3,71187.5,71026.0,71094.8,115313.21,1153.1321,81988156.91687,1,161.5,67.30000000000291,94.19999999999709,161.5,258.3285714285708
2026-04-12 19:00:00,71094.9,71189.2,71040.2,71051.3,55642.44,556.4244,39569041.57998,0,149.0,94.39999999999418,54.60000000000582,149.0,242.54285714285652
2026-04-02 11:00:00,66429.0,66455.0,66107.3,66179.5,339071.2,3390.712,224793210.31786,1,347.6999999999971,,,347.6999999999971,347.6999999999971
2026-04-02 12:00:00,66179.5,66216.7,65914.2,66016.6,497139.79,4971.3979,328468838.45086,1,302.5,37.19999999999709,265.3000000000029,302.5,325.09999999999854
2026-04-02 13:00:00,66016.5,66236.5,65653.0,66228.3,757584.2,7575.842,499501781.59077,1,583.5,219.89999999999418,363.6000000000058,583.5,411.2333333333324
2026-04-02 14:00:00,66228.3,67077.0,66121.0,66827.0,1239773.79,12397.7379,826308582.22939,1,956.0,848.6999999999971,107.30000000000291,956.0,547.4249999999993
2026-04-02 15:00:00,66827.0,66960.0,66595.1,66818.1,473484.79,4734.8479,316188390.85248,1,364.8999999999942,133.0,231.89999999999418,364.8999999999942,510.91999999999825
2026-04-02 16:00:00,66818.0,67273.7,66723.4,67058.2,505815.27,5058.1527,339003663.56944,1,550.3000000000029,455.59999999999127,94.70000000001164,550.3000000000029,517.4833333333323
2026-04-02 17:00:00,67058.1,67400.0,66627.0,66653.4,631747.58,6317.4758,423624191.10302,1,773.0,341.8000000000029,431.1999999999971,773.0,553.9857142857135
2026-04-02 18:00:00,66653.5,67040.5,66555.2,66949.9,306944.44,3069.4444,204890409.15099,1,485.3000000000029,387.1000000000058,98.19999999999709,485.3000000000029,545.3999999999996
2026-04-02 19:00:00,66950.0,67077.9,66843.1,66949.9,175003.3,1750.033,117212600.88628,1,234.79999999998836,128.0,106.79999999998836,234.79999999998836,510.88888888888727
2026-04-02 20:00:00,66950.0,67070.7,66766.0,66913.8,122125.87,1221.2587,81725776.93119,1,304.6999999999971,120.80000000000291,183.89999999999418,304.6999999999971,490.2699999999983
2026-04-02 21:00:00,66913.8,66990.7,66682.7,66907.9,94985.97,949.8597,63475596.56752,1,308.0,76.89999999999418,231.10000000000582,308.0,473.6999999999984
2026-04-02 22:00:00,66907.9,67013.8,66790.1,66951.8,92559.01,925.5901,61946842.26121,1,223.6999999999971,105.90000000000873,117.79999999998836,223.6999999999971,452.86666666666497
2026-04-02 23:00:00,66951.7,67070.0,66814.5,66864.5,125930.85,1259.3085,84302225.8332,1,255.5,118.19999999999709,137.3000000000029,255.5,437.68461538461383
2026-04-03 00:00:00,66864.6,66974.0,66675.0,66755.0,124478.22,1244.7822,83144378.29453,1,299.0,109.5,189.5,299.0,427.77857142857
2026-04-03 01:00:00,66755.0,66872.0,66458.0,66591.5,246030.39,2460.3039,163959124.3579,1,414.0,117.0,297.0,414.0,432.5142857142845
2026-04-03 02:00:00,66591.4,66719.9,66250.0,66501.2,340136.92,3401.3692,225954150.57778,1,469.8999999999942,128.39999999999418,341.5,469.8999999999942,444.4714285714269
2026-04-03 03:00:00,66501.2,66688.0,66457.9,66553.3,181976.27,1819.7627,121167548.8383,1,230.10000000000582,186.8000000000029,43.30000000000291,230.10000000000582,419.2285714285702
2026-04-03 04:00:00,66553.1,66661.8,66470.8,66578.6,125860.02,1258.6002,83784579.88409,1,191.0,108.5,82.5,191.0,364.58571428571304
2026-04-03 05:00:00,66578.7,66783.3,66380.0,66583.1,209504.42,2095.0442,139555264.5818,1,403.3000000000029,204.6999999999971,198.60000000000582,403.3000000000029,367.3285714285708
2026-04-03 06:00:00,66583.1,66775.0,66529.4,66769.0,131504.17,1315.0417,87663840.31275,1,245.60000000000582,191.89999999999418,53.70000000001164,245.60000000000582,345.5642857142853
2026-04-03 07:00:00,66769.0,67239.2,66726.2,67015.2,376802.92,3768.0292,252456136.10758,1,513.0,470.1999999999971,42.80000000000291,513.0,326.99285714285674
2026-04-03 08:00:00,67015.2,67279.3,66875.0,66941.4,308225.73,3082.2573,206718648.38998,1,404.3000000000029,264.1000000000058,140.1999999999971,404.3000000000029,321.20714285714246
2026-04-03 09:00:00,66941.3,66986.0,66720.0,66841.0,201059.66,2010.5966,134366920.66082,1,266.0,44.60000000000582,221.39999999999418,266.0,323.4357142857147
2026-04-03 10:00:00,66841.0,66869.0,66650.2,66848.2,147842.79,1478.4279,98716403.19897,1,218.8000000000029,28.0,190.8000000000029,218.8000000000029,317.3000000000008
2026-04-03 11:00:00,66848.2,67038.4,66789.4,66987.2,177255.37,1772.5537,118635733.86438,1,249.0,190.1999999999971,58.80000000000291,249.0,313.08571428571514
2026-04-03 12:00:00,66987.2,67350.0,66607.0,66697.4,573516.24,5735.1624,384169278.88932,1,743.0,362.8000000000029,380.1999999999971,743.0,350.17857142857247
2026-04-03 13:00:00,66697.4,66711.0,66478.5,66646.5,324159.96,3241.5996,215902819.53301,1,232.5,13.60000000000582,218.89999999999418,232.5,348.5357142857153
2026-04-03 14:00:00,66646.5,66960.0,66595.3,66901.0,262543.52,2625.4352,175401659.5183,1,364.6999999999971,313.5,51.19999999999709,364.6999999999971,353.22857142857225
2026-04-03 15:00:00,66900.9,66999.0,66783.8,66808.0,178414.84,1784.1484,119319370.5075,1,215.1999999999971,98.0,117.19999999999709,215.1999999999971,339.02857142857204
2026-04-03 16:00:00,66808.1,67036.0,66792.9,66974.0,129155.91,1291.5591,86442680.97791,1,243.10000000000582,228.0,15.10000000000582,243.10000000000582,322.8285714285729
2026-04-03 17:00:00,66974.0,67035.0,66721.5,66808.6,155353.09,1553.5309,103860716.06802,1,313.5,61.0,252.5,313.5,328.7857142857153
2026-04-03 18:00:00,66808.5,66895.8,66745.0,66777.4,79516.68,795.1668,53133787.75361,1,150.8000000000029,87.19999999999709,63.60000000000582,150.8000000000029,325.91428571428696
2026-04-03 19:00:00,66777.4,66879.3,66737.0,66854.0,63433.5,634.335,42362580.67877,1,142.3000000000029,101.90000000000873,40.39999999999418,142.3000000000029,307.2714285714298
2026-04-03 20:00:00,66854.1,66888.9,66791.1,66791.1,39004.97,390.0497,26071370.87821,1,97.79999999998836,34.89999999999418,62.89999999999418,97.79999999998836,296.7142857142857
2026-04-03 21:00:00,66791.1,66954.7,66784.3,66928.6,56486.31,564.8631,37774066.5391,1,170.39999999999418,163.59999999999127,6.80000000000291,170.39999999999418,272.24285714285674
2026-04-03 22:00:00,66928.5,66948.4,66808.9,66855.1,51693.88,516.9388,34570490.57278,1,139.5,19.79999999998836,119.70000000001164,139.5,253.3285714285708
2026-04-03 23:00:00,66855.1,66929.0,66799.1,66929.0,57632.66,576.3266,38532329.36365,1,129.89999999999418,73.89999999999418,56.0,129.89999999999418,243.6071428571418
2026-04-04 00:00:00,66928.9,66937.4,66839.0,66868.1,51879.02,518.7902,34703037.63526,1,98.39999999999418,8.39999999999418,90.0,98.39999999999418,235.0071428571412
2026-04-04 01:00:00,66868.2,66894.4,66800.0,66824.6,75111.36,751.1136,50202146.81232,1,94.39999999999418,26.29999999998836,68.10000000000582,94.39999999999418,223.96428571428365
2026-04-04 02:00:00,66824.6,66889.5,66780.0,66816.0,48398.14,483.9814,32335319.64743,1,109.5,64.89999999999418,44.60000000000582,109.5,178.71428571428365
2026-04-04 03:00:00,66816.1,66870.0,66800.0,66800.3,44785.29,447.8529,29930361.47529,1,70.0,54.0,16.0,70.0,167.1071428571408
2026-04-04 04:00:00,66800.3,66838.0,66734.5,66828.2,59166.63,591.6663,39524777.34343,1,103.5,37.69999999999709,65.80000000000291,103.5,148.44999999999814
2026-04-04 05:00:00,66828.3,66900.0,66808.2,66875.3,76550.72,765.5072,51180216.63998,1,91.80000000000291,71.80000000000291,20.0,91.80000000000291,139.63571428571282
2026-04-04 06:00:00,66875.3,67013.4,66870.2,66973.6,103931.11,1039.3111,69571037.36819,1,143.1999999999971,138.09999999999127,5.100000000005821,143.1999999999971,132.49999999999793
2026-04-04 07:00:00,66973.6,67011.6,66896.6,66980.0,110511.34,1105.1134,73988819.92675,1,115.0,38.0,77.0,115.0,118.3214285714265
2026-04-04 08:00:00,66980.0,67048.9,66873.9,66908.5,135863.29,1358.6329,90990381.27264,1,175.0,68.89999999999418,106.10000000000582,175.0,120.04999999999771
2026-04-04 09:00:00,66908.6,66959.1,66882.6,66949.9,86044.69,860.4469,57588178.68694,1,76.5,50.60000000000582,25.89999999999418,76.5,115.34999999999751
2026-04-04 10:00:00,66950.0,67142.9,66875.9,67132.6,162574.77,1625.7477,108956023.00235,1,267.0,193.0,74.0,267.0,127.43571428571262
2026-04-04 11:00:00,67132.6,67199.8,67052.1,67129.9,176714.69,1767.1469,118615515.23544,1,147.6999999999971,67.19999999999709,80.5,147.6999999999971,125.81428571428425
2026-04-04 12:00:00,67129.9,67163.3,67025.7,67064.5,98163.45,981.6345,65854554.47508,1,137.60000000000582,33.40000000000873,104.19999999999709,137.60000000000582,125.6785714285704
2026-04-04 13:00:00,67064.5,67250.0,67050.0,67160.4,156415.18,1564.1518,105054816.32196,1,200.0,185.5,14.5,200.0,130.68571428571366
2026-04-04 14:00:00,67160.3,67191.7,66980.0,67172.6,192025.52,1920.2552,128832513.94537,1,211.6999999999971,31.30000000000291,180.39999999999418,211.6999999999971,138.778571428571
2026-04-04 15:00:00,67172.6,67550.0,67140.3,67346.0,481737.83,4817.3783,324402490.31251,1,409.6999999999971,377.3999999999942,32.30000000000291,409.6999999999971,161.29999999999978
2026-04-04 16:00:00,67346.0,67484.2,67285.2,67331.7,214566.68,2145.6668,144594660.13027,1,199.0,138.1999999999971,60.80000000000291,199.0,167.69285714285692
2026-04-04 17:00:00,67331.7,67386.9,67258.0,67305.5,158697.09,1586.9709,106840528.07801,1,128.89999999999418,55.19999999999709,73.69999999999709,128.89999999999418,171.89999999999938
2026-04-04 18:00:00,67305.5,67350.0,67215.0,67260.4,97057.71,970.5771,65304595.51912,1,135.0,44.5,90.5,135.0,174.14999999999938
2026-04-04 19:00:00,67260.3,67517.4,67241.5,67262.3,159249.92,1592.4992,107274681.89267,1,275.8999999999942,257.0,18.89999999999418,275.8999999999942,187.29999999999876
2026-04-04 20:00:00,67262.2,67279.2,67150.5,67240.0,86515.54,865.1554,58151433.8332,1,128.6999999999971,16.89999999999418,111.80000000000291,128.6999999999971,186.26428571428445
2026-04-04 21:00:00,67239.9,67449.5,67180.0,67316.3,64467.38,644.6738,43389923.17507,1,269.5,209.5,60.0,269.5,197.29999999999876
2026-04-04 22:00:00,67316.4,67429.4,67303.0,67362.1,71362.85,713.6285,48071853.61602,1,126.39999999999418,113.09999999999127,13.30000000000291,126.39999999999418,193.82857142856977
2026-04-04 23:00:00,67362.0,67364.4,67222.6,67267.4,92427.32,924.2732,62194864.15463,1,141.79999999998836,2.2999999999883585,139.5,141.79999999998836,198.49285714285466
2026-04-05 00:00:00,67267.3,67288.1,67122.7,67178.2,102613.89,1026.1389,68965166.14666,1,165.40000000000873,20.70000000001164,144.6999999999971,165.40000000000873,191.23571428571242
2026-04-05 01:00:00,67178.2,67198.1,67042.3,67056.3,107734.79,1077.3479,72286744.36098,1,155.8000000000029,19.90000000000873,135.89999999999418,155.8000000000029,191.81428571428427
2026-04-05 02:00:00,67056.2,67143.8,66880.2,67136.3,200283.23,2002.8323,134233669.30459,1,263.6000000000058,87.5,176.10000000000582,263.6000000000058,200.81428571428427
2026-04-05 03:00:00,67136.3,67157.9,67051.0,67115.1,71145.93,711.4593,47743836.72004,1,106.89999999999418,21.59999999999127,85.30000000000291,106.89999999999418,194.16428571428384
2026-04-05 04:00:00,67115.2,67157.6,67044.5,67070.1,84605.39,846.0539,56767466.31941,1,113.10000000000582,42.5,70.60000000000582,113.10000000000582,187.12142857142732
2026-04-05 05:00:00,67070.1,67125.9,66850.3,66904.3,141366.02,1413.6602,94678473.5135,1,275.59999999999127,55.79999999998836,219.8000000000029,275.59999999999127,177.54285714285547
2026-04-05 06:00:00,66904.3,66920.9,66572.3,66767.1,427443.41,4274.4341,285255453.36377,1,348.59999999999127,16.59999999999127,332.0,348.59999999999127,188.22857142856915
2026-04-05 07:00:00,66767.1,66888.8,66679.5,66785.2,154002.35,1540.0235,102844729.77735,1,209.3000000000029,121.69999999999709,87.60000000000582,209.3000000000029,193.9714285714269
2026-04-05 08:00:00,66785.1,66900.0,66779.0,66894.6,124665.47,1246.6547,83329117.31641,1,121.0,114.80000000000291,6.19999999999709,121.0,192.9714285714269
2026-04-05 09:00:00,66894.7,67049.9,66861.2,66996.8,146950.61,1469.5061,98387379.13492,1,188.6999999999971,155.29999999998836,33.40000000000873,188.6999999999971,186.74285714285568
2026-04-05 10:00:00,66996.8,67116.7,66923.6,67007.2,140871.52,1408.7152,94393752.28048,1,193.09999999999127,119.89999999999418,73.19999999999709,193.09999999999127,191.34285714285528
2026-04-05 11:00:00,67007.3,67050.9,66938.2,66971.8,74295.73,742.9573,49771987.9783,1,112.69999999999709,43.69999999999709,69.0,112.69999999999709,180.14285714285506
2026-04-05 12:00:00,66971.8,66971.9,66650.1,66756.2,268583.5,2685.835,179345705.59038,1,321.79999999998836,0.09999999999126885,321.6999999999971,321.79999999998836,194.0999999999975
2026-04-05 13:00:00,66756.2,66891.0,66666.7,66861.5,176025.99,1760.2599,117555875.03892,1,224.3000000000029,134.8000000000029,89.5,224.3000000000029,199.99285714285568
2026-04-05 14:00:00,66861.4,66937.1,66766.6,66893.1,144466.87,1444.6687,96615611.90163,1,170.5,75.60000000000582,94.89999999999418,170.5,200.3571428571408
2026-04-05 15:00:00,66893.2,67846.1,66800.1,67281.0,971872.73,9718.7273,655016236.18993,1,1046.0,953.0,93.0,1046.0,263.94285714285485
2026-04-05 16:00:00,67281.0,67386.0,67146.9,67187.3,217630.12,2176.3012,146426191.71594,1,239.10000000000582,105.0,134.10000000000582,239.10000000000582,262.19285714285485
2026-04-05 17:00:00,67187.3,67382.5,67160.0,67349.7,125668.09,1256.6809,84549977.63643,1,222.5,195.1999999999971,27.30000000000291,222.5,270.4499999999981
2026-04-05 18:00:00,67349.8,67433.8,67246.4,67387.5,105752.45,1057.5245,71236548.18331,1,187.40000000000873,84.10000000000582,103.30000000000291,187.40000000000873,275.7571428571412
2026-04-05 19:00:00,67387.6,67537.5,67254.7,67335.0,109854.77,1098.5477,74048918.65495,1,282.8000000000029,150.0,132.8000000000029,282.8000000000029,276.27142857142775
2026-04-05 20:00:00,67334.9,67685.9,67309.8,67630.3,133836.29,1338.3629,90411754.75846,1,376.09999999999127,350.8999999999942,25.19999999999709,376.09999999999127,278.23571428571347
2026-04-05 21:00:00,67630.3,67650.3,67381.0,67519.7,138119.72,1381.1972,93236251.42125,1,269.3000000000029,20.0,249.3000000000029,269.3000000000029,282.52142857142775
2026-04-05 22:00:00,67519.7,68347.0,67300.0,68320.8,819613.6,8196.136,556693200.72457,1,1047.0,827.3000000000029,219.6999999999971,1047.0,348.66428571428486
2026-04-05 23:00:00,68320.7,69118.0,68234.4,69008.0,974049.61,9740.4961,669890620.8335,1,883.6000000000058,797.1999999999971,86.40000000000873,883.6000000000058,398.2999999999998
2026-04-06 00:00:00,69008.0,69587.9,69005.5,69061.7,975180.86,9751.8086,675829763.41632,1,582.3999999999942,579.8999999999942,2.5,582.3999999999942,426.10714285714283
2026-04-06 01:00:00,69061.7,69118.1,68767.7,68791.6,426162.51,4261.6251,293612208.31375,1,350.40000000000873,56.40000000000873,294.0,350.40000000000873,443.08571428571514
2026-04-06 02:00:00,68791.6,69380.0,68748.0,69180.1,500225.23,5002.2523,345860550.55413,1,632.0,588.3999999999942,43.60000000000582,632.0,465.2428571428588
2026-04-06 03:00:00,69180.1,69233.5,69031.2,69099.9,190513.47,1905.1347,131682180.42522,1,202.3000000000029,53.39999999999418,148.90000000000873,202.3000000000029,463.6714285714302
2026-04-06 04:00:00,69100.0,69191.5,68948.3,69109.4,183357.21,1833.5721,126656506.09881,1,243.1999999999971,91.60000000000582,151.59999999999127,243.1999999999971,468.8642857142872
2026-04-06 05:00:00,69109.4,69213.0,69058.0,69169.3,116836.34,1168.3634,80795566.50335,1,155.0,103.60000000000582,51.39999999999418,155.0,405.22142857143
2026-04-06 06:00:00,69169.3,69327.7,68736.9,68948.0,566935.45,5669.3545,390967511.59899,1,590.8000000000029,158.39999999999418,432.40000000000873,590.8000000000029,430.3428571428584
2026-04-06 07:00:00,68948.1,69179.5,68782.8,69074.8,223688.6,2236.886,154320336.60236,1,396.6999999999971,231.5,165.1999999999971,396.6999999999971,442.7857142857153
2026-04-06 08:00:00,69074.8,69318.0,69040.6,69180.0,206725.75,2067.2575,143023757.62553,1,277.3999999999942,243.1999999999971,34.19999999999709,277.3999999999942,449.2142857142857
2026-04-06 09:00:00,69180.0,70276.8,69169.8,69700.1,1274859.2,12748.592,889850090.56249,1,1107.0,1096.800000000003,10.19999999999709,1107.0,508.08571428571406
2026-04-06 10:00:00,69700.1,69952.0,69678.0,69749.9,293689.73,2936.8973,204936615.0794,1,274.0,251.89999999999418,22.10000000000582,274.0,500.79285714285754
2026-04-06 11:00:00,69749.9,69749.9,69536.9,69592.5,212896.61,2128.9661,148235440.87865,1,213.0,0.0,213.0,213.0,496.77142857142877
2026-04-06 12:00:00,69592.4,69615.0,69302.0,69349.5,352163.08,3521.6308,244576094.51989,1,313.0,22.5,290.5,313.0,444.3428571428573
2026-04-06 13:00:00,69349.6,69532.8,69201.0,69405.1,443824.1,4438.241,307861844.2337,1,331.8000000000029,183.3000000000029,148.5,331.8000000000029,404.92857142857144
2026-04-06 14:00:00,69405.0,69798.8,69130.0,69618.7,748518.68,7485.1868,519938869.46091,1,668.8000000000029,393.6999999999971,275.1000000000058,668.8000000000029,411.10000000000065
2026-04-06 15:00:00,69618.7,69935.0,69486.3,69923.0,472412.53,4724.1253,329358322.57106,1,448.6999999999971,316.3000000000029,132.39999999999418,448.6999999999971,418.12142857142834
2026-04-06 16:00:00,69923.0,70322.8,69734.9,69750.1,623068.77,6230.6877,436044296.74444,1,587.9000000000087,399.8000000000029,188.10000000000582,587.9000000000087,414.971428571429
2026-04-06 17:00:00,69750.2,69777.9,69225.0,69530.9,553613.03,5536.1303,384629386.90854,1,552.8999999999942,27.79999999998836,525.1000000000058,552.8999999999942,440.0142857142855
2026-04-06 18:00:00,69531.0,69933.3,69434.6,69849.9,326380.24,3263.8024,227579021.61953,1,498.6999999999971,402.40000000000873,96.29999999998836,498.6999999999971,458.2642857142855
2026-04-06 19:00:00,69850.0,69864.7,69536.9,69699.8,170336.82,1703.3682,118742325.49335,1,327.8000000000029,14.80000000000291,313.0,327.8000000000029,470.60714285714283
2026-04-06 20:00:00,69699.8,69947.5,69584.2,69782.2,125246.37,1252.4637,87408921.9394,1,363.3000000000029,247.6999999999971,115.60000000000582,363.3000000000029,454.35714285714283
2026-04-06 21:00:00,69782.1,69786.9,69380.2,69473.0,148026.03,1480.2603,102982414.71244,1,406.6999999999971,4.69999999999709,402.0,406.6999999999971,455.07142857142856
2026-04-06 22:00:00,69472.9,69545.5,68765.0,68768.0,426779.65,4267.7965,294889348.68099,1,780.5,72.5,708.0,780.5,491.00714285714326
2026-04-06 23:00:00,68768.1,68887.7,68269.0,68812.9,704064.14,7040.6414,483015364.26414,1,618.6999999999971,119.69999999999709,499.0,618.6999999999971,456.12857142857166
2026-04-07 00:00:00,68812.9,69100.6,68690.0,68743.8,341059.62,3410.5962,234885770.71246,1,410.6000000000058,287.70000000001164,122.89999999999418,410.6000000000058,465.8857142857149
2026-04-07 01:00:00,68743.7,68868.7,68300.1,68368.1,420082.72,4200.8272,288127776.55244,1,568.5999999999913,124.89999999999418,443.6999999999971,568.5999999999913,491.2857142857143
2026-04-07 02:00:00,68368.0,68685.1,68233.5,68636.9,301861.86,3018.6186,206688742.99946,1,451.6000000000058,317.0,134.60000000000582,451.6000000000058,501.1857142857147
2026-04-07 03:00:00,68636.9,68773.3,68589.2,68745.2,160054.22,1600.5422,109966246.86858,1,184.10000000000582,136.40000000000873,47.69999999999709,184.10000000000582,490.6357142857149
2026-04-07 04:00:00,68745.1,68958.8,68510.7,68814.9,236617.57,2366.1757,162679800.33323,1,448.1000000000058,213.60000000000582,234.5,448.1000000000058,474.8714285714294
2026-04-07 05:00:00,68814.9,68843.2,68588.0,68632.1,155707.66,1557.0766,106970033.48545,1,255.1999999999971,28.30000000000291,226.89999999999418,255.1999999999971,461.0500000000008
2026-04-07 06:00:00,68632.0,68632.1,68408.4,68546.2,192484.23,1924.8423,131876715.41231,1,223.70000000001164,0.0,223.70000000001164,223.70000000001164,435.0357142857153
2026-04-07 07:00:00,68546.2,68690.4,68470.7,68585.4,125295.79,1252.9579,85928201.44209,1,219.6999999999971,144.1999999999971,75.5,219.6999999999971,411.2357142857155
2026-04-07 08:00:00,68585.3,68955.0,68566.1,68907.8,301028.4,3010.284,207111309.93928,1,388.8999999999942,369.6000000000058,19.29999999998836,388.8999999999942,403.3928571428582
2026-04-07 09:00:00,68907.8,69217.7,68888.8,69106.4,399282.25,3992.8225,275809512.15691,1,328.8999999999942,309.8999999999942,19.0,328.8999999999942,403.471428571429
2026-04-07 10:00:00,69106.4,69165.1,68155.0,68199.3,853110.26,8531.1026,584936448.27054,1,1010.1000000000058,58.70000000001164,951.3999999999942,1010.1000000000058,449.6714285714292
2026-04-07 11:00:00,68199.3,68421.0,68006.4,68308.1,551985.44,5519.8544,376702301.63457,1,414.6000000000058,221.6999999999971,192.90000000000873,414.6000000000058,450.2357142857155
2026-04-07 12:00:00,68308.1,68583.2,68044.2,68368.6,448506.21,4485.0621,306254855.66068,1,539.0,275.09999999999127,263.90000000000873,539.0,432.9857142857155
2026-04-07 13:00:00,68368.6,68613.8,68167.9,68205.1,415645.13,4156.4513,284342187.82269,1,445.90000000000873,245.1999999999971,200.70000000001164,445.90000000000873,420.6428571428592
2026-04-07 14:00:00,68205.0,68230.0,67721.1,67828.9,779549.92,7795.4992,529820938.3201,1,508.8999999999942,24.89999999999418,484.0,508.8999999999942,427.66428571428696
2026-04-07 15:00:00,67829.0,68248.0,67680.2,68138.7,502577.25,5025.7725,341708921.49794,1,567.8000000000029,419.1000000000058,148.6999999999971,567.8000000000029,427.60714285714494
2026-04-07 16:00:00,68138.6,68426.6,68050.0,68208.2,348103.78,3481.0378,237538073.40817,1,376.6000000000058,287.90000000000873,88.69999999999709,376.6000000000058,422.2500000000021
2026-04-07 17:00:00,68208.3,68979.5,68153.2,68669.9,563301.99,5633.0199,386401495.58605,1,826.3000000000029,771.3000000000029,55.0,826.3000000000029,468.12142857143044
2026-04-07 18:00:00,68670.0,68745.3,68313.7,68413.3,318341.62,3183.4162,218158767.99178,1,431.6000000000058,75.40000000000873,356.1999999999971,431.6000000000058,466.942857142859
2026-04-07 19:00:00,68413.4,69058.8,68325.0,68975.6,486811.94,4868.1194,334496240.84127,1,733.8000000000029,645.5,88.30000000000291,733.8000000000029,501.1285714285737
2026-04-07 20:00:00,68975.6,69520.0,68975.6,69280.5,551634.68,5516.3468,382273047.8873,1,544.3999999999942,544.3999999999942,0.0,544.3999999999942,524.0357142857154
2026-04-07 21:00:00,69280.4,70186.1,69268.5,69898.0,823863.54,8238.6354,575088809.34617,1,917.6000000000058,905.6000000000058,12.0,917.6000000000058,573.885714285716
2026-04-07 22:00:00,69898.1,71500.0,69898.1,71479.0,1690012.17,16900.1217,1195825528.60988,1,1601.8999999999942,1602.0,0.10000000000582077,1602.0,660.5357142857164
2026-04-07 23:00:00,71479.0,72773.9,71154.1,71904.6,2312753.62,23127.5362,1665478344.69366,1,1619.7999999999884,1294.8999999999942,324.8999999999942,1619.7999999999884,752.7428571428588
2026-04-08 00:00:00,71904.7,72101.7,71518.4,71696.0,633394.12,6333.9412,455001352.63357,1,583.3000000000029,197.09999999999127,386.20000000001164,583.3000000000029,722.2571428571443
2026-04-08 01:00:00,71696.0,71749.8,71430.0,71467.6,288307.36,2883.0736,206282324.60658,1,319.8000000000029,53.80000000000291,266.0,319.8000000000029,715.4857142857155
2026-04-08 02:00:00,71467.6,71711.9,71219.3,71350.0,371225.33,3712.2533,265172765.37185,1,492.59999999999127,244.29999999998836,248.3000000000029,492.59999999999127,712.1714285714291
2026-04-08 03:00:00,71350.0,71500.0,71258.6,71280.1,187186.86,1871.8686,133586732.20163,1,241.39999999999418,150.0,91.39999999999418,241.39999999999418,697.5642857142853
2026-04-08 04:00:00,71280.0,71677.6,71279.0,71551.5,339104.96,3391.0496,242547094.14751,1,398.6000000000058,397.5,1.1000000000058208,398.6000000000058,689.6857142857147
2026-04-08 05:00:00,71551.5,71830.4,71535.2,71715.0,232507.53,2325.0753,166683644.73031,1,295.1999999999971,278.8999999999942,16.30000000000291,295.1999999999971,670.2142857142857
2026-04-08 06:00:00,71715.0,71935.0,71566.1,71719.9,342326.3,3423.263,245722129.39767,1,368.8999999999942,220.0,148.89999999999418,368.8999999999942,669.6642857142849
2026-04-08 07:00:00,71720.0,71894.2,71567.7,71624.2,261742.97,2617.4297,187652307.15153,1,326.5,174.3000000000029,152.1999999999971,326.5,633.9642857142846
2026-04-08 08:00:00,71624.2,71819.7,71624.2,71790.0,221112.34,2211.1234,158593862.34922,1,195.5,195.5,0.0,195.5,617.0999999999985
2026-04-08 09:00:00,71790.0,71965.1,71575.0,71672.0,236306.84,2363.0684,169618754.97526,1,390.1000000000058,175.10000000000582,215.0,390.1000000000058,592.5499999999987
2026-04-08 10:00:00,71672.1,71780.0,71443.2,71462.4,162840.32,1628.4032,116546244.6666,1,336.8000000000029,108.0,228.8000000000029,336.8000000000029,577.721428571428
2026-04-08 11:00:00,71462.3,71713.0,71388.0,71661.3,259645.31,2596.4531,185822382.11315,1,325.0,250.60000000000582,74.39999999999418,325.0,535.3928571428561
2026-04-08 12:00:00,71661.4,72156.0,71555.0,72036.2,499259.86,4992.5986,358847117.00022,1,601.0,494.6999999999971,106.30000000000291,601.0,463.8928571428561
2026-04-08 13:00:00,72036.3,72876.5,71477.0,71567.4,1934027.83,19340.2783,1396642865.9497,1,1399.5,840.3000000000029,559.1999999999971,1399.5,448.1571428571427
2026-04-08 14:00:00,71567.4,71724.5,70670.0,70886.9,1013159.79,10131.5979,720927796.32293,1,1054.5,157.10000000000582,897.3999999999942,1054.5,481.8142857142853
2026-04-08 15:00:00,70887.0,71315.1,70797.9,71265.3,548745.44,5487.4544,390158438.5214,1,517.2000000000116,428.20000000001164,89.0,517.2000000000116,495.91428571428594
2026-04-08 16:00:00,71265.3,71700.0,71210.9,71561.3,456095.81,4560.9581,325688317.64244,1,489.1000000000058,434.6999999999971,54.40000000000873,489.1000000000058,495.66428571428696
2026-04-08 17:00:00,71561.4,71929.9,71440.9,71854.5,454160.68,4541.6068,325699029.2135,1,489.0,368.59999999999127,120.40000000000873,489.0,513.3500000000016
2026-04-08 18:00:00,71854.6,71857.4,71054.2,71073.6,491677.45,4916.7745,351215193.89809,1,803.1999999999971,2.8999999999941792,800.3000000000029,803.1999999999971,542.250000000001
2026-04-08 19:00:00,71073.6,71346.6,70983.5,71294.0,215596.79,2155.9679,153454637.51386,1,363.1000000000058,273.0,90.10000000000582,363.1000000000058,547.1000000000016
2026-04-08 20:00:00,71294.0,71457.6,71252.3,71350.5,138296.19,1382.9619,98698173.86722,1,205.3000000000029,163.60000000000582,41.69999999999709,205.3000000000029,535.414285714288
2026-04-08 21:00:00,71350.6,71718.8,71300.0,71519.9,138909.55,1389.0955,99398753.31145,1,418.8000000000029,368.3000000000029,50.5,418.8000000000029,542.0071428571454
2026-04-08 22:00:00,71520.0,71546.7,71024.4,71027.8,184421.78,1844.2178,131392720.39528,1,522.3000000000029,26.80000000000291,495.5,522.3000000000029,565.3500000000028
2026-04-08 23:00:00,71027.7,71179.0,70863.5,71041.7,223538.16,2235.3816,158702085.02345,1,315.5,151.1999999999971,164.3000000000029,315.5,560.0214285714309
2026-04-09 00:00:00,71041.8,71109.4,70606.0,70780.0,303881.52,3038.8152,215195791.45828,1,503.3999999999942,67.69999999999709,435.6999999999971,503.3999999999942,571.9214285714303
2026-04-09 01:00:00,70780.0,70929.9,70422.0,70892.7,457527.62,4575.2762,323252625.59631,1,507.8999999999942,149.89999999999418,358.0,507.8999999999942,584.9857142857155
2026-04-09 02:00:00,70892.6,71170.0,70774.4,71026.9,278409.9,2784.099,197614645.91569,1,395.6000000000058,277.3000000000029,118.30000000000291,395.6000000000058,570.3142857142874
2026-04-09 03:00:00,71026.9,71087.9,70810.1,70965.7,172019.18,1720.1918,122024619.29046,1,277.79999999998836,61.0,216.79999999998836,277.79999999998836,490.192857142858
2026-04-09 04:00:00,70965.7,70985.0,70680.0,70757.0,167374.72,1673.7472,118545968.74111,1,305.0,19.30000000000291,285.6999999999971,305.0,436.6571428571437
2026-04-09 05:00:00,70757.0,71071.3,70660.7,70959.7,185833.32,1858.3332,131766794.34327,1,410.6000000000058,314.3000000000029,96.30000000000291,410.6000000000058,429.04285714285754
2026-04-09 06:00:00,70959.7,71067.1,70778.6,70994.1,181544.33,1815.4433,128773687.88106,1,288.5,107.40000000000873,181.09999999999127,288.5,414.7142857142857
2026-04-09 07:00:00,70994.1,71086.2,70921.2,70953.8,152002.62,1520.0262,107907149.76247,1,165.0,92.09999999999127,72.90000000000873,165.0,391.57142857142856
2026-04-09 08:00:00,70953.8,71358.3,70831.5,71225.8,378204.47,3782.0447,268995567.94153,1,526.8000000000029,404.5,122.30000000000291,526.8000000000029,371.8285714285718
2026-04-09 09:00:00,71225.8,71548.0,71079.2,71502.5,444617.99,4446.1799,317157756.63911,1,468.8000000000029,322.1999999999971,146.60000000000582,468.8000000000029,379.37857142857166
2026-04-09 10:00:00,71502.6,71505.9,71246.4,71246.5,165749.53,1657.4953,118329192.97041,1,259.5,3.3999999999941792,256.1000000000058,259.5,383.25
2026-04-09 11:00:00,71246.5,71325.0,71020.1,71124.5,253712.65,2537.1265,180528633.09823,1,304.8999999999942,78.5,226.39999999999418,304.8999999999942,375.1142857142851
2026-04-09 12:00:00,71124.5,71316.6,71013.0,71263.6,233998.3,2339.983,166544723.951,1,303.6000000000058,192.10000000000582,111.5,303.6000000000058,359.49285714285674
2026-04-09 13:00:00,71263.7,71337.6,70609.5,70779.8,599273.37,5992.7337,424848894.53782,1,728.1000000000058,74.0,654.1000000000058,728.1000000000058,388.9642857142857
2026-04-09 14:00:00,70779.8,71228.0,70505.0,71090.7,695093.9,6950.939,492516714.0204,1,723.0,448.1999999999971,274.8000000000029,723.0,404.65000000000043
2026-04-09 15:00:00,71090.8,72333.7,70900.0,72105.7,1447394.89,14473.9489,1038881477.35316,1,1433.699999999997,1243.0,190.6999999999971,1433.699999999997,470.77857142857204
2026-04-09 16:00:00,72105.6,72379.3,71666.7,72047.5,839697.96,8396.9796,604978217.47558,1,712.6000000000058,273.6000000000058,439.0,712.6000000000058,493.4214285714292
2026-04-09 17:00:00,72047.6,72518.3,72037.2,72308.6,708292.04,7082.9204,512308837.76113,1,481.1000000000058,470.8000000000029,10.30000000000291,481.1000000000058,507.942857142859
2026-04-09 18:00:00,72308.6,72341.7,71708.5,71858.3,403241.97,4032.4197,289975599.45173,1,633.1999999999971,33.09999999999127,600.1000000000058,633.1999999999971,531.385714285716
2026-04-09 19:00:00,71858.2,72270.0,71718.0,72060.7,331870.79,3318.7079,238966812.87773,1,552.0,411.6999999999971,140.3000000000029,552.0,541.4857142857155
2026-04-09 20:00:00,72060.7,72418.5,71929.1,72374.8,193540.6,1935.406,139784909.5515,1,489.3999999999942,357.8000000000029,131.59999999999127,489.3999999999942,555.8357142857151
2026-04-09 21:00:00,72374.8,72676.0,72107.1,72226.5,279496.94,2794.9694,202260842.01316,1,568.8999999999942,301.1999999999971,267.6999999999971,568.8999999999942,584.6857142857147
2026-04-09 22:00:00,72226.5,73146.1,71911.1,71911.2,776714.58,7767.1458,564052537.02616,1,1235.0,919.6000000000058,315.3999999999942,1235.0,635.2714285714288
2026-04-09 23:00:00,71911.1,71995.1,71541.9,71759.0,507415.11,5074.1511,364148307.6448,1,453.20000000001164,83.90000000000873,369.3000000000029,453.20000000001164,634.1571428571436
2026-04-10 00:00:00,71759.1,72020.3,71543.0,71945.6,334171.79,3341.7179,239908445.02745,1,477.3000000000029,261.3000000000029,216.0,477.3000000000029,649.7142857142868
2026-04-10 01:00:00,71945.7,72355.4,71632.7,72133.4,437285.52,4372.8552,315279975.68267,1,722.6999999999971,409.79999999998836,312.90000000000873,722.6999999999971,679.5571428571441
2026-04-10 02:00:00,72133.3,72264.5,71868.8,71924.9,222835.48,2228.3548,160610061.9063,1,395.6999999999971,131.10000000000582,264.59999999999127,395.6999999999971,686.1357142857149
2026-04-10 03:00:00,71924.9,71999.9,71780.0,71838.2,164980.84,1649.8084,118577104.3559,1,219.89999999999418,75.0,144.89999999999418,219.89999999999418,649.8357142857141
2026-04-10 04:00:00,71838.3,72194.6,71784.1,72086.8,206026.15,2060.2615,148205045.16388,1,410.5,356.40000000000873,54.09999999999127,410.5,627.5142857142855
2026-04-10 05:00:00,72086.9,72258.0,71960.4,72097.0,169317.58,1693.1758,122117392.92252,1,297.6000000000058,171.1999999999971,126.40000000000873,297.6000000000058,546.3642857142861
2026-04-10 06:00:00,72096.9,72150.0,71754.6,71777.0,168118.79,1681.1879,120916194.68358,1,395.3999999999942,53.0,342.3999999999942,395.3999999999942,523.7071428571425
2026-04-10 07:00:00,71777.0,71819.5,71404.1,71463.5,418943.43,4189.4343,300091873.80868,1,415.3999999999942,42.5,372.8999999999942,415.3999999999942,519.0142857142845
2026-04-10 08:00:00,71463.5,71730.0,71388.9,71581.2,377281.92,3772.8192,270006426.76677,1,341.1000000000058,266.5,74.60000000000582,341.1000000000058,498.14999999999935
2026-04-10 09:00:00,71581.1,71846.9,71560.5,71748.1,195568.74,1955.6874,140289346.83774,1,286.3999999999942,265.6999999999971,20.69999999999709,286.3999999999942,479.17857142857036
2026-04-10 10:00:00,71748.1,71896.3,71667.6,71863.2,161443.35,1614.4335,115888631.6847,1,228.6999999999971,148.1999999999971,80.5,228.6999999999971,460.557142857142
2026-04-10 11:00:00,71863.1,72222.0,71858.4,72084.8,365823.26,3658.2326,263748774.63914,1,363.6000000000058,358.8000000000029,4.80000000000291,363.6000000000058,445.89285714285717
2026-04-10 12:00:00,72084.7,72420.0,71960.0,72220.0,621306.45,6213.0645,448599083.25846,1,460.0,335.1999999999971,124.80000000000291,460.0,390.5357142857143
2026-04-10 13:00:00,72220.0,72381.0,71868.8,72289.0,589488.13,5894.8813,425111651.2257,1,512.1999999999971,161.0,351.1999999999971,512.1999999999971,394.749999999999
2026-04-10 14:00:00,72289.0,73125.5,72215.2,72878.5,1308279.65,13082.7965,951996825.08801,1,910.3000000000029,836.5,73.80000000000291,910.3000000000029,425.67857142857036
2026-04-10 15:00:00,72878.6,73288.0,72285.8,72418.3,770351.82,7703.5182,560859472.62007,1,1002.1999999999971,409.5,592.6999999999971,1002.1999999999971,445.6428571428561
2026-04-10 16:00:00,72418.2,73056.7,72348.4,72965.8,538770.61,5387.7061,391839303.33444,1,708.3000000000029,638.3999999999942,69.90000000000873,708.3000000000029,467.97142857142796
2026-04-10 17:00:00,72965.8,73123.0,72768.1,73092.0,250899.77,2508.9977,182996934.3725,1,354.8999999999942,157.1999999999971,197.6999999999971,354.8999999999942,477.6142857142851
2026-04-10 18:00:00,73091.9,73149.5,72840.0,73071.1,193789.77,1937.8977,141421643.14072,1,309.5,57.5,252.0,309.5,470.39999999999935
2026-04-10 19:00:00,73071.2,73248.8,72863.8,73194.0,220556.58,2205.5658,161146731.42696,1,385.0,177.6999999999971,207.3000000000029,385.0,476.6428571428561
2026-04-10 20:00:00,73194.5,73452.3,73012.8,73321.2,319830.31,3198.3031,234247968.07323,1,439.5,258.3000000000029,181.1999999999971,439.5,479.7928571428565
2026-04-10 21:00:00,73321.3,73321.3,72900.0,73163.0,147295.39,1472.9539,107652107.73626,1,421.3000000000029,0.10000000000582077,421.1999999999971,421.3000000000029,480.2142857142857
2026-04-10 22:00:00,73162.9,73220.0,72678.5,72840.8,239777.72,2397.7772,174923904.80719,1,541.5,57.0,484.5,541.5,494.528571428571
2026-04-10 23:00:00,72840.8,72933.3,72746.0,72925.8,99300.94,993.0094,72334898.99783,1,187.3000000000029,92.5,94.80000000000291,187.3000000000029,487.4500000000002
2026-04-11 00:00:00,72925.7,72925.8,72750.0,72799.2,102403.81,1024.0381,74575986.45651,1,175.8000000000029,0.0,175.8000000000029,175.8000000000029,483.6714285714292
2026-04-11 01:00:00,72799.3,72975.0,72616.7,72927.5,139871.05,1398.7105,101809247.30231,1,358.3000000000029,175.8000000000029,182.5,358.3000000000029,483.29285714285754
2026-04-11 02:00:00,72927.5,73073.8,72868.1,72928.8,143405.49,1434.0549,104632164.5792,1,205.6999999999971,146.3000000000029,59.39999999999418,205.6999999999971,465.12857142857166
2026-04-11 03:00:00,72928.8,73047.2,72785.8,72836.9,108653.64,1086.5364,79241778.45058,1,261.3999999999942,118.39999999999418,143.0,261.3999999999942,447.2142857142857
2026-04-11 04:00:00,72837.0,72925.2,72650.6,72781.1,149800.48,1498.0048,108998972.79047,1,274.59999999999127,88.30000000000291,186.29999999998836,274.59999999999127,401.807142857142
2026-04-11 05:00:00,72781.2,72812.0,72642.8,72696.4,99069.34,990.6934,72051520.32814,1,169.1999999999971,30.89999999999418,138.3000000000029,169.1999999999971,342.307142857142
2026-04-11 06:00:00,72696.3,72755.1,72570.3,72738.9,119441.57,1194.4157,86783444.4426,1,184.8000000000029,58.70000000001164,126.09999999999127,184.8000000000029,304.91428571428486
2026-04-11 07:00:00,72739.0,72809.7,72633.6,72719.7,112411.22,1124.1122,81758530.57577,1,176.09999999999127,70.80000000000291,105.29999999998836,176.09999999999127,292.1428571428561
2026-04-11 08:00:00,72719.8,72779.9,72601.0,72636.3,94421.28,944.2128,68641588.309,1,178.89999999999418,60.19999999999709,118.69999999999709,178.89999999999418,282.81428571428427
2026-04-11 09:00:00,72636.3,72884.0,72600.0,72875.2,183876.84,1838.7684,133810682.96345,1,284.0,247.6999999999971,36.30000000000291,284.0,275.59999999999854
2026-04-11 10:00:00,72875.1,72898.4,72728.0,72811.2,120527.89,1205.2789,87744455.79562,1,170.39999999999418,23.19999999999709,147.1999999999971,170.39999999999418,256.37857142856956
2026-04-11 11:00:00,72811.2,72896.0,72787.0,72883.8,77161.34,771.6134,56201338.81336,1,109.0,84.80000000000291,24.19999999999709,109.0,234.07142857142648
2026-04-11 12:00:00,72883.7,72956.5,72787.0,72900.0,128447.29,1284.4729,93618257.43802,1,169.5,72.69999999999709,96.80000000000291,169.5,207.49999999999793
2026-04-11 13:00:00,72900.0,72900.0,72480.4,72628.1,334889.39,3348.8939,243270808.93786,1,419.6000000000058,0.0,419.6000000000058,419.6000000000058,224.09285714285528
2026-04-11 14:00:00,72628.2,72749.4,72578.0,72669.3,106063.24,1060.6324,77069394.53086,1,171.39999999999418,121.29999999998836,50.10000000000582,171.39999999999418,223.77857142856894
2026-04-11 15:00:00,72669.3,72874.1,72648.6,72826.6,162324.12,1623.2412,118098956.68574,1,225.5,204.8000000000029,20.69999999999709,225.5,214.29285714285444
2026-04-11 16:00:00,72826.5,73200.0,72790.0,73000.4,301061.86,3010.6186,219801105.67473,1,410.0,373.3999999999942,36.60000000000582,410.0,228.8857142857118
2026-04-11 17:00:00,73000.4,73142.0,72903.0,73060.3,140491.03,1404.9103,102598708.79648,1,239.0,141.60000000000582,97.39999999999418,239.0,227.2857142857122
2026-04-11 18:00:00,73060.4,73748.5,73002.8,73527.3,546266.16,5462.6616,401260784.16565,1,745.6999999999971,688.1999999999971,57.5,745.6999999999971,260.9357142857126
2026-04-11 19:00:00,73527.4,73799.1,73433.8,73659.6,319181.24,3191.8124,234993986.71088,1,365.3000000000029,271.8000000000029,93.5,365.3000000000029,274.94285714285587
2026-04-11 20:00:00,73659.6,73670.7,73201.6,73274.8,208809.91,2088.0991,153231108.35394,1,469.09999999999127,11.099999999991269,458.0,469.09999999999127,295.2499999999979
2026-04-11 21:00:00,73274.8,73530.4,73166.0,73406.3,134447.91,1344.4791,98649048.27641,1,364.3999999999942,255.59999999999127,108.80000000000291,364.3999999999942,308.6999999999981
2026-04-11 22:00:00,73406.2,73546.3,73210.8,73341.1,128116.76,1281.1676,93973982.71454,1,335.5,140.0,195.5,335.5,319.8857142857128
2026-04-11 23:00:00,73341.1,73341.2,72864.0,73014.7,239979.75,2399.7975,175274179.95955,1,477.1999999999971,0.09999999999126885,477.1000000000058,477.1999999999971,333.6857142857126
2026-04-12 00:00:00,73014.7,73088.0,72823.4,73049.8,157857.11,1578.5711,115218288.04918,1,264.6000000000058,73.30000000000291,191.3000000000029,264.6000000000058,340.41428571428486
2026-04-12 01:00:00,73049.9,73107.1,71270.2,71610.0,1246856.37,12468.5637,897300002.47611,1,1836.9000000000087,57.30000000000291,1779.6000000000058,1836.9000000000087,463.83571428571406
2026-04-12 02:00:00,71609.9,71934.7,71310.5,71725.8,523885.87,5238.8587,375690217.73381,1,624.1999999999971,324.6999999999971,299.5,624.1999999999971,496.3142857142853
2026-04-12 03:00:00,71725.8,71829.5,71557.0,71557.7,262524.52,2625.2452,188115814.79246,1,272.5,103.69999999999709,168.8000000000029,272.5,485.807142857142
2026-04-12 04:00:00,71557.6,71650.0,71411.0,71437.9,205248.84,2052.4884,146781381.90611,1,239.0,92.30000000000291,146.6999999999971,239.0,490.63571428571385
2026-04-12 05:00:00,71437.9,71750.0,71380.0,71664.1,220222.19,2202.2219,157637777.13503,1,370.0,312.1000000000058,57.89999999999418,370.0,500.95714285714246
2026-04-12 06:00:00,71664.2,71726.5,71600.0,71617.1,103361.43,1033.6143,74065925.80728,1,126.5,62.39999999999418,64.10000000000582,126.5,480.70714285714246
2026-04-12 07:00:00,71617.0,71720.0,71541.1,71635.9,126279.6,1262.796,90464864.66363,1,178.89999999999418,102.89999999999418,76.0,178.89999999999418,476.41428571428486
2026-04-12 08:00:00,71635.9,71772.0,71553.4,71591.5,162766.43,1627.6643,116613298.42716,1,218.60000000000582,136.10000000000582,82.5,218.60000000000582,438.7642857142855
2026-04-12 09:00:00,71591.4,71607.4,71480.9,71507.4,118292.85,1182.9285,84628903.49087,1,126.5,15.89999999999418,110.60000000000582,126.5,421.70714285714246
2026-04-12 10:00:00,71507.3,71655.0,71323.0,71425.0,184950.54,1849.5054,132207454.15137,1,332.0,147.60000000000582,184.39999999999418,332.0,411.91428571428594
2026-04-12 11:00:00,71425.0,71519.7,71387.8,71441.4,113648.42,1136.4842,81190576.1014,1,131.89999999999418,94.69999999999709,37.19999999999709,131.89999999999418,395.30714285714305
2026-04-12 12:00:00,71441.3,71477.7,71027.0,71053.9,442302.2,4423.022,315066360.28671,1,450.6999999999971,36.30000000000291,414.3999999999942,450.6999999999971,403.5357142857143
2026-04-12 13:00:00,71053.9,71121.4,70830.4,70861.6,506772.24,5067.7224,359649291.91216,1,291.0,67.5,223.5,291.0,390.2357142857145
2026-04-12 14:00:00,70861.6,71076.2,70660.7,70721.9,382967.88,3829.6788,271341182.06189,1,415.5,214.59999999999127,200.90000000000873,415.5,401.0142857142855
2026-04-12 15:00:00,70722.0,70917.0,70570.0,70869.5,306455.25,3064.5525,216879231.09811,1,347.0,195.10000000000582,151.89999999999418,347.0,294.5928571428563
2026-04-12 16:00:00,70869.5,70934.6,70778.0,70900.1,140240.65,1402.4065,99389618.92979,1,156.60000000000582,65.10000000000582,91.5,156.60000000000582,261.19285714285695
2026-04-12 17:00:00,70900.1,71175.9,70866.0,71120.2,238923.09,2389.2309,169674562.41395,1,309.8999999999942,275.79999999998836,34.10000000000582,309.8999999999942,263.8642857142851
2026-04-12 18:00:00,71120.3,71187.5,71026.0,71094.8,115313.21,1153.1321,81988156.91687,1,161.5,67.30000000000291,94.19999999999709,161.5,258.3285714285708
2026-04-12 19:00:00,71094.9,71189.2,71040.2,71060.7,61568.62,615.6862,43780711.49682,1,149.0,94.39999999999418,54.60000000000582,149.0,242.54285714285652
2026-04-12 20:00:00,71060.7,71150.0,70921.0,71143.2,59344.64,593.4464,42143988.29235,0,229.0,89.30000000000291,139.6999999999971,229.0,249.8642857142851
2026-04-02 12:00:00,66179.5,66216.7,65914.2,66016.6,497139.79,4971.3979,328468838.45086,1,302.5,,,302.5,302.5
2026-04-02 13:00:00,66016.5,66236.5,65653.0,66228.3,757584.2,7575.842,499501781.59077,1,583.5,219.89999999999418,363.6000000000058,583.5,443.0
2026-04-02 14:00:00,66228.3,67077.0,66121.0,66827.0,1239773.79,12397.7379,826308582.22939,1,956.0,848.6999999999971,107.30000000000291,956.0,614.0
2026-04-02 15:00:00,66827.0,66960.0,66595.1,66818.1,473484.79,4734.8479,316188390.85248,1,364.8999999999942,133.0,231.89999999999418,364.8999999999942,551.7249999999985
2026-04-02 16:00:00,66818.0,67273.7,66723.4,67058.2,505815.27,5058.1527,339003663.56944,1,550.3000000000029,455.59999999999127,94.70000000001164,550.3000000000029,551.4399999999994
2026-04-02 17:00:00,67058.1,67400.0,66627.0,66653.4,631747.58,6317.4758,423624191.10302,1,773.0,341.8000000000029,431.1999999999971,773.0,588.3666666666662
2026-04-02 18:00:00,66653.5,67040.5,66555.2,66949.9,306944.44,3069.4444,204890409.15099,1,485.3000000000029,387.1000000000058,98.19999999999709,485.3000000000029,573.6428571428571
2026-04-02 19:00:00,66950.0,67077.9,66843.1,66949.9,175003.3,1750.033,117212600.88628,1,234.79999999998836,128.0,106.79999999998836,234.79999999998836,531.2874999999985
2026-04-02 20:00:00,66950.0,67070.7,66766.0,66913.8,122125.87,1221.2587,81725776.93119,1,304.6999999999971,120.80000000000291,183.89999999999418,304.6999999999971,506.1111111111095
2026-04-02 21:00:00,66913.8,66990.7,66682.7,66907.9,94985.97,949.8597,63475596.56752,1,308.0,76.89999999999418,231.10000000000582,308.0,486.29999999999853
2026-04-02 22:00:00,66907.9,67013.8,66790.1,66951.8,92559.01,925.5901,61946842.26121,1,223.6999999999971,105.90000000000873,117.79999999998836,223.6999999999971,462.42727272727114
2026-04-02 23:00:00,66951.7,67070.0,66814.5,66864.5,125930.85,1259.3085,84302225.8332,1,255.5,118.19999999999709,137.3000000000029,255.5,445.18333333333186
2026-04-03 00:00:00,66864.6,66974.0,66675.0,66755.0,124478.22,1244.7822,83144378.29453,1,299.0,109.5,189.5,299.0,433.9384615384602
2026-04-03 01:00:00,66755.0,66872.0,66458.0,66591.5,246030.39,2460.3039,163959124.3579,1,414.0,117.0,297.0,414.0,432.5142857142845
2026-04-03 02:00:00,66591.4,66719.9,66250.0,66501.2,340136.92,3401.3692,225954150.57778,1,469.8999999999942,128.39999999999418,341.5,469.8999999999942,444.4714285714269
2026-04-03 03:00:00,66501.2,66688.0,66457.9,66553.3,181976.27,1819.7627,121167548.8383,1,230.10000000000582,186.8000000000029,43.30000000000291,230.10000000000582,419.2285714285702
2026-04-03 04:00:00,66553.1,66661.8,66470.8,66578.6,125860.02,1258.6002,83784579.88409,1,191.0,108.5,82.5,191.0,364.58571428571304
2026-04-03 05:00:00,66578.7,66783.3,66380.0,66583.1,209504.42,2095.0442,139555264.5818,1,403.3000000000029,204.6999999999971,198.60000000000582,403.3000000000029,367.3285714285708
2026-04-03 06:00:00,66583.1,66775.0,66529.4,66769.0,131504.17,1315.0417,87663840.31275,1,245.60000000000582,191.89999999999418,53.70000000001164,245.60000000000582,345.5642857142853
2026-04-03 07:00:00,66769.0,67239.2,66726.2,67015.2,376802.92,3768.0292,252456136.10758,1,513.0,470.1999999999971,42.80000000000291,513.0,326.99285714285674
2026-04-03 08:00:00,67015.2,67279.3,66875.0,66941.4,308225.73,3082.2573,206718648.38998,1,404.3000000000029,264.1000000000058,140.1999999999971,404.3000000000029,321.20714285714246
2026-04-03 09:00:00,66941.3,66986.0,66720.0,66841.0,201059.66,2010.5966,134366920.66082,1,266.0,44.60000000000582,221.39999999999418,266.0,323.4357142857147
2026-04-03 10:00:00,66841.0,66869.0,66650.2,66848.2,147842.79,1478.4279,98716403.19897,1,218.8000000000029,28.0,190.8000000000029,218.8000000000029,317.3000000000008
2026-04-03 11:00:00,66848.2,67038.4,66789.4,66987.2,177255.37,1772.5537,118635733.86438,1,249.0,190.1999999999971,58.80000000000291,249.0,313.08571428571514
2026-04-03 12:00:00,66987.2,67350.0,66607.0,66697.4,573516.24,5735.1624,384169278.88932,1,743.0,362.8000000000029,380.1999999999971,743.0,350.17857142857247
2026-04-03 13:00:00,66697.4,66711.0,66478.5,66646.5,324159.96,3241.5996,215902819.53301,1,232.5,13.60000000000582,218.89999999999418,232.5,348.5357142857153
2026-04-03 14:00:00,66646.5,66960.0,66595.3,66901.0,262543.52,2625.4352,175401659.5183,1,364.6999999999971,313.5,51.19999999999709,364.6999999999971,353.22857142857225
2026-04-03 15:00:00,66900.9,66999.0,66783.8,66808.0,178414.84,1784.1484,119319370.5075,1,215.1999999999971,98.0,117.19999999999709,215.1999999999971,339.02857142857204
2026-04-03 16:00:00,66808.1,67036.0,66792.9,66974.0,129155.91,1291.5591,86442680.97791,1,243.10000000000582,228.0,15.10000000000582,243.10000000000582,322.8285714285729
2026-04-03 17:00:00,66974.0,67035.0,66721.5,66808.6,155353.09,1553.5309,103860716.06802,1,313.5,61.0,252.5,313.5,328.7857142857153
2026-04-03 18:00:00,66808.5,66895.8,66745.0,66777.4,79516.68,795.1668,53133787.75361,1,150.8000000000029,87.19999999999709,63.60000000000582,150.8000000000029,325.91428571428696
2026-04-03 19:00:00,66777.4,66879.3,66737.0,66854.0,63433.5,634.335,42362580.67877,1,142.3000000000029,101.90000000000873,40.39999999999418,142.3000000000029,307.2714285714298
2026-04-03 20:00:00,66854.1,66888.9,66791.1,66791.1,39004.97,390.0497,26071370.87821,1,97.79999999998836,34.89999999999418,62.89999999999418,97.79999999998836,296.7142857142857
2026-04-03 21:00:00,66791.1,66954.7,66784.3,66928.6,56486.31,564.8631,37774066.5391,1,170.39999999999418,163.59999999999127,6.80000000000291,170.39999999999418,272.24285714285674
2026-04-03 22:00:00,66928.5,66948.4,66808.9,66855.1,51693.88,516.9388,34570490.57278,1,139.5,19.79999999998836,119.70000000001164,139.5,253.3285714285708
2026-04-03 23:00:00,66855.1,66929.0,66799.1,66929.0,57632.66,576.3266,38532329.36365,1,129.89999999999418,73.89999999999418,56.0,129.89999999999418,243.6071428571418
2026-04-04 00:00:00,66928.9,66937.4,66839.0,66868.1,51879.02,518.7902,34703037.63526,1,98.39999999999418,8.39999999999418,90.0,98.39999999999418,235.0071428571412
2026-04-04 01:00:00,66868.2,66894.4,66800.0,66824.6,75111.36,751.1136,50202146.81232,1,94.39999999999418,26.29999999998836,68.10000000000582,94.39999999999418,223.96428571428365
2026-04-04 02:00:00,66824.6,66889.5,66780.0,66816.0,48398.14,483.9814,32335319.64743,1,109.5,64.89999999999418,44.60000000000582,109.5,178.71428571428365
2026-04-04 03:00:00,66816.1,66870.0,66800.0,66800.3,44785.29,447.8529,29930361.47529,1,70.0,54.0,16.0,70.0,167.1071428571408
2026-04-04 04:00:00,66800.3,66838.0,66734.5,66828.2,59166.63,591.6663,39524777.34343,1,103.5,37.69999999999709,65.80000000000291,103.5,148.44999999999814
2026-04-04 05:00:00,66828.3,66900.0,66808.2,66875.3,76550.72,765.5072,51180216.63998,1,91.80000000000291,71.80000000000291,20.0,91.80000000000291,139.63571428571282
2026-04-04 06:00:00,66875.3,67013.4,66870.2,66973.6,103931.11,1039.3111,69571037.36819,1,143.1999999999971,138.09999999999127,5.100000000005821,143.1999999999971,132.49999999999793
2026-04-04 07:00:00,66973.6,67011.6,66896.6,66980.0,110511.34,1105.1134,73988819.92675,1,115.0,38.0,77.0,115.0,118.3214285714265
2026-04-04 08:00:00,66980.0,67048.9,66873.9,66908.5,135863.29,1358.6329,90990381.27264,1,175.0,68.89999999999418,106.10000000000582,175.0,120.04999999999771
2026-04-04 09:00:00,66908.6,66959.1,66882.6,66949.9,86044.69,860.4469,57588178.68694,1,76.5,50.60000000000582,25.89999999999418,76.5,115.34999999999751
2026-04-04 10:00:00,66950.0,67142.9,66875.9,67132.6,162574.77,1625.7477,108956023.00235,1,267.0,193.0,74.0,267.0,127.43571428571262
2026-04-04 11:00:00,67132.6,67199.8,67052.1,67129.9,176714.69,1767.1469,118615515.23544,1,147.6999999999971,67.19999999999709,80.5,147.6999999999971,125.81428571428425
2026-04-04 12:00:00,67129.9,67163.3,67025.7,67064.5,98163.45,981.6345,65854554.47508,1,137.60000000000582,33.40000000000873,104.19999999999709,137.60000000000582,125.6785714285704
2026-04-04 13:00:00,67064.5,67250.0,67050.0,67160.4,156415.18,1564.1518,105054816.32196,1,200.0,185.5,14.5,200.0,130.68571428571366
2026-04-04 14:00:00,67160.3,67191.7,66980.0,67172.6,192025.52,1920.2552,128832513.94537,1,211.6999999999971,31.30000000000291,180.39999999999418,211.6999999999971,138.778571428571
2026-04-04 15:00:00,67172.6,67550.0,67140.3,67346.0,481737.83,4817.3783,324402490.31251,1,409.6999999999971,377.3999999999942,32.30000000000291,409.6999999999971,161.29999999999978
2026-04-04 16:00:00,67346.0,67484.2,67285.2,67331.7,214566.68,2145.6668,144594660.13027,1,199.0,138.1999999999971,60.80000000000291,199.0,167.69285714285692
2026-04-04 17:00:00,67331.7,67386.9,67258.0,67305.5,158697.09,1586.9709,106840528.07801,1,128.89999999999418,55.19999999999709,73.69999999999709,128.89999999999418,171.89999999999938
2026-04-04 18:00:00,67305.5,67350.0,67215.0,67260.4,97057.71,970.5771,65304595.51912,1,135.0,44.5,90.5,135.0,174.14999999999938
2026-04-04 19:00:00,67260.3,67517.4,67241.5,67262.3,159249.92,1592.4992,107274681.89267,1,275.8999999999942,257.0,18.89999999999418,275.8999999999942,187.29999999999876
2026-04-04 20:00:00,67262.2,67279.2,67150.5,67240.0,86515.54,865.1554,58151433.8332,1,128.6999999999971,16.89999999999418,111.80000000000291,128.6999999999971,186.26428571428445
2026-04-04 21:00:00,67239.9,67449.5,67180.0,67316.3,64467.38,644.6738,43389923.17507,1,269.5,209.5,60.0,269.5,197.29999999999876
2026-04-04 22:00:00,67316.4,67429.4,67303.0,67362.1,71362.85,713.6285,48071853.61602,1,126.39999999999418,113.09999999999127,13.30000000000291,126.39999999999418,193.82857142856977
2026-04-04 23:00:00,67362.0,67364.4,67222.6,67267.4,92427.32,924.2732,62194864.15463,1,141.79999999998836,2.2999999999883585,139.5,141.79999999998836,198.49285714285466
2026-04-05 00:00:00,67267.3,67288.1,67122.7,67178.2,102613.89,1026.1389,68965166.14666,1,165.40000000000873,20.70000000001164,144.6999999999971,165.40000000000873,191.23571428571242
2026-04-05 01:00:00,67178.2,67198.1,67042.3,67056.3,107734.79,1077.3479,72286744.36098,1,155.8000000000029,19.90000000000873,135.89999999999418,155.8000000000029,191.81428571428427
2026-04-05 02:00:00,67056.2,67143.8,66880.2,67136.3,200283.23,2002.8323,134233669.30459,1,263.6000000000058,87.5,176.10000000000582,263.6000000000058,200.81428571428427
2026-04-05 03:00:00,67136.3,67157.9,67051.0,67115.1,71145.93,711.4593,47743836.72004,1,106.89999999999418,21.59999999999127,85.30000000000291,106.89999999999418,194.16428571428384
2026-04-05 04:00:00,67115.2,67157.6,67044.5,67070.1,84605.39,846.0539,56767466.31941,1,113.10000000000582,42.5,70.60000000000582,113.10000000000582,187.12142857142732
2026-04-05 05:00:00,67070.1,67125.9,66850.3,66904.3,141366.02,1413.6602,94678473.5135,1,275.59999999999127,55.79999999998836,219.8000000000029,275.59999999999127,177.54285714285547
2026-04-05 06:00:00,66904.3,66920.9,66572.3,66767.1,427443.41,4274.4341,285255453.36377,1,348.59999999999127,16.59999999999127,332.0,348.59999999999127,188.22857142856915
2026-04-05 07:00:00,66767.1,66888.8,66679.5,66785.2,154002.35,1540.0235,102844729.77735,1,209.3000000000029,121.69999999999709,87.60000000000582,209.3000000000029,193.9714285714269
2026-04-05 08:00:00,66785.1,66900.0,66779.0,66894.6,124665.47,1246.6547,83329117.31641,1,121.0,114.80000000000291,6.19999999999709,121.0,192.9714285714269
2026-04-05 09:00:00,66894.7,67049.9,66861.2,66996.8,146950.61,1469.5061,98387379.13492,1,188.6999999999971,155.29999999998836,33.40000000000873,188.6999999999971,186.74285714285568
2026-04-05 10:00:00,66996.8,67116.7,66923.6,67007.2,140871.52,1408.7152,94393752.28048,1,193.09999999999127,119.89999999999418,73.19999999999709,193.09999999999127,191.34285714285528
2026-04-05 11:00:00,67007.3,67050.9,66938.2,66971.8,74295.73,742.9573,49771987.9783,1,112.69999999999709,43.69999999999709,69.0,112.69999999999709,180.14285714285506
2026-04-05 12:00:00,66971.8,66971.9,66650.1,66756.2,268583.5,2685.835,179345705.59038,1,321.79999999998836,0.09999999999126885,321.6999999999971,321.79999999998836,194.0999999999975
2026-04-05 13:00:00,66756.2,66891.0,66666.7,66861.5,176025.99,1760.2599,117555875.03892,1,224.3000000000029,134.8000000000029,89.5,224.3000000000029,199.99285714285568
2026-04-05 14:00:00,66861.4,66937.1,66766.6,66893.1,144466.87,1444.6687,96615611.90163,1,170.5,75.60000000000582,94.89999999999418,170.5,200.3571428571408
2026-04-05 15:00:00,66893.2,67846.1,66800.1,67281.0,971872.73,9718.7273,655016236.18993,1,1046.0,953.0,93.0,1046.0,263.94285714285485
2026-04-05 16:00:00,67281.0,67386.0,67146.9,67187.3,217630.12,2176.3012,146426191.71594,1,239.10000000000582,105.0,134.10000000000582,239.10000000000582,262.19285714285485
2026-04-05 17:00:00,67187.3,67382.5,67160.0,67349.7,125668.09,1256.6809,84549977.63643,1,222.5,195.1999999999971,27.30000000000291,222.5,270.4499999999981
2026-04-05 18:00:00,67349.8,67433.8,67246.4,67387.5,105752.45,1057.5245,71236548.18331,1,187.40000000000873,84.10000000000582,103.30000000000291,187.40000000000873,275.7571428571412
2026-04-05 19:00:00,67387.6,67537.5,67254.7,67335.0,109854.77,1098.5477,74048918.65495,1,282.8000000000029,150.0,132.8000000000029,282.8000000000029,276.27142857142775
2026-04-05 20:00:00,67334.9,67685.9,67309.8,67630.3,133836.29,1338.3629,90411754.75846,1,376.09999999999127,350.8999999999942,25.19999999999709,376.09999999999127,278.23571428571347
2026-04-05 21:00:00,67630.3,67650.3,67381.0,67519.7,138119.72,1381.1972,93236251.42125,1,269.3000000000029,20.0,249.3000000000029,269.3000000000029,282.52142857142775
2026-04-05 22:00:00,67519.7,68347.0,67300.0,68320.8,819613.6,8196.136,556693200.72457,1,1047.0,827.3000000000029,219.6999999999971,1047.0,348.66428571428486
2026-04-05 23:00:00,68320.7,69118.0,68234.4,69008.0,974049.61,9740.4961,669890620.8335,1,883.6000000000058,797.1999999999971,86.40000000000873,883.6000000000058,398.2999999999998
2026-04-06 00:00:00,69008.0,69587.9,69005.5,69061.7,975180.86,9751.8086,675829763.41632,1,582.3999999999942,579.8999999999942,2.5,582.3999999999942,426.10714285714283
2026-04-06 01:00:00,69061.7,69118.1,68767.7,68791.6,426162.51,4261.6251,293612208.31375,1,350.40000000000873,56.40000000000873,294.0,350.40000000000873,443.08571428571514
2026-04-06 02:00:00,68791.6,69380.0,68748.0,69180.1,500225.23,5002.2523,345860550.55413,1,632.0,588.3999999999942,43.60000000000582,632.0,465.2428571428588
2026-04-06 03:00:00,69180.1,69233.5,69031.2,69099.9,190513.47,1905.1347,131682180.42522,1,202.3000000000029,53.39999999999418,148.90000000000873,202.3000000000029,463.6714285714302
2026-04-06 04:00:00,69100.0,69191.5,68948.3,69109.4,183357.21,1833.5721,126656506.09881,1,243.1999999999971,91.60000000000582,151.59999999999127,243.1999999999971,468.8642857142872
2026-04-06 05:00:00,69109.4,69213.0,69058.0,69169.3,116836.34,1168.3634,80795566.50335,1,155.0,103.60000000000582,51.39999999999418,155.0,405.22142857143
2026-04-06 06:00:00,69169.3,69327.7,68736.9,68948.0,566935.45,5669.3545,390967511.59899,1,590.8000000000029,158.39999999999418,432.40000000000873,590.8000000000029,430.3428571428584
2026-04-06 07:00:00,68948.1,69179.5,68782.8,69074.8,223688.6,2236.886,154320336.60236,1,396.6999999999971,231.5,165.1999999999971,396.6999999999971,442.7857142857153
2026-04-06 08:00:00,69074.8,69318.0,69040.6,69180.0,206725.75,2067.2575,143023757.62553,1,277.3999999999942,243.1999999999971,34.19999999999709,277.3999999999942,449.2142857142857
2026-04-06 09:00:00,69180.0,70276.8,69169.8,69700.1,1274859.2,12748.592,889850090.56249,1,1107.0,1096.800000000003,10.19999999999709,1107.0,508.08571428571406
2026-04-06 10:00:00,69700.1,69952.0,69678.0,69749.9,293689.73,2936.8973,204936615.0794,1,274.0,251.89999999999418,22.10000000000582,274.0,500.79285714285754
2026-04-06 11:00:00,69749.9,69749.9,69536.9,69592.5,212896.61,2128.9661,148235440.87865,1,213.0,0.0,213.0,213.0,496.77142857142877
2026-04-06 12:00:00,69592.4,69615.0,69302.0,69349.5,352163.08,3521.6308,244576094.51989,1,313.0,22.5,290.5,313.0,444.3428571428573
2026-04-06 13:00:00,69349.6,69532.8,69201.0,69405.1,443824.1,4438.241,307861844.2337,1,331.8000000000029,183.3000000000029,148.5,331.8000000000029,404.92857142857144
2026-04-06 14:00:00,69405.0,69798.8,69130.0,69618.7,748518.68,7485.1868,519938869.46091,1,668.8000000000029,393.6999999999971,275.1000000000058,668.8000000000029,411.10000000000065
2026-04-06 15:00:00,69618.7,69935.0,69486.3,69923.0,472412.53,4724.1253,329358322.57106,1,448.6999999999971,316.3000000000029,132.39999999999418,448.6999999999971,418.12142857142834
2026-04-06 16:00:00,69923.0,70322.8,69734.9,69750.1,623068.77,6230.6877,436044296.74444,1,587.9000000000087,399.8000000000029,188.10000000000582,587.9000000000087,414.971428571429
2026-04-06 17:00:00,69750.2,69777.9,69225.0,69530.9,553613.03,5536.1303,384629386.90854,1,552.8999999999942,27.79999999998836,525.1000000000058,552.8999999999942,440.0142857142855
2026-04-06 18:00:00,69531.0,69933.3,69434.6,69849.9,326380.24,3263.8024,227579021.61953,1,498.6999999999971,402.40000000000873,96.29999999998836,498.6999999999971,458.2642857142855
2026-04-06 19:00:00,69850.0,69864.7,69536.9,69699.8,170336.82,1703.3682,118742325.49335,1,327.8000000000029,14.80000000000291,313.0,327.8000000000029,470.60714285714283
2026-04-06 20:00:00,69699.8,69947.5,69584.2,69782.2,125246.37,1252.4637,87408921.9394,1,363.3000000000029,247.6999999999971,115.60000000000582,363.3000000000029,454.35714285714283
2026-04-06 21:00:00,69782.1,69786.9,69380.2,69473.0,148026.03,1480.2603,102982414.71244,1,406.6999999999971,4.69999999999709,402.0,406.6999999999971,455.07142857142856
2026-04-06 22:00:00,69472.9,69545.5,68765.0,68768.0,426779.65,4267.7965,294889348.68099,1,780.5,72.5,708.0,780.5,491.00714285714326
2026-04-06 23:00:00,68768.1,68887.7,68269.0,68812.9,704064.14,7040.6414,483015364.26414,1,618.6999999999971,119.69999999999709,499.0,618.6999999999971,456.12857142857166
2026-04-07 00:00:00,68812.9,69100.6,68690.0,68743.8,341059.62,3410.5962,234885770.71246,1,410.6000000000058,287.70000000001164,122.89999999999418,410.6000000000058,465.8857142857149
2026-04-07 01:00:00,68743.7,68868.7,68300.1,68368.1,420082.72,4200.8272,288127776.55244,1,568.5999999999913,124.89999999999418,443.6999999999971,568.5999999999913,491.2857142857143
2026-04-07 02:00:00,68368.0,68685.1,68233.5,68636.9,301861.86,3018.6186,206688742.99946,1,451.6000000000058,317.0,134.60000000000582,451.6000000000058,501.1857142857147
2026-04-07 03:00:00,68636.9,68773.3,68589.2,68745.2,160054.22,1600.5422,109966246.86858,1,184.10000000000582,136.40000000000873,47.69999999999709,184.10000000000582,490.6357142857149
2026-04-07 04:00:00,68745.1,68958.8,68510.7,68814.9,236617.57,2366.1757,162679800.33323,1,448.1000000000058,213.60000000000582,234.5,448.1000000000058,474.8714285714294
2026-04-07 05:00:00,68814.9,68843.2,68588.0,68632.1,155707.66,1557.0766,106970033.48545,1,255.1999999999971,28.30000000000291,226.89999999999418,255.1999999999971,461.0500000000008
2026-04-07 06:00:00,68632.0,68632.1,68408.4,68546.2,192484.23,1924.8423,131876715.41231,1,223.70000000001164,0.0,223.70000000001164,223.70000000001164,435.0357142857153
2026-04-07 07:00:00,68546.2,68690.4,68470.7,68585.4,125295.79,1252.9579,85928201.44209,1,219.6999999999971,144.1999999999971,75.5,219.6999999999971,411.2357142857155
2026-04-07 08:00:00,68585.3,68955.0,68566.1,68907.8,301028.4,3010.284,207111309.93928,1,388.8999999999942,369.6000000000058,19.29999999998836,388.8999999999942,403.3928571428582
2026-04-07 09:00:00,68907.8,69217.7,68888.8,69106.4,399282.25,3992.8225,275809512.15691,1,328.8999999999942,309.8999999999942,19.0,328.8999999999942,403.471428571429
2026-04-07 10:00:00,69106.4,69165.1,68155.0,68199.3,853110.26,8531.1026,584936448.27054,1,1010.1000000000058,58.70000000001164,951.3999999999942,1010.1000000000058,449.6714285714292
2026-04-07 11:00:00,68199.3,68421.0,68006.4,68308.1,551985.44,5519.8544,376702301.63457,1,414.6000000000058,221.6999999999971,192.90000000000873,414.6000000000058,450.2357142857155
2026-04-07 12:00:00,68308.1,68583.2,68044.2,68368.6,448506.21,4485.0621,306254855.66068,1,539.0,275.09999999999127,263.90000000000873,539.0,432.9857142857155
2026-04-07 13:00:00,68368.6,68613.8,68167.9,68205.1,415645.13,4156.4513,284342187.82269,1,445.90000000000873,245.1999999999971,200.70000000001164,445.90000000000873,420.6428571428592
2026-04-07 14:00:00,68205.0,68230.0,67721.1,67828.9,779549.92,7795.4992,529820938.3201,1,508.8999999999942,24.89999999999418,484.0,508.8999999999942,427.66428571428696
2026-04-07 15:00:00,67829.0,68248.0,67680.2,68138.7,502577.25,5025.7725,341708921.49794,1,567.8000000000029,419.1000000000058,148.6999999999971,567.8000000000029,427.60714285714494
2026-04-07 16:00:00,68138.6,68426.6,68050.0,68208.2,348103.78,3481.0378,237538073.40817,1,376.6000000000058,287.90000000000873,88.69999999999709,376.6000000000058,422.2500000000021
2026-04-07 17:00:00,68208.3,68979.5,68153.2,68669.9,563301.99,5633.0199,386401495.58605,1,826.3000000000029,771.3000000000029,55.0,826.3000000000029,468.12142857143044
2026-04-07 18:00:00,68670.0,68745.3,68313.7,68413.3,318341.62,3183.4162,218158767.99178,1,431.6000000000058,75.40000000000873,356.1999999999971,431.6000000000058,466.942857142859
2026-04-07 19:00:00,68413.4,69058.8,68325.0,68975.6,486811.94,4868.1194,334496240.84127,1,733.8000000000029,645.5,88.30000000000291,733.8000000000029,501.1285714285737
2026-04-07 20:00:00,68975.6,69520.0,68975.6,69280.5,551634.68,5516.3468,382273047.8873,1,544.3999999999942,544.3999999999942,0.0,544.3999999999942,524.0357142857154
2026-04-07 21:00:00,69280.4,70186.1,69268.5,69898.0,823863.54,8238.6354,575088809.34617,1,917.6000000000058,905.6000000000058,12.0,917.6000000000058,573.885714285716
2026-04-07 22:00:00,69898.1,71500.0,69898.1,71479.0,1690012.17,16900.1217,1195825528.60988,1,1601.8999999999942,1602.0,0.10000000000582077,1602.0,660.5357142857164
2026-04-07 23:00:00,71479.0,72773.9,71154.1,71904.6,2312753.62,23127.5362,1665478344.69366,1,1619.7999999999884,1294.8999999999942,324.8999999999942,1619.7999999999884,752.7428571428588
2026-04-08 00:00:00,71904.7,72101.7,71518.4,71696.0,633394.12,6333.9412,455001352.63357,1,583.3000000000029,197.09999999999127,386.20000000001164,583.3000000000029,722.2571428571443
2026-04-08 01:00:00,71696.0,71749.8,71430.0,71467.6,288307.36,2883.0736,206282324.60658,1,319.8000000000029,53.80000000000291,266.0,319.8000000000029,715.4857142857155
2026-04-08 02:00:00,71467.6,71711.9,71219.3,71350.0,371225.33,3712.2533,265172765.37185,1,492.59999999999127,244.29999999998836,248.3000000000029,492.59999999999127,712.1714285714291
2026-04-08 03:00:00,71350.0,71500.0,71258.6,71280.1,187186.86,1871.8686,133586732.20163,1,241.39999999999418,150.0,91.39999999999418,241.39999999999418,697.5642857142853
2026-04-08 04:00:00,71280.0,71677.6,71279.0,71551.5,339104.96,3391.0496,242547094.14751,1,398.6000000000058,397.5,1.1000000000058208,398.6000000000058,689.6857142857147
2026-04-08 05:00:00,71551.5,71830.4,71535.2,71715.0,232507.53,2325.0753,166683644.73031,1,295.1999999999971,278.8999999999942,16.30000000000291,295.1999999999971,670.2142857142857
2026-04-08 06:00:00,71715.0,71935.0,71566.1,71719.9,342326.3,3423.263,245722129.39767,1,368.8999999999942,220.0,148.89999999999418,368.8999999999942,669.6642857142849
2026-04-08 07:00:00,71720.0,71894.2,71567.7,71624.2,261742.97,2617.4297,187652307.15153,1,326.5,174.3000000000029,152.1999999999971,326.5,633.9642857142846
2026-04-08 08:00:00,71624.2,71819.7,71624.2,71790.0,221112.34,2211.1234,158593862.34922,1,195.5,195.5,0.0,195.5,617.0999999999985
2026-04-08 09:00:00,71790.0,71965.1,71575.0,71672.0,236306.84,2363.0684,169618754.97526,1,390.1000000000058,175.10000000000582,215.0,390.1000000000058,592.5499999999987
2026-04-08 10:00:00,71672.1,71780.0,71443.2,71462.4,162840.32,1628.4032,116546244.6666,1,336.8000000000029,108.0,228.8000000000029,336.8000000000029,577.721428571428
2026-04-08 11:00:00,71462.3,71713.0,71388.0,71661.3,259645.31,2596.4531,185822382.11315,1,325.0,250.60000000000582,74.39999999999418,325.0,535.3928571428561
2026-04-08 12:00:00,71661.4,72156.0,71555.0,72036.2,499259.86,4992.5986,358847117.00022,1,601.0,494.6999999999971,106.30000000000291,601.0,463.8928571428561
2026-04-08 13:00:00,72036.3,72876.5,71477.0,71567.4,1934027.83,19340.2783,1396642865.9497,1,1399.5,840.3000000000029,559.1999999999971,1399.5,448.1571428571427
2026-04-08 14:00:00,71567.4,71724.5,70670.0,70886.9,1013159.79,10131.5979,720927796.32293,1,1054.5,157.10000000000582,897.3999999999942,1054.5,481.8142857142853
2026-04-08 15:00:00,70887.0,71315.1,70797.9,71265.3,548745.44,5487.4544,390158438.5214,1,517.2000000000116,428.20000000001164,89.0,517.2000000000116,495.91428571428594
2026-04-08 16:00:00,71265.3,71700.0,71210.9,71561.3,456095.81,4560.9581,325688317.64244,1,489.1000000000058,434.6999999999971,54.40000000000873,489.1000000000058,495.66428571428696
2026-04-08 17:00:00,71561.4,71929.9,71440.9,71854.5,454160.68,4541.6068,325699029.2135,1,489.0,368.59999999999127,120.40000000000873,489.0,513.3500000000016
2026-04-08 18:00:00,71854.6,71857.4,71054.2,71073.6,491677.45,4916.7745,351215193.89809,1,803.1999999999971,2.8999999999941792,800.3000000000029,803.1999999999971,542.250000000001
2026-04-08 19:00:00,71073.6,71346.6,70983.5,71294.0,215596.79,2155.9679,153454637.51386,1,363.1000000000058,273.0,90.10000000000582,363.1000000000058,547.1000000000016
2026-04-08 20:00:00,71294.0,71457.6,71252.3,71350.5,138296.19,1382.9619,98698173.86722,1,205.3000000000029,163.60000000000582,41.69999999999709,205.3000000000029,535.414285714288
2026-04-08 21:00:00,71350.6,71718.8,71300.0,71519.9,138909.55,1389.0955,99398753.31145,1,418.8000000000029,368.3000000000029,50.5,418.8000000000029,542.0071428571454
2026-04-08 22:00:00,71520.0,71546.7,71024.4,71027.8,184421.78,1844.2178,131392720.39528,1,522.3000000000029,26.80000000000291,495.5,522.3000000000029,565.3500000000028
2026-04-08 23:00:00,71027.7,71179.0,70863.5,71041.7,223538.16,2235.3816,158702085.02345,1,315.5,151.1999999999971,164.3000000000029,315.5,560.0214285714309
2026-04-09 00:00:00,71041.8,71109.4,70606.0,70780.0,303881.52,3038.8152,215195791.45828,1,503.3999999999942,67.69999999999709,435.6999999999971,503.3999999999942,571.9214285714303
2026-04-09 01:00:00,70780.0,70929.9,70422.0,70892.7,457527.62,4575.2762,323252625.59631,1,507.8999999999942,149.89999999999418,358.0,507.8999999999942,584.9857142857155
2026-04-09 02:00:00,70892.6,71170.0,70774.4,71026.9,278409.9,2784.099,197614645.91569,1,395.6000000000058,277.3000000000029,118.30000000000291,395.6000000000058,570.3142857142874
2026-04-09 03:00:00,71026.9,71087.9,70810.1,70965.7,172019.18,1720.1918,122024619.29046,1,277.79999999998836,61.0,216.79999999998836,277.79999999998836,490.192857142858
2026-04-09 04:00:00,70965.7,70985.0,70680.0,70757.0,167374.72,1673.7472,118545968.74111,1,305.0,19.30000000000291,285.6999999999971,305.0,436.6571428571437
2026-04-09 05:00:00,70757.0,71071.3,70660.7,70959.7,185833.32,1858.3332,131766794.34327,1,410.6000000000058,314.3000000000029,96.30000000000291,410.6000000000058,429.04285714285754
2026-04-09 06:00:00,70959.7,71067.1,70778.6,70994.1,181544.33,1815.4433,128773687.88106,1,288.5,107.40000000000873,181.09999999999127,288.5,414.7142857142857
2026-04-09 07:00:00,70994.1,71086.2,70921.2,70953.8,152002.62,1520.0262,107907149.76247,1,165.0,92.09999999999127,72.90000000000873,165.0,391.57142857142856
2026-04-09 08:00:00,70953.8,71358.3,70831.5,71225.8,378204.47,3782.0447,268995567.94153,1,526.8000000000029,404.5,122.30000000000291,526.8000000000029,371.8285714285718
2026-04-09 09:00:00,71225.8,71548.0,71079.2,71502.5,444617.99,4446.1799,317157756.63911,1,468.8000000000029,322.1999999999971,146.60000000000582,468.8000000000029,379.37857142857166
2026-04-09 10:00:00,71502.6,71505.9,71246.4,71246.5,165749.53,1657.4953,118329192.97041,1,259.5,3.3999999999941792,256.1000000000058,259.5,383.25
2026-04-09 11:00:00,71246.5,71325.0,71020.1,71124.5,253712.65,2537.1265,180528633.09823,1,304.8999999999942,78.5,226.39999999999418,304.8999999999942,375.1142857142851
2026-04-09 12:00:00,71124.5,71316.6,71013.0,71263.6,233998.3,2339.983,166544723.951,1,303.6000000000058,192.10000000000582,111.5,303.6000000000058,359.49285714285674
2026-04-09 13:00:00,71263.7,71337.6,70609.5,70779.8,599273.37,5992.7337,424848894.53782,1,728.1000000000058,74.0,654.1000000000058,728.1000000000058,388.9642857142857
2026-04-09 14:00:00,70779.8,71228.0,70505.0,71090.7,695093.9,6950.939,492516714.0204,1,723.0,448.1999999999971,274.8000000000029,723.0,404.65000000000043
2026-04-09 15:00:00,71090.8,72333.7,70900.0,72105.7,1447394.89,14473.9489,1038881477.35316,1,1433.699999999997,1243.0,190.6999999999971,1433.699999999997,470.77857142857204
2026-04-09 16:00:00,72105.6,72379.3,71666.7,72047.5,839697.96,8396.9796,604978217.47558,1,712.6000000000058,273.6000000000058,439.0,712.6000000000058,493.4214285714292
2026-04-09 17:00:00,72047.6,72518.3,72037.2,72308.6,708292.04,7082.9204,512308837.76113,1,481.1000000000058,470.8000000000029,10.30000000000291,481.1000000000058,507.942857142859
2026-04-09 18:00:00,72308.6,72341.7,71708.5,71858.3,403241.97,4032.4197,289975599.45173,1,633.1999999999971,33.09999999999127,600.1000000000058,633.1999999999971,531.385714285716
2026-04-09 19:00:00,71858.2,72270.0,71718.0,72060.7,331870.79,3318.7079,238966812.87773,1,552.0,411.6999999999971,140.3000000000029,552.0,541.4857142857155
2026-04-09 20:00:00,72060.7,72418.5,71929.1,72374.8,193540.6,1935.406,139784909.5515,1,489.3999999999942,357.8000000000029,131.59999999999127,489.3999999999942,555.8357142857151
2026-04-09 21:00:00,72374.8,72676.0,72107.1,72226.5,279496.94,2794.9694,202260842.01316,1,568.8999999999942,301.1999999999971,267.6999999999971,568.8999999999942,584.6857142857147
2026-04-09 22:00:00,72226.5,73146.1,71911.1,71911.2,776714.58,7767.1458,564052537.02616,1,1235.0,919.6000000000058,315.3999999999942,1235.0,635.2714285714288
2026-04-09 23:00:00,71911.1,71995.1,71541.9,71759.0,507415.11,5074.1511,364148307.6448,1,453.20000000001164,83.90000000000873,369.3000000000029,453.20000000001164,634.1571428571436
2026-04-10 00:00:00,71759.1,72020.3,71543.0,71945.6,334171.79,3341.7179,239908445.02745,1,477.3000000000029,261.3000000000029,216.0,477.3000000000029,649.7142857142868
2026-04-10 01:00:00,71945.7,72355.4,71632.7,72133.4,437285.52,4372.8552,315279975.68267,1,722.6999999999971,409.79999999998836,312.90000000000873,722.6999999999971,679.5571428571441
2026-04-10 02:00:00,72133.3,72264.5,71868.8,71924.9,222835.48,2228.3548,160610061.9063,1,395.6999999999971,131.10000000000582,264.59999999999127,395.6999999999971,686.1357142857149
2026-04-10 03:00:00,71924.9,71999.9,71780.0,71838.2,164980.84,1649.8084,118577104.3559,1,219.89999999999418,75.0,144.89999999999418,219.89999999999418,649.8357142857141
2026-04-10 04:00:00,71838.3,72194.6,71784.1,72086.8,206026.15,2060.2615,148205045.16388,1,410.5,356.40000000000873,54.09999999999127,410.5,627.5142857142855
2026-04-10 05:00:00,72086.9,72258.0,71960.4,72097.0,169317.58,1693.1758,122117392.92252,1,297.6000000000058,171.1999999999971,126.40000000000873,297.6000000000058,546.3642857142861
2026-04-10 06:00:00,72096.9,72150.0,71754.6,71777.0,168118.79,1681.1879,120916194.68358,1,395.3999999999942,53.0,342.3999999999942,395.3999999999942,523.7071428571425
2026-04-10 07:00:00,71777.0,71819.5,71404.1,71463.5,418943.43,4189.4343,300091873.80868,1,415.3999999999942,42.5,372.8999999999942,415.3999999999942,519.0142857142845
2026-04-10 08:00:00,71463.5,71730.0,71388.9,71581.2,377281.92,3772.8192,270006426.76677,1,341.1000000000058,266.5,74.60000000000582,341.1000000000058,498.14999999999935
2026-04-10 09:00:00,71581.1,71846.9,71560.5,71748.1,195568.74,1955.6874,140289346.83774,1,286.3999999999942,265.6999999999971,20.69999999999709,286.3999999999942,479.17857142857036
2026-04-10 10:00:00,71748.1,71896.3,71667.6,71863.2,161443.35,1614.4335,115888631.6847,1,228.6999999999971,148.1999999999971,80.5,228.6999999999971,460.557142857142
2026-04-10 11:00:00,71863.1,72222.0,71858.4,72084.8,365823.26,3658.2326,263748774.63914,1,363.6000000000058,358.8000000000029,4.80000000000291,363.6000000000058,445.89285714285717
2026-04-10 12:00:00,72084.7,72420.0,71960.0,72220.0,621306.45,6213.0645,448599083.25846,1,460.0,335.1999999999971,124.80000000000291,460.0,390.5357142857143
2026-04-10 13:00:00,72220.0,72381.0,71868.8,72289.0,589488.13,5894.8813,425111651.2257,1,512.1999999999971,161.0,351.1999999999971,512.1999999999971,394.749999999999
2026-04-10 14:00:00,72289.0,73125.5,72215.2,72878.5,1308279.65,13082.7965,951996825.08801,1,910.3000000000029,836.5,73.80000000000291,910.3000000000029,425.67857142857036
2026-04-10 15:00:00,72878.6,73288.0,72285.8,72418.3,770351.82,7703.5182,560859472.62007,1,1002.1999999999971,409.5,592.6999999999971,1002.1999999999971,445.6428571428561
2026-04-10 16:00:00,72418.2,73056.7,72348.4,72965.8,538770.61,5387.7061,391839303.33444,1,708.3000000000029,638.3999999999942,69.90000000000873,708.3000000000029,467.97142857142796
2026-04-10 17:00:00,72965.8,73123.0,72768.1,73092.0,250899.77,2508.9977,182996934.3725,1,354.8999999999942,157.1999999999971,197.6999999999971,354.8999999999942,477.6142857142851
2026-04-10 18:00:00,73091.9,73149.5,72840.0,73071.1,193789.77,1937.8977,141421643.14072,1,309.5,57.5,252.0,309.5,470.39999999999935
2026-04-10 19:00:00,73071.2,73248.8,72863.8,73194.0,220556.58,2205.5658,161146731.42696,1,385.0,177.6999999999971,207.3000000000029,385.0,476.6428571428561
2026-04-10 20:00:00,73194.5,73452.3,73012.8,73321.2,319830.31,3198.3031,234247968.07323,1,439.5,258.3000000000029,181.1999999999971,439.5,479.7928571428565
2026-04-10 21:00:00,73321.3,73321.3,72900.0,73163.0,147295.39,1472.9539,107652107.73626,1,421.3000000000029,0.10000000000582077,421.1999999999971,421.3000000000029,480.2142857142857
2026-04-10 22:00:00,73162.9,73220.0,72678.5,72840.8,239777.72,2397.7772,174923904.80719,1,541.5,57.0,484.5,541.5,494.528571428571
2026-04-10 23:00:00,72840.8,72933.3,72746.0,72925.8,99300.94,993.0094,72334898.99783,1,187.3000000000029,92.5,94.80000000000291,187.3000000000029,487.4500000000002
2026-04-11 00:00:00,72925.7,72925.8,72750.0,72799.2,102403.81,1024.0381,74575986.45651,1,175.8000000000029,0.0,175.8000000000029,175.8000000000029,483.6714285714292
2026-04-11 01:00:00,72799.3,72975.0,72616.7,72927.5,139871.05,1398.7105,101809247.30231,1,358.3000000000029,175.8000000000029,182.5,358.3000000000029,483.29285714285754
2026-04-11 02:00:00,72927.5,73073.8,72868.1,72928.8,143405.49,1434.0549,104632164.5792,1,205.6999999999971,146.3000000000029,59.39999999999418,205.6999999999971,465.12857142857166
2026-04-11 03:00:00,72928.8,73047.2,72785.8,72836.9,108653.64,1086.5364,79241778.45058,1,261.3999999999942,118.39999999999418,143.0,261.3999999999942,447.2142857142857
2026-04-11 04:00:00,72837.0,72925.2,72650.6,72781.1,149800.48,1498.0048,108998972.79047,1,274.59999999999127,88.30000000000291,186.29999999998836,274.59999999999127,401.807142857142
2026-04-11 05:00:00,72781.2,72812.0,72642.8,72696.4,99069.34,990.6934,72051520.32814,1,169.1999999999971,30.89999999999418,138.3000000000029,169.1999999999971,342.307142857142
2026-04-11 06:00:00,72696.3,72755.1,72570.3,72738.9,119441.57,1194.4157,86783444.4426,1,184.8000000000029,58.70000000001164,126.09999999999127,184.8000000000029,304.91428571428486
2026-04-11 07:00:00,72739.0,72809.7,72633.6,72719.7,112411.22,1124.1122,81758530.57577,1,176.09999999999127,70.80000000000291,105.29999999998836,176.09999999999127,292.1428571428561
2026-04-11 08:00:00,72719.8,72779.9,72601.0,72636.3,94421.28,944.2128,68641588.309,1,178.89999999999418,60.19999999999709,118.69999999999709,178.89999999999418,282.81428571428427
2026-04-11 09:00:00,72636.3,72884.0,72600.0,72875.2,183876.84,1838.7684,133810682.96345,1,284.0,247.6999999999971,36.30000000000291,284.0,275.59999999999854
2026-04-11 10:00:00,72875.1,72898.4,72728.0,72811.2,120527.89,1205.2789,87744455.79562,1,170.39999999999418,23.19999999999709,147.1999999999971,170.39999999999418,256.37857142856956
2026-04-11 11:00:00,72811.2,72896.0,72787.0,72883.8,77161.34,771.6134,56201338.81336,1,109.0,84.80000000000291,24.19999999999709,109.0,234.07142857142648
2026-04-11 12:00:00,72883.7,72956.5,72787.0,72900.0,128447.29,1284.4729,93618257.43802,1,169.5,72.69999999999709,96.80000000000291,169.5,207.49999999999793
2026-04-11 13:00:00,72900.0,72900.0,72480.4,72628.1,334889.39,3348.8939,243270808.93786,1,419.6000000000058,0.0,419.6000000000058,419.6000000000058,224.09285714285528
2026-04-11 14:00:00,72628.2,72749.4,72578.0,72669.3,106063.24,1060.6324,77069394.53086,1,171.39999999999418,121.29999999998836,50.10000000000582,171.39999999999418,223.77857142856894
2026-04-11 15:00:00,72669.3,72874.1,72648.6,72826.6,162324.12,1623.2412,118098956.68574,1,225.5,204.8000000000029,20.69999999999709,225.5,214.29285714285444
2026-04-11 16:00:00,72826.5,73200.0,72790.0,73000.4,301061.86,3010.6186,219801105.67473,1,410.0,373.3999999999942,36.60000000000582,410.0,228.8857142857118
2026-04-11 17:00:00,73000.4,73142.0,72903.0,73060.3,140491.03,1404.9103,102598708.79648,1,239.0,141.60000000000582,97.39999999999418,239.0,227.2857142857122
2026-04-11 18:00:00,73060.4,73748.5,73002.8,73527.3,546266.16,5462.6616,401260784.16565,1,745.6999999999971,688.1999999999971,57.5,745.6999999999971,260.9357142857126
2026-04-11 19:00:00,73527.4,73799.1,73433.8,73659.6,319181.24,3191.8124,234993986.71088,1,365.3000000000029,271.8000000000029,93.5,365.3000000000029,274.94285714285587
2026-04-11 20:00:00,73659.6,73670.7,73201.6,73274.8,208809.91,2088.0991,153231108.35394,1,469.09999999999127,11.099999999991269,458.0,469.09999999999127,295.2499999999979
2026-04-11 21:00:00,73274.8,73530.4,73166.0,73406.3,134447.91,1344.4791,98649048.27641,1,364.3999999999942,255.59999999999127,108.80000000000291,364.3999999999942,308.6999999999981
2026-04-11 22:00:00,73406.2,73546.3,73210.8,73341.1,128116.76,1281.1676,93973982.71454,1,335.5,140.0,195.5,335.5,319.8857142857128
2026-04-11 23:00:00,73341.1,73341.2,72864.0,73014.7,239979.75,2399.7975,175274179.95955,1,477.1999999999971,0.09999999999126885,477.1000000000058,477.1999999999971,333.6857142857126
2026-04-12 00:00:00,73014.7,73088.0,72823.4,73049.8,157857.11,1578.5711,115218288.04918,1,264.6000000000058,73.30000000000291,191.3000000000029,264.6000000000058,340.41428571428486
2026-04-12 01:00:00,73049.9,73107.1,71270.2,71610.0,1246856.37,12468.5637,897300002.47611,1,1836.9000000000087,57.30000000000291,1779.6000000000058,1836.9000000000087,463.83571428571406
2026-04-12 02:00:00,71609.9,71934.7,71310.5,71725.8,523885.87,5238.8587,375690217.73381,1,624.1999999999971,324.6999999999971,299.5,624.1999999999971,496.3142857142853
2026-04-12 03:00:00,71725.8,71829.5,71557.0,71557.7,262524.52,2625.2452,188115814.79246,1,272.5,103.69999999999709,168.8000000000029,272.5,485.807142857142
2026-04-12 04:00:00,71557.6,71650.0,71411.0,71437.9,205248.84,2052.4884,146781381.90611,1,239.0,92.30000000000291,146.6999999999971,239.0,490.63571428571385
2026-04-12 05:00:00,71437.9,71750.0,71380.0,71664.1,220222.19,2202.2219,157637777.13503,1,370.0,312.1000000000058,57.89999999999418,370.0,500.95714285714246
2026-04-12 06:00:00,71664.2,71726.5,71600.0,71617.1,103361.43,1033.6143,74065925.80728,1,126.5,62.39999999999418,64.10000000000582,126.5,480.70714285714246
2026-04-12 07:00:00,71617.0,71720.0,71541.1,71635.9,126279.6,1262.796,90464864.66363,1,178.89999999999418,102.89999999999418,76.0,178.89999999999418,476.41428571428486
2026-04-12 08:00:00,71635.9,71772.0,71553.4,71591.5,162766.43,1627.6643,116613298.42716,1,218.60000000000582,136.10000000000582,82.5,218.60000000000582,438.7642857142855
2026-04-12 09:00:00,71591.4,71607.4,71480.9,71507.4,118292.85,1182.9285,84628903.49087,1,126.5,15.89999999999418,110.60000000000582,126.5,421.70714285714246
2026-04-12 10:00:00,71507.3,71655.0,71323.0,71425.0,184950.54,1849.5054,132207454.15137,1,332.0,147.60000000000582,184.39999999999418,332.0,411.91428571428594
2026-04-12 11:00:00,71425.0,71519.7,71387.8,71441.4,113648.42,1136.4842,81190576.1014,1,131.89999999999418,94.69999999999709,37.19999999999709,131.89999999999418,395.30714285714305
2026-04-12 12:00:00,71441.3,71477.7,71027.0,71053.9,442302.2,4423.022,315066360.28671,1,450.6999999999971,36.30000000000291,414.3999999999942,450.6999999999971,403.5357142857143
2026-04-12 13:00:00,71053.9,71121.4,70830.4,70861.6,506772.24,5067.7224,359649291.91216,1,291.0,67.5,223.5,291.0,390.2357142857145
2026-04-12 14:00:00,70861.6,71076.2,70660.7,70721.9,382967.88,3829.6788,271341182.06189,1,415.5,214.59999999999127,200.90000000000873,415.5,401.0142857142855
2026-04-12 15:00:00,70722.0,70917.0,70570.0,70869.5,306455.25,3064.5525,216879231.09811,1,347.0,195.10000000000582,151.89999999999418,347.0,294.5928571428563
2026-04-12 16:00:00,70869.5,70934.6,70778.0,70900.1,140240.65,1402.4065,99389618.92979,1,156.60000000000582,65.10000000000582,91.5,156.60000000000582,261.19285714285695
2026-04-12 17:00:00,70900.1,71175.9,70866.0,71120.2,238923.09,2389.2309,169674562.41395,1,309.8999999999942,275.79999999998836,34.10000000000582,309.8999999999942,263.8642857142851
2026-04-12 18:00:00,71120.3,71187.5,71026.0,71094.8,115313.21,1153.1321,81988156.91687,1,161.5,67.30000000000291,94.19999999999709,161.5,258.3285714285708
2026-04-12 19:00:00,71094.9,71189.2,71040.2,71060.7,61568.62,615.6862,43780711.49682,1,149.0,94.39999999999418,54.60000000000582,149.0,242.54285714285652
2026-04-12 20:00:00,71060.7,71410.9,70921.0,71302.0,167910.28,1679.1028,119529875.77836,1,489.8999999999942,350.1999999999971,139.6999999999971,489.8999999999942,268.499999999999
2026-04-12 21:00:00,71301.9,71425.2,71132.2,71262.1,56010.23,560.1023,39925746.98967,0,293.0,123.19999999999709,169.8000000000029,293.0,276.64999999999935
2026-04-02 12:00:00,66179.5,66216.7,65914.2,66016.6,497139.79,4971.3979,328468838.45086,1,302.5,,,302.5,302.5
2026-04-02 13:00:00,66016.5,66236.5,65653.0,66228.3,757584.2,7575.842,499501781.59077,1,583.5,219.89999999999418,363.6000000000058,583.5,443.0
2026-04-02 14:00:00,66228.3,67077.0,66121.0,66827.0,1239773.79,12397.7379,826308582.22939,1,956.0,848.6999999999971,107.30000000000291,956.0,614.0
2026-04-02 15:00:00,66827.0,66960.0,66595.1,66818.1,473484.79,4734.8479,316188390.85248,1,364.8999999999942,133.0,231.89999999999418,364.8999999999942,551.7249999999985
2026-04-02 16:00:00,66818.0,67273.7,66723.4,67058.2,505815.27,5058.1527,339003663.56944,1,550.3000000000029,455.59999999999127,94.70000000001164,550.3000000000029,551.4399999999994
2026-04-02 17:00:00,67058.1,67400.0,66627.0,66653.4,631747.58,6317.4758,423624191.10302,1,773.0,341.8000000000029,431.1999999999971,773.0,588.3666666666662
2026-04-02 18:00:00,66653.5,67040.5,66555.2,66949.9,306944.44,3069.4444,204890409.15099,1,485.3000000000029,387.1000000000058,98.19999999999709,485.3000000000029,573.6428571428571
2026-04-02 19:00:00,66950.0,67077.9,66843.1,66949.9,175003.3,1750.033,117212600.88628,1,234.79999999998836,128.0,106.79999999998836,234.79999999998836,531.2874999999985
2026-04-02 20:00:00,66950.0,67070.7,66766.0,66913.8,122125.87,1221.2587,81725776.93119,1,304.6999999999971,120.80000000000291,183.89999999999418,304.6999999999971,506.1111111111095
2026-04-02 21:00:00,66913.8,66990.7,66682.7,66907.9,94985.97,949.8597,63475596.56752,1,308.0,76.89999999999418,231.10000000000582,308.0,486.29999999999853
2026-04-02 22:00:00,66907.9,67013.8,66790.1,66951.8,92559.01,925.5901,61946842.26121,1,223.6999999999971,105.90000000000873,117.79999999998836,223.6999999999971,462.42727272727114
2026-04-02 23:00:00,66951.7,67070.0,66814.5,66864.5,125930.85,1259.3085,84302225.8332,1,255.5,118.19999999999709,137.3000000000029,255.5,445.18333333333186
2026-04-03 00:00:00,66864.6,66974.0,66675.0,66755.0,124478.22,1244.7822,83144378.29453,1,299.0,109.5,189.5,299.0,433.9384615384602
2026-04-03 01:00:00,66755.0,66872.0,66458.0,66591.5,246030.39,2460.3039,163959124.3579,1,414.0,117.0,297.0,414.0,432.5142857142845
2026-04-03 02:00:00,66591.4,66719.9,66250.0,66501.2,340136.92,3401.3692,225954150.57778,1,469.8999999999942,128.39999999999418,341.5,469.8999999999942,444.4714285714269
2026-04-03 03:00:00,66501.2,66688.0,66457.9,66553.3,181976.27,1819.7627,121167548.8383,1,230.10000000000582,186.8000000000029,43.30000000000291,230.10000000000582,419.2285714285702
2026-04-03 04:00:00,66553.1,66661.8,66470.8,66578.6,125860.02,1258.6002,83784579.88409,1,191.0,108.5,82.5,191.0,364.58571428571304
2026-04-03 05:00:00,66578.7,66783.3,66380.0,66583.1,209504.42,2095.0442,139555264.5818,1,403.3000000000029,204.6999999999971,198.60000000000582,403.3000000000029,367.3285714285708
2026-04-03 06:00:00,66583.1,66775.0,66529.4,66769.0,131504.17,1315.0417,87663840.31275,1,245.60000000000582,191.89999999999418,53.70000000001164,245.60000000000582,345.5642857142853
2026-04-03 07:00:00,66769.0,67239.2,66726.2,67015.2,376802.92,3768.0292,252456136.10758,1,513.0,470.1999999999971,42.80000000000291,513.0,326.99285714285674
2026-04-03 08:00:00,67015.2,67279.3,66875.0,66941.4,308225.73,3082.2573,206718648.38998,1,404.3000000000029,264.1000000000058,140.1999999999971,404.3000000000029,321.20714285714246
2026-04-03 09:00:00,66941.3,66986.0,66720.0,66841.0,201059.66,2010.5966,134366920.66082,1,266.0,44.60000000000582,221.39999999999418,266.0,323.4357142857147
2026-04-03 10:00:00,66841.0,66869.0,66650.2,66848.2,147842.79,1478.4279,98716403.19897,1,218.8000000000029,28.0,190.8000000000029,218.8000000000029,317.3000000000008
2026-04-03 11:00:00,66848.2,67038.4,66789.4,66987.2,177255.37,1772.5537,118635733.86438,1,249.0,190.1999999999971,58.80000000000291,249.0,313.08571428571514
2026-04-03 12:00:00,66987.2,67350.0,66607.0,66697.4,573516.24,5735.1624,384169278.88932,1,743.0,362.8000000000029,380.1999999999971,743.0,350.17857142857247
2026-04-03 13:00:00,66697.4,66711.0,66478.5,66646.5,324159.96,3241.5996,215902819.53301,1,232.5,13.60000000000582,218.89999999999418,232.5,348.5357142857153
2026-04-03 14:00:00,66646.5,66960.0,66595.3,66901.0,262543.52,2625.4352,175401659.5183,1,364.6999999999971,313.5,51.19999999999709,364.6999999999971,353.22857142857225
2026-04-03 15:00:00,66900.9,66999.0,66783.8,66808.0,178414.84,1784.1484,119319370.5075,1,215.1999999999971,98.0,117.19999999999709,215.1999999999971,339.02857142857204
2026-04-03 16:00:00,66808.1,67036.0,66792.9,66974.0,129155.91,1291.5591,86442680.97791,1,243.10000000000582,228.0,15.10000000000582,243.10000000000582,322.8285714285729
2026-04-03 17:00:00,66974.0,67035.0,66721.5,66808.6,155353.09,1553.5309,103860716.06802,1,313.5,61.0,252.5,313.5,328.7857142857153
2026-04-03 18:00:00,66808.5,66895.8,66745.0,66777.4,79516.68,795.1668,53133787.75361,1,150.8000000000029,87.19999999999709,63.60000000000582,150.8000000000029,325.91428571428696
2026-04-03 19:00:00,66777.4,66879.3,66737.0,66854.0,63433.5,634.335,42362580.67877,1,142.3000000000029,101.90000000000873,40.39999999999418,142.3000000000029,307.2714285714298
2026-04-03 20:00:00,66854.1,66888.9,66791.1,66791.1,39004.97,390.0497,26071370.87821,1,97.79999999998836,34.89999999999418,62.89999999999418,97.79999999998836,296.7142857142857
2026-04-03 21:00:00,66791.1,66954.7,66784.3,66928.6,56486.31,564.8631,37774066.5391,1,170.39999999999418,163.59999999999127,6.80000000000291,170.39999999999418,272.24285714285674
2026-04-03 22:00:00,66928.5,66948.4,66808.9,66855.1,51693.88,516.9388,34570490.57278,1,139.5,19.79999999998836,119.70000000001164,139.5,253.3285714285708
2026-04-03 23:00:00,66855.1,66929.0,66799.1,66929.0,57632.66,576.3266,38532329.36365,1,129.89999999999418,73.89999999999418,56.0,129.89999999999418,243.6071428571418
2026-04-04 00:00:00,66928.9,66937.4,66839.0,66868.1,51879.02,518.7902,34703037.63526,1,98.39999999999418,8.39999999999418,90.0,98.39999999999418,235.0071428571412
2026-04-04 01:00:00,66868.2,66894.4,66800.0,66824.6,75111.36,751.1136,50202146.81232,1,94.39999999999418,26.29999999998836,68.10000000000582,94.39999999999418,223.96428571428365
2026-04-04 02:00:00,66824.6,66889.5,66780.0,66816.0,48398.14,483.9814,32335319.64743,1,109.5,64.89999999999418,44.60000000000582,109.5,178.71428571428365
2026-04-04 03:00:00,66816.1,66870.0,66800.0,66800.3,44785.29,447.8529,29930361.47529,1,70.0,54.0,16.0,70.0,167.1071428571408
2026-04-04 04:00:00,66800.3,66838.0,66734.5,66828.2,59166.63,591.6663,39524777.34343,1,103.5,37.69999999999709,65.80000000000291,103.5,148.44999999999814
2026-04-04 05:00:00,66828.3,66900.0,66808.2,66875.3,76550.72,765.5072,51180216.63998,1,91.80000000000291,71.80000000000291,20.0,91.80000000000291,139.63571428571282
2026-04-04 06:00:00,66875.3,67013.4,66870.2,66973.6,103931.11,1039.3111,69571037.36819,1,143.1999999999971,138.09999999999127,5.100000000005821,143.1999999999971,132.49999999999793
2026-04-04 07:00:00,66973.6,67011.6,66896.6,66980.0,110511.34,1105.1134,73988819.92675,1,115.0,38.0,77.0,115.0,118.3214285714265
2026-04-04 08:00:00,66980.0,67048.9,66873.9,66908.5,135863.29,1358.6329,90990381.27264,1,175.0,68.89999999999418,106.10000000000582,175.0,120.04999999999771
2026-04-04 09:00:00,66908.6,66959.1,66882.6,66949.9,86044.69,860.4469,57588178.68694,1,76.5,50.60000000000582,25.89999999999418,76.5,115.34999999999751
2026-04-04 10:00:00,66950.0,67142.9,66875.9,67132.6,162574.77,1625.7477,108956023.00235,1,267.0,193.0,74.0,267.0,127.43571428571262
2026-04-04 11:00:00,67132.6,67199.8,67052.1,67129.9,176714.69,1767.1469,118615515.23544,1,147.6999999999971,67.19999999999709,80.5,147.6999999999971,125.81428571428425
2026-04-04 12:00:00,67129.9,67163.3,67025.7,67064.5,98163.45,981.6345,65854554.47508,1,137.60000000000582,33.40000000000873,104.19999999999709,137.60000000000582,125.6785714285704
2026-04-04 13:00:00,67064.5,67250.0,67050.0,67160.4,156415.18,1564.1518,105054816.32196,1,200.0,185.5,14.5,200.0,130.68571428571366
2026-04-04 14:00:00,67160.3,67191.7,66980.0,67172.6,192025.52,1920.2552,128832513.94537,1,211.6999999999971,31.30000000000291,180.39999999999418,211.6999999999971,138.778571428571
2026-04-04 15:00:00,67172.6,67550.0,67140.3,67346.0,481737.83,4817.3783,324402490.31251,1,409.6999999999971,377.3999999999942,32.30000000000291,409.6999999999971,161.29999999999978
2026-04-04 16:00:00,67346.0,67484.2,67285.2,67331.7,214566.68,2145.6668,144594660.13027,1,199.0,138.1999999999971,60.80000000000291,199.0,167.69285714285692
2026-04-04 17:00:00,67331.7,67386.9,67258.0,67305.5,158697.09,1586.9709,106840528.07801,1,128.89999999999418,55.19999999999709,73.69999999999709,128.89999999999418,171.89999999999938
2026-04-04 18:00:00,67305.5,67350.0,67215.0,67260.4,97057.71,970.5771,65304595.51912,1,135.0,44.5,90.5,135.0,174.14999999999938
2026-04-04 19:00:00,67260.3,67517.4,67241.5,67262.3,159249.92,1592.4992,107274681.89267,1,275.8999999999942,257.0,18.89999999999418,275.8999999999942,187.29999999999876
2026-04-04 20:00:00,67262.2,67279.2,67150.5,67240.0,86515.54,865.1554,58151433.8332,1,128.6999999999971,16.89999999999418,111.80000000000291,128.6999999999971,186.26428571428445
2026-04-04 21:00:00,67239.9,67449.5,67180.0,67316.3,64467.38,644.6738,43389923.17507,1,269.5,209.5,60.0,269.5,197.29999999999876
2026-04-04 22:00:00,67316.4,67429.4,67303.0,67362.1,71362.85,713.6285,48071853.61602,1,126.39999999999418,113.09999999999127,13.30000000000291,126.39999999999418,193.82857142856977
2026-04-04 23:00:00,67362.0,67364.4,67222.6,67267.4,92427.32,924.2732,62194864.15463,1,141.79999999998836,2.2999999999883585,139.5,141.79999999998836,198.49285714285466
2026-04-05 00:00:00,67267.3,67288.1,67122.7,67178.2,102613.89,1026.1389,68965166.14666,1,165.40000000000873,20.70000000001164,144.6999999999971,165.40000000000873,191.23571428571242
2026-04-05 01:00:00,67178.2,67198.1,67042.3,67056.3,107734.79,1077.3479,72286744.36098,1,155.8000000000029,19.90000000000873,135.89999999999418,155.8000000000029,191.81428571428427
2026-04-05 02:00:00,67056.2,67143.8,66880.2,67136.3,200283.23,2002.8323,134233669.30459,1,263.6000000000058,87.5,176.10000000000582,263.6000000000058,200.81428571428427
2026-04-05 03:00:00,67136.3,67157.9,67051.0,67115.1,71145.93,711.4593,47743836.72004,1,106.89999999999418,21.59999999999127,85.30000000000291,106.89999999999418,194.16428571428384
2026-04-05 04:00:00,67115.2,67157.6,67044.5,67070.1,84605.39,846.0539,56767466.31941,1,113.10000000000582,42.5,70.60000000000582,113.10000000000582,187.12142857142732
2026-04-05 05:00:00,67070.1,67125.9,66850.3,66904.3,141366.02,1413.6602,94678473.5135,1,275.59999999999127,55.79999999998836,219.8000000000029,275.59999999999127,177.54285714285547
2026-04-05 06:00:00,66904.3,66920.9,66572.3,66767.1,427443.41,4274.4341,285255453.36377,1,348.59999999999127,16.59999999999127,332.0,348.59999999999127,188.22857142856915
2026-04-05 07:00:00,66767.1,66888.8,66679.5,66785.2,154002.35,1540.0235,102844729.77735,1,209.3000000000029,121.69999999999709,87.60000000000582,209.3000000000029,193.9714285714269
2026-04-05 08:00:00,66785.1,66900.0,66779.0,66894.6,124665.47,1246.6547,83329117.31641,1,121.0,114.80000000000291,6.19999999999709,121.0,192.9714285714269
2026-04-05 09:00:00,66894.7,67049.9,66861.2,66996.8,146950.61,1469.5061,98387379.13492,1,188.6999999999971,155.29999999998836,33.40000000000873,188.6999999999971,186.74285714285568
2026-04-05 10:00:00,66996.8,67116.7,66923.6,67007.2,140871.52,1408.7152,94393752.28048,1,193.09999999999127,119.89999999999418,73.19999999999709,193.09999999999127,191.34285714285528
2026-04-05 11:00:00,67007.3,67050.9,66938.2,66971.8,74295.73,742.9573,49771987.9783,1,112.69999999999709,43.69999999999709,69.0,112.69999999999709,180.14285714285506
2026-04-05 12:00:00,66971.8,66971.9,66650.1,66756.2,268583.5,2685.835,179345705.59038,1,321.79999999998836,0.09999999999126885,321.6999999999971,321.79999999998836,194.0999999999975
2026-04-05 13:00:00,66756.2,66891.0,66666.7,66861.5,176025.99,1760.2599,117555875.03892,1,224.3000000000029,134.8000000000029,89.5,224.3000000000029,199.99285714285568
2026-04-05 14:00:00,66861.4,66937.1,66766.6,66893.1,144466.87,1444.6687,96615611.90163,1,170.5,75.60000000000582,94.89999999999418,170.5,200.3571428571408
2026-04-05 15:00:00,66893.2,67846.1,66800.1,67281.0,971872.73,9718.7273,655016236.18993,1,1046.0,953.0,93.0,1046.0,263.94285714285485
2026-04-05 16:00:00,67281.0,67386.0,67146.9,67187.3,217630.12,2176.3012,146426191.71594,1,239.10000000000582,105.0,134.10000000000582,239.10000000000582,262.19285714285485
2026-04-05 17:00:00,67187.3,67382.5,67160.0,67349.7,125668.09,1256.6809,84549977.63643,1,222.5,195.1999999999971,27.30000000000291,222.5,270.4499999999981
2026-04-05 18:00:00,67349.8,67433.8,67246.4,67387.5,105752.45,1057.5245,71236548.18331,1,187.40000000000873,84.10000000000582,103.30000000000291,187.40000000000873,275.7571428571412
2026-04-05 19:00:00,67387.6,67537.5,67254.7,67335.0,109854.77,1098.5477,74048918.65495,1,282.8000000000029,150.0,132.8000000000029,282.8000000000029,276.27142857142775
2026-04-05 20:00:00,67334.9,67685.9,67309.8,67630.3,133836.29,1338.3629,90411754.75846,1,376.09999999999127,350.8999999999942,25.19999999999709,376.09999999999127,278.23571428571347
2026-04-05 21:00:00,67630.3,67650.3,67381.0,67519.7,138119.72,1381.1972,93236251.42125,1,269.3000000000029,20.0,249.3000000000029,269.3000000000029,282.52142857142775
2026-04-05 22:00:00,67519.7,68347.0,67300.0,68320.8,819613.6,8196.136,556693200.72457,1,1047.0,827.3000000000029,219.6999999999971,1047.0,348.66428571428486
2026-04-05 23:00:00,68320.7,69118.0,68234.4,69008.0,974049.61,9740.4961,669890620.8335,1,883.6000000000058,797.1999999999971,86.40000000000873,883.6000000000058,398.2999999999998
2026-04-06 00:00:00,69008.0,69587.9,69005.5,69061.7,975180.86,9751.8086,675829763.41632,1,582.3999999999942,579.8999999999942,2.5,582.3999999999942,426.10714285714283
2026-04-06 01:00:00,69061.7,69118.1,68767.7,68791.6,426162.51,4261.6251,293612208.31375,1,350.40000000000873,56.40000000000873,294.0,350.40000000000873,443.08571428571514
2026-04-06 02:00:00,68791.6,69380.0,68748.0,69180.1,500225.23,5002.2523,345860550.55413,1,632.0,588.3999999999942,43.60000000000582,632.0,465.2428571428588
2026-04-06 03:00:00,69180.1,69233.5,69031.2,69099.9,190513.47,1905.1347,131682180.42522,1,202.3000000000029,53.39999999999418,148.90000000000873,202.3000000000029,463.6714285714302
2026-04-06 04:00:00,69100.0,69191.5,68948.3,69109.4,183357.21,1833.5721,126656506.09881,1,243.1999999999971,91.60000000000582,151.59999999999127,243.1999999999971,468.8642857142872
2026-04-06 05:00:00,69109.4,69213.0,69058.0,69169.3,116836.34,1168.3634,80795566.50335,1,155.0,103.60000000000582,51.39999999999418,155.0,405.22142857143
2026-04-06 06:00:00,69169.3,69327.7,68736.9,68948.0,566935.45,5669.3545,390967511.59899,1,590.8000000000029,158.39999999999418,432.40000000000873,590.8000000000029,430.3428571428584
2026-04-06 07:00:00,68948.1,69179.5,68782.8,69074.8,223688.6,2236.886,154320336.60236,1,396.6999999999971,231.5,165.1999999999971,396.6999999999971,442.7857142857153
2026-04-06 08:00:00,69074.8,69318.0,69040.6,69180.0,206725.75,2067.2575,143023757.62553,1,277.3999999999942,243.1999999999971,34.19999999999709,277.3999999999942,449.2142857142857
2026-04-06 09:00:00,69180.0,70276.8,69169.8,69700.1,1274859.2,12748.592,889850090.56249,1,1107.0,1096.800000000003,10.19999999999709,1107.0,508.08571428571406
2026-04-06 10:00:00,69700.1,69952.0,69678.0,69749.9,293689.73,2936.8973,204936615.0794,1,274.0,251.89999999999418,22.10000000000582,274.0,500.79285714285754
2026-04-06 11:00:00,69749.9,69749.9,69536.9,69592.5,212896.61,2128.9661,148235440.87865,1,213.0,0.0,213.0,213.0,496.77142857142877
2026-04-06 12:00:00,69592.4,69615.0,69302.0,69349.5,352163.08,3521.6308,244576094.51989,1,313.0,22.5,290.5,313.0,444.3428571428573
2026-04-06 13:00:00,69349.6,69532.8,69201.0,69405.1,443824.1,4438.241,307861844.2337,1,331.8000000000029,183.3000000000029,148.5,331.8000000000029,404.92857142857144
2026-04-06 14:00:00,69405.0,69798.8,69130.0,69618.7,748518.68,7485.1868,519938869.46091,1,668.8000000000029,393.6999999999971,275.1000000000058,668.8000000000029,411.10000000000065
2026-04-06 15:00:00,69618.7,69935.0,69486.3,69923.0,472412.53,4724.1253,329358322.57106,1,448.6999999999971,316.3000000000029,132.39999999999418,448.6999999999971,418.12142857142834
2026-04-06 16:00:00,69923.0,70322.8,69734.9,69750.1,623068.77,6230.6877,436044296.74444,1,587.9000000000087,399.8000000000029,188.10000000000582,587.9000000000087,414.971428571429
2026-04-06 17:00:00,69750.2,69777.9,69225.0,69530.9,553613.03,5536.1303,384629386.90854,1,552.8999999999942,27.79999999998836,525.1000000000058,552.8999999999942,440.0142857142855
2026-04-06 18:00:00,69531.0,69933.3,69434.6,69849.9,326380.24,3263.8024,227579021.61953,1,498.6999999999971,402.40000000000873,96.29999999998836,498.6999999999971,458.2642857142855
2026-04-06 19:00:00,69850.0,69864.7,69536.9,69699.8,170336.82,1703.3682,118742325.49335,1,327.8000000000029,14.80000000000291,313.0,327.8000000000029,470.60714285714283
2026-04-06 20:00:00,69699.8,69947.5,69584.2,69782.2,125246.37,1252.4637,87408921.9394,1,363.3000000000029,247.6999999999971,115.60000000000582,363.3000000000029,454.35714285714283
2026-04-06 21:00:00,69782.1,69786.9,69380.2,69473.0,148026.03,1480.2603,102982414.71244,1,406.6999999999971,4.69999999999709,402.0,406.6999999999971,455.07142857142856
2026-04-06 22:00:00,69472.9,69545.5,68765.0,68768.0,426779.65,4267.7965,294889348.68099,1,780.5,72.5,708.0,780.5,491.00714285714326
2026-04-06 23:00:00,68768.1,68887.7,68269.0,68812.9,704064.14,7040.6414,483015364.26414,1,618.6999999999971,119.69999999999709,499.0,618.6999999999971,456.12857142857166
2026-04-07 00:00:00,68812.9,69100.6,68690.0,68743.8,341059.62,3410.5962,234885770.71246,1,410.6000000000058,287.70000000001164,122.89999999999418,410.6000000000058,465.8857142857149
2026-04-07 01:00:00,68743.7,68868.7,68300.1,68368.1,420082.72,4200.8272,288127776.55244,1,568.5999999999913,124.89999999999418,443.6999999999971,568.5999999999913,491.2857142857143
2026-04-07 02:00:00,68368.0,68685.1,68233.5,68636.9,301861.86,3018.6186,206688742.99946,1,451.6000000000058,317.0,134.60000000000582,451.6000000000058,501.1857142857147
2026-04-07 03:00:00,68636.9,68773.3,68589.2,68745.2,160054.22,1600.5422,109966246.86858,1,184.10000000000582,136.40000000000873,47.69999999999709,184.10000000000582,490.6357142857149
2026-04-07 04:00:00,68745.1,68958.8,68510.7,68814.9,236617.57,2366.1757,162679800.33323,1,448.1000000000058,213.60000000000582,234.5,448.1000000000058,474.8714285714294
2026-04-07 05:00:00,68814.9,68843.2,68588.0,68632.1,155707.66,1557.0766,106970033.48545,1,255.1999999999971,28.30000000000291,226.89999999999418,255.1999999999971,461.0500000000008
2026-04-07 06:00:00,68632.0,68632.1,68408.4,68546.2,192484.23,1924.8423,131876715.41231,1,223.70000000001164,0.0,223.70000000001164,223.70000000001164,435.0357142857153
2026-04-07 07:00:00,68546.2,68690.4,68470.7,68585.4,125295.79,1252.9579,85928201.44209,1,219.6999999999971,144.1999999999971,75.5,219.6999999999971,411.2357142857155
2026-04-07 08:00:00,68585.3,68955.0,68566.1,68907.8,301028.4,3010.284,207111309.93928,1,388.8999999999942,369.6000000000058,19.29999999998836,388.8999999999942,403.3928571428582
2026-04-07 09:00:00,68907.8,69217.7,68888.8,69106.4,399282.25,3992.8225,275809512.15691,1,328.8999999999942,309.8999999999942,19.0,328.8999999999942,403.471428571429
2026-04-07 10:00:00,69106.4,69165.1,68155.0,68199.3,853110.26,8531.1026,584936448.27054,1,1010.1000000000058,58.70000000001164,951.3999999999942,1010.1000000000058,449.6714285714292
2026-04-07 11:00:00,68199.3,68421.0,68006.4,68308.1,551985.44,5519.8544,376702301.63457,1,414.6000000000058,221.6999999999971,192.90000000000873,414.6000000000058,450.2357142857155
2026-04-07 12:00:00,68308.1,68583.2,68044.2,68368.6,448506.21,4485.0621,306254855.66068,1,539.0,275.09999999999127,263.90000000000873,539.0,432.9857142857155
2026-04-07 13:00:00,68368.6,68613.8,68167.9,68205.1,415645.13,4156.4513,284342187.82269,1,445.90000000000873,245.1999999999971,200.70000000001164,445.90000000000873,420.6428571428592
2026-04-07 14:00:00,68205.0,68230.0,67721.1,67828.9,779549.92,7795.4992,529820938.3201,1,508.8999999999942,24.89999999999418,484.0,508.8999999999942,427.66428571428696
2026-04-07 15:00:00,67829.0,68248.0,67680.2,68138.7,502577.25,5025.7725,341708921.49794,1,567.8000000000029,419.1000000000058,148.6999999999971,567.8000000000029,427.60714285714494
2026-04-07 16:00:00,68138.6,68426.6,68050.0,68208.2,348103.78,3481.0378,237538073.40817,1,376.6000000000058,287.90000000000873,88.69999999999709,376.6000000000058,422.2500000000021
2026-04-07 17:00:00,68208.3,68979.5,68153.2,68669.9,563301.99,5633.0199,386401495.58605,1,826.3000000000029,771.3000000000029,55.0,826.3000000000029,468.12142857143044
2026-04-07 18:00:00,68670.0,68745.3,68313.7,68413.3,318341.62,3183.4162,218158767.99178,1,431.6000000000058,75.40000000000873,356.1999999999971,431.6000000000058,466.942857142859
2026-04-07 19:00:00,68413.4,69058.8,68325.0,68975.6,486811.94,4868.1194,334496240.84127,1,733.8000000000029,645.5,88.30000000000291,733.8000000000029,501.1285714285737
2026-04-07 20:00:00,68975.6,69520.0,68975.6,69280.5,551634.68,5516.3468,382273047.8873,1,544.3999999999942,544.3999999999942,0.0,544.3999999999942,524.0357142857154
2026-04-07 21:00:00,69280.4,70186.1,69268.5,69898.0,823863.54,8238.6354,575088809.34617,1,917.6000000000058,905.6000000000058,12.0,917.6000000000058,573.885714285716
2026-04-07 22:00:00,69898.1,71500.0,69898.1,71479.0,1690012.17,16900.1217,1195825528.60988,1,1601.8999999999942,1602.0,0.10000000000582077,1602.0,660.5357142857164
2026-04-07 23:00:00,71479.0,72773.9,71154.1,71904.6,2312753.62,23127.5362,1665478344.69366,1,1619.7999999999884,1294.8999999999942,324.8999999999942,1619.7999999999884,752.7428571428588
2026-04-08 00:00:00,71904.7,72101.7,71518.4,71696.0,633394.12,6333.9412,455001352.63357,1,583.3000000000029,197.09999999999127,386.20000000001164,583.3000000000029,722.2571428571443
2026-04-08 01:00:00,71696.0,71749.8,71430.0,71467.6,288307.36,2883.0736,206282324.60658,1,319.8000000000029,53.80000000000291,266.0,319.8000000000029,715.4857142857155
2026-04-08 02:00:00,71467.6,71711.9,71219.3,71350.0,371225.33,3712.2533,265172765.37185,1,492.59999999999127,244.29999999998836,248.3000000000029,492.59999999999127,712.1714285714291
2026-04-08 03:00:00,71350.0,71500.0,71258.6,71280.1,187186.86,1871.8686,133586732.20163,1,241.39999999999418,150.0,91.39999999999418,241.39999999999418,697.5642857142853
2026-04-08 04:00:00,71280.0,71677.6,71279.0,71551.5,339104.96,3391.0496,242547094.14751,1,398.6000000000058,397.5,1.1000000000058208,398.6000000000058,689.6857142857147
2026-04-08 05:00:00,71551.5,71830.4,71535.2,71715.0,232507.53,2325.0753,166683644.73031,1,295.1999999999971,278.8999999999942,16.30000000000291,295.1999999999971,670.2142857142857
2026-04-08 06:00:00,71715.0,71935.0,71566.1,71719.9,342326.3,3423.263,245722129.39767,1,368.8999999999942,220.0,148.89999999999418,368.8999999999942,669.6642857142849
2026-04-08 07:00:00,71720.0,71894.2,71567.7,71624.2,261742.97,2617.4297,187652307.15153,1,326.5,174.3000000000029,152.1999999999971,326.5,633.9642857142846
2026-04-08 08:00:00,71624.2,71819.7,71624.2,71790.0,221112.34,2211.1234,158593862.34922,1,195.5,195.5,0.0,195.5,617.0999999999985
2026-04-08 09:00:00,71790.0,71965.1,71575.0,71672.0,236306.84,2363.0684,169618754.97526,1,390.1000000000058,175.10000000000582,215.0,390.1000000000058,592.5499999999987
2026-04-08 10:00:00,71672.1,71780.0,71443.2,71462.4,162840.32,1628.4032,116546244.6666,1,336.8000000000029,108.0,228.8000000000029,336.8000000000029,577.721428571428
2026-04-08 11:00:00,71462.3,71713.0,71388.0,71661.3,259645.31,2596.4531,185822382.11315,1,325.0,250.60000000000582,74.39999999999418,325.0,535.3928571428561
2026-04-08 12:00:00,71661.4,72156.0,71555.0,72036.2,499259.86,4992.5986,358847117.00022,1,601.0,494.6999999999971,106.30000000000291,601.0,463.8928571428561
2026-04-08 13:00:00,72036.3,72876.5,71477.0,71567.4,1934027.83,19340.2783,1396642865.9497,1,1399.5,840.3000000000029,559.1999999999971,1399.5,448.1571428571427
2026-04-08 14:00:00,71567.4,71724.5,70670.0,70886.9,1013159.79,10131.5979,720927796.32293,1,1054.5,157.10000000000582,897.3999999999942,1054.5,481.8142857142853
2026-04-08 15:00:00,70887.0,71315.1,70797.9,71265.3,548745.44,5487.4544,390158438.5214,1,517.2000000000116,428.20000000001164,89.0,517.2000000000116,495.91428571428594
2026-04-08 16:00:00,71265.3,71700.0,71210.9,71561.3,456095.81,4560.9581,325688317.64244,1,489.1000000000058,434.6999999999971,54.40000000000873,489.1000000000058,495.66428571428696
2026-04-08 17:00:00,71561.4,71929.9,71440.9,71854.5,454160.68,4541.6068,325699029.2135,1,489.0,368.59999999999127,120.40000000000873,489.0,513.3500000000016
2026-04-08 18:00:00,71854.6,71857.4,71054.2,71073.6,491677.45,4916.7745,351215193.89809,1,803.1999999999971,2.8999999999941792,800.3000000000029,803.1999999999971,542.250000000001
2026-04-08 19:00:00,71073.6,71346.6,70983.5,71294.0,215596.79,2155.9679,153454637.51386,1,363.1000000000058,273.0,90.10000000000582,363.1000000000058,547.1000000000016
2026-04-08 20:00:00,71294.0,71457.6,71252.3,71350.5,138296.19,1382.9619,98698173.86722,1,205.3000000000029,163.60000000000582,41.69999999999709,205.3000000000029,535.414285714288
2026-04-08 21:00:00,71350.6,71718.8,71300.0,71519.9,138909.55,1389.0955,99398753.31145,1,418.8000000000029,368.3000000000029,50.5,418.8000000000029,542.0071428571454
2026-04-08 22:00:00,71520.0,71546.7,71024.4,71027.8,184421.78,1844.2178,131392720.39528,1,522.3000000000029,26.80000000000291,495.5,522.3000000000029,565.3500000000028
2026-04-08 23:00:00,71027.7,71179.0,70863.5,71041.7,223538.16,2235.3816,158702085.02345,1,315.5,151.1999999999971,164.3000000000029,315.5,560.0214285714309
2026-04-09 00:00:00,71041.8,71109.4,70606.0,70780.0,303881.52,3038.8152,215195791.45828,1,503.3999999999942,67.69999999999709,435.6999999999971,503.3999999999942,571.9214285714303
2026-04-09 01:00:00,70780.0,70929.9,70422.0,70892.7,457527.62,4575.2762,323252625.59631,1,507.8999999999942,149.89999999999418,358.0,507.8999999999942,584.9857142857155
2026-04-09 02:00:00,70892.6,71170.0,70774.4,71026.9,278409.9,2784.099,197614645.91569,1,395.6000000000058,277.3000000000029,118.30000000000291,395.6000000000058,570.3142857142874
2026-04-09 03:00:00,71026.9,71087.9,70810.1,70965.7,172019.18,1720.1918,122024619.29046,1,277.79999999998836,61.0,216.79999999998836,277.79999999998836,490.192857142858
2026-04-09 04:00:00,70965.7,70985.0,70680.0,70757.0,167374.72,1673.7472,118545968.74111,1,305.0,19.30000000000291,285.6999999999971,305.0,436.6571428571437
2026-04-09 05:00:00,70757.0,71071.3,70660.7,70959.7,185833.32,1858.3332,131766794.34327,1,410.6000000000058,314.3000000000029,96.30000000000291,410.6000000000058,429.04285714285754
2026-04-09 06:00:00,70959.7,71067.1,70778.6,70994.1,181544.33,1815.4433,128773687.88106,1,288.5,107.40000000000873,181.09999999999127,288.5,414.7142857142857
2026-04-09 07:00:00,70994.1,71086.2,70921.2,70953.8,152002.62,1520.0262,107907149.76247,1,165.0,92.09999999999127,72.90000000000873,165.0,391.57142857142856
2026-04-09 08:00:00,70953.8,71358.3,70831.5,71225.8,378204.47,3782.0447,268995567.94153,1,526.8000000000029,404.5,122.30000000000291,526.8000000000029,371.8285714285718
2026-04-09 09:00:00,71225.8,71548.0,71079.2,71502.5,444617.99,4446.1799,317157756.63911,1,468.8000000000029,322.1999999999971,146.60000000000582,468.8000000000029,379.37857142857166
2026-04-09 10:00:00,71502.6,71505.9,71246.4,71246.5,165749.53,1657.4953,118329192.97041,1,259.5,3.3999999999941792,256.1000000000058,259.5,383.25
2026-04-09 11:00:00,71246.5,71325.0,71020.1,71124.5,253712.65,2537.1265,180528633.09823,1,304.8999999999942,78.5,226.39999999999418,304.8999999999942,375.1142857142851
2026-04-09 12:00:00,71124.5,71316.6,71013.0,71263.6,233998.3,2339.983,166544723.951,1,303.6000000000058,192.10000000000582,111.5,303.6000000000058,359.49285714285674
2026-04-09 13:00:00,71263.7,71337.6,70609.5,70779.8,599273.37,5992.7337,424848894.53782,1,728.1000000000058,74.0,654.1000000000058,728.1000000000058,388.9642857142857
2026-04-09 14:00:00,70779.8,71228.0,70505.0,71090.7,695093.9,6950.939,492516714.0204,1,723.0,448.1999999999971,274.8000000000029,723.0,404.65000000000043
2026-04-09 15:00:00,71090.8,72333.7,70900.0,72105.7,1447394.89,14473.9489,1038881477.35316,1,1433.699999999997,1243.0,190.6999999999971,1433.699999999997,470.77857142857204
2026-04-09 16:00:00,72105.6,72379.3,71666.7,72047.5,839697.96,8396.9796,604978217.47558,1,712.6000000000058,273.6000000000058,439.0,712.6000000000058,493.4214285714292
2026-04-09 17:00:00,72047.6,72518.3,72037.2,72308.6,708292.04,7082.9204,512308837.76113,1,481.1000000000058,470.8000000000029,10.30000000000291,481.1000000000058,507.942857142859
2026-04-09 18:00:00,72308.6,72341.7,71708.5,71858.3,403241.97,4032.4197,289975599.45173,1,633.1999999999971,33.09999999999127,600.1000000000058,633.1999999999971,531.385714285716
2026-04-09 19:00:00,71858.2,72270.0,71718.0,72060.7,331870.79,3318.7079,238966812.87773,1,552.0,411.6999999999971,140.3000000000029,552.0,541.4857142857155
2026-04-09 20:00:00,72060.7,72418.5,71929.1,72374.8,193540.6,1935.406,139784909.5515,1,489.3999999999942,357.8000000000029,131.59999999999127,489.3999999999942,555.8357142857151
2026-04-09 21:00:00,72374.8,72676.0,72107.1,72226.5,279496.94,2794.9694,202260842.01316,1,568.8999999999942,301.1999999999971,267.6999999999971,568.8999999999942,584.6857142857147
2026-04-09 22:00:00,72226.5,73146.1,71911.1,71911.2,776714.58,7767.1458,564052537.02616,1,1235.0,919.6000000000058,315.3999999999942,1235.0,635.2714285714288
2026-04-09 23:00:00,71911.1,71995.1,71541.9,71759.0,507415.11,5074.1511,364148307.6448,1,453.20000000001164,83.90000000000873,369.3000000000029,453.20000000001164,634.1571428571436
2026-04-10 00:00:00,71759.1,72020.3,71543.0,71945.6,334171.79,3341.7179,239908445.02745,1,477.3000000000029,261.3000000000029,216.0,477.3000000000029,649.7142857142868
2026-04-10 01:00:00,71945.7,72355.4,71632.7,72133.4,437285.52,4372.8552,315279975.68267,1,722.6999999999971,409.79999999998836,312.90000000000873,722.6999999999971,679.5571428571441
2026-04-10 02:00:00,72133.3,72264.5,71868.8,71924.9,222835.48,2228.3548,160610061.9063,1,395.6999999999971,131.10000000000582,264.59999999999127,395.6999999999971,686.1357142857149
2026-04-10 03:00:00,71924.9,71999.9,71780.0,71838.2,164980.84,1649.8084,118577104.3559,1,219.89999999999418,75.0,144.89999999999418,219.89999999999418,649.8357142857141
2026-04-10 04:00:00,71838.3,72194.6,71784.1,72086.8,206026.15,2060.2615,148205045.16388,1,410.5,356.40000000000873,54.09999999999127,410.5,627.5142857142855
2026-04-10 05:00:00,72086.9,72258.0,71960.4,72097.0,169317.58,1693.1758,122117392.92252,1,297.6000000000058,171.1999999999971,126.40000000000873,297.6000000000058,546.3642857142861
2026-04-10 06:00:00,72096.9,72150.0,71754.6,71777.0,168118.79,1681.1879,120916194.68358,1,395.3999999999942,53.0,342.3999999999942,395.3999999999942,523.7071428571425
2026-04-10 07:00:00,71777.0,71819.5,71404.1,71463.5,418943.43,4189.4343,300091873.80868,1,415.3999999999942,42.5,372.8999999999942,415.3999999999942,519.0142857142845
2026-04-10 08:00:00,71463.5,71730.0,71388.9,71581.2,377281.92,3772.8192,270006426.76677,1,341.1000000000058,266.5,74.60000000000582,341.1000000000058,498.14999999999935
2026-04-10 09:00:00,71581.1,71846.9,71560.5,71748.1,195568.74,1955.6874,140289346.83774,1,286.3999999999942,265.6999999999971,20.69999999999709,286.3999999999942,479.17857142857036
2026-04-10 10:00:00,71748.1,71896.3,71667.6,71863.2,161443.35,1614.4335,115888631.6847,1,228.6999999999971,148.1999999999971,80.5,228.6999999999971,460.557142857142
2026-04-10 11:00:00,71863.1,72222.0,71858.4,72084.8,365823.26,3658.2326,263748774.63914,1,363.6000000000058,358.8000000000029,4.80000000000291,363.6000000000058,445.89285714285717
2026-04-10 12:00:00,72084.7,72420.0,71960.0,72220.0,621306.45,6213.0645,448599083.25846,1,460.0,335.1999999999971,124.80000000000291,460.0,390.5357142857143
2026-04-10 13:00:00,72220.0,72381.0,71868.8,72289.0,589488.13,5894.8813,425111651.2257,1,512.1999999999971,161.0,351.1999999999971,512.1999999999971,394.749999999999
2026-04-10 14:00:00,72289.0,73125.5,72215.2,72878.5,1308279.65,13082.7965,951996825.08801,1,910.3000000000029,836.5,73.80000000000291,910.3000000000029,425.67857142857036
2026-04-10 15:00:00,72878.6,73288.0,72285.8,72418.3,770351.82,7703.5182,560859472.62007,1,1002.1999999999971,409.5,592.6999999999971,1002.1999999999971,445.6428571428561
2026-04-10 16:00:00,72418.2,73056.7,72348.4,72965.8,538770.61,5387.7061,391839303.33444,1,708.3000000000029,638.3999999999942,69.90000000000873,708.3000000000029,467.97142857142796
2026-04-10 17:00:00,72965.8,73123.0,72768.1,73092.0,250899.77,2508.9977,182996934.3725,1,354.8999999999942,157.1999999999971,197.6999999999971,354.8999999999942,477.6142857142851
2026-04-10 18:00:00,73091.9,73149.5,72840.0,73071.1,193789.77,1937.8977,141421643.14072,1,309.5,57.5,252.0,309.5,470.39999999999935
2026-04-10 19:00:00,73071.2,73248.8,72863.8,73194.0,220556.58,2205.5658,161146731.42696,1,385.0,177.6999999999971,207.3000000000029,385.0,476.6428571428561
2026-04-10 20:00:00,73194.5,73452.3,73012.8,73321.2,319830.31,3198.3031,234247968.07323,1,439.5,258.3000000000029,181.1999999999971,439.5,479.7928571428565
2026-04-10 21:00:00,73321.3,73321.3,72900.0,73163.0,147295.39,1472.9539,107652107.73626,1,421.3000000000029,0.10000000000582077,421.1999999999971,421.3000000000029,480.2142857142857
2026-04-10 22:00:00,73162.9,73220.0,72678.5,72840.8,239777.72,2397.7772,174923904.80719,1,541.5,57.0,484.5,541.5,494.528571428571
2026-04-10 23:00:00,72840.8,72933.3,72746.0,72925.8,99300.94,993.0094,72334898.99783,1,187.3000000000029,92.5,94.80000000000291,187.3000000000029,487.4500000000002
2026-04-11 00:00:00,72925.7,72925.8,72750.0,72799.2,102403.81,1024.0381,74575986.45651,1,175.8000000000029,0.0,175.8000000000029,175.8000000000029,483.6714285714292
2026-04-11 01:00:00,72799.3,72975.0,72616.7,72927.5,139871.05,1398.7105,101809247.30231,1,358.3000000000029,175.8000000000029,182.5,358.3000000000029,483.29285714285754
2026-04-11 02:00:00,72927.5,73073.8,72868.1,72928.8,143405.49,1434.0549,104632164.5792,1,205.6999999999971,146.3000000000029,59.39999999999418,205.6999999999971,465.12857142857166
2026-04-11 03:00:00,72928.8,73047.2,72785.8,72836.9,108653.64,1086.5364,79241778.45058,1,261.3999999999942,118.39999999999418,143.0,261.3999999999942,447.2142857142857
2026-04-11 04:00:00,72837.0,72925.2,72650.6,72781.1,149800.48,1498.0048,108998972.79047,1,274.59999999999127,88.30000000000291,186.29999999998836,274.59999999999127,401.807142857142
2026-04-11 05:00:00,72781.2,72812.0,72642.8,72696.4,99069.34,990.6934,72051520.32814,1,169.1999999999971,30.89999999999418,138.3000000000029,169.1999999999971,342.307142857142
2026-04-11 06:00:00,72696.3,72755.1,72570.3,72738.9,119441.57,1194.4157,86783444.4426,1,184.8000000000029,58.70000000001164,126.09999999999127,184.8000000000029,304.91428571428486
2026-04-11 07:00:00,72739.0,72809.7,72633.6,72719.7,112411.22,1124.1122,81758530.57577,1,176.09999999999127,70.80000000000291,105.29999999998836,176.09999999999127,292.1428571428561
2026-04-11 08:00:00,72719.8,72779.9,72601.0,72636.3,94421.28,944.2128,68641588.309,1,178.89999999999418,60.19999999999709,118.69999999999709,178.89999999999418,282.81428571428427
2026-04-11 09:00:00,72636.3,72884.0,72600.0,72875.2,183876.84,1838.7684,133810682.96345,1,284.0,247.6999999999971,36.30000000000291,284.0,275.59999999999854
2026-04-11 10:00:00,72875.1,72898.4,72728.0,72811.2,120527.89,1205.2789,87744455.79562,1,170.39999999999418,23.19999999999709,147.1999999999971,170.39999999999418,256.37857142856956
2026-04-11 11:00:00,72811.2,72896.0,72787.0,72883.8,77161.34,771.6134,56201338.81336,1,109.0,84.80000000000291,24.19999999999709,109.0,234.07142857142648
2026-04-11 12:00:00,72883.7,72956.5,72787.0,72900.0,128447.29,1284.4729,93618257.43802,1,169.5,72.69999999999709,96.80000000000291,169.5,207.49999999999793
2026-04-11 13:00:00,72900.0,72900.0,72480.4,72628.1,334889.39,3348.8939,243270808.93786,1,419.6000000000058,0.0,419.6000000000058,419.6000000000058,224.09285714285528
2026-04-11 14:00:00,72628.2,72749.4,72578.0,72669.3,106063.24,1060.6324,77069394.53086,1,171.39999999999418,121.29999999998836,50.10000000000582,171.39999999999418,223.77857142856894
2026-04-11 15:00:00,72669.3,72874.1,72648.6,72826.6,162324.12,1623.2412,118098956.68574,1,225.5,204.8000000000029,20.69999999999709,225.5,214.29285714285444
2026-04-11 16:00:00,72826.5,73200.0,72790.0,73000.4,301061.86,3010.6186,219801105.67473,1,410.0,373.3999999999942,36.60000000000582,410.0,228.8857142857118
2026-04-11 17:00:00,73000.4,73142.0,72903.0,73060.3,140491.03,1404.9103,102598708.79648,1,239.0,141.60000000000582,97.39999999999418,239.0,227.2857142857122
2026-04-11 18:00:00,73060.4,73748.5,73002.8,73527.3,546266.16,5462.6616,401260784.16565,1,745.6999999999971,688.1999999999971,57.5,745.6999999999971,260.9357142857126
2026-04-11 19:00:00,73527.4,73799.1,73433.8,73659.6,319181.24,3191.8124,234993986.71088,1,365.3000000000029,271.8000000000029,93.5,365.3000000000029,274.94285714285587
2026-04-11 20:00:00,73659.6,73670.7,73201.6,73274.8,208809.91,2088.0991,153231108.35394,1,469.09999999999127,11.099999999991269,458.0,469.09999999999127,295.2499999999979
2026-04-11 21:00:00,73274.8,73530.4,73166.0,73406.3,134447.91,1344.4791,98649048.27641,1,364.3999999999942,255.59999999999127,108.80000000000291,364.3999999999942,308.6999999999981
2026-04-11 22:00:00,73406.2,73546.3,73210.8,73341.1,128116.76,1281.1676,93973982.71454,1,335.5,140.0,195.5,335.5,319.8857142857128
2026-04-11 23:00:00,73341.1,73341.2,72864.0,73014.7,239979.75,2399.7975,175274179.95955,1,477.1999999999971,0.09999999999126885,477.1000000000058,477.1999999999971,333.6857142857126
2026-04-12 00:00:00,73014.7,73088.0,72823.4,73049.8,157857.11,1578.5711,115218288.04918,1,264.6000000000058,73.30000000000291,191.3000000000029,264.6000000000058,340.41428571428486
2026-04-12 01:00:00,73049.9,73107.1,71270.2,71610.0,1246856.37,12468.5637,897300002.47611,1,1836.9000000000087,57.30000000000291,1779.6000000000058,1836.9000000000087,463.83571428571406
2026-04-12 02:00:00,71609.9,71934.7,71310.5,71725.8,523885.87,5238.8587,375690217.73381,1,624.1999999999971,324.6999999999971,299.5,624.1999999999971,496.3142857142853
2026-04-12 03:00:00,71725.8,71829.5,71557.0,71557.7,262524.52,2625.2452,188115814.79246,1,272.5,103.69999999999709,168.8000000000029,272.5,485.807142857142
2026-04-12 04:00:00,71557.6,71650.0,71411.0,71437.9,205248.84,2052.4884,146781381.90611,1,239.0,92.30000000000291,146.6999999999971,239.0,490.63571428571385
2026-04-12 05:00:00,71437.9,71750.0,71380.0,71664.1,220222.19,2202.2219,157637777.13503,1,370.0,312.1000000000058,57.89999999999418,370.0,500.95714285714246
2026-04-12 06:00:00,71664.2,71726.5,71600.0,71617.1,103361.43,1033.6143,74065925.80728,1,126.5,62.39999999999418,64.10000000000582,126.5,480.70714285714246
2026-04-12 07:00:00,71617.0,71720.0,71541.1,71635.9,126279.6,1262.796,90464864.66363,1,178.89999999999418,102.89999999999418,76.0,178.89999999999418,476.41428571428486
2026-04-12 08:00:00,71635.9,71772.0,71553.4,71591.5,162766.43,1627.6643,116613298.42716,1,218.60000000000582,136.10000000000582,82.5,218.60000000000582,438.7642857142855
2026-04-12 09:00:00,71591.4,71607.4,71480.9,71507.4,118292.85,1182.9285,84628903.49087,1,126.5,15.89999999999418,110.60000000000582,126.5,421.70714285714246
2026-04-12 10:00:00,71507.3,71655.0,71323.0,71425.0,184950.54,1849.5054,132207454.15137,1,332.0,147.60000000000582,184.39999999999418,332.0,411.91428571428594
2026-04-12 11:00:00,71425.0,71519.7,71387.8,71441.4,113648.42,1136.4842,81190576.1014,1,131.89999999999418,94.69999999999709,37.19999999999709,131.89999999999418,395.30714285714305
2026-04-12 12:00:00,71441.3,71477.7,71027.0,71053.9,442302.2,4423.022,315066360.28671,1,450.6999999999971,36.30000000000291,414.3999999999942,450.6999999999971,403.5357142857143
2026-04-12 13:00:00,71053.9,71121.4,70830.4,70861.6,506772.24,5067.7224,359649291.91216,1,291.0,67.5,223.5,291.0,390.2357142857145
2026-04-12 14:00:00,70861.6,71076.2,70660.7,70721.9,382967.88,3829.6788,271341182.06189,1,415.5,214.59999999999127,200.90000000000873,415.5,401.0142857142855
2026-04-12 15:00:00,70722.0,70917.0,70570.0,70869.5,306455.25,3064.5525,216879231.09811,1,347.0,195.10000000000582,151.89999999999418,347.0,294.5928571428563
2026-04-12 16:00:00,70869.5,70934.6,70778.0,70900.1,140240.65,1402.4065,99389618.92979,1,156.60000000000582,65.10000000000582,91.5,156.60000000000582,261.19285714285695
2026-04-12 17:00:00,70900.1,71175.9,70866.0,71120.2,238923.09,2389.2309,169674562.41395,1,309.8999999999942,275.79999999998836,34.10000000000582,309.8999999999942,263.8642857142851
2026-04-12 18:00:00,71120.3,71187.5,71026.0,71094.8,115313.21,1153.1321,81988156.91687,1,161.5,67.30000000000291,94.19999999999709,161.5,258.3285714285708
2026-04-12 19:00:00,71094.9,71189.2,71040.2,71060.7,61568.62,615.6862,43780711.49682,1,149.0,94.39999999999418,54.60000000000582,149.0,242.54285714285652
2026-04-12 20:00:00,71060.7,71410.9,70921.0,71302.0,167910.28,1679.1028,119529875.77836,1,489.8999999999942,350.1999999999971,139.6999999999971,489.8999999999942,268.499999999999
2026-04-12 21:00:00,71301.9,71425.2,71132.2,71222.5,96401.72,964.0172,68702875.21642,0,293.0,123.19999999999709,169.8000000000029,293.0,276.64999999999935
2026-04-02 13:00:00,66016.5,66236.5,65653.0,66228.3,757584.2,7575.842,499501781.59077,1,583.5,,,583.5,583.5
2026-04-02 14:00:00,66228.3,67077.0,66121.0,66827.0,1239773.79,12397.7379,826308582.22939,1,956.0,848.6999999999971,107.30000000000291,956.0,769.75
2026-04-02 15:00:00,66827.0,66960.0,66595.1,66818.1,473484.79,4734.8479,316188390.85248,1,364.8999999999942,133.0,231.89999999999418,364.8999999999942,634.799999999998
2026-04-02 16:00:00,66818.0,67273.7,66723.4,67058.2,505815.27,5058.1527,339003663.56944,1,550.3000000000029,455.59999999999127,94.70000000001164,550.3000000000029,613.6749999999993
2026-04-02 17:00:00,67058.1,67400.0,66627.0,66653.4,631747.58,6317.4758,423624191.10302,1,773.0,341.8000000000029,431.1999999999971,773.0,645.5399999999994
2026-04-02 18:00:00,66653.5,67040.5,66555.2,66949.9,306944.44,3069.4444,204890409.15099,1,485.3000000000029,387.1000000000058,98.19999999999709,485.3000000000029,618.8333333333334
2026-04-02 19:00:00,66950.0,67077.9,66843.1,66949.9,175003.3,1750.033,117212600.88628,1,234.79999999998836,128.0,106.79999999998836,234.79999999998836,563.9714285714269
2026-04-02 20:00:00,66950.0,67070.7,66766.0,66913.8,122125.87,1221.2587,81725776.93119,1,304.6999999999971,120.80000000000291,183.89999999999418,304.6999999999971,531.5624999999982
2026-04-02 21:00:00,66913.8,66990.7,66682.7,66907.9,94985.97,949.8597,63475596.56752,1,308.0,76.89999999999418,231.10000000000582,308.0,506.7222222222206
2026-04-02 22:00:00,66907.9,67013.8,66790.1,66951.8,92559.01,925.5901,61946842.26121,1,223.6999999999971,105.90000000000873,117.79999999998836,223.6999999999971,478.41999999999825
2026-04-02 23:00:00,66951.7,67070.0,66814.5,66864.5,125930.85,1259.3085,84302225.8332,1,255.5,118.19999999999709,137.3000000000029,255.5,458.1545454545439
2026-04-03 00:00:00,66864.6,66974.0,66675.0,66755.0,124478.22,1244.7822,83144378.29453,1,299.0,109.5,189.5,299.0,444.89166666666523
2026-04-03 01:00:00,66755.0,66872.0,66458.0,66591.5,246030.39,2460.3039,163959124.3579,1,414.0,117.0,297.0,414.0,442.51538461538325
2026-04-03 02:00:00,66591.4,66719.9,66250.0,66501.2,340136.92,3401.3692,225954150.57778,1,469.8999999999942,128.39999999999418,341.5,469.8999999999942,444.4714285714269
2026-04-03 03:00:00,66501.2,66688.0,66457.9,66553.3,181976.27,1819.7627,121167548.8383,1,230.10000000000582,186.8000000000029,43.30000000000291,230.10000000000582,419.2285714285702
2026-04-03 04:00:00,66553.1,66661.8,66470.8,66578.6,125860.02,1258.6002,83784579.88409,1,191.0,108.5,82.5,191.0,364.58571428571304
2026-04-03 05:00:00,66578.7,66783.3,66380.0,66583.1,209504.42,2095.0442,139555264.5818,1,403.3000000000029,204.6999999999971,198.60000000000582,403.3000000000029,367.3285714285708
2026-04-03 06:00:00,66583.1,66775.0,66529.4,66769.0,131504.17,1315.0417,87663840.31275,1,245.60000000000582,191.89999999999418,53.70000000001164,245.60000000000582,345.5642857142853
2026-04-03 07:00:00,66769.0,67239.2,66726.2,67015.2,376802.92,3768.0292,252456136.10758,1,513.0,470.1999999999971,42.80000000000291,513.0,326.99285714285674
2026-04-03 08:00:00,67015.2,67279.3,66875.0,66941.4,308225.73,3082.2573,206718648.38998,1,404.3000000000029,264.1000000000058,140.1999999999971,404.3000000000029,321.20714285714246
2026-04-03 09:00:00,66941.3,66986.0,66720.0,66841.0,201059.66,2010.5966,134366920.66082,1,266.0,44.60000000000582,221.39999999999418,266.0,323.4357142857147
2026-04-03 10:00:00,66841.0,66869.0,66650.2,66848.2,147842.79,1478.4279,98716403.19897,1,218.8000000000029,28.0,190.8000000000029,218.8000000000029,317.3000000000008
2026-04-03 11:00:00,66848.2,67038.4,66789.4,66987.2,177255.37,1772.5537,118635733.86438,1,249.0,190.1999999999971,58.80000000000291,249.0,313.08571428571514
2026-04-03 12:00:00,66987.2,67350.0,66607.0,66697.4,573516.24,5735.1624,384169278.88932,1,743.0,362.8000000000029,380.1999999999971,743.0,350.17857142857247
2026-04-03 13:00:00,66697.4,66711.0,66478.5,66646.5,324159.96,3241.5996,215902819.53301,1,232.5,13.60000000000582,218.89999999999418,232.5,348.5357142857153
2026-04-03 14:00:00,66646.5,66960.0,66595.3,66901.0,262543.52,2625.4352,175401659.5183,1,364.6999999999971,313.5,51.19999999999709,364.6999999999971,353.22857142857225
2026-04-03 15:00:00,66900.9,66999.0,66783.8,66808.0,178414.84,1784.1484,119319370.5075,1,215.1999999999971,98.0,117.19999999999709,215.1999999999971,339.02857142857204
2026-04-03 16:00:00,66808.1,67036.0,66792.9,66974.0,129155.91,1291.5591,86442680.97791,1,243.10000000000582,228.0,15.10000000000582,243.10000000000582,322.8285714285729
2026-04-03 17:00:00,66974.0,67035.0,66721.5,66808.6,155353.09,1553.5309,103860716.06802,1,313.5,61.0,252.5,313.5,328.7857142857153
2026-04-03 18:00:00,66808.5,66895.8,66745.0,66777.4,79516.68,795.1668,53133787.75361,1,150.8000000000029,87.19999999999709,63.60000000000582,150.8000000000029,325.91428571428696
2026-04-03 19:00:00,66777.4,66879.3,66737.0,66854.0,63433.5,634.335,42362580.67877,1,142.3000000000029,101.90000000000873,40.39999999999418,142.3000000000029,307.2714285714298
2026-04-03 20:00:00,66854.1,66888.9,66791.1,66791.1,39004.97,390.0497,26071370.87821,1,97.79999999998836,34.89999999999418,62.89999999999418,97.79999999998836,296.7142857142857
2026-04-03 21:00:00,66791.1,66954.7,66784.3,66928.6,56486.31,564.8631,37774066.5391,1,170.39999999999418,163.59999999999127,6.80000000000291,170.39999999999418,272.24285714285674
2026-04-03 22:00:00,66928.5,66948.4,66808.9,66855.1,51693.88,516.9388,34570490.57278,1,139.5,19.79999999998836,119.70000000001164,139.5,253.3285714285708
2026-04-03 23:00:00,66855.1,66929.0,66799.1,66929.0,57632.66,576.3266,38532329.36365,1,129.89999999999418,73.89999999999418,56.0,129.89999999999418,243.6071428571418
2026-04-04 00:00:00,66928.9,66937.4,66839.0,66868.1,51879.02,518.7902,34703037.63526,1,98.39999999999418,8.39999999999418,90.0,98.39999999999418,235.0071428571412
2026-04-04 01:00:00,66868.2,66894.4,66800.0,66824.6,75111.36,751.1136,50202146.81232,1,94.39999999999418,26.29999999998836,68.10000000000582,94.39999999999418,223.96428571428365
2026-04-04 02:00:00,66824.6,66889.5,66780.0,66816.0,48398.14,483.9814,32335319.64743,1,109.5,64.89999999999418,44.60000000000582,109.5,178.71428571428365
2026-04-04 03:00:00,66816.1,66870.0,66800.0,66800.3,44785.29,447.8529,29930361.47529,1,70.0,54.0,16.0,70.0,167.1071428571408
2026-04-04 04:00:00,66800.3,66838.0,66734.5,66828.2,59166.63,591.6663,39524777.34343,1,103.5,37.69999999999709,65.80000000000291,103.5,148.44999999999814
2026-04-04 05:00:00,66828.3,66900.0,66808.2,66875.3,76550.72,765.5072,51180216.63998,1,91.80000000000291,71.80000000000291,20.0,91.80000000000291,139.63571428571282
2026-04-04 06:00:00,66875.3,67013.4,66870.2,66973.6,103931.11,1039.3111,69571037.36819,1,143.1999999999971,138.09999999999127,5.100000000005821,143.1999999999971,132.49999999999793
2026-04-04 07:00:00,66973.6,67011.6,66896.6,66980.0,110511.34,1105.1134,73988819.92675,1,115.0,38.0,77.0,115.0,118.3214285714265
2026-04-04 08:00:00,66980.0,67048.9,66873.9,66908.5,135863.29,1358.6329,90990381.27264,1,175.0,68.89999999999418,106.10000000000582,175.0,120.04999999999771
2026-04-04 09:00:00,66908.6,66959.1,66882.6,66949.9,86044.69,860.4469,57588178.68694,1,76.5,50.60000000000582,25.89999999999418,76.5,115.34999999999751
2026-04-04 10:00:00,66950.0,67142.9,66875.9,67132.6,162574.77,1625.7477,108956023.00235,1,267.0,193.0,74.0,267.0,127.43571428571262
2026-04-04 11:00:00,67132.6,67199.8,67052.1,67129.9,176714.69,1767.1469,118615515.23544,1,147.6999999999971,67.19999999999709,80.5,147.6999999999971,125.81428571428425
2026-04-04 12:00:00,67129.9,67163.3,67025.7,67064.5,98163.45,981.6345,65854554.47508,1,137.60000000000582,33.40000000000873,104.19999999999709,137.60000000000582,125.6785714285704
2026-04-04 13:00:00,67064.5,67250.0,67050.0,67160.4,156415.18,1564.1518,105054816.32196,1,200.0,185.5,14.5,200.0,130.68571428571366
2026-04-04 14:00:00,67160.3,67191.7,66980.0,67172.6,192025.52,1920.2552,128832513.94537,1,211.6999999999971,31.30000000000291,180.39999999999418,211.6999999999971,138.778571428571
2026-04-04 15:00:00,67172.6,67550.0,67140.3,67346.0,481737.83,4817.3783,324402490.31251,1,409.6999999999971,377.3999999999942,32.30000000000291,409.6999999999971,161.29999999999978
2026-04-04 16:00:00,67346.0,67484.2,67285.2,67331.7,214566.68,2145.6668,144594660.13027,1,199.0,138.1999999999971,60.80000000000291,199.0,167.69285714285692
2026-04-04 17:00:00,67331.7,67386.9,67258.0,67305.5,158697.09,1586.9709,106840528.07801,1,128.89999999999418,55.19999999999709,73.69999999999709,128.89999999999418,171.89999999999938
2026-04-04 18:00:00,67305.5,67350.0,67215.0,67260.4,97057.71,970.5771,65304595.51912,1,135.0,44.5,90.5,135.0,174.14999999999938
2026-04-04 19:00:00,67260.3,67517.4,67241.5,67262.3,159249.92,1592.4992,107274681.89267,1,275.8999999999942,257.0,18.89999999999418,275.8999999999942,187.29999999999876
2026-04-04 20:00:00,67262.2,67279.2,67150.5,67240.0,86515.54,865.1554,58151433.8332,1,128.6999999999971,16.89999999999418,111.80000000000291,128.6999999999971,186.26428571428445
2026-04-04 21:00:00,67239.9,67449.5,67180.0,67316.3,64467.38,644.6738,43389923.17507,1,269.5,209.5,60.0,269.5,197.29999999999876
2026-04-04 22:00:00,67316.4,67429.4,67303.0,67362.1,71362.85,713.6285,48071853.61602,1,126.39999999999418,113.09999999999127,13.30000000000291,126.39999999999418,193.82857142856977
2026-04-04 23:00:00,67362.0,67364.4,67222.6,67267.4,92427.32,924.2732,62194864.15463,1,141.79999999998836,2.2999999999883585,139.5,141.79999999998836,198.49285714285466
2026-04-05 00:00:00,67267.3,67288.1,67122.7,67178.2,102613.89,1026.1389,68965166.14666,1,165.40000000000873,20.70000000001164,144.6999999999971,165.40000000000873,191.23571428571242
2026-04-05 01:00:00,67178.2,67198.1,67042.3,67056.3,107734.79,1077.3479,72286744.36098,1,155.8000000000029,19.90000000000873,135.89999999999418,155.8000000000029,191.81428571428427
2026-04-05 02:00:00,67056.2,67143.8,66880.2,67136.3,200283.23,2002.8323,134233669.30459,1,263.6000000000058,87.5,176.10000000000582,263.6000000000058,200.81428571428427
2026-04-05 03:00:00,67136.3,67157.9,67051.0,67115.1,71145.93,711.4593,47743836.72004,1,106.89999999999418,21.59999999999127,85.30000000000291,106.89999999999418,194.16428571428384
2026-04-05 04:00:00,67115.2,67157.6,67044.5,67070.1,84605.39,846.0539,56767466.31941,1,113.10000000000582,42.5,70.60000000000582,113.10000000000582,187.12142857142732
2026-04-05 05:00:00,67070.1,67125.9,66850.3,66904.3,141366.02,1413.6602,94678473.5135,1,275.59999999999127,55.79999999998836,219.8000000000029,275.59999999999127,177.54285714285547
2026-04-05 06:00:00,66904.3,66920.9,66572.3,66767.1,427443.41,4274.4341,285255453.36377,1,348.59999999999127,16.59999999999127,332.0,348.59999999999127,188.22857142856915
2026-04-05 07:00:00,66767.1,66888.8,66679.5,66785.2,154002.35,1540.0235,102844729.77735,1,209.3000000000029,121.69999999999709,87.60000000000582,209.3000000000029,193.9714285714269
2026-04-05 08:00:00,66785.1,66900.0,66779.0,66894.6,124665.47,1246.6547,83329117.31641,1,121.0,114.80000000000291,6.19999999999709,121.0,192.9714285714269
2026-04-05 09:00:00,66894.7,67049.9,66861.2,66996.8,146950.61,1469.5061,98387379.13492,1,188.6999999999971,155.29999999998836,33.40000000000873,188.6999999999971,186.74285714285568
2026-04-05 10:00:00,66996.8,67116.7,66923.6,67007.2,140871.52,1408.7152,94393752.28048,1,193.09999999999127,119.89999999999418,73.19999999999709,193.09999999999127,191.34285714285528
2026-04-05 11:00:00,67007.3,67050.9,66938.2,66971.8,74295.73,742.9573,49771987.9783,1,112.69999999999709,43.69999999999709,69.0,112.69999999999709,180.14285714285506
2026-04-05 12:00:00,66971.8,66971.9,66650.1,66756.2,268583.5,2685.835,179345705.59038,1,321.79999999998836,0.09999999999126885,321.6999999999971,321.79999999998836,194.0999999999975
2026-04-05 13:00:00,66756.2,66891.0,66666.7,66861.5,176025.99,1760.2599,117555875.03892,1,224.3000000000029,134.8000000000029,89.5,224.3000000000029,199.99285714285568
2026-04-05 14:00:00,66861.4,66937.1,66766.6,66893.1,144466.87,1444.6687,96615611.90163,1,170.5,75.60000000000582,94.89999999999418,170.5,200.3571428571408
2026-04-05 15:00:00,66893.2,67846.1,66800.1,67281.0,971872.73,9718.7273,655016236.18993,1,1046.0,953.0,93.0,1046.0,263.94285714285485
2026-04-05 16:00:00,67281.0,67386.0,67146.9,67187.3,217630.12,2176.3012,146426191.71594,1,239.10000000000582,105.0,134.10000000000582,239.10000000000582,262.19285714285485
2026-04-05 17:00:00,67187.3,67382.5,67160.0,67349.7,125668.09,1256.6809,84549977.63643,1,222.5,195.1999999999971,27.30000000000291,222.5,270.4499999999981
2026-04-05 18:00:00,67349.8,67433.8,67246.4,67387.5,105752.45,1057.5245,71236548.18331,1,187.40000000000873,84.10000000000582,103.30000000000291,187.40000000000873,275.7571428571412
2026-04-05 19:00:00,67387.6,67537.5,67254.7,67335.0,109854.77,1098.5477,74048918.65495,1,282.8000000000029,150.0,132.8000000000029,282.8000000000029,276.27142857142775
2026-04-05 20:00:00,67334.9,67685.9,67309.8,67630.3,133836.29,1338.3629,90411754.75846,1,376.09999999999127,350.8999999999942,25.19999999999709,376.09999999999127,278.23571428571347
2026-04-05 21:00:00,67630.3,67650.3,67381.0,67519.7,138119.72,1381.1972,93236251.42125,1,269.3000000000029,20.0,249.3000000000029,269.3000000000029,282.52142857142775
2026-04-05 22:00:00,67519.7,68347.0,67300.0,68320.8,819613.6,8196.136,556693200.72457,1,1047.0,827.3000000000029,219.6999999999971,1047.0,348.66428571428486
2026-04-05 23:00:00,68320.7,69118.0,68234.4,69008.0,974049.61,9740.4961,669890620.8335,1,883.6000000000058,797.1999999999971,86.40000000000873,883.6000000000058,398.2999999999998
2026-04-06 00:00:00,69008.0,69587.9,69005.5,69061.7,975180.86,9751.8086,675829763.41632,1,582.3999999999942,579.8999999999942,2.5,582.3999999999942,426.10714285714283
2026-04-06 01:00:00,69061.7,69118.1,68767.7,68791.6,426162.51,4261.6251,293612208.31375,1,350.40000000000873,56.40000000000873,294.0,350.40000000000873,443.08571428571514
2026-04-06 02:00:00,68791.6,69380.0,68748.0,69180.1,500225.23,5002.2523,345860550.55413,1,632.0,588.3999999999942,43.60000000000582,632.0,465.2428571428588
2026-04-06 03:00:00,69180.1,69233.5,69031.2,69099.9,190513.47,1905.1347,131682180.42522,1,202.3000000000029,53.39999999999418,148.90000000000873,202.3000000000029,463.6714285714302
2026-04-06 04:00:00,69100.0,69191.5,68948.3,69109.4,183357.21,1833.5721,126656506.09881,1,243.1999999999971,91.60000000000582,151.59999999999127,243.1999999999971,468.8642857142872
2026-04-06 05:00:00,69109.4,69213.0,69058.0,69169.3,116836.34,1168.3634,80795566.50335,1,155.0,103.60000000000582,51.39999999999418,155.0,405.22142857143
2026-04-06 06:00:00,69169.3,69327.7,68736.9,68948.0,566935.45,5669.3545,390967511.59899,1,590.8000000000029,158.39999999999418,432.40000000000873,590.8000000000029,430.3428571428584
2026-04-06 07:00:00,68948.1,69179.5,68782.8,69074.8,223688.6,2236.886,154320336.60236,1,396.6999999999971,231.5,165.1999999999971,396.6999999999971,442.7857142857153
2026-04-06 08:00:00,69074.8,69318.0,69040.6,69180.0,206725.75,2067.2575,143023757.62553,1,277.3999999999942,243.1999999999971,34.19999999999709,277.3999999999942,449.2142857142857
2026-04-06 09:00:00,69180.0,70276.8,69169.8,69700.1,1274859.2,12748.592,889850090.56249,1,1107.0,1096.800000000003,10.19999999999709,1107.0,508.08571428571406
2026-04-06 10:00:00,69700.1,69952.0,69678.0,69749.9,293689.73,2936.8973,204936615.0794,1,274.0,251.89999999999418,22.10000000000582,274.0,500.79285714285754
2026-04-06 11:00:00,69749.9,69749.9,69536.9,69592.5,212896.61,2128.9661,148235440.87865,1,213.0,0.0,213.0,213.0,496.77142857142877
2026-04-06 12:00:00,69592.4,69615.0,69302.0,69349.5,352163.08,3521.6308,244576094.51989,1,313.0,22.5,290.5,313.0,444.3428571428573
2026-04-06 13:00:00,69349.6,69532.8,69201.0,69405.1,443824.1,4438.241,307861844.2337,1,331.8000000000029,183.3000000000029,148.5,331.8000000000029,404.92857142857144
2026-04-06 14:00:00,69405.0,69798.8,69130.0,69618.7,748518.68,7485.1868,519938869.46091,1,668.8000000000029,393.6999999999971,275.1000000000058,668.8000000000029,411.10000000000065
2026-04-06 15:00:00,69618.7,69935.0,69486.3,69923.0,472412.53,4724.1253,329358322.57106,1,448.6999999999971,316.3000000000029,132.39999999999418,448.6999999999971,418.12142857142834
2026-04-06 16:00:00,69923.0,70322.8,69734.9,69750.1,623068.77,6230.6877,436044296.74444,1,587.9000000000087,399.8000000000029,188.10000000000582,587.9000000000087,414.971428571429
2026-04-06 17:00:00,69750.2,69777.9,69225.0,69530.9,553613.03,5536.1303,384629386.90854,1,552.8999999999942,27.79999999998836,525.1000000000058,552.8999999999942,440.0142857142855
2026-04-06 18:00:00,69531.0,69933.3,69434.6,69849.9,326380.24,3263.8024,227579021.61953,1,498.6999999999971,402.40000000000873,96.29999999998836,498.6999999999971,458.2642857142855
2026-04-06 19:00:00,69850.0,69864.7,69536.9,69699.8,170336.82,1703.3682,118742325.49335,1,327.8000000000029,14.80000000000291,313.0,327.8000000000029,470.60714285714283
2026-04-06 20:00:00,69699.8,69947.5,69584.2,69782.2,125246.37,1252.4637,87408921.9394,1,363.3000000000029,247.6999999999971,115.60000000000582,363.3000000000029,454.35714285714283
2026-04-06 21:00:00,69782.1,69786.9,69380.2,69473.0,148026.03,1480.2603,102982414.71244,1,406.6999999999971,4.69999999999709,402.0,406.6999999999971,455.07142857142856
2026-04-06 22:00:00,69472.9,69545.5,68765.0,68768.0,426779.65,4267.7965,294889348.68099,1,780.5,72.5,708.0,780.5,491.00714285714326
2026-04-06 23:00:00,68768.1,68887.7,68269.0,68812.9,704064.14,7040.6414,483015364.26414,1,618.6999999999971,119.69999999999709,499.0,618.6999999999971,456.12857142857166
2026-04-07 00:00:00,68812.9,69100.6,68690.0,68743.8,341059.62,3410.5962,234885770.71246,1,410.6000000000058,287.70000000001164,122.89999999999418,410.6000000000058,465.8857142857149
2026-04-07 01:00:00,68743.7,68868.7,68300.1,68368.1,420082.72,4200.8272,288127776.55244,1,568.5999999999913,124.89999999999418,443.6999999999971,568.5999999999913,491.2857142857143
2026-04-07 02:00:00,68368.0,68685.1,68233.5,68636.9,301861.86,3018.6186,206688742.99946,1,451.6000000000058,317.0,134.60000000000582,451.6000000000058,501.1857142857147
2026-04-07 03:00:00,68636.9,68773.3,68589.2,68745.2,160054.22,1600.5422,109966246.86858,1,184.10000000000582,136.40000000000873,47.69999999999709,184.10000000000582,490.6357142857149
2026-04-07 04:00:00,68745.1,68958.8,68510.7,68814.9,236617.57,2366.1757,162679800.33323,1,448.1000000000058,213.60000000000582,234.5,448.1000000000058,474.8714285714294
2026-04-07 05:00:00,68814.9,68843.2,68588.0,68632.1,155707.66,1557.0766,106970033.48545,1,255.1999999999971,28.30000000000291,226.89999999999418,255.1999999999971,461.0500000000008
2026-04-07 06:00:00,68632.0,68632.1,68408.4,68546.2,192484.23,1924.8423,131876715.41231,1,223.70000000001164,0.0,223.70000000001164,223.70000000001164,435.0357142857153
2026-04-07 07:00:00,68546.2,68690.4,68470.7,68585.4,125295.79,1252.9579,85928201.44209,1,219.6999999999971,144.1999999999971,75.5,219.6999999999971,411.2357142857155
2026-04-07 08:00:00,68585.3,68955.0,68566.1,68907.8,301028.4,3010.284,207111309.93928,1,388.8999999999942,369.6000000000058,19.29999999998836,388.8999999999942,403.3928571428582
2026-04-07 09:00:00,68907.8,69217.7,68888.8,69106.4,399282.25,3992.8225,275809512.15691,1,328.8999999999942,309.8999999999942,19.0,328.8999999999942,403.471428571429
2026-04-07 10:00:00,69106.4,69165.1,68155.0,68199.3,853110.26,8531.1026,584936448.27054,1,1010.1000000000058,58.70000000001164,951.3999999999942,1010.1000000000058,449.6714285714292
2026-04-07 11:00:00,68199.3,68421.0,68006.4,68308.1,551985.44,5519.8544,376702301.63457,1,414.6000000000058,221.6999999999971,192.90000000000873,414.6000000000058,450.2357142857155
2026-04-07 12:00:00,68308.1,68583.2,68044.2,68368.6,448506.21,4485.0621,306254855.66068,1,539.0,275.09999999999127,263.90000000000873,539.0,432.9857142857155
2026-04-07 13:00:00,68368.6,68613.8,68167.9,68205.1,415645.13,4156.4513,284342187.82269,1,445.90000000000873,245.1999999999971,200.70000000001164,445.90000000000873,420.6428571428592
2026-04-07 14:00:00,68205.0,68230.0,67721.1,67828.9,779549.92,7795.4992,529820938.3201,1,508.8999999999942,24.89999999999418,484.0,508.8999999999942,427.66428571428696
2026-04-07 15:00:00,67829.0,68248.0,67680.2,68138.7,502577.25,5025.7725,341708921.49794,1,567.8000000000029,419.1000000000058,148.6999999999971,567.8000000000029,427.60714285714494
2026-04-07 16:00:00,68138.6,68426.6,68050.0,68208.2,348103.78,3481.0378,237538073.40817,1,376.6000000000058,287.90000000000873,88.69999999999709,376.6000000000058,422.2500000000021
2026-04-07 17:00:00,68208.3,68979.5,68153.2,68669.9,563301.99,5633.0199,386401495.58605,1,826.3000000000029,771.3000000000029,55.0,826.3000000000029,468.12142857143044
2026-04-07 18:00:00,68670.0,68745.3,68313.7,68413.3,318341.62,3183.4162,218158767.99178,1,431.6000000000058,75.40000000000873,356.1999999999971,431.6000000000058,466.942857142859
2026-04-07 19:00:00,68413.4,69058.8,68325.0,68975.6,486811.94,4868.1194,334496240.84127,1,733.8000000000029,645.5,88.30000000000291,733.8000000000029,501.1285714285737
2026-04-07 20:00:00,68975.6,69520.0,68975.6,69280.5,551634.68,5516.3468,382273047.8873,1,544.3999999999942,544.3999999999942,0.0,544.3999999999942,524.0357142857154
2026-04-07 21:00:00,69280.4,70186.1,69268.5,69898.0,823863.54,8238.6354,575088809.34617,1,917.6000000000058,905.6000000000058,12.0,917.6000000000058,573.885714285716
2026-04-07 22:00:00,69898.1,71500.0,69898.1,71479.0,1690012.17,16900.1217,1195825528.60988,1,1601.8999999999942,1602.0,0.10000000000582077,1602.0,660.5357142857164
2026-04-07 23:00:00,71479.0,72773.9,71154.1,71904.6,2312753.62,23127.5362,1665478344.69366,1,1619.7999999999884,1294.8999999999942,324.8999999999942,1619.7999999999884,752.7428571428588
2026-04-08 00:00:00,71904.7,72101.7,71518.4,71696.0,633394.12,6333.9412,455001352.63357,1,583.3000000000029,197.09999999999127,386.20000000001164,583.3000000000029,722.2571428571443
2026-04-08 01:00:00,71696.0,71749.8,71430.0,71467.6,288307.36,2883.0736,206282324.60658,1,319.8000000000029,53.80000000000291,266.0,319.8000000000029,715.4857142857155
2026-04-08 02:00:00,71467.6,71711.9,71219.3,71350.0,371225.33,3712.2533,265172765.37185,1,492.59999999999127,244.29999999998836,248.3000000000029,492.59999999999127,712.1714285714291
2026-04-08 03:00:00,71350.0,71500.0,71258.6,71280.1,187186.86,1871.8686,133586732.20163,1,241.39999999999418,150.0,91.39999999999418,241.39999999999418,697.5642857142853
2026-04-08 04:00:00,71280.0,71677.6,71279.0,71551.5,339104.96,3391.0496,242547094.14751,1,398.6000000000058,397.5,1.1000000000058208,398.6000000000058,689.6857142857147
2026-04-08 05:00:00,71551.5,71830.4,71535.2,71715.0,232507.53,2325.0753,166683644.73031,1,295.1999999999971,278.8999999999942,16.30000000000291,295.1999999999971,670.2142857142857
2026-04-08 06:00:00,71715.0,71935.0,71566.1,71719.9,342326.3,3423.263,245722129.39767,1,368.8999999999942,220.0,148.89999999999418,368.8999999999942,669.6642857142849
2026-04-08 07:00:00,71720.0,71894.2,71567.7,71624.2,261742.97,2617.4297,187652307.15153,1,326.5,174.3000000000029,152.1999999999971,326.5,633.9642857142846
2026-04-08 08:00:00,71624.2,71819.7,71624.2,71790.0,221112.34,2211.1234,158593862.34922,1,195.5,195.5,0.0,195.5,617.0999999999985
2026-04-08 09:00:00,71790.0,71965.1,71575.0,71672.0,236306.84,2363.0684,169618754.97526,1,390.1000000000058,175.10000000000582,215.0,390.1000000000058,592.5499999999987
2026-04-08 10:00:00,71672.1,71780.0,71443.2,71462.4,162840.32,1628.4032,116546244.6666,1,336.8000000000029,108.0,228.8000000000029,336.8000000000029,577.721428571428
2026-04-08 11:00:00,71462.3,71713.0,71388.0,71661.3,259645.31,2596.4531,185822382.11315,1,325.0,250.60000000000582,74.39999999999418,325.0,535.3928571428561
2026-04-08 12:00:00,71661.4,72156.0,71555.0,72036.2,499259.86,4992.5986,358847117.00022,1,601.0,494.6999999999971,106.30000000000291,601.0,463.8928571428561
2026-04-08 13:00:00,72036.3,72876.5,71477.0,71567.4,1934027.83,19340.2783,1396642865.9497,1,1399.5,840.3000000000029,559.1999999999971,1399.5,448.1571428571427
2026-04-08 14:00:00,71567.4,71724.5,70670.0,70886.9,1013159.79,10131.5979,720927796.32293,1,1054.5,157.10000000000582,897.3999999999942,1054.5,481.8142857142853
2026-04-08 15:00:00,70887.0,71315.1,70797.9,71265.3,548745.44,5487.4544,390158438.5214,1,517.2000000000116,428.20000000001164,89.0,517.2000000000116,495.91428571428594
2026-04-08 16:00:00,71265.3,71700.0,71210.9,71561.3,456095.81,4560.9581,325688317.64244,1,489.1000000000058,434.6999999999971,54.40000000000873,489.1000000000058,495.66428571428696
2026-04-08 17:00:00,71561.4,71929.9,71440.9,71854.5,454160.68,4541.6068,325699029.2135,1,489.0,368.59999999999127,120.40000000000873,489.0,513.3500000000016
2026-04-08 18:00:00,71854.6,71857.4,71054.2,71073.6,491677.45,4916.7745,351215193.89809,1,803.1999999999971,2.8999999999941792,800.3000000000029,803.1999999999971,542.250000000001
2026-04-08 19:00:00,71073.6,71346.6,70983.5,71294.0,215596.79,2155.9679,153454637.51386,1,363.1000000000058,273.0,90.10000000000582,363.1000000000058,547.1000000000016
2026-04-08 20:00:00,71294.0,71457.6,71252.3,71350.5,138296.19,1382.9619,98698173.86722,1,205.3000000000029,163.60000000000582,41.69999999999709,205.3000000000029,535.414285714288
2026-04-08 21:00:00,71350.6,71718.8,71300.0,71519.9,138909.55,1389.0955,99398753.31145,1,418.8000000000029,368.3000000000029,50.5,418.8000000000029,542.0071428571454
2026-04-08 22:00:00,71520.0,71546.7,71024.4,71027.8,184421.78,1844.2178,131392720.39528,1,522.3000000000029,26.80000000000291,495.5,522.3000000000029,565.3500000000028
2026-04-08 23:00:00,71027.7,71179.0,70863.5,71041.7,223538.16,2235.3816,158702085.02345,1,315.5,151.1999999999971,164.3000000000029,315.5,560.0214285714309
2026-04-09 00:00:00,71041.8,71109.4,70606.0,70780.0,303881.52,3038.8152,215195791.45828,1,503.3999999999942,67.69999999999709,435.6999999999971,503.3999999999942,571.9214285714303
2026-04-09 01:00:00,70780.0,70929.9,70422.0,70892.7,457527.62,4575.2762,323252625.59631,1,507.8999999999942,149.89999999999418,358.0,507.8999999999942,584.9857142857155
2026-04-09 02:00:00,70892.6,71170.0,70774.4,71026.9,278409.9,2784.099,197614645.91569,1,395.6000000000058,277.3000000000029,118.30000000000291,395.6000000000058,570.3142857142874
2026-04-09 03:00:00,71026.9,71087.9,70810.1,70965.7,172019.18,1720.1918,122024619.29046,1,277.79999999998836,61.0,216.79999999998836,277.79999999998836,490.192857142858
2026-04-09 04:00:00,70965.7,70985.0,70680.0,70757.0,167374.72,1673.7472,118545968.74111,1,305.0,19.30000000000291,285.6999999999971,305.0,436.6571428571437
2026-04-09 05:00:00,70757.0,71071.3,70660.7,70959.7,185833.32,1858.3332,131766794.34327,1,410.6000000000058,314.3000000000029,96.30000000000291,410.6000000000058,429.04285714285754
2026-04-09 06:00:00,70959.7,71067.1,70778.6,70994.1,181544.33,1815.4433,128773687.88106,1,288.5,107.40000000000873,181.09999999999127,288.5,414.7142857142857
2026-04-09 07:00:00,70994.1,71086.2,70921.2,70953.8,152002.62,1520.0262,107907149.76247,1,165.0,92.09999999999127,72.90000000000873,165.0,391.57142857142856
2026-04-09 08:00:00,70953.8,71358.3,70831.5,71225.8,378204.47,3782.0447,268995567.94153,1,526.8000000000029,404.5,122.30000000000291,526.8000000000029,371.8285714285718
2026-04-09 09:00:00,71225.8,71548.0,71079.2,71502.5,444617.99,4446.1799,317157756.63911,1,468.8000000000029,322.1999999999971,146.60000000000582,468.8000000000029,379.37857142857166
2026-04-09 10:00:00,71502.6,71505.9,71246.4,71246.5,165749.53,1657.4953,118329192.97041,1,259.5,3.3999999999941792,256.1000000000058,259.5,383.25
2026-04-09 11:00:00,71246.5,71325.0,71020.1,71124.5,253712.65,2537.1265,180528633.09823,1,304.8999999999942,78.5,226.39999999999418,304.8999999999942,375.1142857142851
2026-04-09 12:00:00,71124.5,71316.6,71013.0,71263.6,233998.3,2339.983,166544723.951,1,303.6000000000058,192.10000000000582,111.5,303.6000000000058,359.49285714285674
2026-04-09 13:00:00,71263.7,71337.6,70609.5,70779.8,599273.37,5992.7337,424848894.53782,1,728.1000000000058,74.0,654.1000000000058,728.1000000000058,388.9642857142857
2026-04-09 14:00:00,70779.8,71228.0,70505.0,71090.7,695093.9,6950.939,492516714.0204,1,723.0,448.1999999999971,274.8000000000029,723.0,404.65000000000043
2026-04-09 15:00:00,71090.8,72333.7,70900.0,72105.7,1447394.89,14473.9489,1038881477.35316,1,1433.699999999997,1243.0,190.6999999999971,1433.699999999997,470.77857142857204
2026-04-09 16:00:00,72105.6,72379.3,71666.7,72047.5,839697.96,8396.9796,604978217.47558,1,712.6000000000058,273.6000000000058,439.0,712.6000000000058,493.4214285714292
2026-04-09 17:00:00,72047.6,72518.3,72037.2,72308.6,708292.04,7082.9204,512308837.76113,1,481.1000000000058,470.8000000000029,10.30000000000291,481.1000000000058,507.942857142859
2026-04-09 18:00:00,72308.6,72341.7,71708.5,71858.3,403241.97,4032.4197,289975599.45173,1,633.1999999999971,33.09999999999127,600.1000000000058,633.1999999999971,531.385714285716
2026-04-09 19:00:00,71858.2,72270.0,71718.0,72060.7,331870.79,3318.7079,238966812.87773,1,552.0,411.6999999999971,140.3000000000029,552.0,541.4857142857155
2026-04-09 20:00:00,72060.7,72418.5,71929.1,72374.8,193540.6,1935.406,139784909.5515,1,489.3999999999942,357.8000000000029,131.59999999999127,489.3999999999942,555.8357142857151
2026-04-09 21:00:00,72374.8,72676.0,72107.1,72226.5,279496.94,2794.9694,202260842.01316,1,568.8999999999942,301.1999999999971,267.6999999999971,568.8999999999942,584.6857142857147
2026-04-09 22:00:00,72226.5,73146.1,71911.1,71911.2,776714.58,7767.1458,564052537.02616,1,1235.0,919.6000000000058,315.3999999999942,1235.0,635.2714285714288
2026-04-09 23:00:00,71911.1,71995.1,71541.9,71759.0,507415.11,5074.1511,364148307.6448,1,453.20000000001164,83.90000000000873,369.3000000000029,453.20000000001164,634.1571428571436
2026-04-10 00:00:00,71759.1,72020.3,71543.0,71945.6,334171.79,3341.7179,239908445.02745,1,477.3000000000029,261.3000000000029,216.0,477.3000000000029,649.7142857142868
2026-04-10 01:00:00,71945.7,72355.4,71632.7,72133.4,437285.52,4372.8552,315279975.68267,1,722.6999999999971,409.79999999998836,312.90000000000873,722.6999999999971,679.5571428571441
2026-04-10 02:00:00,72133.3,72264.5,71868.8,71924.9,222835.48,2228.3548,160610061.9063,1,395.6999999999971,131.10000000000582,264.59999999999127,395.6999999999971,686.1357142857149
2026-04-10 03:00:00,71924.9,71999.9,71780.0,71838.2,164980.84,1649.8084,118577104.3559,1,219.89999999999418,75.0,144.89999999999418,219.89999999999418,649.8357142857141
2026-04-10 04:00:00,71838.3,72194.6,71784.1,72086.8,206026.15,2060.2615,148205045.16388,1,410.5,356.40000000000873,54.09999999999127,410.5,627.5142857142855
2026-04-10 05:00:00,72086.9,72258.0,71960.4,72097.0,169317.58,1693.1758,122117392.92252,1,297.6000000000058,171.1999999999971,126.40000000000873,297.6000000000058,546.3642857142861
2026-04-10 06:00:00,72096.9,72150.0,71754.6,71777.0,168118.79,1681.1879,120916194.68358,1,395.3999999999942,53.0,342.3999999999942,395.3999999999942,523.7071428571425
2026-04-10 07:00:00,71777.0,71819.5,71404.1,71463.5,418943.43,4189.4343,300091873.80868,1,415.3999999999942,42.5,372.8999999999942,415.3999999999942,519.0142857142845
2026-04-10 08:00:00,71463.5,71730.0,71388.9,71581.2,377281.92,3772.8192,270006426.76677,1,341.1000000000058,266.5,74.60000000000582,341.1000000000058,498.14999999999935
2026-04-10 09:00:00,71581.1,71846.9,71560.5,71748.1,195568.74,1955.6874,140289346.83774,1,286.3999999999942,265.6999999999971,20.69999999999709,286.3999999999942,479.17857142857036
2026-04-10 10:00:00,71748.1,71896.3,71667.6,71863.2,161443.35,1614.4335,115888631.6847,1,228.6999999999971,148.1999999999971,80.5,228.6999999999971,460.557142857142
2026-04-10 11:00:00,71863.1,72222.0,71858.4,72084.8,365823.26,3658.2326,263748774.63914,1,363.6000000000058,358.8000000000029,4.80000000000291,363.6000000000058,445.89285714285717
2026-04-10 12:00:00,72084.7,72420.0,71960.0,72220.0,621306.45,6213.0645,448599083.25846,1,460.0,335.1999999999971,124.80000000000291,460.0,390.5357142857143
2026-04-10 13:00:00,72220.0,72381.0,71868.8,72289.0,589488.13,5894.8813,425111651.2257,1,512.1999999999971,161.0,351.1999999999971,512.1999999999971,394.749999999999
2026-04-10 14:00:00,72289.0,73125.5,72215.2,72878.5,1308279.65,13082.7965,951996825.08801,1,910.3000000000029,836.5,73.80000000000291,910.3000000000029,425.67857142857036
2026-04-10 15:00:00,72878.6,73288.0,72285.8,72418.3,770351.82,7703.5182,560859472.62007,1,1002.1999999999971,409.5,592.6999999999971,1002.1999999999971,445.6428571428561
2026-04-10 16:00:00,72418.2,73056.7,72348.4,72965.8,538770.61,5387.7061,391839303.33444,1,708.3000000000029,638.3999999999942,69.90000000000873,708.3000000000029,467.97142857142796
2026-04-10 17:00:00,72965.8,73123.0,72768.1,73092.0,250899.77,2508.9977,182996934.3725,1,354.8999999999942,157.1999999999971,197.6999999999971,354.8999999999942,477.6142857142851
2026-04-10 18:00:00,73091.9,73149.5,72840.0,73071.1,193789.77,1937.8977,141421643.14072,1,309.5,57.5,252.0,309.5,470.39999999999935
2026-04-10 19:00:00,73071.2,73248.8,72863.8,73194.0,220556.58,2205.5658,161146731.42696,1,385.0,177.6999999999971,207.3000000000029,385.0,476.6428571428561
2026-04-10 20:00:00,73194.5,73452.3,73012.8,73321.2,319830.31,3198.3031,234247968.07323,1,439.5,258.3000000000029,181.1999999999971,439.5,479.7928571428565
2026-04-10 21:00:00,73321.3,73321.3,72900.0,73163.0,147295.39,1472.9539,107652107.73626,1,421.3000000000029,0.10000000000582077,421.1999999999971,421.3000000000029,480.2142857142857
2026-04-10 22:00:00,73162.9,73220.0,72678.5,72840.8,239777.72,2397.7772,174923904.80719,1,541.5,57.0,484.5,541.5,494.528571428571
2026-04-10 23:00:00,72840.8,72933.3,72746.0,72925.8,99300.94,993.0094,72334898.99783,1,187.3000000000029,92.5,94.80000000000291,187.3000000000029,487.4500000000002
2026-04-11 00:00:00,72925.7,72925.8,72750.0,72799.2,102403.81,1024.0381,74575986.45651,1,175.8000000000029,0.0,175.8000000000029,175.8000000000029,483.6714285714292
2026-04-11 01:00:00,72799.3,72975.0,72616.7,72927.5,139871.05,1398.7105,101809247.30231,1,358.3000000000029,175.8000000000029,182.5,358.3000000000029,483.29285714285754
2026-04-11 02:00:00,72927.5,73073.8,72868.1,72928.8,143405.49,1434.0549,104632164.5792,1,205.6999999999971,146.3000000000029,59.39999999999418,205.6999999999971,465.12857142857166
2026-04-11 03:00:00,72928.8,73047.2,72785.8,72836.9,108653.64,1086.5364,79241778.45058,1,261.3999999999942,118.39999999999418,143.0,261.3999999999942,447.2142857142857
2026-04-11 04:00:00,72837.0,72925.2,72650.6,72781.1,149800.48,1498.0048,108998972.79047,1,274.59999999999127,88.30000000000291,186.29999999998836,274.59999999999127,401.807142857142
2026-04-11 05:00:00,72781.2,72812.0,72642.8,72696.4,99069.34,990.6934,72051520.32814,1,169.1999999999971,30.89999999999418,138.3000000000029,169.1999999999971,342.307142857142
2026-04-11 06:00:00,72696.3,72755.1,72570.3,72738.9,119441.57,1194.4157,86783444.4426,1,184.8000000000029,58.70000000001164,126.09999999999127,184.8000000000029,304.91428571428486
2026-04-11 07:00:00,72739.0,72809.7,72633.6,72719.7,112411.22,1124.1122,81758530.57577,1,176.09999999999127,70.80000000000291,105.29999999998836,176.09999999999127,292.1428571428561
2026-04-11 08:00:00,72719.8,72779.9,72601.0,72636.3,94421.28,944.2128,68641588.309,1,178.89999999999418,60.19999999999709,118.69999999999709,178.89999999999418,282.81428571428427
2026-04-11 09:00:00,72636.3,72884.0,72600.0,72875.2,183876.84,1838.7684,133810682.96345,1,284.0,247.6999999999971,36.30000000000291,284.0,275.59999999999854
2026-04-11 10:00:00,72875.1,72898.4,72728.0,72811.2,120527.89,1205.2789,87744455.79562,1,170.39999999999418,23.19999999999709,147.1999999999971,170.39999999999418,256.37857142856956
2026-04-11 11:00:00,72811.2,72896.0,72787.0,72883.8,77161.34,771.6134,56201338.81336,1,109.0,84.80000000000291,24.19999999999709,109.0,234.07142857142648
2026-04-11 12:00:00,72883.7,72956.5,72787.0,72900.0,128447.29,1284.4729,93618257.43802,1,169.5,72.69999999999709,96.80000000000291,169.5,207.49999999999793
2026-04-11 13:00:00,72900.0,72900.0,72480.4,72628.1,334889.39,3348.8939,243270808.93786,1,419.6000000000058,0.0,419.6000000000058,419.6000000000058,224.09285714285528
2026-04-11 14:00:00,72628.2,72749.4,72578.0,72669.3,106063.24,1060.6324,77069394.53086,1,171.39999999999418,121.29999999998836,50.10000000000582,171.39999999999418,223.77857142856894
2026-04-11 15:00:00,72669.3,72874.1,72648.6,72826.6,162324.12,1623.2412,118098956.68574,1,225.5,204.8000000000029,20.69999999999709,225.5,214.29285714285444
2026-04-11 16:00:00,72826.5,73200.0,72790.0,73000.4,301061.86,3010.6186,219801105.67473,1,410.0,373.3999999999942,36.60000000000582,410.0,228.8857142857118
2026-04-11 17:00:00,73000.4,73142.0,72903.0,73060.3,140491.03,1404.9103,102598708.79648,1,239.0,141.60000000000582,97.39999999999418,239.0,227.2857142857122
2026-04-11 18:00:00,73060.4,73748.5,73002.8,73527.3,546266.16,5462.6616,401260784.16565,1,745.6999999999971,688.1999999999971,57.5,745.6999999999971,260.9357142857126
2026-04-11 19:00:00,73527.4,73799.1,73433.8,73659.6,319181.24,3191.8124,234993986.71088,1,365.3000000000029,271.8000000000029,93.5,365.3000000000029,274.94285714285587
2026-04-11 20:00:00,73659.6,73670.7,73201.6,73274.8,208809.91,2088.0991,153231108.35394,1,469.09999999999127,11.099999999991269,458.0,469.09999999999127,295.2499999999979
2026-04-11 21:00:00,73274.8,73530.4,73166.0,73406.3,134447.91,1344.4791,98649048.27641,1,364.3999999999942,255.59999999999127,108.80000000000291,364.3999999999942,308.6999999999981
2026-04-11 22:00:00,73406.2,73546.3,73210.8,73341.1,128116.76,1281.1676,93973982.71454,1,335.5,140.0,195.5,335.5,319.8857142857128
2026-04-11 23:00:00,73341.1,73341.2,72864.0,73014.7,239979.75,2399.7975,175274179.95955,1,477.1999999999971,0.09999999999126885,477.1000000000058,477.1999999999971,333.6857142857126
2026-04-12 00:00:00,73014.7,73088.0,72823.4,73049.8,157857.11,1578.5711,115218288.04918,1,264.6000000000058,73.30000000000291,191.3000000000029,264.6000000000058,340.41428571428486
2026-04-12 01:00:00,73049.9,73107.1,71270.2,71610.0,1246856.37,12468.5637,897300002.47611,1,1836.9000000000087,57.30000000000291,1779.6000000000058,1836.9000000000087,463.83571428571406
2026-04-12 02:00:00,71609.9,71934.7,71310.5,71725.8,523885.87,5238.8587,375690217.73381,1,624.1999999999971,324.6999999999971,299.5,624.1999999999971,496.3142857142853
2026-04-12 03:00:00,71725.8,71829.5,71557.0,71557.7,262524.52,2625.2452,188115814.79246,1,272.5,103.69999999999709,168.8000000000029,272.5,485.807142857142
2026-04-12 04:00:00,71557.6,71650.0,71411.0,71437.9,205248.84,2052.4884,146781381.90611,1,239.0,92.30000000000291,146.6999999999971,239.0,490.63571428571385
2026-04-12 05:00:00,71437.9,71750.0,71380.0,71664.1,220222.19,2202.2219,157637777.13503,1,370.0,312.1000000000058,57.89999999999418,370.0,500.95714285714246
2026-04-12 06:00:00,71664.2,71726.5,71600.0,71617.1,103361.43,1033.6143,74065925.80728,1,126.5,62.39999999999418,64.10000000000582,126.5,480.70714285714246
2026-04-12 07:00:00,71617.0,71720.0,71541.1,71635.9,126279.6,1262.796,90464864.66363,1,178.89999999999418,102.89999999999418,76.0,178.89999999999418,476.41428571428486
2026-04-12 08:00:00,71635.9,71772.0,71553.4,71591.5,162766.43,1627.6643,116613298.42716,1,218.60000000000582,136.10000000000582,82.5,218.60000000000582,438.7642857142855
2026-04-12 09:00:00,71591.4,71607.4,71480.9,71507.4,118292.85,1182.9285,84628903.49087,1,126.5,15.89999999999418,110.60000000000582,126.5,421.70714285714246
2026-04-12 10:00:00,71507.3,71655.0,71323.0,71425.0,184950.54,1849.5054,132207454.15137,1,332.0,147.60000000000582,184.39999999999418,332.0,411.91428571428594
2026-04-12 11:00:00,71425.0,71519.7,71387.8,71441.4,113648.42,1136.4842,81190576.1014,1,131.89999999999418,94.69999999999709,37.19999999999709,131.89999999999418,395.30714285714305
2026-04-12 12:00:00,71441.3,71477.7,71027.0,71053.9,442302.2,4423.022,315066360.28671,1,450.6999999999971,36.30000000000291,414.3999999999942,450.6999999999971,403.5357142857143
2026-04-12 13:00:00,71053.9,71121.4,70830.4,70861.6,506772.24,5067.7224,359649291.91216,1,291.0,67.5,223.5,291.0,390.2357142857145
2026-04-12 14:00:00,70861.6,71076.2,70660.7,70721.9,382967.88,3829.6788,271341182.06189,1,415.5,214.59999999999127,200.90000000000873,415.5,401.0142857142855
2026-04-12 15:00:00,70722.0,70917.0,70570.0,70869.5,306455.25,3064.5525,216879231.09811,1,347.0,195.10000000000582,151.89999999999418,347.0,294.5928571428563
2026-04-12 16:00:00,70869.5,70934.6,70778.0,70900.1,140240.65,1402.4065,99389618.92979,1,156.60000000000582,65.10000000000582,91.5,156.60000000000582,261.19285714285695
2026-04-12 17:00:00,70900.1,71175.9,70866.0,71120.2,238923.09,2389.2309,169674562.41395,1,309.8999999999942,275.79999999998836,34.10000000000582,309.8999999999942,263.8642857142851
2026-04-12 18:00:00,71120.3,71187.5,71026.0,71094.8,115313.21,1153.1321,81988156.91687,1,161.5,67.30000000000291,94.19999999999709,161.5,258.3285714285708
2026-04-12 19:00:00,71094.9,71189.2,71040.2,71060.7,61568.62,615.6862,43780711.49682,1,149.0,94.39999999999418,54.60000000000582,149.0,242.54285714285652
2026-04-12 20:00:00,71060.7,71410.9,70921.0,71302.0,167910.28,1679.1028,119529875.77836,1,489.8999999999942,350.1999999999971,139.6999999999971,489.8999999999942,268.499999999999
2026-04-12 21:00:00,71301.9,71425.2,71132.2,71325.6,106979.16,1069.7916,76243320.08732,1,293.0,123.19999999999709,169.8000000000029,293.0,276.64999999999935
2026-04-12 22:00:00,71325.6,71333.0,70456.0,70787.5,553595.53,5535.9553,391784581.27713,0,877.0,7.399999999994179,869.6000000000058,877.0,323.67857142857036
2026-04-02 14:00:00,66228.3,67077.0,66121.0,66827.0,1239773.79,12397.7379,826308582.22939,1,956.0,,,956.0,956.0
2026-04-02 15:00:00,66827.0,66960.0,66595.1,66818.1,473484.79,4734.8479,316188390.85248,1,364.8999999999942,133.0,231.89999999999418,364.8999999999942,660.4499999999971
2026-04-02 16:00:00,66818.0,67273.7,66723.4,67058.2,505815.27,5058.1527,339003663.56944,1,550.3000000000029,455.59999999999127,94.70000000001164,550.3000000000029,623.7333333333323
2026-04-02 17:00:00,67058.1,67400.0,66627.0,66653.4,631747.58,6317.4758,423624191.10302,1,773.0,341.8000000000029,431.1999999999971,773.0,661.0499999999993
2026-04-02 18:00:00,66653.5,67040.5,66555.2,66949.9,306944.44,3069.4444,204890409.15099,1,485.3000000000029,387.1000000000058,98.19999999999709,485.3000000000029,625.9
2026-04-02 19:00:00,66950.0,67077.9,66843.1,66949.9,175003.3,1750.033,117212600.88628,1,234.79999999998836,128.0,106.79999999998836,234.79999999998836,560.7166666666648
2026-04-02 20:00:00,66950.0,67070.7,66766.0,66913.8,122125.87,1221.2587,81725776.93119,1,304.6999999999971,120.80000000000291,183.89999999999418,304.6999999999971,524.1428571428551
2026-04-02 21:00:00,66913.8,66990.7,66682.7,66907.9,94985.97,949.8597,63475596.56752,1,308.0,76.89999999999418,231.10000000000582,308.0,497.1249999999982
2026-04-02 22:00:00,66907.9,67013.8,66790.1,66951.8,92559.01,925.5901,61946842.26121,1,223.6999999999971,105.90000000000873,117.79999999998836,223.6999999999971,466.7444444444425
2026-04-02 23:00:00,66951.7,67070.0,66814.5,66864.5,125930.85,1259.3085,84302225.8332,1,255.5,118.19999999999709,137.3000000000029,255.5,445.61999999999824
2026-04-03 00:00:00,66864.6,66974.0,66675.0,66755.0,124478.22,1244.7822,83144378.29453,1,299.0,109.5,189.5,299.0,432.2909090909075
2026-04-03 01:00:00,66755.0,66872.0,66458.0,66591.5,246030.39,2460.3039,163959124.3579,1,414.0,117.0,297.0,414.0,430.76666666666523
2026-04-03 02:00:00,66591.4,66719.9,66250.0,66501.2,340136.92,3401.3692,225954150.57778,1,469.8999999999942,128.39999999999418,341.5,469.8999999999942,433.77692307692126
2026-04-03 03:00:00,66501.2,66688.0,66457.9,66553.3,181976.27,1819.7627,121167548.8383,1,230.10000000000582,186.8000000000029,43.30000000000291,230.10000000000582,419.2285714285702
2026-04-03 04:00:00,66553.1,66661.8,66470.8,66578.6,125860.02,1258.6002,83784579.88409,1,191.0,108.5,82.5,191.0,364.58571428571304
2026-04-03 05:00:00,66578.7,66783.3,66380.0,66583.1,209504.42,2095.0442,139555264.5818,1,403.3000000000029,204.6999999999971,198.60000000000582,403.3000000000029,367.3285714285708
2026-04-03 06:00:00,66583.1,66775.0,66529.4,66769.0,131504.17,1315.0417,87663840.31275,1,245.60000000000582,191.89999999999418,53.70000000001164,245.60000000000582,345.5642857142853
2026-04-03 07:00:00,66769.0,67239.2,66726.2,67015.2,376802.92,3768.0292,252456136.10758,1,513.0,470.1999999999971,42.80000000000291,513.0,326.99285714285674
2026-04-03 08:00:00,67015.2,67279.3,66875.0,66941.4,308225.73,3082.2573,206718648.38998,1,404.3000000000029,264.1000000000058,140.1999999999971,404.3000000000029,321.20714285714246
2026-04-03 09:00:00,66941.3,66986.0,66720.0,66841.0,201059.66,2010.5966,134366920.66082,1,266.0,44.60000000000582,221.39999999999418,266.0,323.4357142857147
2026-04-03 10:00:00,66841.0,66869.0,66650.2,66848.2,147842.79,1478.4279,98716403.19897,1,218.8000000000029,28.0,190.8000000000029,218.8000000000029,317.3000000000008
2026-04-03 11:00:00,66848.2,67038.4,66789.4,66987.2,177255.37,1772.5537,118635733.86438,1,249.0,190.1999999999971,58.80000000000291,249.0,313.08571428571514
2026-04-03 12:00:00,66987.2,67350.0,66607.0,66697.4,573516.24,5735.1624,384169278.88932,1,743.0,362.8000000000029,380.1999999999971,743.0,350.17857142857247
2026-04-03 13:00:00,66697.4,66711.0,66478.5,66646.5,324159.96,3241.5996,215902819.53301,1,232.5,13.60000000000582,218.89999999999418,232.5,348.5357142857153
2026-04-03 14:00:00,66646.5,66960.0,66595.3,66901.0,262543.52,2625.4352,175401659.5183,1,364.6999999999971,313.5,51.19999999999709,364.6999999999971,353.22857142857225
2026-04-03 15:00:00,66900.9,66999.0,66783.8,66808.0,178414.84,1784.1484,119319370.5075,1,215.1999999999971,98.0,117.19999999999709,215.1999999999971,339.02857142857204
2026-04-03 16:00:00,66808.1,67036.0,66792.9,66974.0,129155.91,1291.5591,86442680.97791,1,243.10000000000582,228.0,15.10000000000582,243.10000000000582,322.8285714285729
2026-04-03 17:00:00,66974.0,67035.0,66721.5,66808.6,155353.09,1553.5309,103860716.06802,1,313.5,61.0,252.5,313.5,328.7857142857153
2026-04-03 18:00:00,66808.5,66895.8,66745.0,66777.4,79516.68,795.1668,53133787.75361,1,150.8000000000029,87.19999999999709,63.60000000000582,150.8000000000029,325.91428571428696
2026-04-03 19:00:00,66777.4,66879.3,66737.0,66854.0,63433.5,634.335,42362580.67877,1,142.3000000000029,101.90000000000873,40.39999999999418,142.3000000000029,307.2714285714298
2026-04-03 20:00:00,66854.1,66888.9,66791.1,66791.1,39004.97,390.0497,26071370.87821,1,97.79999999998836,34.89999999999418,62.89999999999418,97.79999999998836,296.7142857142857
2026-04-03 21:00:00,66791.1,66954.7,66784.3,66928.6,56486.31,564.8631,37774066.5391,1,170.39999999999418,163.59999999999127,6.80000000000291,170.39999999999418,272.24285714285674
2026-04-03 22:00:00,66928.5,66948.4,66808.9,66855.1,51693.88,516.9388,34570490.57278,1,139.5,19.79999999998836,119.70000000001164,139.5,253.3285714285708
2026-04-03 23:00:00,66855.1,66929.0,66799.1,66929.0,57632.66,576.3266,38532329.36365,1,129.89999999999418,73.89999999999418,56.0,129.89999999999418,243.6071428571418
2026-04-04 00:00:00,66928.9,66937.4,66839.0,66868.1,51879.02,518.7902,34703037.63526,1,98.39999999999418,8.39999999999418,90.0,98.39999999999418,235.0071428571412
2026-04-04 01:00:00,66868.2,66894.4,66800.0,66824.6,75111.36,751.1136,50202146.81232,1,94.39999999999418,26.29999999998836,68.10000000000582,94.39999999999418,223.96428571428365
2026-04-04 02:00:00,66824.6,66889.5,66780.0,66816.0,48398.14,483.9814,32335319.64743,1,109.5,64.89999999999418,44.60000000000582,109.5,178.71428571428365
2026-04-04 03:00:00,66816.1,66870.0,66800.0,66800.3,44785.29,447.8529,29930361.47529,1,70.0,54.0,16.0,70.0,167.1071428571408
2026-04-04 04:00:00,66800.3,66838.0,66734.5,66828.2,59166.63,591.6663,39524777.34343,1,103.5,37.69999999999709,65.80000000000291,103.5,148.44999999999814
2026-04-04 05:00:00,66828.3,66900.0,66808.2,66875.3,76550.72,765.5072,51180216.63998,1,91.80000000000291,71.80000000000291,20.0,91.80000000000291,139.63571428571282
2026-04-04 06:00:00,66875.3,67013.4,66870.2,66973.6,103931.11,1039.3111,69571037.36819,1,143.1999999999971,138.09999999999127,5.100000000005821,143.1999999999971,132.49999999999793
2026-04-04 07:00:00,66973.6,67011.6,66896.6,66980.0,110511.34,1105.1134,73988819.92675,1,115.0,38.0,77.0,115.0,118.3214285714265
2026-04-04 08:00:00,66980.0,67048.9,66873.9,66908.5,135863.29,1358.6329,90990381.27264,1,175.0,68.89999999999418,106.10000000000582,175.0,120.04999999999771
2026-04-04 09:00:00,66908.6,66959.1,66882.6,66949.9,86044.69,860.4469,57588178.68694,1,76.5,50.60000000000582,25.89999999999418,76.5,115.34999999999751
2026-04-04 10:00:00,66950.0,67142.9,66875.9,67132.6,162574.77,1625.7477,108956023.00235,1,267.0,193.0,74.0,267.0,127.43571428571262
2026-04-04 11:00:00,67132.6,67199.8,67052.1,67129.9,176714.69,1767.1469,118615515.23544,1,147.6999999999971,67.19999999999709,80.5,147.6999999999971,125.81428571428425
2026-04-04 12:00:00,67129.9,67163.3,67025.7,67064.5,98163.45,981.6345,65854554.47508,1,137.60000000000582,33.40000000000873,104.19999999999709,137.60000000000582,125.6785714285704
2026-04-04 13:00:00,67064.5,67250.0,67050.0,67160.4,156415.18,1564.1518,105054816.32196,1,200.0,185.5,14.5,200.0,130.68571428571366
2026-04-04 14:00:00,67160.3,67191.7,66980.0,67172.6,192025.52,1920.2552,128832513.94537,1,211.6999999999971,31.30000000000291,180.39999999999418,211.6999999999971,138.778571428571
2026-04-04 15:00:00,67172.6,67550.0,67140.3,67346.0,481737.83,4817.3783,324402490.31251,1,409.6999999999971,377.3999999999942,32.30000000000291,409.6999999999971,161.29999999999978
2026-04-04 16:00:00,67346.0,67484.2,67285.2,67331.7,214566.68,2145.6668,144594660.13027,1,199.0,138.1999999999971,60.80000000000291,199.0,167.69285714285692
2026-04-04 17:00:00,67331.7,67386.9,67258.0,67305.5,158697.09,1586.9709,106840528.07801,1,128.89999999999418,55.19999999999709,73.69999999999709,128.89999999999418,171.89999999999938
2026-04-04 18:00:00,67305.5,67350.0,67215.0,67260.4,97057.71,970.5771,65304595.51912,1,135.0,44.5,90.5,135.0,174.14999999999938
2026-04-04 19:00:00,67260.3,67517.4,67241.5,67262.3,159249.92,1592.4992,107274681.89267,1,275.8999999999942,257.0,18.89999999999418,275.8999999999942,187.29999999999876
2026-04-04 20:00:00,67262.2,67279.2,67150.5,67240.0,86515.54,865.1554,58151433.8332,1,128.6999999999971,16.89999999999418,111.80000000000291,128.6999999999971,186.26428571428445
2026-04-04 21:00:00,67239.9,67449.5,67180.0,67316.3,64467.38,644.6738,43389923.17507,1,269.5,209.5,60.0,269.5,197.29999999999876
2026-04-04 22:00:00,67316.4,67429.4,67303.0,67362.1,71362.85,713.6285,48071853.61602,1,126.39999999999418,113.09999999999127,13.30000000000291,126.39999999999418,193.82857142856977
2026-04-04 23:00:00,67362.0,67364.4,67222.6,67267.4,92427.32,924.2732,62194864.15463,1,141.79999999998836,2.2999999999883585,139.5,141.79999999998836,198.49285714285466
2026-04-05 00:00:00,67267.3,67288.1,67122.7,67178.2,102613.89,1026.1389,68965166.14666,1,165.40000000000873,20.70000000001164,144.6999999999971,165.40000000000873,191.23571428571242
2026-04-05 01:00:00,67178.2,67198.1,67042.3,67056.3,107734.79,1077.3479,72286744.36098,1,155.8000000000029,19.90000000000873,135.89999999999418,155.8000000000029,191.81428571428427
2026-04-05 02:00:00,67056.2,67143.8,66880.2,67136.3,200283.23,2002.8323,134233669.30459,1,263.6000000000058,87.5,176.10000000000582,263.6000000000058,200.81428571428427
2026-04-05 03:00:00,67136.3,67157.9,67051.0,67115.1,71145.93,711.4593,47743836.72004,1,106.89999999999418,21.59999999999127,85.30000000000291,106.89999999999418,194.16428571428384
2026-04-05 04:00:00,67115.2,67157.6,67044.5,67070.1,84605.39,846.0539,56767466.31941,1,113.10000000000582,42.5,70.60000000000582,113.10000000000582,187.12142857142732
2026-04-05 05:00:00,67070.1,67125.9,66850.3,66904.3,141366.02,1413.6602,94678473.5135,1,275.59999999999127,55.79999999998836,219.8000000000029,275.59999999999127,177.54285714285547
2026-04-05 06:00:00,66904.3,66920.9,66572.3,66767.1,427443.41,4274.4341,285255453.36377,1,348.59999999999127,16.59999999999127,332.0,348.59999999999127,188.22857142856915
2026-04-05 07:00:00,66767.1,66888.8,66679.5,66785.2,154002.35,1540.0235,102844729.77735,1,209.3000000000029,121.69999999999709,87.60000000000582,209.3000000000029,193.9714285714269
2026-04-05 08:00:00,66785.1,66900.0,66779.0,66894.6,124665.47,1246.6547,83329117.31641,1,121.0,114.80000000000291,6.19999999999709,121.0,192.9714285714269
2026-04-05 09:00:00,66894.7,67049.9,66861.2,66996.8,146950.61,1469.5061,98387379.13492,1,188.6999999999971,155.29999999998836,33.40000000000873,188.6999999999971,186.74285714285568
2026-04-05 10:00:00,66996.8,67116.7,66923.6,67007.2,140871.52,1408.7152,94393752.28048,1,193.09999999999127,119.89999999999418,73.19999999999709,193.09999999999127,191.34285714285528
2026-04-05 11:00:00,67007.3,67050.9,66938.2,66971.8,74295.73,742.9573,49771987.9783,1,112.69999999999709,43.69999999999709,69.0,112.69999999999709,180.14285714285506
2026-04-05 12:00:00,66971.8,66971.9,66650.1,66756.2,268583.5,2685.835,179345705.59038,1,321.79999999998836,0.09999999999126885,321.6999999999971,321.79999999998836,194.0999999999975
2026-04-05 13:00:00,66756.2,66891.0,66666.7,66861.5,176025.99,1760.2599,117555875.03892,1,224.3000000000029,134.8000000000029,89.5,224.3000000000029,199.99285714285568
2026-04-05 14:00:00,66861.4,66937.1,66766.6,66893.1,144466.87,1444.6687,96615611.90163,1,170.5,75.60000000000582,94.89999999999418,170.5,200.3571428571408
2026-04-05 15:00:00,66893.2,67846.1,66800.1,67281.0,971872.73,9718.7273,655016236.18993,1,1046.0,953.0,93.0,1046.0,263.94285714285485
2026-04-05 16:00:00,67281.0,67386.0,67146.9,67187.3,217630.12,2176.3012,146426191.71594,1,239.10000000000582,105.0,134.10000000000582,239.10000000000582,262.19285714285485
2026-04-05 17:00:00,67187.3,67382.5,67160.0,67349.7,125668.09,1256.6809,84549977.63643,1,222.5,195.1999999999971,27.30000000000291,222.5,270.4499999999981
2026-04-05 18:00:00,67349.8,67433.8,67246.4,67387.5,105752.45,1057.5245,71236548.18331,1,187.40000000000873,84.10000000000582,103.30000000000291,187.40000000000873,275.7571428571412
2026-04-05 19:00:00,67387.6,67537.5,67254.7,67335.0,109854.77,1098.5477,74048918.65495,1,282.8000000000029,150.0,132.8000000000029,282.8000000000029,276.27142857142775
2026-04-05 20:00:00,67334.9,67685.9,67309.8,67630.3,133836.29,1338.3629,90411754.75846,1,376.09999999999127,350.8999999999942,25.19999999999709,376.09999999999127,278.23571428571347
2026-04-05 21:00:00,67630.3,67650.3,67381.0,67519.7,138119.72,1381.1972,93236251.42125,1,269.3000000000029,20.0,249.3000000000029,269.3000000000029,282.52142857142775
2026-04-05 22:00:00,67519.7,68347.0,67300.0,68320.8,819613.6,8196.136,556693200.72457,1,1047.0,827.3000000000029,219.6999999999971,1047.0,348.66428571428486
2026-04-05 23:00:00,68320.7,69118.0,68234.4,69008.0,974049.61,9740.4961,669890620.8335,1,883.6000000000058,797.1999999999971,86.40000000000873,883.6000000000058,398.2999999999998
2026-04-06 00:00:00,69008.0,69587.9,69005.5,69061.7,975180.86,9751.8086,675829763.41632,1,582.3999999999942,579.8999999999942,2.5,582.3999999999942,426.10714285714283
2026-04-06 01:00:00,69061.7,69118.1,68767.7,68791.6,426162.51,4261.6251,293612208.31375,1,350.40000000000873,56.40000000000873,294.0,350.40000000000873,443.08571428571514
2026-04-06 02:00:00,68791.6,69380.0,68748.0,69180.1,500225.23,5002.2523,345860550.55413,1,632.0,588.3999999999942,43.60000000000582,632.0,465.2428571428588
2026-04-06 03:00:00,69180.1,69233.5,69031.2,69099.9,190513.47,1905.1347,131682180.42522,1,202.3000000000029,53.39999999999418,148.90000000000873,202.3000000000029,463.6714285714302
2026-04-06 04:00:00,69100.0,69191.5,68948.3,69109.4,183357.21,1833.5721,126656506.09881,1,243.1999999999971,91.60000000000582,151.59999999999127,243.1999999999971,468.8642857142872
2026-04-06 05:00:00,69109.4,69213.0,69058.0,69169.3,116836.34,1168.3634,80795566.50335,1,155.0,103.60000000000582,51.39999999999418,155.0,405.22142857143
2026-04-06 06:00:00,69169.3,69327.7,68736.9,68948.0,566935.45,5669.3545,390967511.59899,1,590.8000000000029,158.39999999999418,432.40000000000873,590.8000000000029,430.3428571428584
2026-04-06 07:00:00,68948.1,69179.5,68782.8,69074.8,223688.6,2236.886,154320336.60236,1,396.6999999999971,231.5,165.1999999999971,396.6999999999971,442.7857142857153
2026-04-06 08:00:00,69074.8,69318.0,69040.6,69180.0,206725.75,2067.2575,143023757.62553,1,277.3999999999942,243.1999999999971,34.19999999999709,277.3999999999942,449.2142857142857
2026-04-06 09:00:00,69180.0,70276.8,69169.8,69700.1,1274859.2,12748.592,889850090.56249,1,1107.0,1096.800000000003,10.19999999999709,1107.0,508.08571428571406
2026-04-06 10:00:00,69700.1,69952.0,69678.0,69749.9,293689.73,2936.8973,204936615.0794,1,274.0,251.89999999999418,22.10000000000582,274.0,500.79285714285754
2026-04-06 11:00:00,69749.9,69749.9,69536.9,69592.5,212896.61,2128.9661,148235440.87865,1,213.0,0.0,213.0,213.0,496.77142857142877
2026-04-06 12:00:00,69592.4,69615.0,69302.0,69349.5,352163.08,3521.6308,244576094.51989,1,313.0,22.5,290.5,313.0,444.3428571428573
2026-04-06 13:00:00,69349.6,69532.8,69201.0,69405.1,443824.1,4438.241,307861844.2337,1,331.8000000000029,183.3000000000029,148.5,331.8000000000029,404.92857142857144
2026-04-06 14:00:00,69405.0,69798.8,69130.0,69618.7,748518.68,7485.1868,519938869.46091,1,668.8000000000029,393.6999999999971,275.1000000000058,668.8000000000029,411.10000000000065
2026-04-06 15:00:00,69618.7,69935.0,69486.3,69923.0,472412.53,4724.1253,329358322.57106,1,448.6999999999971,316.3000000000029,132.39999999999418,448.6999999999971,418.12142857142834
2026-04-06 16:00:00,69923.0,70322.8,69734.9,69750.1,623068.77,6230.6877,436044296.74444,1,587.9000000000087,399.8000000000029,188.10000000000582,587.9000000000087,414.971428571429
2026-04-06 17:00:00,69750.2,69777.9,69225.0,69530.9,553613.03,5536.1303,384629386.90854,1,552.8999999999942,27.79999999998836,525.1000000000058,552.8999999999942,440.0142857142855
2026-04-06 18:00:00,69531.0,69933.3,69434.6,69849.9,326380.24,3263.8024,227579021.61953,1,498.6999999999971,402.40000000000873,96.29999999998836,498.6999999999971,458.2642857142855
2026-04-06 19:00:00,69850.0,69864.7,69536.9,69699.8,170336.82,1703.3682,118742325.49335,1,327.8000000000029,14.80000000000291,313.0,327.8000000000029,470.60714285714283
2026-04-06 20:00:00,69699.8,69947.5,69584.2,69782.2,125246.37,1252.4637,87408921.9394,1,363.3000000000029,247.6999999999971,115.60000000000582,363.3000000000029,454.35714285714283
2026-04-06 21:00:00,69782.1,69786.9,69380.2,69473.0,148026.03,1480.2603,102982414.71244,1,406.6999999999971,4.69999999999709,402.0,406.6999999999971,455.07142857142856
2026-04-06 22:00:00,69472.9,69545.5,68765.0,68768.0,426779.65,4267.7965,294889348.68099,1,780.5,72.5,708.0,780.5,491.00714285714326
2026-04-06 23:00:00,68768.1,68887.7,68269.0,68812.9,704064.14,7040.6414,483015364.26414,1,618.6999999999971,119.69999999999709,499.0,618.6999999999971,456.12857142857166
2026-04-07 00:00:00,68812.9,69100.6,68690.0,68743.8,341059.62,3410.5962,234885770.71246,1,410.6000000000058,287.70000000001164,122.89999999999418,410.6000000000058,465.8857142857149
2026-04-07 01:00:00,68743.7,68868.7,68300.1,68368.1,420082.72,4200.8272,288127776.55244,1,568.5999999999913,124.89999999999418,443.6999999999971,568.5999999999913,491.2857142857143
2026-04-07 02:00:00,68368.0,68685.1,68233.5,68636.9,301861.86,3018.6186,206688742.99946,1,451.6000000000058,317.0,134.60000000000582,451.6000000000058,501.1857142857147
2026-04-07 03:00:00,68636.9,68773.3,68589.2,68745.2,160054.22,1600.5422,109966246.86858,1,184.10000000000582,136.40000000000873,47.69999999999709,184.10000000000582,490.6357142857149
2026-04-07 04:00:00,68745.1,68958.8,68510.7,68814.9,236617.57,2366.1757,162679800.33323,1,448.1000000000058,213.60000000000582,234.5,448.1000000000058,474.8714285714294
2026-04-07 05:00:00,68814.9,68843.2,68588.0,68632.1,155707.66,1557.0766,106970033.48545,1,255.1999999999971,28.30000000000291,226.89999999999418,255.1999999999971,461.0500000000008
2026-04-07 06:00:00,68632.0,68632.1,68408.4,68546.2,192484.23,1924.8423,131876715.41231,1,223.70000000001164,0.0,223.70000000001164,223.70000000001164,435.0357142857153
2026-04-07 07:00:00,68546.2,68690.4,68470.7,68585.4,125295.79,1252.9579,85928201.44209,1,219.6999999999971,144.1999999999971,75.5,219.6999999999971,411.2357142857155
2026-04-07 08:00:00,68585.3,68955.0,68566.1,68907.8,301028.4,3010.284,207111309.93928,1,388.8999999999942,369.6000000000058,19.29999999998836,388.8999999999942,403.3928571428582
2026-04-07 09:00:00,68907.8,69217.7,68888.8,69106.4,399282.25,3992.8225,275809512.15691,1,328.8999999999942,309.8999999999942,19.0,328.8999999999942,403.471428571429
2026-04-07 10:00:00,69106.4,69165.1,68155.0,68199.3,853110.26,8531.1026,584936448.27054,1,1010.1000000000058,58.70000000001164,951.3999999999942,1010.1000000000058,449.6714285714292
2026-04-07 11:00:00,68199.3,68421.0,68006.4,68308.1,551985.44,5519.8544,376702301.63457,1,414.6000000000058,221.6999999999971,192.90000000000873,414.6000000000058,450.2357142857155
2026-04-07 12:00:00,68308.1,68583.2,68044.2,68368.6,448506.21,4485.0621,306254855.66068,1,539.0,275.09999999999127,263.90000000000873,539.0,432.9857142857155
2026-04-07 13:00:00,68368.6,68613.8,68167.9,68205.1,415645.13,4156.4513,284342187.82269,1,445.90000000000873,245.1999999999971,200.70000000001164,445.90000000000873,420.6428571428592
2026-04-07 14:00:00,68205.0,68230.0,67721.1,67828.9,779549.92,7795.4992,529820938.3201,1,508.8999999999942,24.89999999999418,484.0,508.8999999999942,427.66428571428696
2026-04-07 15:00:00,67829.0,68248.0,67680.2,68138.7,502577.25,5025.7725,341708921.49794,1,567.8000000000029,419.1000000000058,148.6999999999971,567.8000000000029,427.60714285714494
2026-04-07 16:00:00,68138.6,68426.6,68050.0,68208.2,348103.78,3481.0378,237538073.40817,1,376.6000000000058,287.90000000000873,88.69999999999709,376.6000000000058,422.2500000000021
2026-04-07 17:00:00,68208.3,68979.5,68153.2,68669.9,563301.99,5633.0199,386401495.58605,1,826.3000000000029,771.3000000000029,55.0,826.3000000000029,468.12142857143044
2026-04-07 18:00:00,68670.0,68745.3,68313.7,68413.3,318341.62,3183.4162,218158767.99178,1,431.6000000000058,75.40000000000873,356.1999999999971,431.6000000000058,466.942857142859
2026-04-07 19:00:00,68413.4,69058.8,68325.0,68975.6,486811.94,4868.1194,334496240.84127,1,733.8000000000029,645.5,88.30000000000291,733.8000000000029,501.1285714285737
2026-04-07 20:00:00,68975.6,69520.0,68975.6,69280.5,551634.68,5516.3468,382273047.8873,1,544.3999999999942,544.3999999999942,0.0,544.3999999999942,524.0357142857154
2026-04-07 21:00:00,69280.4,70186.1,69268.5,69898.0,823863.54,8238.6354,575088809.34617,1,917.6000000000058,905.6000000000058,12.0,917.6000000000058,573.885714285716
2026-04-07 22:00:00,69898.1,71500.0,69898.1,71479.0,1690012.17,16900.1217,1195825528.60988,1,1601.8999999999942,1602.0,0.10000000000582077,1602.0,660.5357142857164
2026-04-07 23:00:00,71479.0,72773.9,71154.1,71904.6,2312753.62,23127.5362,1665478344.69366,1,1619.7999999999884,1294.8999999999942,324.8999999999942,1619.7999999999884,752.7428571428588
2026-04-08 00:00:00,71904.7,72101.7,71518.4,71696.0,633394.12,6333.9412,455001352.63357,1,583.3000000000029,197.09999999999127,386.20000000001164,583.3000000000029,722.2571428571443
2026-04-08 01:00:00,71696.0,71749.8,71430.0,71467.6,288307.36,2883.0736,206282324.60658,1,319.8000000000029,53.80000000000291,266.0,319.8000000000029,715.4857142857155
2026-04-08 02:00:00,71467.6,71711.9,71219.3,71350.0,371225.33,3712.2533,265172765.37185,1,492.59999999999127,244.29999999998836,248.3000000000029,492.59999999999127,712.1714285714291
2026-04-08 03:00:00,71350.0,71500.0,71258.6,71280.1,187186.86,1871.8686,133586732.20163,1,241.39999999999418,150.0,91.39999999999418,241.39999999999418,697.5642857142853
2026-04-08 04:00:00,71280.0,71677.6,71279.0,71551.5,339104.96,3391.0496,242547094.14751,1,398.6000000000058,397.5,1.1000000000058208,398.6000000000058,689.6857142857147
2026-04-08 05:00:00,71551.5,71830.4,71535.2,71715.0,232507.53,2325.0753,166683644.73031,1,295.1999999999971,278.8999999999942,16.30000000000291,295.1999999999971,670.2142857142857
2026-04-08 06:00:00,71715.0,71935.0,71566.1,71719.9,342326.3,3423.263,245722129.39767,1,368.8999999999942,220.0,148.89999999999418,368.8999999999942,669.6642857142849
2026-04-08 07:00:00,71720.0,71894.2,71567.7,71624.2,261742.97,2617.4297,187652307.15153,1,326.5,174.3000000000029,152.1999999999971,326.5,633.9642857142846
2026-04-08 08:00:00,71624.2,71819.7,71624.2,71790.0,221112.34,2211.1234,158593862.34922,1,195.5,195.5,0.0,195.5,617.0999999999985
2026-04-08 09:00:00,71790.0,71965.1,71575.0,71672.0,236306.84,2363.0684,169618754.97526,1,390.1000000000058,175.10000000000582,215.0,390.1000000000058,592.5499999999987
2026-04-08 10:00:00,71672.1,71780.0,71443.2,71462.4,162840.32,1628.4032,116546244.6666,1,336.8000000000029,108.0,228.8000000000029,336.8000000000029,577.721428571428
2026-04-08 11:00:00,71462.3,71713.0,71388.0,71661.3,259645.31,2596.4531,185822382.11315,1,325.0,250.60000000000582,74.39999999999418,325.0,535.3928571428561
2026-04-08 12:00:00,71661.4,72156.0,71555.0,72036.2,499259.86,4992.5986,358847117.00022,1,601.0,494.6999999999971,106.30000000000291,601.0,463.8928571428561
2026-04-08 13:00:00,72036.3,72876.5,71477.0,71567.4,1934027.83,19340.2783,1396642865.9497,1,1399.5,840.3000000000029,559.1999999999971,1399.5,448.1571428571427
2026-04-08 14:00:00,71567.4,71724.5,70670.0,70886.9,1013159.79,10131.5979,720927796.32293,1,1054.5,157.10000000000582,897.3999999999942,1054.5,481.8142857142853
2026-04-08 15:00:00,70887.0,71315.1,70797.9,71265.3,548745.44,5487.4544,390158438.5214,1,517.2000000000116,428.20000000001164,89.0,517.2000000000116,495.91428571428594
2026-04-08 16:00:00,71265.3,71700.0,71210.9,71561.3,456095.81,4560.9581,325688317.64244,1,489.1000000000058,434.6999999999971,54.40000000000873,489.1000000000058,495.66428571428696
2026-04-08 17:00:00,71561.4,71929.9,71440.9,71854.5,454160.68,4541.6068,325699029.2135,1,489.0,368.59999999999127,120.40000000000873,489.0,513.3500000000016
2026-04-08 18:00:00,71854.6,71857.4,71054.2,71073.6,491677.45,4916.7745,351215193.89809,1,803.1999999999971,2.8999999999941792,800.3000000000029,803.1999999999971,542.250000000001
2026-04-08 19:00:00,71073.6,71346.6,70983.5,71294.0,215596.79,2155.9679,153454637.51386,1,363.1000000000058,273.0,90.10000000000582,363.1000000000058,547.1000000000016
2026-04-08 20:00:00,71294.0,71457.6,71252.3,71350.5,138296.19,1382.9619,98698173.86722,1,205.3000000000029,163.60000000000582,41.69999999999709,205.3000000000029,535.414285714288
2026-04-08 21:00:00,71350.6,71718.8,71300.0,71519.9,138909.55,1389.0955,99398753.31145,1,418.8000000000029,368.3000000000029,50.5,418.8000000000029,542.0071428571454
2026-04-08 22:00:00,71520.0,71546.7,71024.4,71027.8,184421.78,1844.2178,131392720.39528,1,522.3000000000029,26.80000000000291,495.5,522.3000000000029,565.3500000000028
2026-04-08 23:00:00,71027.7,71179.0,70863.5,71041.7,223538.16,2235.3816,158702085.02345,1,315.5,151.1999999999971,164.3000000000029,315.5,560.0214285714309
2026-04-09 00:00:00,71041.8,71109.4,70606.0,70780.0,303881.52,3038.8152,215195791.45828,1,503.3999999999942,67.69999999999709,435.6999999999971,503.3999999999942,571.9214285714303
2026-04-09 01:00:00,70780.0,70929.9,70422.0,70892.7,457527.62,4575.2762,323252625.59631,1,507.8999999999942,149.89999999999418,358.0,507.8999999999942,584.9857142857155
2026-04-09 02:00:00,70892.6,71170.0,70774.4,71026.9,278409.9,2784.099,197614645.91569,1,395.6000000000058,277.3000000000029,118.30000000000291,395.6000000000058,570.3142857142874
2026-04-09 03:00:00,71026.9,71087.9,70810.1,70965.7,172019.18,1720.1918,122024619.29046,1,277.79999999998836,61.0,216.79999999998836,277.79999999998836,490.192857142858
2026-04-09 04:00:00,70965.7,70985.0,70680.0,70757.0,167374.72,1673.7472,118545968.74111,1,305.0,19.30000000000291,285.6999999999971,305.0,436.6571428571437
2026-04-09 05:00:00,70757.0,71071.3,70660.7,70959.7,185833.32,1858.3332,131766794.34327,1,410.6000000000058,314.3000000000029,96.30000000000291,410.6000000000058,429.04285714285754
2026-04-09 06:00:00,70959.7,71067.1,70778.6,70994.1,181544.33,1815.4433,128773687.88106,1,288.5,107.40000000000873,181.09999999999127,288.5,414.7142857142857
2026-04-09 07:00:00,70994.1,71086.2,70921.2,70953.8,152002.62,1520.0262,107907149.76247,1,165.0,92.09999999999127,72.90000000000873,165.0,391.57142857142856
2026-04-09 08:00:00,70953.8,71358.3,70831.5,71225.8,378204.47,3782.0447,268995567.94153,1,526.8000000000029,404.5,122.30000000000291,526.8000000000029,371.8285714285718
2026-04-09 09:00:00,71225.8,71548.0,71079.2,71502.5,444617.99,4446.1799,317157756.63911,1,468.8000000000029,322.1999999999971,146.60000000000582,468.8000000000029,379.37857142857166
2026-04-09 10:00:00,71502.6,71505.9,71246.4,71246.5,165749.53,1657.4953,118329192.97041,1,259.5,3.3999999999941792,256.1000000000058,259.5,383.25
2026-04-09 11:00:00,71246.5,71325.0,71020.1,71124.5,253712.65,2537.1265,180528633.09823,1,304.8999999999942,78.5,226.39999999999418,304.8999999999942,375.1142857142851
2026-04-09 12:00:00,71124.5,71316.6,71013.0,71263.6,233998.3,2339.983,166544723.951,1,303.6000000000058,192.10000000000582,111.5,303.6000000000058,359.49285714285674
2026-04-09 13:00:00,71263.7,71337.6,70609.5,70779.8,599273.37,5992.7337,424848894.53782,1,728.1000000000058,74.0,654.1000000000058,728.1000000000058,388.9642857142857
2026-04-09 14:00:00,70779.8,71228.0,70505.0,71090.7,695093.9,6950.939,492516714.0204,1,723.0,448.1999999999971,274.8000000000029,723.0,404.65000000000043
2026-04-09 15:00:00,71090.8,72333.7,70900.0,72105.7,1447394.89,14473.9489,1038881477.35316,1,1433.699999999997,1243.0,190.6999999999971,1433.699999999997,470.77857142857204
2026-04-09 16:00:00,72105.6,72379.3,71666.7,72047.5,839697.96,8396.9796,604978217.47558,1,712.6000000000058,273.6000000000058,439.0,712.6000000000058,493.4214285714292
2026-04-09 17:00:00,72047.6,72518.3,72037.2,72308.6,708292.04,7082.9204,512308837.76113,1,481.1000000000058,470.8000000000029,10.30000000000291,481.1000000000058,507.942857142859
2026-04-09 18:00:00,72308.6,72341.7,71708.5,71858.3,403241.97,4032.4197,289975599.45173,1,633.1999999999971,33.09999999999127,600.1000000000058,633.1999999999971,531.385714285716
2026-04-09 19:00:00,71858.2,72270.0,71718.0,72060.7,331870.79,3318.7079,238966812.87773,1,552.0,411.6999999999971,140.3000000000029,552.0,541.4857142857155
2026-04-09 20:00:00,72060.7,72418.5,71929.1,72374.8,193540.6,1935.406,139784909.5515,1,489.3999999999942,357.8000000000029,131.59999999999127,489.3999999999942,555.8357142857151
2026-04-09 21:00:00,72374.8,72676.0,72107.1,72226.5,279496.94,2794.9694,202260842.01316,1,568.8999999999942,301.1999999999971,267.6999999999971,568.8999999999942,584.6857142857147
2026-04-09 22:00:00,72226.5,73146.1,71911.1,71911.2,776714.58,7767.1458,564052537.02616,1,1235.0,919.6000000000058,315.3999999999942,1235.0,635.2714285714288
2026-04-09 23:00:00,71911.1,71995.1,71541.9,71759.0,507415.11,5074.1511,364148307.6448,1,453.20000000001164,83.90000000000873,369.3000000000029,453.20000000001164,634.1571428571436
2026-04-10 00:00:00,71759.1,72020.3,71543.0,71945.6,334171.79,3341.7179,239908445.02745,1,477.3000000000029,261.3000000000029,216.0,477.3000000000029,649.7142857142868
2026-04-10 01:00:00,71945.7,72355.4,71632.7,72133.4,437285.52,4372.8552,315279975.68267,1,722.6999999999971,409.79999999998836,312.90000000000873,722.6999999999971,679.5571428571441
2026-04-10 02:00:00,72133.3,72264.5,71868.8,71924.9,222835.48,2228.3548,160610061.9063,1,395.6999999999971,131.10000000000582,264.59999999999127,395.6999999999971,686.1357142857149
2026-04-10 03:00:00,71924.9,71999.9,71780.0,71838.2,164980.84,1649.8084,118577104.3559,1,219.89999999999418,75.0,144.89999999999418,219.89999999999418,649.8357142857141
2026-04-10 04:00:00,71838.3,72194.6,71784.1,72086.8,206026.15,2060.2615,148205045.16388,1,410.5,356.40000000000873,54.09999999999127,410.5,627.5142857142855
2026-04-10 05:00:00,72086.9,72258.0,71960.4,72097.0,169317.58,1693.1758,122117392.92252,1,297.6000000000058,171.1999999999971,126.40000000000873,297.6000000000058,546.3642857142861
2026-04-10 06:00:00,72096.9,72150.0,71754.6,71777.0,168118.79,1681.1879,120916194.68358,1,395.3999999999942,53.0,342.3999999999942,395.3999999999942,523.7071428571425
2026-04-10 07:00:00,71777.0,71819.5,71404.1,71463.5,418943.43,4189.4343,300091873.80868,1,415.3999999999942,42.5,372.8999999999942,415.3999999999942,519.0142857142845
2026-04-10 08:00:00,71463.5,71730.0,71388.9,71581.2,377281.92,3772.8192,270006426.76677,1,341.1000000000058,266.5,74.60000000000582,341.1000000000058,498.14999999999935
2026-04-10 09:00:00,71581.1,71846.9,71560.5,71748.1,195568.74,1955.6874,140289346.83774,1,286.3999999999942,265.6999999999971,20.69999999999709,286.3999999999942,479.17857142857036
2026-04-10 10:00:00,71748.1,71896.3,71667.6,71863.2,161443.35,1614.4335,115888631.6847,1,228.6999999999971,148.1999999999971,80.5,228.6999999999971,460.557142857142
2026-04-10 11:00:00,71863.1,72222.0,71858.4,72084.8,365823.26,3658.2326,263748774.63914,1,363.6000000000058,358.8000000000029,4.80000000000291,363.6000000000058,445.89285714285717
2026-04-10 12:00:00,72084.7,72420.0,71960.0,72220.0,621306.45,6213.0645,448599083.25846,1,460.0,335.1999999999971,124.80000000000291,460.0,390.5357142857143
2026-04-10 13:00:00,72220.0,72381.0,71868.8,72289.0,589488.13,5894.8813,425111651.2257,1,512.1999999999971,161.0,351.1999999999971,512.1999999999971,394.749999999999
2026-04-10 14:00:00,72289.0,73125.5,72215.2,72878.5,1308279.65,13082.7965,951996825.08801,1,910.3000000000029,836.5,73.80000000000291,910.3000000000029,425.67857142857036
2026-04-10 15:00:00,72878.6,73288.0,72285.8,72418.3,770351.82,7703.5182,560859472.62007,1,1002.1999999999971,409.5,592.6999999999971,1002.1999999999971,445.6428571428561
2026-04-10 16:00:00,72418.2,73056.7,72348.4,72965.8,538770.61,5387.7061,391839303.33444,1,708.3000000000029,638.3999999999942,69.90000000000873,708.3000000000029,467.97142857142796
2026-04-10 17:00:00,72965.8,73123.0,72768.1,73092.0,250899.77,2508.9977,182996934.3725,1,354.8999999999942,157.1999999999971,197.6999999999971,354.8999999999942,477.6142857142851
2026-04-10 18:00:00,73091.9,73149.5,72840.0,73071.1,193789.77,1937.8977,141421643.14072,1,309.5,57.5,252.0,309.5,470.39999999999935
2026-04-10 19:00:00,73071.2,73248.8,72863.8,73194.0,220556.58,2205.5658,161146731.42696,1,385.0,177.6999999999971,207.3000000000029,385.0,476.6428571428561
2026-04-10 20:00:00,73194.5,73452.3,73012.8,73321.2,319830.31,3198.3031,234247968.07323,1,439.5,258.3000000000029,181.1999999999971,439.5,479.7928571428565
2026-04-10 21:00:00,73321.3,73321.3,72900.0,73163.0,147295.39,1472.9539,107652107.73626,1,421.3000000000029,0.10000000000582077,421.1999999999971,421.3000000000029,480.2142857142857
2026-04-10 22:00:00,73162.9,73220.0,72678.5,72840.8,239777.72,2397.7772,174923904.80719,1,541.5,57.0,484.5,541.5,494.528571428571
2026-04-10 23:00:00,72840.8,72933.3,72746.0,72925.8,99300.94,993.0094,72334898.99783,1,187.3000000000029,92.5,94.80000000000291,187.3000000000029,487.4500000000002
2026-04-11 00:00:00,72925.7,72925.8,72750.0,72799.2,102403.81,1024.0381,74575986.45651,1,175.8000000000029,0.0,175.8000000000029,175.8000000000029,483.6714285714292
2026-04-11 01:00:00,72799.3,72975.0,72616.7,72927.5,139871.05,1398.7105,101809247.30231,1,358.3000000000029,175.8000000000029,182.5,358.3000000000029,483.29285714285754
2026-04-11 02:00:00,72927.5,73073.8,72868.1,72928.8,143405.49,1434.0549,104632164.5792,1,205.6999999999971,146.3000000000029,59.39999999999418,205.6999999999971,465.12857142857166
2026-04-11 03:00:00,72928.8,73047.2,72785.8,72836.9,108653.64,1086.5364,79241778.45058,1,261.3999999999942,118.39999999999418,143.0,261.3999999999942,447.2142857142857
2026-04-11 04:00:00,72837.0,72925.2,72650.6,72781.1,149800.48,1498.0048,108998972.79047,1,274.59999999999127,88.30000000000291,186.29999999998836,274.59999999999127,401.807142857142
2026-04-11 05:00:00,72781.2,72812.0,72642.8,72696.4,99069.34,990.6934,72051520.32814,1,169.1999999999971,30.89999999999418,138.3000000000029,169.1999999999971,342.307142857142
2026-04-11 06:00:00,72696.3,72755.1,72570.3,72738.9,119441.57,1194.4157,86783444.4426,1,184.8000000000029,58.70000000001164,126.09999999999127,184.8000000000029,304.91428571428486
2026-04-11 07:00:00,72739.0,72809.7,72633.6,72719.7,112411.22,1124.1122,81758530.57577,1,176.09999999999127,70.80000000000291,105.29999999998836,176.09999999999127,292.1428571428561
2026-04-11 08:00:00,72719.8,72779.9,72601.0,72636.3,94421.28,944.2128,68641588.309,1,178.89999999999418,60.19999999999709,118.69999999999709,178.89999999999418,282.81428571428427
2026-04-11 09:00:00,72636.3,72884.0,72600.0,72875.2,183876.84,1838.7684,133810682.96345,1,284.0,247.6999999999971,36.30000000000291,284.0,275.59999999999854
2026-04-11 10:00:00,72875.1,72898.4,72728.0,72811.2,120527.89,1205.2789,87744455.79562,1,170.39999999999418,23.19999999999709,147.1999999999971,170.39999999999418,256.37857142856956
2026-04-11 11:00:00,72811.2,72896.0,72787.0,72883.8,77161.34,771.6134,56201338.81336,1,109.0,84.80000000000291,24.19999999999709,109.0,234.07142857142648
2026-04-11 12:00:00,72883.7,72956.5,72787.0,72900.0,128447.29,1284.4729,93618257.43802,1,169.5,72.69999999999709,96.80000000000291,169.5,207.49999999999793
2026-04-11 13:00:00,72900.0,72900.0,72480.4,72628.1,334889.39,3348.8939,243270808.93786,1,419.6000000000058,0.0,419.6000000000058,419.6000000000058,224.09285714285528
2026-04-11 14:00:00,72628.2,72749.4,72578.0,72669.3,106063.24,1060.6324,77069394.53086,1,171.39999999999418,121.29999999998836,50.10000000000582,171.39999999999418,223.77857142856894
2026-04-11 15:00:00,72669.3,72874.1,72648.6,72826.6,162324.12,1623.2412,118098956.68574,1,225.5,204.8000000000029,20.69999999999709,225.5,214.29285714285444
2026-04-11 16:00:00,72826.5,73200.0,72790.0,73000.4,301061.86,3010.6186,219801105.67473,1,410.0,373.3999999999942,36.60000000000582,410.0,228.8857142857118
2026-04-11 17:00:00,73000.4,73142.0,72903.0,73060.3,140491.03,1404.9103,102598708.79648,1,239.0,141.60000000000582,97.39999999999418,239.0,227.2857142857122
2026-04-11 18:00:00,73060.4,73748.5,73002.8,73527.3,546266.16,5462.6616,401260784.16565,1,745.6999999999971,688.1999999999971,57.5,745.6999999999971,260.9357142857126
2026-04-11 19:00:00,73527.4,73799.1,73433.8,73659.6,319181.24,3191.8124,234993986.71088,1,365.3000000000029,271.8000000000029,93.5,365.3000000000029,274.94285714285587
2026-04-11 20:00:00,73659.6,73670.7,73201.6,73274.8,208809.91,2088.0991,153231108.35394,1,469.09999999999127,11.099999999991269,458.0,469.09999999999127,295.2499999999979
2026-04-11 21:00:00,73274.8,73530.4,73166.0,73406.3,134447.91,1344.4791,98649048.27641,1,364.3999999999942,255.59999999999127,108.80000000000291,364.3999999999942,308.6999999999981
2026-04-11 22:00:00,73406.2,73546.3,73210.8,73341.1,128116.76,1281.1676,93973982.71454,1,335.5,140.0,195.5,335.5,319.8857142857128
2026-04-11 23:00:00,73341.1,73341.2,72864.0,73014.7,239979.75,2399.7975,175274179.95955,1,477.1999999999971,0.09999999999126885,477.1000000000058,477.1999999999971,333.6857142857126
2026-04-12 00:00:00,73014.7,73088.0,72823.4,73049.8,157857.11,1578.5711,115218288.04918,1,264.6000000000058,73.30000000000291,191.3000000000029,264.6000000000058,340.41428571428486
2026-04-12 01:00:00,73049.9,73107.1,71270.2,71610.0,1246856.37,12468.5637,897300002.47611,1,1836.9000000000087,57.30000000000291,1779.6000000000058,1836.9000000000087,463.83571428571406
2026-04-12 02:00:00,71609.9,71934.7,71310.5,71725.8,523885.87,5238.8587,375690217.73381,1,624.1999999999971,324.6999999999971,299.5,624.1999999999971,496.3142857142853
2026-04-12 03:00:00,71725.8,71829.5,71557.0,71557.7,262524.52,2625.2452,188115814.79246,1,272.5,103.69999999999709,168.8000000000029,272.5,485.807142857142
2026-04-12 04:00:00,71557.6,71650.0,71411.0,71437.9,205248.84,2052.4884,146781381.90611,1,239.0,92.30000000000291,146.6999999999971,239.0,490.63571428571385
2026-04-12 05:00:00,71437.9,71750.0,71380.0,71664.1,220222.19,2202.2219,157637777.13503,1,370.0,312.1000000000058,57.89999999999418,370.0,500.95714285714246
2026-04-12 06:00:00,71664.2,71726.5,71600.0,71617.1,103361.43,1033.6143,74065925.80728,1,126.5,62.39999999999418,64.10000000000582,126.5,480.70714285714246
2026-04-12 07:00:00,71617.0,71720.0,71541.1,71635.9,126279.6,1262.796,90464864.66363,1,178.89999999999418,102.89999999999418,76.0,178.89999999999418,476.41428571428486
2026-04-12 08:00:00,71635.9,71772.0,71553.4,71591.5,162766.43,1627.6643,116613298.42716,1,218.60000000000582,136.10000000000582,82.5,218.60000000000582,438.7642857142855
2026-04-12 09:00:00,71591.4,71607.4,71480.9,71507.4,118292.85,1182.9285,84628903.49087,1,126.5,15.89999999999418,110.60000000000582,126.5,421.70714285714246
2026-04-12 10:00:00,71507.3,71655.0,71323.0,71425.0,184950.54,1849.5054,132207454.15137,1,332.0,147.60000000000582,184.39999999999418,332.0,411.91428571428594
2026-04-12 11:00:00,71425.0,71519.7,71387.8,71441.4,113648.42,1136.4842,81190576.1014,1,131.89999999999418,94.69999999999709,37.19999999999709,131.89999999999418,395.30714285714305
2026-04-12 12:00:00,71441.3,71477.7,71027.0,71053.9,442302.2,4423.022,315066360.28671,1,450.6999999999971,36.30000000000291,414.3999999999942,450.6999999999971,403.5357142857143
2026-04-12 13:00:00,71053.9,71121.4,70830.4,70861.6,506772.24,5067.7224,359649291.91216,1,291.0,67.5,223.5,291.0,390.2357142857145
2026-04-12 14:00:00,70861.6,71076.2,70660.7,70721.9,382967.88,3829.6788,271341182.06189,1,415.5,214.59999999999127,200.90000000000873,415.5,401.0142857142855
2026-04-12 15:00:00,70722.0,70917.0,70570.0,70869.5,306455.25,3064.5525,216879231.09811,1,347.0,195.10000000000582,151.89999999999418,347.0,294.5928571428563
2026-04-12 16:00:00,70869.5,70934.6,70778.0,70900.1,140240.65,1402.4065,99389618.92979,1,156.60000000000582,65.10000000000582,91.5,156.60000000000582,261.19285714285695
2026-04-12 17:00:00,70900.1,71175.9,70866.0,71120.2,238923.09,2389.2309,169674562.41395,1,309.8999999999942,275.79999999998836,34.10000000000582,309.8999999999942,263.8642857142851
2026-04-12 18:00:00,71120.3,71187.5,71026.0,71094.8,115313.21,1153.1321,81988156.91687,1,161.5,67.30000000000291,94.19999999999709,161.5,258.3285714285708
2026-04-12 19:00:00,71094.9,71189.2,71040.2,71060.7,61568.62,615.6862,43780711.49682,1,149.0,94.39999999999418,54.60000000000582,149.0,242.54285714285652
2026-04-12 20:00:00,71060.7,71410.9,70921.0,71302.0,167910.28,1679.1028,119529875.77836,1,489.8999999999942,350.1999999999971,139.6999999999971,489.8999999999942,268.499999999999
2026-04-12 21:00:00,71301.9,71425.2,71132.2,71325.6,106979.16,1069.7916,76243320.08732,1,293.0,123.19999999999709,169.8000000000029,293.0,276.64999999999935
2026-04-12 22:00:00,71325.6,71333.0,70456.0,70875.9,597544.04,5975.4404,422914272.39008,1,877.0,7.399999999994179,869.6000000000058,877.0,323.67857142857036
2026-04-12 23:00:00,70875.8,70882.5,70560.0,70670.7,116712.13,1167.1213,82515426.0363,0,322.5,6.600000000005821,315.8999999999942,322.5,337.67857142857036
2026-04-02 15:00:00,66827.0,66960.0,66595.1,66818.1,473484.79,4734.8479,316188390.85248,1,364.8999999999942,,,364.8999999999942,364.8999999999942
2026-04-02 16:00:00,66818.0,67273.7,66723.4,67058.2,505815.27,5058.1527,339003663.56944,1,550.3000000000029,455.59999999999127,94.70000000001164,550.3000000000029,457.59999999999854
2026-04-02 17:00:00,67058.1,67400.0,66627.0,66653.4,631747.58,6317.4758,423624191.10302,1,773.0,341.8000000000029,431.1999999999971,773.0,562.7333333333323
2026-04-02 18:00:00,66653.5,67040.5,66555.2,66949.9,306944.44,3069.4444,204890409.15099,1,485.3000000000029,387.1000000000058,98.19999999999709,485.3000000000029,543.375
2026-04-02 19:00:00,66950.0,67077.9,66843.1,66949.9,175003.3,1750.033,117212600.88628,1,234.79999999998836,128.0,106.79999999998836,234.79999999998836,481.6599999999977
2026-04-02 20:00:00,66950.0,67070.7,66766.0,66913.8,122125.87,1221.2587,81725776.93119,1,304.6999999999971,120.80000000000291,183.89999999999418,304.6999999999971,452.16666666666424
2026-04-02 21:00:00,66913.8,66990.7,66682.7,66907.9,94985.97,949.8597,63475596.56752,1,308.0,76.89999999999418,231.10000000000582,308.0,431.5714285714265
2026-04-02 22:00:00,66907.9,67013.8,66790.1,66951.8,92559.01,925.5901,61946842.26121,1,223.6999999999971,105.90000000000873,117.79999999998836,223.6999999999971,405.5874999999978
2026-04-02 23:00:00,66951.7,67070.0,66814.5,66864.5,125930.85,1259.3085,84302225.8332,1,255.5,118.19999999999709,137.3000000000029,255.5,388.91111111110916
2026-04-03 00:00:00,66864.6,66974.0,66675.0,66755.0,124478.22,1244.7822,83144378.29453,1,299.0,109.5,189.5,299.0,379.91999999999825
2026-04-03 01:00:00,66755.0,66872.0,66458.0,66591.5,246030.39,2460.3039,163959124.3579,1,414.0,117.0,297.0,414.0,383.0181818181802
2026-04-03 02:00:00,66591.4,66719.9,66250.0,66501.2,340136.92,3401.3692,225954150.57778,1,469.8999999999942,128.39999999999418,341.5,469.8999999999942,390.2583333333314
2026-04-03 03:00:00,66501.2,66688.0,66457.9,66553.3,181976.27,1819.7627,121167548.8383,1,230.10000000000582,186.8000000000029,43.30000000000291,230.10000000000582,377.9384615384602
2026-04-03 04:00:00,66553.1,66661.8,66470.8,66578.6,125860.02,1258.6002,83784579.88409,1,191.0,108.5,82.5,191.0,364.58571428571304
2026-04-03 05:00:00,66578.7,66783.3,66380.0,66583.1,209504.42,2095.0442,139555264.5818,1,403.3000000000029,204.6999999999971,198.60000000000582,403.3000000000029,367.3285714285708
2026-04-03 06:00:00,66583.1,66775.0,66529.4,66769.0,131504.17,1315.0417,87663840.31275,1,245.60000000000582,191.89999999999418,53.70000000001164,245.60000000000582,345.5642857142853
2026-04-03 07:00:00,66769.0,67239.2,66726.2,67015.2,376802.92,3768.0292,252456136.10758,1,513.0,470.1999999999971,42.80000000000291,513.0,326.99285714285674
2026-04-03 08:00:00,67015.2,67279.3,66875.0,66941.4,308225.73,3082.2573,206718648.38998,1,404.3000000000029,264.1000000000058,140.1999999999971,404.3000000000029,321.20714285714246
2026-04-03 09:00:00,66941.3,66986.0,66720.0,66841.0,201059.66,2010.5966,134366920.66082,1,266.0,44.60000000000582,221.39999999999418,266.0,323.4357142857147
2026-04-03 10:00:00,66841.0,66869.0,66650.2,66848.2,147842.79,1478.4279,98716403.19897,1,218.8000000000029,28.0,190.8000000000029,218.8000000000029,317.3000000000008
2026-04-03 11:00:00,66848.2,67038.4,66789.4,66987.2,177255.37,1772.5537,118635733.86438,1,249.0,190.1999999999971,58.80000000000291,249.0,313.08571428571514
2026-04-03 12:00:00,66987.2,67350.0,66607.0,66697.4,573516.24,5735.1624,384169278.88932,1,743.0,362.8000000000029,380.1999999999971,743.0,350.17857142857247
2026-04-03 13:00:00,66697.4,66711.0,66478.5,66646.5,324159.96,3241.5996,215902819.53301,1,232.5,13.60000000000582,218.89999999999418,232.5,348.5357142857153
2026-04-03 14:00:00,66646.5,66960.0,66595.3,66901.0,262543.52,2625.4352,175401659.5183,1,364.6999999999971,313.5,51.19999999999709,364.6999999999971,353.22857142857225
2026-04-03 15:00:00,66900.9,66999.0,66783.8,66808.0,178414.84,1784.1484,119319370.5075,1,215.1999999999971,98.0,117.19999999999709,215.1999999999971,339.02857142857204
2026-04-03 16:00:00,66808.1,67036.0,66792.9,66974.0,129155.91,1291.5591,86442680.97791,1,243.10000000000582,228.0,15.10000000000582,243.10000000000582,322.8285714285729
2026-04-03 17:00:00,66974.0,67035.0,66721.5,66808.6,155353.09,1553.5309,103860716.06802,1,313.5,61.0,252.5,313.5,328.7857142857153
2026-04-03 18:00:00,66808.5,66895.8,66745.0,66777.4,79516.68,795.1668,53133787.75361,1,150.8000000000029,87.19999999999709,63.60000000000582,150.8000000000029,325.91428571428696
2026-04-03 19:00:00,66777.4,66879.3,66737.0,66854.0,63433.5,634.335,42362580.67877,1,142.3000000000029,101.90000000000873,40.39999999999418,142.3000000000029,307.2714285714298
2026-04-03 20:00:00,66854.1,66888.9,66791.1,66791.1,39004.97,390.0497,26071370.87821,1,97.79999999998836,34.89999999999418,62.89999999999418,97.79999999998836,296.7142857142857
2026-04-03 21:00:00,66791.1,66954.7,66784.3,66928.6,56486.31,564.8631,37774066.5391,1,170.39999999999418,163.59999999999127,6.80000000000291,170.39999999999418,272.24285714285674
2026-04-03 22:00:00,66928.5,66948.4,66808.9,66855.1,51693.88,516.9388,34570490.57278,1,139.5,19.79999999998836,119.70000000001164,139.5,253.3285714285708
2026-04-03 23:00:00,66855.1,66929.0,66799.1,66929.0,57632.66,576.3266,38532329.36365,1,129.89999999999418,73.89999999999418,56.0,129.89999999999418,243.6071428571418
2026-04-04 00:00:00,66928.9,66937.4,66839.0,66868.1,51879.02,518.7902,34703037.63526,1,98.39999999999418,8.39999999999418,90.0,98.39999999999418,235.0071428571412
2026-04-04 01:00:00,66868.2,66894.4,66800.0,66824.6,75111.36,751.1136,50202146.81232,1,94.39999999999418,26.29999999998836,68.10000000000582,94.39999999999418,223.96428571428365
2026-04-04 02:00:00,66824.6,66889.5,66780.0,66816.0,48398.14,483.9814,32335319.64743,1,109.5,64.89999999999418,44.60000000000582,109.5,178.71428571428365
2026-04-04 03:00:00,66816.1,66870.0,66800.0,66800.3,44785.29,447.8529,29930361.47529,1,70.0,54.0,16.0,70.0,167.1071428571408
2026-04-04 04:00:00,66800.3,66838.0,66734.5,66828.2,59166.63,591.6663,39524777.34343,1,103.5,37.69999999999709,65.80000000000291,103.5,148.44999999999814
2026-04-04 05:00:00,66828.3,66900.0,66808.2,66875.3,76550.72,765.5072,51180216.63998,1,91.80000000000291,71.80000000000291,20.0,91.80000000000291,139.63571428571282
2026-04-04 06:00:00,66875.3,67013.4,66870.2,66973.6,103931.11,1039.3111,69571037.36819,1,143.1999999999971,138.09999999999127,5.100000000005821,143.1999999999971,132.49999999999793
2026-04-04 07:00:00,66973.6,67011.6,66896.6,66980.0,110511.34,1105.1134,73988819.92675,1,115.0,38.0,77.0,115.0,118.3214285714265
2026-04-04 08:00:00,66980.0,67048.9,66873.9,66908.5,135863.29,1358.6329,90990381.27264,1,175.0,68.89999999999418,106.10000000000582,175.0,120.04999999999771
2026-04-04 09:00:00,66908.6,66959.1,66882.6,66949.9,86044.69,860.4469,57588178.68694,1,76.5,50.60000000000582,25.89999999999418,76.5,115.34999999999751
2026-04-04 10:00:00,66950.0,67142.9,66875.9,67132.6,162574.77,1625.7477,108956023.00235,1,267.0,193.0,74.0,267.0,127.43571428571262
2026-04-04 11:00:00,67132.6,67199.8,67052.1,67129.9,176714.69,1767.1469,118615515.23544,1,147.6999999999971,67.19999999999709,80.5,147.6999999999971,125.81428571428425
2026-04-04 12:00:00,67129.9,67163.3,67025.7,67064.5,98163.45,981.6345,65854554.47508,1,137.60000000000582,33.40000000000873,104.19999999999709,137.60000000000582,125.6785714285704
2026-04-04 13:00:00,67064.5,67250.0,67050.0,67160.4,156415.18,1564.1518,105054816.32196,1,200.0,185.5,14.5,200.0,130.68571428571366
2026-04-04 14:00:00,67160.3,67191.7,66980.0,67172.6,192025.52,1920.2552,128832513.94537,1,211.6999999999971,31.30000000000291,180.39999999999418,211.6999999999971,138.778571428571
2026-04-04 15:00:00,67172.6,67550.0,67140.3,67346.0,481737.83,4817.3783,324402490.31251,1,409.6999999999971,377.3999999999942,32.30000000000291,409.6999999999971,161.29999999999978
2026-04-04 16:00:00,67346.0,67484.2,67285.2,67331.7,214566.68,2145.6668,144594660.13027,1,199.0,138.1999999999971,60.80000000000291,199.0,167.69285714285692
2026-04-04 17:00:00,67331.7,67386.9,67258.0,67305.5,158697.09,1586.9709,106840528.07801,1,128.89999999999418,55.19999999999709,73.69999999999709,128.89999999999418,171.89999999999938
2026-04-04 18:00:00,67305.5,67350.0,67215.0,67260.4,97057.71,970.5771,65304595.51912,1,135.0,44.5,90.5,135.0,174.14999999999938
2026-04-04 19:00:00,67260.3,67517.4,67241.5,67262.3,159249.92,1592.4992,107274681.89267,1,275.8999999999942,257.0,18.89999999999418,275.8999999999942,187.29999999999876
2026-04-04 20:00:00,67262.2,67279.2,67150.5,67240.0,86515.54,865.1554,58151433.8332,1,128.6999999999971,16.89999999999418,111.80000000000291,128.6999999999971,186.26428571428445
2026-04-04 21:00:00,67239.9,67449.5,67180.0,67316.3,64467.38,644.6738,43389923.17507,1,269.5,209.5,60.0,269.5,197.29999999999876
2026-04-04 22:00:00,67316.4,67429.4,67303.0,67362.1,71362.85,713.6285,48071853.61602,1,126.39999999999418,113.09999999999127,13.30000000000291,126.39999999999418,193.82857142856977
2026-04-04 23:00:00,67362.0,67364.4,67222.6,67267.4,92427.32,924.2732,62194864.15463,1,141.79999999998836,2.2999999999883585,139.5,141.79999999998836,198.49285714285466
2026-04-05 00:00:00,67267.3,67288.1,67122.7,67178.2,102613.89,1026.1389,68965166.14666,1,165.40000000000873,20.70000000001164,144.6999999999971,165.40000000000873,191.23571428571242
2026-04-05 01:00:00,67178.2,67198.1,67042.3,67056.3,107734.79,1077.3479,72286744.36098,1,155.8000000000029,19.90000000000873,135.89999999999418,155.8000000000029,191.81428571428427
2026-04-05 02:00:00,67056.2,67143.8,66880.2,67136.3,200283.23,2002.8323,134233669.30459,1,263.6000000000058,87.5,176.10000000000582,263.6000000000058,200.81428571428427
2026-04-05 03:00:00,67136.3,67157.9,67051.0,67115.1,71145.93,711.4593,47743836.72004,1,106.89999999999418,21.59999999999127,85.30000000000291,106.89999999999418,194.16428571428384
2026-04-05 04:00:00,67115.2,67157.6,67044.5,67070.1,84605.39,846.0539,56767466.31941,1,113.10000000000582,42.5,70.60000000000582,113.10000000000582,187.12142857142732
2026-04-05 05:00:00,67070.1,67125.9,66850.3,66904.3,141366.02,1413.6602,94678473.5135,1,275.59999999999127,55.79999999998836,219.8000000000029,275.59999999999127,177.54285714285547
2026-04-05 06:00:00,66904.3,66920.9,66572.3,66767.1,427443.41,4274.4341,285255453.36377,1,348.59999999999127,16.59999999999127,332.0,348.59999999999127,188.22857142856915
2026-04-05 07:00:00,66767.1,66888.8,66679.5,66785.2,154002.35,1540.0235,102844729.77735,1,209.3000000000029,121.69999999999709,87.60000000000582,209.3000000000029,193.9714285714269
2026-04-05 08:00:00,66785.1,66900.0,66779.0,66894.6,124665.47,1246.6547,83329117.31641,1,121.0,114.80000000000291,6.19999999999709,121.0,192.9714285714269
2026-04-05 09:00:00,66894.7,67049.9,66861.2,66996.8,146950.61,1469.5061,98387379.13492,1,188.6999999999971,155.29999999998836,33.40000000000873,188.6999999999971,186.74285714285568
2026-04-05 10:00:00,66996.8,67116.7,66923.6,67007.2,140871.52,1408.7152,94393752.28048,1,193.09999999999127,119.89999999999418,73.19999999999709,193.09999999999127,191.34285714285528
2026-04-05 11:00:00,67007.3,67050.9,66938.2,66971.8,74295.73,742.9573,49771987.9783,1,112.69999999999709,43.69999999999709,69.0,112.69999999999709,180.14285714285506
2026-04-05 12:00:00,66971.8,66971.9,66650.1,66756.2,268583.5,2685.835,179345705.59038,1,321.79999999998836,0.09999999999126885,321.6999999999971,321.79999999998836,194.0999999999975
2026-04-05 13:00:00,66756.2,66891.0,66666.7,66861.5,176025.99,1760.2599,117555875.03892,1,224.3000000000029,134.8000000000029,89.5,224.3000000000029,199.99285714285568
2026-04-05 14:00:00,66861.4,66937.1,66766.6,66893.1,144466.87,1444.6687,96615611.90163,1,170.5,75.60000000000582,94.89999999999418,170.5,200.3571428571408
2026-04-05 15:00:00,66893.2,67846.1,66800.1,67281.0,971872.73,9718.7273,655016236.18993,1,1046.0,953.0,93.0,1046.0,263.94285714285485
2026-04-05 16:00:00,67281.0,67386.0,67146.9,67187.3,217630.12,2176.3012,146426191.71594,1,239.10000000000582,105.0,134.10000000000582,239.10000000000582,262.19285714285485
2026-04-05 17:00:00,67187.3,67382.5,67160.0,67349.7,125668.09,1256.6809,84549977.63643,1,222.5,195.1999999999971,27.30000000000291,222.5,270.4499999999981
2026-04-05 18:00:00,67349.8,67433.8,67246.4,67387.5,105752.45,1057.5245,71236548.18331,1,187.40000000000873,84.10000000000582,103.30000000000291,187.40000000000873,275.7571428571412
2026-04-05 19:00:00,67387.6,67537.5,67254.7,67335.0,109854.77,1098.5477,74048918.65495,1,282.8000000000029,150.0,132.8000000000029,282.8000000000029,276.27142857142775
2026-04-05 20:00:00,67334.9,67685.9,67309.8,67630.3,133836.29,1338.3629,90411754.75846,1,376.09999999999127,350.8999999999942,25.19999999999709,376.09999999999127,278.23571428571347
2026-04-05 21:00:00,67630.3,67650.3,67381.0,67519.7,138119.72,1381.1972,93236251.42125,1,269.3000000000029,20.0,249.3000000000029,269.3000000000029,282.52142857142775
2026-04-05 22:00:00,67519.7,68347.0,67300.0,68320.8,819613.6,8196.136,556693200.72457,1,1047.0,827.3000000000029,219.6999999999971,1047.0,348.66428571428486
2026-04-05 23:00:00,68320.7,69118.0,68234.4,69008.0,974049.61,9740.4961,669890620.8335,1,883.6000000000058,797.1999999999971,86.40000000000873,883.6000000000058,398.2999999999998
2026-04-06 00:00:00,69008.0,69587.9,69005.5,69061.7,975180.86,9751.8086,675829763.41632,1,582.3999999999942,579.8999999999942,2.5,582.3999999999942,426.10714285714283
2026-04-06 01:00:00,69061.7,69118.1,68767.7,68791.6,426162.51,4261.6251,293612208.31375,1,350.40000000000873,56.40000000000873,294.0,350.40000000000873,443.08571428571514
2026-04-06 02:00:00,68791.6,69380.0,68748.0,69180.1,500225.23,5002.2523,345860550.55413,1,632.0,588.3999999999942,43.60000000000582,632.0,465.2428571428588
2026-04-06 03:00:00,69180.1,69233.5,69031.2,69099.9,190513.47,1905.1347,131682180.42522,1,202.3000000000029,53.39999999999418,148.90000000000873,202.3000000000029,463.6714285714302
2026-04-06 04:00:00,69100.0,69191.5,68948.3,69109.4,183357.21,1833.5721,126656506.09881,1,243.1999999999971,91.60000000000582,151.59999999999127,243.1999999999971,468.8642857142872
2026-04-06 05:00:00,69109.4,69213.0,69058.0,69169.3,116836.34,1168.3634,80795566.50335,1,155.0,103.60000000000582,51.39999999999418,155.0,405.22142857143
2026-04-06 06:00:00,69169.3,69327.7,68736.9,68948.0,566935.45,5669.3545,390967511.59899,1,590.8000000000029,158.39999999999418,432.40000000000873,590.8000000000029,430.3428571428584
2026-04-06 07:00:00,68948.1,69179.5,68782.8,69074.8,223688.6,2236.886,154320336.60236,1,396.6999999999971,231.5,165.1999999999971,396.6999999999971,442.7857142857153
2026-04-06 08:00:00,69074.8,69318.0,69040.6,69180.0,206725.75,2067.2575,143023757.62553,1,277.3999999999942,243.1999999999971,34.19999999999709,277.3999999999942,449.2142857142857
2026-04-06 09:00:00,69180.0,70276.8,69169.8,69700.1,1274859.2,12748.592,889850090.56249,1,1107.0,1096.800000000003,10.19999999999709,1107.0,508.08571428571406
2026-04-06 10:00:00,69700.1,69952.0,69678.0,69749.9,293689.73,2936.8973,204936615.0794,1,274.0,251.89999999999418,22.10000000000582,274.0,500.79285714285754
2026-04-06 11:00:00,69749.9,69749.9,69536.9,69592.5,212896.61,2128.9661,148235440.87865,1,213.0,0.0,213.0,213.0,496.77142857142877
2026-04-06 12:00:00,69592.4,69615.0,69302.0,69349.5,352163.08,3521.6308,244576094.51989,1,313.0,22.5,290.5,313.0,444.3428571428573
2026-04-06 13:00:00,69349.6,69532.8,69201.0,69405.1,443824.1,4438.241,307861844.2337,1,331.8000000000029,183.3000000000029,148.5,331.8000000000029,404.92857142857144
2026-04-06 14:00:00,69405.0,69798.8,69130.0,69618.7,748518.68,7485.1868,519938869.46091,1,668.8000000000029,393.6999999999971,275.1000000000058,668.8000000000029,411.10000000000065
2026-04-06 15:00:00,69618.7,69935.0,69486.3,69923.0,472412.53,4724.1253,329358322.57106,1,448.6999999999971,316.3000000000029,132.39999999999418,448.6999999999971,418.12142857142834
2026-04-06 16:00:00,69923.0,70322.8,69734.9,69750.1,623068.77,6230.6877,436044296.74444,1,587.9000000000087,399.8000000000029,188.10000000000582,587.9000000000087,414.971428571429
2026-04-06 17:00:00,69750.2,69777.9,69225.0,69530.9,553613.03,5536.1303,384629386.90854,1,552.8999999999942,27.79999999998836,525.1000000000058,552.8999999999942,440.0142857142855
2026-04-06 18:00:00,69531.0,69933.3,69434.6,69849.9,326380.24,3263.8024,227579021.61953,1,498.6999999999971,402.40000000000873,96.29999999998836,498.6999999999971,458.2642857142855
2026-04-06 19:00:00,69850.0,69864.7,69536.9,69699.8,170336.82,1703.3682,118742325.49335,1,327.8000000000029,14.80000000000291,313.0,327.8000000000029,470.60714285714283
2026-04-06 20:00:00,69699.8,69947.5,69584.2,69782.2,125246.37,1252.4637,87408921.9394,1,363.3000000000029,247.6999999999971,115.60000000000582,363.3000000000029,454.35714285714283
2026-04-06 21:00:00,69782.1,69786.9,69380.2,69473.0,148026.03,1480.2603,102982414.71244,1,406.6999999999971,4.69999999999709,402.0,406.6999999999971,455.07142857142856
2026-04-06 22:00:00,69472.9,69545.5,68765.0,68768.0,426779.65,4267.7965,294889348.68099,1,780.5,72.5,708.0,780.5,491.00714285714326
2026-04-06 23:00:00,68768.1,68887.7,68269.0,68812.9,704064.14,7040.6414,483015364.26414,1,618.6999999999971,119.69999999999709,499.0,618.6999999999971,456.12857142857166
2026-04-07 00:00:00,68812.9,69100.6,68690.0,68743.8,341059.62,3410.5962,234885770.71246,1,410.6000000000058,287.70000000001164,122.89999999999418,410.6000000000058,465.8857142857149
2026-04-07 01:00:00,68743.7,68868.7,68300.1,68368.1,420082.72,4200.8272,288127776.55244,1,568.5999999999913,124.89999999999418,443.6999999999971,568.5999999999913,491.2857142857143
2026-04-07 02:00:00,68368.0,68685.1,68233.5,68636.9,301861.86,3018.6186,206688742.99946,1,451.6000000000058,317.0,134.60000000000582,451.6000000000058,501.1857142857147
2026-04-07 03:00:00,68636.9,68773.3,68589.2,68745.2,160054.22,1600.5422,109966246.86858,1,184.10000000000582,136.40000000000873,47.69999999999709,184.10000000000582,490.6357142857149
2026-04-07 04:00:00,68745.1,68958.8,68510.7,68814.9,236617.57,2366.1757,162679800.33323,1,448.1000000000058,213.60000000000582,234.5,448.1000000000058,474.8714285714294
2026-04-07 05:00:00,68814.9,68843.2,68588.0,68632.1,155707.66,1557.0766,106970033.48545,1,255.1999999999971,28.30000000000291,226.89999999999418,255.1999999999971,461.0500000000008
2026-04-07 06:00:00,68632.0,68632.1,68408.4,68546.2,192484.23,1924.8423,131876715.41231,1,223.70000000001164,0.0,223.70000000001164,223.70000000001164,435.0357142857153
2026-04-07 07:00:00,68546.2,68690.4,68470.7,68585.4,125295.79,1252.9579,85928201.44209,1,219.6999999999971,144.1999999999971,75.5,219.6999999999971,411.2357142857155
2026-04-07 08:00:00,68585.3,68955.0,68566.1,68907.8,301028.4,3010.284,207111309.93928,1,388.8999999999942,369.6000000000058,19.29999999998836,388.8999999999942,403.3928571428582
2026-04-07 09:00:00,68907.8,69217.7,68888.8,69106.4,399282.25,3992.8225,275809512.15691,1,328.8999999999942,309.8999999999942,19.0,328.8999999999942,403.471428571429
2026-04-07 10:00:00,69106.4,69165.1,68155.0,68199.3,853110.26,8531.1026,584936448.27054,1,1010.1000000000058,58.70000000001164,951.3999999999942,1010.1000000000058,449.6714285714292
2026-04-07 11:00:00,68199.3,68421.0,68006.4,68308.1,551985.44,5519.8544,376702301.63457,1,414.6000000000058,221.6999999999971,192.90000000000873,414.6000000000058,450.2357142857155
2026-04-07 12:00:00,68308.1,68583.2,68044.2,68368.6,448506.21,4485.0621,306254855.66068,1,539.0,275.09999999999127,263.90000000000873,539.0,432.9857142857155
2026-04-07 13:00:00,68368.6,68613.8,68167.9,68205.1,415645.13,4156.4513,284342187.82269,1,445.90000000000873,245.1999999999971,200.70000000001164,445.90000000000873,420.6428571428592
2026-04-07 14:00:00,68205.0,68230.0,67721.1,67828.9,779549.92,7795.4992,529820938.3201,1,508.8999999999942,24.89999999999418,484.0,508.8999999999942,427.66428571428696
2026-04-07 15:00:00,67829.0,68248.0,67680.2,68138.7,502577.25,5025.7725,341708921.49794,1,567.8000000000029,419.1000000000058,148.6999999999971,567.8000000000029,427.60714285714494
2026-04-07 16:00:00,68138.6,68426.6,68050.0,68208.2,348103.78,3481.0378,237538073.40817,1,376.6000000000058,287.90000000000873,88.69999999999709,376.6000000000058,422.2500000000021
2026-04-07 17:00:00,68208.3,68979.5,68153.2,68669.9,563301.99,5633.0199,386401495.58605,1,826.3000000000029,771.3000000000029,55.0,826.3000000000029,468.12142857143044
2026-04-07 18:00:00,68670.0,68745.3,68313.7,68413.3,318341.62,3183.4162,218158767.99178,1,431.6000000000058,75.40000000000873,356.1999999999971,431.6000000000058,466.942857142859
2026-04-07 19:00:00,68413.4,69058.8,68325.0,68975.6,486811.94,4868.1194,334496240.84127,1,733.8000000000029,645.5,88.30000000000291,733.8000000000029,501.1285714285737
2026-04-07 20:00:00,68975.6,69520.0,68975.6,69280.5,551634.68,5516.3468,382273047.8873,1,544.3999999999942,544.3999999999942,0.0,544.3999999999942,524.0357142857154
2026-04-07 21:00:00,69280.4,70186.1,69268.5,69898.0,823863.54,8238.6354,575088809.34617,1,917.6000000000058,905.6000000000058,12.0,917.6000000000058,573.885714285716
2026-04-07 22:00:00,69898.1,71500.0,69898.1,71479.0,1690012.17,16900.1217,1195825528.60988,1,1601.8999999999942,1602.0,0.10000000000582077,1602.0,660.5357142857164
2026-04-07 23:00:00,71479.0,72773.9,71154.1,71904.6,2312753.62,23127.5362,1665478344.69366,1,1619.7999999999884,1294.8999999999942,324.8999999999942,1619.7999999999884,752.7428571428588
2026-04-08 00:00:00,71904.7,72101.7,71518.4,71696.0,633394.12,6333.9412,455001352.63357,1,583.3000000000029,197.09999999999127,386.20000000001164,583.3000000000029,722.2571428571443
2026-04-08 01:00:00,71696.0,71749.8,71430.0,71467.6,288307.36,2883.0736,206282324.60658,1,319.8000000000029,53.80000000000291,266.0,319.8000000000029,715.4857142857155
2026-04-08 02:00:00,71467.6,71711.9,71219.3,71350.0,371225.33,3712.2533,265172765.37185,1,492.59999999999127,244.29999999998836,248.3000000000029,492.59999999999127,712.1714285714291
2026-04-08 03:00:00,71350.0,71500.0,71258.6,71280.1,187186.86,1871.8686,133586732.20163,1,241.39999999999418,150.0,91.39999999999418,241.39999999999418,697.5642857142853
2026-04-08 04:00:00,71280.0,71677.6,71279.0,71551.5,339104.96,3391.0496,242547094.14751,1,398.6000000000058,397.5,1.1000000000058208,398.6000000000058,689.6857142857147
2026-04-08 05:00:00,71551.5,71830.4,71535.2,71715.0,232507.53,2325.0753,166683644.73031,1,295.1999999999971,278.8999999999942,16.30000000000291,295.1999999999971,670.2142857142857
2026-04-08 06:00:00,71715.0,71935.0,71566.1,71719.9,342326.3,3423.263,245722129.39767,1,368.8999999999942,220.0,148.89999999999418,368.8999999999942,669.6642857142849
2026-04-08 07:00:00,71720.0,71894.2,71567.7,71624.2,261742.97,2617.4297,187652307.15153,1,326.5,174.3000000000029,152.1999999999971,326.5,633.9642857142846
2026-04-08 08:00:00,71624.2,71819.7,71624.2,71790.0,221112.34,2211.1234,158593862.34922,1,195.5,195.5,0.0,195.5,617.0999999999985
2026-04-08 09:00:00,71790.0,71965.1,71575.0,71672.0,236306.84,2363.0684,169618754.97526,1,390.1000000000058,175.10000000000582,215.0,390.1000000000058,592.5499999999987
2026-04-08 10:00:00,71672.1,71780.0,71443.2,71462.4,162840.32,1628.4032,116546244.6666,1,336.8000000000029,108.0,228.8000000000029,336.8000000000029,577.721428571428
2026-04-08 11:00:00,71462.3,71713.0,71388.0,71661.3,259645.31,2596.4531,185822382.11315,1,325.0,250.60000000000582,74.39999999999418,325.0,535.3928571428561
2026-04-08 12:00:00,71661.4,72156.0,71555.0,72036.2,499259.86,4992.5986,358847117.00022,1,601.0,494.6999999999971,106.30000000000291,601.0,463.8928571428561
2026-04-08 13:00:00,72036.3,72876.5,71477.0,71567.4,1934027.83,19340.2783,1396642865.9497,1,1399.5,840.3000000000029,559.1999999999971,1399.5,448.1571428571427
2026-04-08 14:00:00,71567.4,71724.5,70670.0,70886.9,1013159.79,10131.5979,720927796.32293,1,1054.5,157.10000000000582,897.3999999999942,1054.5,481.8142857142853
2026-04-08 15:00:00,70887.0,71315.1,70797.9,71265.3,548745.44,5487.4544,390158438.5214,1,517.2000000000116,428.20000000001164,89.0,517.2000000000116,495.91428571428594
2026-04-08 16:00:00,71265.3,71700.0,71210.9,71561.3,456095.81,4560.9581,325688317.64244,1,489.1000000000058,434.6999999999971,54.40000000000873,489.1000000000058,495.66428571428696
2026-04-08 17:00:00,71561.4,71929.9,71440.9,71854.5,454160.68,4541.6068,325699029.2135,1,489.0,368.59999999999127,120.40000000000873,489.0,513.3500000000016
2026-04-08 18:00:00,71854.6,71857.4,71054.2,71073.6,491677.45,4916.7745,351215193.89809,1,803.1999999999971,2.8999999999941792,800.3000000000029,803.1999999999971,542.250000000001
2026-04-08 19:00:00,71073.6,71346.6,70983.5,71294.0,215596.79,2155.9679,153454637.51386,1,363.1000000000058,273.0,90.10000000000582,363.1000000000058,547.1000000000016
2026-04-08 20:00:00,71294.0,71457.6,71252.3,71350.5,138296.19,1382.9619,98698173.86722,1,205.3000000000029,163.60000000000582,41.69999999999709,205.3000000000029,535.414285714288
2026-04-08 21:00:00,71350.6,71718.8,71300.0,71519.9,138909.55,1389.0955,99398753.31145,1,418.8000000000029,368.3000000000029,50.5,418.8000000000029,542.0071428571454
2026-04-08 22:00:00,71520.0,71546.7,71024.4,71027.8,184421.78,1844.2178,131392720.39528,1,522.3000000000029,26.80000000000291,495.5,522.3000000000029,565.3500000000028
2026-04-08 23:00:00,71027.7,71179.0,70863.5,71041.7,223538.16,2235.3816,158702085.02345,1,315.5,151.1999999999971,164.3000000000029,315.5,560.0214285714309
2026-04-09 00:00:00,71041.8,71109.4,70606.0,70780.0,303881.52,3038.8152,215195791.45828,1,503.3999999999942,67.69999999999709,435.6999999999971,503.3999999999942,571.9214285714303
2026-04-09 01:00:00,70780.0,70929.9,70422.0,70892.7,457527.62,4575.2762,323252625.59631,1,507.8999999999942,149.89999999999418,358.0,507.8999999999942,584.9857142857155
2026-04-09 02:00:00,70892.6,71170.0,70774.4,71026.9,278409.9,2784.099,197614645.91569,1,395.6000000000058,277.3000000000029,118.30000000000291,395.6000000000058,570.3142857142874
2026-04-09 03:00:00,71026.9,71087.9,70810.1,70965.7,172019.18,1720.1918,122024619.29046,1,277.79999999998836,61.0,216.79999999998836,277.79999999998836,490.192857142858
2026-04-09 04:00:00,70965.7,70985.0,70680.0,70757.0,167374.72,1673.7472,118545968.74111,1,305.0,19.30000000000291,285.6999999999971,305.0,436.6571428571437
2026-04-09 05:00:00,70757.0,71071.3,70660.7,70959.7,185833.32,1858.3332,131766794.34327,1,410.6000000000058,314.3000000000029,96.30000000000291,410.6000000000058,429.04285714285754
2026-04-09 06:00:00,70959.7,71067.1,70778.6,70994.1,181544.33,1815.4433,128773687.88106,1,288.5,107.40000000000873,181.09999999999127,288.5,414.7142857142857
2026-04-09 07:00:00,70994.1,71086.2,70921.2,70953.8,152002.62,1520.0262,107907149.76247,1,165.0,92.09999999999127,72.90000000000873,165.0,391.57142857142856
2026-04-09 08:00:00,70953.8,71358.3,70831.5,71225.8,378204.47,3782.0447,268995567.94153,1,526.8000000000029,404.5,122.30000000000291,526.8000000000029,371.8285714285718
2026-04-09 09:00:00,71225.8,71548.0,71079.2,71502.5,444617.99,4446.1799,317157756.63911,1,468.8000000000029,322.1999999999971,146.60000000000582,468.8000000000029,379.37857142857166
2026-04-09 10:00:00,71502.6,71505.9,71246.4,71246.5,165749.53,1657.4953,118329192.97041,1,259.5,3.3999999999941792,256.1000000000058,259.5,383.25
2026-04-09 11:00:00,71246.5,71325.0,71020.1,71124.5,253712.65,2537.1265,180528633.09823,1,304.8999999999942,78.5,226.39999999999418,304.8999999999942,375.1142857142851
2026-04-09 12:00:00,71124.5,71316.6,71013.0,71263.6,233998.3,2339.983,166544723.951,1,303.6000000000058,192.10000000000582,111.5,303.6000000000058,359.49285714285674
2026-04-09 13:00:00,71263.7,71337.6,70609.5,70779.8,599273.37,5992.7337,424848894.53782,1,728.1000000000058,74.0,654.1000000000058,728.1000000000058,388.9642857142857
2026-04-09 14:00:00,70779.8,71228.0,70505.0,71090.7,695093.9,6950.939,492516714.0204,1,723.0,448.1999999999971,274.8000000000029,723.0,404.65000000000043
2026-04-09 15:00:00,71090.8,72333.7,70900.0,72105.7,1447394.89,14473.9489,1038881477.35316,1,1433.699999999997,1243.0,190.6999999999971,1433.699999999997,470.77857142857204
2026-04-09 16:00:00,72105.6,72379.3,71666.7,72047.5,839697.96,8396.9796,604978217.47558,1,712.6000000000058,273.6000000000058,439.0,712.6000000000058,493.4214285714292
2026-04-09 17:00:00,72047.6,72518.3,72037.2,72308.6,708292.04,7082.9204,512308837.76113,1,481.1000000000058,470.8000000000029,10.30000000000291,481.1000000000058,507.942857142859
2026-04-09 18:00:00,72308.6,72341.7,71708.5,71858.3,403241.97,4032.4197,289975599.45173,1,633.1999999999971,33.09999999999127,600.1000000000058,633.1999999999971,531.385714285716
2026-04-09 19:00:00,71858.2,72270.0,71718.0,72060.7,331870.79,3318.7079,238966812.87773,1,552.0,411.6999999999971,140.3000000000029,552.0,541.4857142857155
2026-04-09 20:00:00,72060.7,72418.5,71929.1,72374.8,193540.6,1935.406,139784909.5515,1,489.3999999999942,357.8000000000029,131.59999999999127,489.3999999999942,555.8357142857151
2026-04-09 21:00:00,72374.8,72676.0,72107.1,72226.5,279496.94,2794.9694,202260842.01316,1,568.8999999999942,301.1999999999971,267.6999999999971,568.8999999999942,584.6857142857147
2026-04-09 22:00:00,72226.5,73146.1,71911.1,71911.2,776714.58,7767.1458,564052537.02616,1,1235.0,919.6000000000058,315.3999999999942,1235.0,635.2714285714288
2026-04-09 23:00:00,71911.1,71995.1,71541.9,71759.0,507415.11,5074.1511,364148307.6448,1,453.20000000001164,83.90000000000873,369.3000000000029,453.20000000001164,634.1571428571436
2026-04-10 00:00:00,71759.1,72020.3,71543.0,71945.6,334171.79,3341.7179,239908445.02745,1,477.3000000000029,261.3000000000029,216.0,477.3000000000029,649.7142857142868
2026-04-10 01:00:00,71945.7,72355.4,71632.7,72133.4,437285.52,4372.8552,315279975.68267,1,722.6999999999971,409.79999999998836,312.90000000000873,722.6999999999971,679.5571428571441
2026-04-10 02:00:00,72133.3,72264.5,71868.8,71924.9,222835.48,2228.3548,160610061.9063,1,395.6999999999971,131.10000000000582,264.59999999999127,395.6999999999971,686.1357142857149
2026-04-10 03:00:00,71924.9,71999.9,71780.0,71838.2,164980.84,1649.8084,118577104.3559,1,219.89999999999418,75.0,144.89999999999418,219.89999999999418,649.8357142857141
2026-04-10 04:00:00,71838.3,72194.6,71784.1,72086.8,206026.15,2060.2615,148205045.16388,1,410.5,356.40000000000873,54.09999999999127,410.5,627.5142857142855
2026-04-10 05:00:00,72086.9,72258.0,71960.4,72097.0,169317.58,1693.1758,122117392.92252,1,297.6000000000058,171.1999999999971,126.40000000000873,297.6000000000058,546.3642857142861
2026-04-10 06:00:00,72096.9,72150.0,71754.6,71777.0,168118.79,1681.1879,120916194.68358,1,395.3999999999942,53.0,342.3999999999942,395.3999999999942,523.7071428571425
2026-04-10 07:00:00,71777.0,71819.5,71404.1,71463.5,418943.43,4189.4343,300091873.80868,1,415.3999999999942,42.5,372.8999999999942,415.3999999999942,519.0142857142845
2026-04-10 08:00:00,71463.5,71730.0,71388.9,71581.2,377281.92,3772.8192,270006426.76677,1,341.1000000000058,266.5,74.60000000000582,341.1000000000058,498.14999999999935
2026-04-10 09:00:00,71581.1,71846.9,71560.5,71748.1,195568.74,1955.6874,140289346.83774,1,286.3999999999942,265.6999999999971,20.69999999999709,286.3999999999942,479.17857142857036
2026-04-10 10:00:00,71748.1,71896.3,71667.6,71863.2,161443.35,1614.4335,115888631.6847,1,228.6999999999971,148.1999999999971,80.5,228.6999999999971,460.557142857142
2026-04-10 11:00:00,71863.1,72222.0,71858.4,72084.8,365823.26,3658.2326,263748774.63914,1,363.6000000000058,358.8000000000029,4.80000000000291,363.6000000000058,445.89285714285717
2026-04-10 12:00:00,72084.7,72420.0,71960.0,72220.0,621306.45,6213.0645,448599083.25846,1,460.0,335.1999999999971,124.80000000000291,460.0,390.5357142857143
2026-04-10 13:00:00,72220.0,72381.0,71868.8,72289.0,589488.13,5894.8813,425111651.2257,1,512.1999999999971,161.0,351.1999999999971,512.1999999999971,394.749999999999
2026-04-10 14:00:00,72289.0,73125.5,72215.2,72878.5,1308279.65,13082.7965,951996825.08801,1,910.3000000000029,836.5,73.80000000000291,910.3000000000029,425.67857142857036
2026-04-10 15:00:00,72878.6,73288.0,72285.8,72418.3,770351.82,7703.5182,560859472.62007,1,1002.1999999999971,409.5,592.6999999999971,1002.1999999999971,445.6428571428561
2026-04-10 16:00:00,72418.2,73056.7,72348.4,72965.8,538770.61,5387.7061,391839303.33444,1,708.3000000000029,638.3999999999942,69.90000000000873,708.3000000000029,467.97142857142796
2026-04-10 17:00:00,72965.8,73123.0,72768.1,73092.0,250899.77,2508.9977,182996934.3725,1,354.8999999999942,157.1999999999971,197.6999999999971,354.8999999999942,477.6142857142851
2026-04-10 18:00:00,73091.9,73149.5,72840.0,73071.1,193789.77,1937.8977,141421643.14072,1,309.5,57.5,252.0,309.5,470.39999999999935
2026-04-10 19:00:00,73071.2,73248.8,72863.8,73194.0,220556.58,2205.5658,161146731.42696,1,385.0,177.6999999999971,207.3000000000029,385.0,476.6428571428561
2026-04-10 20:00:00,73194.5,73452.3,73012.8,73321.2,319830.31,3198.3031,234247968.07323,1,439.5,258.3000000000029,181.1999999999971,439.5,479.7928571428565
2026-04-10 21:00:00,73321.3,73321.3,72900.0,73163.0,147295.39,1472.9539,107652107.73626,1,421.3000000000029,0.10000000000582077,421.1999999999971,421.3000000000029,480.2142857142857
2026-04-10 22:00:00,73162.9,73220.0,72678.5,72840.8,239777.72,2397.7772,174923904.80719,1,541.5,57.0,484.5,541.5,494.528571428571
2026-04-10 23:00:00,72840.8,72933.3,72746.0,72925.8,99300.94,993.0094,72334898.99783,1,187.3000000000029,92.5,94.80000000000291,187.3000000000029,487.4500000000002
2026-04-11 00:00:00,72925.7,72925.8,72750.0,72799.2,102403.81,1024.0381,74575986.45651,1,175.8000000000029,0.0,175.8000000000029,175.8000000000029,483.6714285714292
2026-04-11 01:00:00,72799.3,72975.0,72616.7,72927.5,139871.05,1398.7105,101809247.30231,1,358.3000000000029,175.8000000000029,182.5,358.3000000000029,483.29285714285754
2026-04-11 02:00:00,72927.5,73073.8,72868.1,72928.8,143405.49,1434.0549,104632164.5792,1,205.6999999999971,146.3000000000029,59.39999999999418,205.6999999999971,465.12857142857166
2026-04-11 03:00:00,72928.8,73047.2,72785.8,72836.9,108653.64,1086.5364,79241778.45058,1,261.3999999999942,118.39999999999418,143.0,261.3999999999942,447.2142857142857
2026-04-11 04:00:00,72837.0,72925.2,72650.6,72781.1,149800.48,1498.0048,108998972.79047,1,274.59999999999127,88.30000000000291,186.29999999998836,274.59999999999127,401.807142857142
2026-04-11 05:00:00,72781.2,72812.0,72642.8,72696.4,99069.34,990.6934,72051520.32814,1,169.1999999999971,30.89999999999418,138.3000000000029,169.1999999999971,342.307142857142
2026-04-11 06:00:00,72696.3,72755.1,72570.3,72738.9,119441.57,1194.4157,86783444.4426,1,184.8000000000029,58.70000000001164,126.09999999999127,184.8000000000029,304.91428571428486
2026-04-11 07:00:00,72739.0,72809.7,72633.6,72719.7,112411.22,1124.1122,81758530.57577,1,176.09999999999127,70.80000000000291,105.29999999998836,176.09999999999127,292.1428571428561
2026-04-11 08:00:00,72719.8,72779.9,72601.0,72636.3,94421.28,944.2128,68641588.309,1,178.89999999999418,60.19999999999709,118.69999999999709,178.89999999999418,282.81428571428427
2026-04-11 09:00:00,72636.3,72884.0,72600.0,72875.2,183876.84,1838.7684,133810682.96345,1,284.0,247.6999999999971,36.30000000000291,284.0,275.59999999999854
2026-04-11 10:00:00,72875.1,72898.4,72728.0,72811.2,120527.89,1205.2789,87744455.79562,1,170.39999999999418,23.19999999999709,147.1999999999971,170.39999999999418,256.37857142856956
2026-04-11 11:00:00,72811.2,72896.0,72787.0,72883.8,77161.34,771.6134,56201338.81336,1,109.0,84.80000000000291,24.19999999999709,109.0,234.07142857142648
2026-04-11 12:00:00,72883.7,72956.5,72787.0,72900.0,128447.29,1284.4729,93618257.43802,1,169.5,72.69999999999709,96.80000000000291,169.5,207.49999999999793
2026-04-11 13:00:00,72900.0,72900.0,72480.4,72628.1,334889.39,3348.8939,243270808.93786,1,419.6000000000058,0.0,419.6000000000058,419.6000000000058,224.09285714285528
2026-04-11 14:00:00,72628.2,72749.4,72578.0,72669.3,106063.24,1060.6324,77069394.53086,1,171.39999999999418,121.29999999998836,50.10000000000582,171.39999999999418,223.77857142856894
2026-04-11 15:00:00,72669.3,72874.1,72648.6,72826.6,162324.12,1623.2412,118098956.68574,1,225.5,204.8000000000029,20.69999999999709,225.5,214.29285714285444
2026-04-11 16:00:00,72826.5,73200.0,72790.0,73000.4,301061.86,3010.6186,219801105.67473,1,410.0,373.3999999999942,36.60000000000582,410.0,228.8857142857118
2026-04-11 17:00:00,73000.4,73142.0,72903.0,73060.3,140491.03,1404.9103,102598708.79648,1,239.0,141.60000000000582,97.39999999999418,239.0,227.2857142857122
2026-04-11 18:00:00,73060.4,73748.5,73002.8,73527.3,546266.16,5462.6616,401260784.16565,1,745.6999999999971,688.1999999999971,57.5,745.6999999999971,260.9357142857126
2026-04-11 19:00:00,73527.4,73799.1,73433.8,73659.6,319181.24,3191.8124,234993986.71088,1,365.3000000000029,271.8000000000029,93.5,365.3000000000029,274.94285714285587
2026-04-11 20:00:00,73659.6,73670.7,73201.6,73274.8,208809.91,2088.0991,153231108.35394,1,469.09999999999127,11.099999999991269,458.0,469.09999999999127,295.2499999999979
2026-04-11 21:00:00,73274.8,73530.4,73166.0,73406.3,134447.91,1344.4791,98649048.27641,1,364.3999999999942,255.59999999999127,108.80000000000291,364.3999999999942,308.6999999999981
2026-04-11 22:00:00,73406.2,73546.3,73210.8,73341.1,128116.76,1281.1676,93973982.71454,1,335.5,140.0,195.5,335.5,319.8857142857128
2026-04-11 23:00:00,73341.1,73341.2,72864.0,73014.7,239979.75,2399.7975,175274179.95955,1,477.1999999999971,0.09999999999126885,477.1000000000058,477.1999999999971,333.6857142857126
2026-04-12 00:00:00,73014.7,73088.0,72823.4,73049.8,157857.11,1578.5711,115218288.04918,1,264.6000000000058,73.30000000000291,191.3000000000029,264.6000000000058,340.41428571428486
2026-04-12 01:00:00,73049.9,73107.1,71270.2,71610.0,1246856.37,12468.5637,897300002.47611,1,1836.9000000000087,57.30000000000291,1779.6000000000058,1836.9000000000087,463.83571428571406
2026-04-12 02:00:00,71609.9,71934.7,71310.5,71725.8,523885.87,5238.8587,375690217.73381,1,624.1999999999971,324.6999999999971,299.5,624.1999999999971,496.3142857142853
2026-04-12 03:00:00,71725.8,71829.5,71557.0,71557.7,262524.52,2625.2452,188115814.79246,1,272.5,103.69999999999709,168.8000000000029,272.5,485.807142857142
2026-04-12 04:00:00,71557.6,71650.0,71411.0,71437.9,205248.84,2052.4884,146781381.90611,1,239.0,92.30000000000291,146.6999999999971,239.0,490.63571428571385
2026-04-12 05:00:00,71437.9,71750.0,71380.0,71664.1,220222.19,2202.2219,157637777.13503,1,370.0,312.1000000000058,57.89999999999418,370.0,500.95714285714246
2026-04-12 06:00:00,71664.2,71726.5,71600.0,71617.1,103361.43,1033.6143,74065925.80728,1,126.5,62.39999999999418,64.10000000000582,126.5,480.70714285714246
2026-04-12 07:00:00,71617.0,71720.0,71541.1,71635.9,126279.6,1262.796,90464864.66363,1,178.89999999999418,102.89999999999418,76.0,178.89999999999418,476.41428571428486
2026-04-12 08:00:00,71635.9,71772.0,71553.4,71591.5,162766.43,1627.6643,116613298.42716,1,218.60000000000582,136.10000000000582,82.5,218.60000000000582,438.7642857142855
2026-04-12 09:00:00,71591.4,71607.4,71480.9,71507.4,118292.85,1182.9285,84628903.49087,1,126.5,15.89999999999418,110.60000000000582,126.5,421.70714285714246
2026-04-12 10:00:00,71507.3,71655.0,71323.0,71425.0,184950.54,1849.5054,132207454.15137,1,332.0,147.60000000000582,184.39999999999418,332.0,411.91428571428594
2026-04-12 11:00:00,71425.0,71519.7,71387.8,71441.4,113648.42,1136.4842,81190576.1014,1,131.89999999999418,94.69999999999709,37.19999999999709,131.89999999999418,395.30714285714305
2026-04-12 12:00:00,71441.3,71477.7,71027.0,71053.9,442302.2,4423.022,315066360.28671,1,450.6999999999971,36.30000000000291,414.3999999999942,450.6999999999971,403.5357142857143
2026-04-12 13:00:00,71053.9,71121.4,70830.4,70861.6,506772.24,5067.7224,359649291.91216,1,291.0,67.5,223.5,291.0,390.2357142857145
2026-04-12 14:00:00,70861.6,71076.2,70660.7,70721.9,382967.88,3829.6788,271341182.06189,1,415.5,214.59999999999127,200.90000000000873,415.5,401.0142857142855
2026-04-12 15:00:00,70722.0,70917.0,70570.0,70869.5,306455.25,3064.5525,216879231.09811,1,347.0,195.10000000000582,151.89999999999418,347.0,294.5928571428563
2026-04-12 16:00:00,70869.5,70934.6,70778.0,70900.1,140240.65,1402.4065,99389618.92979,1,156.60000000000582,65.10000000000582,91.5,156.60000000000582,261.19285714285695
2026-04-12 17:00:00,70900.1,71175.9,70866.0,71120.2,238923.09,2389.2309,169674562.41395,1,309.8999999999942,275.79999999998836,34.10000000000582,309.8999999999942,263.8642857142851
2026-04-12 18:00:00,71120.3,71187.5,71026.0,71094.8,115313.21,1153.1321,81988156.91687,1,161.5,67.30000000000291,94.19999999999709,161.5,258.3285714285708
2026-04-12 19:00:00,71094.9,71189.2,71040.2,71060.7,61568.62,615.6862,43780711.49682,1,149.0,94.39999999999418,54.60000000000582,149.0,242.54285714285652
2026-04-12 20:00:00,71060.7,71410.9,70921.0,71302.0,167910.28,1679.1028,119529875.77836,1,489.8999999999942,350.1999999999971,139.6999999999971,489.8999999999942,268.499999999999
2026-04-12 21:00:00,71301.9,71425.2,71132.2,71325.6,106979.16,1069.7916,76243320.08732,1,293.0,123.19999999999709,169.8000000000029,293.0,276.64999999999935
2026-04-12 22:00:00,71325.6,71333.0,70456.0,70875.9,597544.04,5975.4404,422914272.39008,1,877.0,7.399999999994179,869.6000000000058,877.0,323.67857142857036
2026-04-12 23:00:00,70875.8,70882.5,70530.1,70707.9,222212.96,2222.1296,157035360.09765,1,352.3999999999942,6.600000000005821,345.79999999998836,352.3999999999942,339.81428571428427
2026-04-13 00:00:00,70707.9,70717.6,70600.0,70613.0,11884.03,118.8403,8395246.13408,0,117.60000000000582,9.700000000011642,107.89999999999418,117.60000000000582,324.499999999999
2026-04-02 18:00:00,66653.5,67040.5,66555.2,66949.9,306944.44,3069.4444,204890409.15099,1,485.3000000000029,,,485.3000000000029,485.3000000000029
2026-04-02 19:00:00,66950.0,67077.9,66843.1,66949.9,175003.3,1750.033,117212600.88628,1,234.79999999998836,128.0,106.79999999998836,234.79999999998836,360.04999999999563
2026-04-02 20:00:00,66950.0,67070.7,66766.0,66913.8,122125.87,1221.2587,81725776.93119,1,304.6999999999971,120.80000000000291,183.89999999999418,304.6999999999971,341.5999999999961
2026-04-02 21:00:00,66913.8,66990.7,66682.7,66907.9,94985.97,949.8597,63475596.56752,1,308.0,76.89999999999418,231.10000000000582,308.0,333.1999999999971
2026-04-02 22:00:00,66907.9,67013.8,66790.1,66951.8,92559.01,925.5901,61946842.26121,1,223.6999999999971,105.90000000000873,117.79999999998836,223.6999999999971,311.2999999999971
2026-04-02 23:00:00,66951.7,67070.0,66814.5,66864.5,125930.85,1259.3085,84302225.8332,1,255.5,118.19999999999709,137.3000000000029,255.5,301.99999999999756
2026-04-03 00:00:00,66864.6,66974.0,66675.0,66755.0,124478.22,1244.7822,83144378.29453,1,299.0,109.5,189.5,299.0,301.5714285714265
2026-04-03 01:00:00,66755.0,66872.0,66458.0,66591.5,246030.39,2460.3039,163959124.3579,1,414.0,117.0,297.0,414.0,315.6249999999982
2026-04-03 02:00:00,66591.4,66719.9,66250.0,66501.2,340136.92,3401.3692,225954150.57778,1,469.8999999999942,128.39999999999418,341.5,469.8999999999942,332.7666666666644
2026-04-03 03:00:00,66501.2,66688.0,66457.9,66553.3,181976.27,1819.7627,121167548.8383,1,230.10000000000582,186.8000000000029,43.30000000000291,230.10000000000582,322.4999999999985
2026-04-03 04:00:00,66553.1,66661.8,66470.8,66578.6,125860.02,1258.6002,83784579.88409,1,191.0,108.5,82.5,191.0,310.5454545454532
2026-04-03 05:00:00,66578.7,66783.3,66380.0,66583.1,209504.42,2095.0442,139555264.5818,1,403.3000000000029,204.6999999999971,198.60000000000582,403.3000000000029,318.274999999999
2026-04-03 06:00:00,66583.1,66775.0,66529.4,66769.0,131504.17,1315.0417,87663840.31275,1,245.60000000000582,191.89999999999418,53.70000000001164,245.60000000000582,312.6846153846149
2026-04-03 07:00:00,66769.0,67239.2,66726.2,67015.2,376802.92,3768.0292,252456136.10758,1,513.0,470.1999999999971,42.80000000000291,513.0,326.99285714285674
2026-04-03 08:00:00,67015.2,67279.3,66875.0,66941.4,308225.73,3082.2573,206718648.38998,1,404.3000000000029,264.1000000000058,140.1999999999971,404.3000000000029,321.20714285714246
2026-04-03 09:00:00,66941.3,66986.0,66720.0,66841.0,201059.66,2010.5966,134366920.66082,1,266.0,44.60000000000582,221.39999999999418,266.0,323.4357142857147
2026-04-03 10:00:00,66841.0,66869.0,66650.2,66848.2,147842.79,1478.4279,98716403.19897,1,218.8000000000029,28.0,190.8000000000029,218.8000000000029,317.3000000000008
2026-04-03 11:00:00,66848.2,67038.4,66789.4,66987.2,177255.37,1772.5537,118635733.86438,1,249.0,190.1999999999971,58.80000000000291,249.0,313.08571428571514
2026-04-03 12:00:00,66987.2,67350.0,66607.0,66697.4,573516.24,5735.1624,384169278.88932,1,743.0,362.8000000000029,380.1999999999971,743.0,350.17857142857247
2026-04-03 13:00:00,66697.4,66711.0,66478.5,66646.5,324159.96,3241.5996,215902819.53301,1,232.5,13.60000000000582,218.89999999999418,232.5,348.5357142857153
2026-04-03 14:00:00,66646.5,66960.0,66595.3,66901.0,262543.52,2625.4352,175401659.5183,1,364.6999999999971,313.5,51.19999999999709,364.6999999999971,353.22857142857225
2026-04-03 15:00:00,66900.9,66999.0,66783.8,66808.0,178414.84,1784.1484,119319370.5075,1,215.1999999999971,98.0,117.19999999999709,215.1999999999971,339.02857142857204
2026-04-03 16:00:00,66808.1,67036.0,66792.9,66974.0,129155.91,1291.5591,86442680.97791,1,243.10000000000582,228.0,15.10000000000582,243.10000000000582,322.8285714285729
2026-04-03 17:00:00,66974.0,67035.0,66721.5,66808.6,155353.09,1553.5309,103860716.06802,1,313.5,61.0,252.5,313.5,328.7857142857153
2026-04-03 18:00:00,66808.5,66895.8,66745.0,66777.4,79516.68,795.1668,53133787.75361,1,150.8000000000029,87.19999999999709,63.60000000000582,150.8000000000029,325.91428571428696
2026-04-03 19:00:00,66777.4,66879.3,66737.0,66854.0,63433.5,634.335,42362580.67877,1,142.3000000000029,101.90000000000873,40.39999999999418,142.3000000000029,307.2714285714298
2026-04-03 20:00:00,66854.1,66888.9,66791.1,66791.1,39004.97,390.0497,26071370.87821,1,97.79999999998836,34.89999999999418,62.89999999999418,97.79999999998836,296.7142857142857
2026-04-03 21:00:00,66791.1,66954.7,66784.3,66928.6,56486.31,564.8631,37774066.5391,1,170.39999999999418,163.59999999999127,6.80000000000291,170.39999999999418,272.24285714285674
2026-04-03 22:00:00,66928.5,66948.4,66808.9,66855.1,51693.88,516.9388,34570490.57278,1,139.5,19.79999999998836,119.70000000001164,139.5,253.3285714285708
2026-04-03 23:00:00,66855.1,66929.0,66799.1,66929.0,57632.66,576.3266,38532329.36365,1,129.89999999999418,73.89999999999418,56.0,129.89999999999418,243.6071428571418
2026-04-04 00:00:00,66928.9,66937.4,66839.0,66868.1,51879.02,518.7902,34703037.63526,1,98.39999999999418,8.39999999999418,90.0,98.39999999999418,235.0071428571412
2026-04-04 01:00:00,66868.2,66894.4,66800.0,66824.6,75111.36,751.1136,50202146.81232,1,94.39999999999418,26.29999999998836,68.10000000000582,94.39999999999418,223.96428571428365
2026-04-04 02:00:00,66824.6,66889.5,66780.0,66816.0,48398.14,483.9814,32335319.64743,1,109.5,64.89999999999418,44.60000000000582,109.5,178.71428571428365
2026-04-04 03:00:00,66816.1,66870.0,66800.0,66800.3,44785.29,447.8529,29930361.47529,1,70.0,54.0,16.0,70.0,167.1071428571408
2026-04-04 04:00:00,66800.3,66838.0,66734.5,66828.2,59166.63,591.6663,39524777.34343,1,103.5,37.69999999999709,65.80000000000291,103.5,148.44999999999814
2026-04-04 05:00:00,66828.3,66900.0,66808.2,66875.3,76550.72,765.5072,51180216.63998,1,91.80000000000291,71.80000000000291,20.0,91.80000000000291,139.63571428571282
2026-04-04 06:00:00,66875.3,67013.4,66870.2,66973.6,103931.11,1039.3111,69571037.36819,1,143.1999999999971,138.09999999999127,5.100000000005821,143.1999999999971,132.49999999999793
2026-04-04 07:00:00,66973.6,67011.6,66896.6,66980.0,110511.34,1105.1134,73988819.92675,1,115.0,38.0,77.0,115.0,118.3214285714265
2026-04-04 08:00:00,66980.0,67048.9,66873.9,66908.5,135863.29,1358.6329,90990381.27264,1,175.0,68.89999999999418,106.10000000000582,175.0,120.04999999999771
2026-04-04 09:00:00,66908.6,66959.1,66882.6,66949.9,86044.69,860.4469,57588178.68694,1,76.5,50.60000000000582,25.89999999999418,76.5,115.34999999999751
2026-04-04 10:00:00,66950.0,67142.9,66875.9,67132.6,162574.77,1625.7477,108956023.00235,1,267.0,193.0,74.0,267.0,127.43571428571262
2026-04-04 11:00:00,67132.6,67199.8,67052.1,67129.9,176714.69,1767.1469,118615515.23544,1,147.6999999999971,67.19999999999709,80.5,147.6999999999971,125.81428571428425
2026-04-04 12:00:00,67129.9,67163.3,67025.7,67064.5,98163.45,981.6345,65854554.47508,1,137.60000000000582,33.40000000000873,104.19999999999709,137.60000000000582,125.6785714285704
2026-04-04 13:00:00,67064.5,67250.0,67050.0,67160.4,156415.18,1564.1518,105054816.32196,1,200.0,185.5,14.5,200.0,130.68571428571366
2026-04-04 14:00:00,67160.3,67191.7,66980.0,67172.6,192025.52,1920.2552,128832513.94537,1,211.6999999999971,31.30000000000291,180.39999999999418,211.6999999999971,138.778571428571
2026-04-04 15:00:00,67172.6,67550.0,67140.3,67346.0,481737.83,4817.3783,324402490.31251,1,409.6999999999971,377.3999999999942,32.30000000000291,409.6999999999971,161.29999999999978
2026-04-04 16:00:00,67346.0,67484.2,67285.2,67331.7,214566.68,2145.6668,144594660.13027,1,199.0,138.1999999999971,60.80000000000291,199.0,167.69285714285692
2026-04-04 17:00:00,67331.7,67386.9,67258.0,67305.5,158697.09,1586.9709,106840528.07801,1,128.89999999999418,55.19999999999709,73.69999999999709,128.89999999999418,171.89999999999938
2026-04-04 18:00:00,67305.5,67350.0,67215.0,67260.4,97057.71,970.5771,65304595.51912,1,135.0,44.5,90.5,135.0,174.14999999999938
2026-04-04 19:00:00,67260.3,67517.4,67241.5,67262.3,159249.92,1592.4992,107274681.89267,1,275.8999999999942,257.0,18.89999999999418,275.8999999999942,187.29999999999876
2026-04-04 20:00:00,67262.2,67279.2,67150.5,67240.0,86515.54,865.1554,58151433.8332,1,128.6999999999971,16.89999999999418,111.80000000000291,128.6999999999971,186.26428571428445
2026-04-04 21:00:00,67239.9,67449.5,67180.0,67316.3,64467.38,644.6738,43389923.17507,1,269.5,209.5,60.0,269.5,197.29999999999876
2026-04-04 22:00:00,67316.4,67429.4,67303.0,67362.1,71362.85,713.6285,48071853.61602,1,126.39999999999418,113.09999999999127,13.30000000000291,126.39999999999418,193.82857142856977
2026-04-04 23:00:00,67362.0,67364.4,67222.6,67267.4,92427.32,924.2732,62194864.15463,1,141.79999999998836,2.2999999999883585,139.5,141.79999999998836,198.49285714285466
2026-04-05 00:00:00,67267.3,67288.1,67122.7,67178.2,102613.89,1026.1389,68965166.14666,1,165.40000000000873,20.70000000001164,144.6999999999971,165.40000000000873,191.23571428571242
2026-04-05 01:00:00,67178.2,67198.1,67042.3,67056.3,107734.79,1077.3479,72286744.36098,1,155.8000000000029,19.90000000000873,135.89999999999418,155.8000000000029,191.81428571428427
2026-04-05 02:00:00,67056.2,67143.8,66880.2,67136.3,200283.23,2002.8323,134233669.30459,1,263.6000000000058,87.5,176.10000000000582,263.6000000000058,200.81428571428427
2026-04-05 03:00:00,67136.3,67157.9,67051.0,67115.1,71145.93,711.4593,47743836.72004,1,106.89999999999418,21.59999999999127,85.30000000000291,106.89999999999418,194.16428571428384
2026-04-05 04:00:00,67115.2,67157.6,67044.5,67070.1,84605.39,846.0539,56767466.31941,1,113.10000000000582,42.5,70.60000000000582,113.10000000000582,187.12142857142732
2026-04-05 05:00:00,67070.1,67125.9,66850.3,66904.3,141366.02,1413.6602,94678473.5135,1,275.59999999999127,55.79999999998836,219.8000000000029,275.59999999999127,177.54285714285547
2026-04-05 06:00:00,66904.3,66920.9,66572.3,66767.1,427443.41,4274.4341,285255453.36377,1,348.59999999999127,16.59999999999127,332.0,348.59999999999127,188.22857142856915
2026-04-05 07:00:00,66767.1,66888.8,66679.5,66785.2,154002.35,1540.0235,102844729.77735,1,209.3000000000029,121.69999999999709,87.60000000000582,209.3000000000029,193.9714285714269
2026-04-05 08:00:00,66785.1,66900.0,66779.0,66894.6,124665.47,1246.6547,83329117.31641,1,121.0,114.80000000000291,6.19999999999709,121.0,192.9714285714269
2026-04-05 09:00:00,66894.7,67049.9,66861.2,66996.8,146950.61,1469.5061,98387379.13492,1,188.6999999999971,155.29999999998836,33.40000000000873,188.6999999999971,186.74285714285568
2026-04-05 10:00:00,66996.8,67116.7,66923.6,67007.2,140871.52,1408.7152,94393752.28048,1,193.09999999999127,119.89999999999418,73.19999999999709,193.09999999999127,191.34285714285528
2026-04-05 11:00:00,67007.3,67050.9,66938.2,66971.8,74295.73,742.9573,49771987.9783,1,112.69999999999709,43.69999999999709,69.0,112.69999999999709,180.14285714285506
2026-04-05 12:00:00,66971.8,66971.9,66650.1,66756.2,268583.5,2685.835,179345705.59038,1,321.79999999998836,0.09999999999126885,321.6999999999971,321.79999999998836,194.0999999999975
2026-04-05 13:00:00,66756.2,66891.0,66666.7,66861.5,176025.99,1760.2599,117555875.03892,1,224.3000000000029,134.8000000000029,89.5,224.3000000000029,199.99285714285568
2026-04-05 14:00:00,66861.4,66937.1,66766.6,66893.1,144466.87,1444.6687,96615611.90163,1,170.5,75.60000000000582,94.89999999999418,170.5,200.3571428571408
2026-04-05 15:00:00,66893.2,67846.1,66800.1,67281.0,971872.73,9718.7273,655016236.18993,1,1046.0,953.0,93.0,1046.0,263.94285714285485
2026-04-05 16:00:00,67281.0,67386.0,67146.9,67187.3,217630.12,2176.3012,146426191.71594,1,239.10000000000582,105.0,134.10000000000582,239.10000000000582,262.19285714285485
2026-04-05 17:00:00,67187.3,67382.5,67160.0,67349.7,125668.09,1256.6809,84549977.63643,1,222.5,195.1999999999971,27.30000000000291,222.5,270.4499999999981
2026-04-05 18:00:00,67349.8,67433.8,67246.4,67387.5,105752.45,1057.5245,71236548.18331,1,187.40000000000873,84.10000000000582,103.30000000000291,187.40000000000873,275.7571428571412
2026-04-05 19:00:00,67387.6,67537.5,67254.7,67335.0,109854.77,1098.5477,74048918.65495,1,282.8000000000029,150.0,132.8000000000029,282.8000000000029,276.27142857142775
2026-04-05 20:00:00,67334.9,67685.9,67309.8,67630.3,133836.29,1338.3629,90411754.75846,1,376.09999999999127,350.8999999999942,25.19999999999709,376.09999999999127,278.23571428571347
2026-04-05 21:00:00,67630.3,67650.3,67381.0,67519.7,138119.72,1381.1972,93236251.42125,1,269.3000000000029,20.0,249.3000000000029,269.3000000000029,282.52142857142775
2026-04-05 22:00:00,67519.7,68347.0,67300.0,68320.8,819613.6,8196.136,556693200.72457,1,1047.0,827.3000000000029,219.6999999999971,1047.0,348.66428571428486
2026-04-05 23:00:00,68320.7,69118.0,68234.4,69008.0,974049.61,9740.4961,669890620.8335,1,883.6000000000058,797.1999999999971,86.40000000000873,883.6000000000058,398.2999999999998
2026-04-06 00:00:00,69008.0,69587.9,69005.5,69061.7,975180.86,9751.8086,675829763.41632,1,582.3999999999942,579.8999999999942,2.5,582.3999999999942,426.10714285714283
2026-04-06 01:00:00,69061.7,69118.1,68767.7,68791.6,426162.51,4261.6251,293612208.31375,1,350.40000000000873,56.40000000000873,294.0,350.40000000000873,443.08571428571514
2026-04-06 02:00:00,68791.6,69380.0,68748.0,69180.1,500225.23,5002.2523,345860550.55413,1,632.0,588.3999999999942,43.60000000000582,632.0,465.2428571428588
2026-04-06 03:00:00,69180.1,69233.5,69031.2,69099.9,190513.47,1905.1347,131682180.42522,1,202.3000000000029,53.39999999999418,148.90000000000873,202.3000000000029,463.6714285714302
2026-04-06 04:00:00,69100.0,69191.5,68948.3,69109.4,183357.21,1833.5721,126656506.09881,1,243.1999999999971,91.60000000000582,151.59999999999127,243.1999999999971,468.8642857142872
2026-04-06 05:00:00,69109.4,69213.0,69058.0,69169.3,116836.34,1168.3634,80795566.50335,1,155.0,103.60000000000582,51.39999999999418,155.0,405.22142857143
2026-04-06 06:00:00,69169.3,69327.7,68736.9,68948.0,566935.45,5669.3545,390967511.59899,1,590.8000000000029,158.39999999999418,432.40000000000873,590.8000000000029,430.3428571428584
2026-04-06 07:00:00,68948.1,69179.5,68782.8,69074.8,223688.6,2236.886,154320336.60236,1,396.6999999999971,231.5,165.1999999999971,396.6999999999971,442.7857142857153
2026-04-06 08:00:00,69074.8,69318.0,69040.6,69180.0,206725.75,2067.2575,143023757.62553,1,277.3999999999942,243.1999999999971,34.19999999999709,277.3999999999942,449.2142857142857
2026-04-06 09:00:00,69180.0,70276.8,69169.8,69700.1,1274859.2,12748.592,889850090.56249,1,1107.0,1096.800000000003,10.19999999999709,1107.0,508.08571428571406
2026-04-06 10:00:00,69700.1,69952.0,69678.0,69749.9,293689.73,2936.8973,204936615.0794,1,274.0,251.89999999999418,22.10000000000582,274.0,500.79285714285754
2026-04-06 11:00:00,69749.9,69749.9,69536.9,69592.5,212896.61,2128.9661,148235440.87865,1,213.0,0.0,213.0,213.0,496.77142857142877
2026-04-06 12:00:00,69592.4,69615.0,69302.0,69349.5,352163.08,3521.6308,244576094.51989,1,313.0,22.5,290.5,313.0,444.3428571428573
2026-04-06 13:00:00,69349.6,69532.8,69201.0,69405.1,443824.1,4438.241,307861844.2337,1,331.8000000000029,183.3000000000029,148.5,331.8000000000029,404.92857142857144
2026-04-06 14:00:00,69405.0,69798.8,69130.0,69618.7,748518.68,7485.1868,519938869.46091,1,668.8000000000029,393.6999999999971,275.1000000000058,668.8000000000029,411.10000000000065
2026-04-06 15:00:00,69618.7,69935.0,69486.3,69923.0,472412.53,4724.1253,329358322.57106,1,448.6999999999971,316.3000000000029,132.39999999999418,448.6999999999971,418.12142857142834
2026-04-06 16:00:00,69923.0,70322.8,69734.9,69750.1,623068.77,6230.6877,436044296.74444,1,587.9000000000087,399.8000000000029,188.10000000000582,587.9000000000087,414.971428571429
2026-04-06 17:00:00,69750.2,69777.9,69225.0,69530.9,553613.03,5536.1303,384629386.90854,1,552.8999999999942,27.79999999998836,525.1000000000058,552.8999999999942,440.0142857142855
2026-04-06 18:00:00,69531.0,69933.3,69434.6,69849.9,326380.24,3263.8024,227579021.61953,1,498.6999999999971,402.40000000000873,96.29999999998836,498.6999999999971,458.2642857142855
2026-04-06 19:00:00,69850.0,69864.7,69536.9,69699.8,170336.82,1703.3682,118742325.49335,1,327.8000000000029,14.80000000000291,313.0,327.8000000000029,470.60714285714283
2026-04-06 20:00:00,69699.8,69947.5,69584.2,69782.2,125246.37,1252.4637,87408921.9394,1,363.3000000000029,247.6999999999971,115.60000000000582,363.3000000000029,454.35714285714283
2026-04-06 21:00:00,69782.1,69786.9,69380.2,69473.0,148026.03,1480.2603,102982414.71244,1,406.6999999999971,4.69999999999709,402.0,406.6999999999971,455.07142857142856
2026-04-06 22:00:00,69472.9,69545.5,68765.0,68768.0,426779.65,4267.7965,294889348.68099,1,780.5,72.5,708.0,780.5,491.00714285714326
2026-04-06 23:00:00,68768.1,68887.7,68269.0,68812.9,704064.14,7040.6414,483015364.26414,1,618.6999999999971,119.69999999999709,499.0,618.6999999999971,456.12857142857166
2026-04-07 00:00:00,68812.9,69100.6,68690.0,68743.8,341059.62,3410.5962,234885770.71246,1,410.6000000000058,287.70000000001164,122.89999999999418,410.6000000000058,465.8857142857149
2026-04-07 01:00:00,68743.7,68868.7,68300.1,68368.1,420082.72,4200.8272,288127776.55244,1,568.5999999999913,124.89999999999418,443.6999999999971,568.5999999999913,491.2857142857143
2026-04-07 02:00:00,68368.0,68685.1,68233.5,68636.9,301861.86,3018.6186,206688742.99946,1,451.6000000000058,317.0,134.60000000000582,451.6000000000058,501.1857142857147
2026-04-07 03:00:00,68636.9,68773.3,68589.2,68745.2,160054.22,1600.5422,109966246.86858,1,184.10000000000582,136.40000000000873,47.69999999999709,184.10000000000582,490.6357142857149
2026-04-07 04:00:00,68745.1,68958.8,68510.7,68814.9,236617.57,2366.1757,162679800.33323,1,448.1000000000058,213.60000000000582,234.5,448.1000000000058,474.8714285714294
2026-04-07 05:00:00,68814.9,68843.2,68588.0,68632.1,155707.66,1557.0766,106970033.48545,1,255.1999999999971,28.30000000000291,226.89999999999418,255.1999999999971,461.0500000000008
2026-04-07 06:00:00,68632.0,68632.1,68408.4,68546.2,192484.23,1924.8423,131876715.41231,1,223.70000000001164,0.0,223.70000000001164,223.70000000001164,435.0357142857153
2026-04-07 07:00:00,68546.2,68690.4,68470.7,68585.4,125295.79,1252.9579,85928201.44209,1,219.6999999999971,144.1999999999971,75.5,219.6999999999971,411.2357142857155
2026-04-07 08:00:00,68585.3,68955.0,68566.1,68907.8,301028.4,3010.284,207111309.93928,1,388.8999999999942,369.6000000000058,19.29999999998836,388.8999999999942,403.3928571428582
2026-04-07 09:00:00,68907.8,69217.7,68888.8,69106.4,399282.25,3992.8225,275809512.15691,1,328.8999999999942,309.8999999999942,19.0,328.8999999999942,403.471428571429
2026-04-07 10:00:00,69106.4,69165.1,68155.0,68199.3,853110.26,8531.1026,584936448.27054,1,1010.1000000000058,58.70000000001164,951.3999999999942,1010.1000000000058,449.6714285714292
2026-04-07 11:00:00,68199.3,68421.0,68006.4,68308.1,551985.44,5519.8544,376702301.63457,1,414.6000000000058,221.6999999999971,192.90000000000873,414.6000000000058,450.2357142857155
2026-04-07 12:00:00,68308.1,68583.2,68044.2,68368.6,448506.21,4485.0621,306254855.66068,1,539.0,275.09999999999127,263.90000000000873,539.0,432.9857142857155
2026-04-07 13:00:00,68368.6,68613.8,68167.9,68205.1,415645.13,4156.4513,284342187.82269,1,445.90000000000873,245.1999999999971,200.70000000001164,445.90000000000873,420.6428571428592
2026-04-07 14:00:00,68205.0,68230.0,67721.1,67828.9,779549.92,7795.4992,529820938.3201,1,508.8999999999942,24.89999999999418,484.0,508.8999999999942,427.66428571428696
2026-04-07 15:00:00,67829.0,68248.0,67680.2,68138.7,502577.25,5025.7725,341708921.49794,1,567.8000000000029,419.1000000000058,148.6999999999971,567.8000000000029,427.60714285714494
2026-04-07 16:00:00,68138.6,68426.6,68050.0,68208.2,348103.78,3481.0378,237538073.40817,1,376.6000000000058,287.90000000000873,88.69999999999709,376.6000000000058,422.2500000000021
2026-04-07 17:00:00,68208.3,68979.5,68153.2,68669.9,563301.99,5633.0199,386401495.58605,1,826.3000000000029,771.3000000000029,55.0,826.3000000000029,468.12142857143044
2026-04-07 18:00:00,68670.0,68745.3,68313.7,68413.3,318341.62,3183.4162,218158767.99178,1,431.6000000000058,75.40000000000873,356.1999999999971,431.6000000000058,466.942857142859
2026-04-07 19:00:00,68413.4,69058.8,68325.0,68975.6,486811.94,4868.1194,334496240.84127,1,733.8000000000029,645.5,88.30000000000291,733.8000000000029,501.1285714285737
2026-04-07 20:00:00,68975.6,69520.0,68975.6,69280.5,551634.68,5516.3468,382273047.8873,1,544.3999999999942,544.3999999999942,0.0,544.3999999999942,524.0357142857154
2026-04-07 21:00:00,69280.4,70186.1,69268.5,69898.0,823863.54,8238.6354,575088809.34617,1,917.6000000000058,905.6000000000058,12.0,917.6000000000058,573.885714285716
2026-04-07 22:00:00,69898.1,71500.0,69898.1,71479.0,1690012.17,16900.1217,1195825528.60988,1,1601.8999999999942,1602.0,0.10000000000582077,1602.0,660.5357142857164
2026-04-07 23:00:00,71479.0,72773.9,71154.1,71904.6,2312753.62,23127.5362,1665478344.69366,1,1619.7999999999884,1294.8999999999942,324.8999999999942,1619.7999999999884,752.7428571428588
2026-04-08 00:00:00,71904.7,72101.7,71518.4,71696.0,633394.12,6333.9412,455001352.63357,1,583.3000000000029,197.09999999999127,386.20000000001164,583.3000000000029,722.2571428571443
2026-04-08 01:00:00,71696.0,71749.8,71430.0,71467.6,288307.36,2883.0736,206282324.60658,1,319.8000000000029,53.80000000000291,266.0,319.8000000000029,715.4857142857155
2026-04-08 02:00:00,71467.6,71711.9,71219.3,71350.0,371225.33,3712.2533,265172765.37185,1,492.59999999999127,244.29999999998836,248.3000000000029,492.59999999999127,712.1714285714291
2026-04-08 03:00:00,71350.0,71500.0,71258.6,71280.1,187186.86,1871.8686,133586732.20163,1,241.39999999999418,150.0,91.39999999999418,241.39999999999418,697.5642857142853
2026-04-08 04:00:00,71280.0,71677.6,71279.0,71551.5,339104.96,3391.0496,242547094.14751,1,398.6000000000058,397.5,1.1000000000058208,398.6000000000058,689.6857142857147
2026-04-08 05:00:00,71551.5,71830.4,71535.2,71715.0,232507.53,2325.0753,166683644.73031,1,295.1999999999971,278.8999999999942,16.30000000000291,295.1999999999971,670.2142857142857
2026-04-08 06:00:00,71715.0,71935.0,71566.1,71719.9,342326.3,3423.263,245722129.39767,1,368.8999999999942,220.0,148.89999999999418,368.8999999999942,669.6642857142849
2026-04-08 07:00:00,71720.0,71894.2,71567.7,71624.2,261742.97,2617.4297,187652307.15153,1,326.5,174.3000000000029,152.1999999999971,326.5,633.9642857142846
2026-04-08 08:00:00,71624.2,71819.7,71624.2,71790.0,221112.34,2211.1234,158593862.34922,1,195.5,195.5,0.0,195.5,617.0999999999985
2026-04-08 09:00:00,71790.0,71965.1,71575.0,71672.0,236306.84,2363.0684,169618754.97526,1,390.1000000000058,175.10000000000582,215.0,390.1000000000058,592.5499999999987
2026-04-08 10:00:00,71672.1,71780.0,71443.2,71462.4,162840.32,1628.4032,116546244.6666,1,336.8000000000029,108.0,228.8000000000029,336.8000000000029,577.721428571428
2026-04-08 11:00:00,71462.3,71713.0,71388.0,71661.3,259645.31,2596.4531,185822382.11315,1,325.0,250.60000000000582,74.39999999999418,325.0,535.3928571428561
2026-04-08 12:00:00,71661.4,72156.0,71555.0,72036.2,499259.86,4992.5986,358847117.00022,1,601.0,494.6999999999971,106.30000000000291,601.0,463.8928571428561
2026-04-08 13:00:00,72036.3,72876.5,71477.0,71567.4,1934027.83,19340.2783,1396642865.9497,1,1399.5,840.3000000000029,559.1999999999971,1399.5,448.1571428571427
2026-04-08 14:00:00,71567.4,71724.5,70670.0,70886.9,1013159.79,10131.5979,720927796.32293,1,1054.5,157.10000000000582,897.3999999999942,1054.5,481.8142857142853
2026-04-08 15:00:00,70887.0,71315.1,70797.9,71265.3,548745.44,5487.4544,390158438.5214,1,517.2000000000116,428.20000000001164,89.0,517.2000000000116,495.91428571428594
2026-04-08 16:00:00,71265.3,71700.0,71210.9,71561.3,456095.81,4560.9581,325688317.64244,1,489.1000000000058,434.6999999999971,54.40000000000873,489.1000000000058,495.66428571428696
2026-04-08 17:00:00,71561.4,71929.9,71440.9,71854.5,454160.68,4541.6068,325699029.2135,1,489.0,368.59999999999127,120.40000000000873,489.0,513.3500000000016
2026-04-08 18:00:00,71854.6,71857.4,71054.2,71073.6,491677.45,4916.7745,351215193.89809,1,803.1999999999971,2.8999999999941792,800.3000000000029,803.1999999999971,542.250000000001
2026-04-08 19:00:00,71073.6,71346.6,70983.5,71294.0,215596.79,2155.9679,153454637.51386,1,363.1000000000058,273.0,90.10000000000582,363.1000000000058,547.1000000000016
2026-04-08 20:00:00,71294.0,71457.6,71252.3,71350.5,138296.19,1382.9619,98698173.86722,1,205.3000000000029,163.60000000000582,41.69999999999709,205.3000000000029,535.414285714288
2026-04-08 21:00:00,71350.6,71718.8,71300.0,71519.9,138909.55,1389.0955,99398753.31145,1,418.8000000000029,368.3000000000029,50.5,418.8000000000029,542.0071428571454
2026-04-08 22:00:00,71520.0,71546.7,71024.4,71027.8,184421.78,1844.2178,131392720.39528,1,522.3000000000029,26.80000000000291,495.5,522.3000000000029,565.3500000000028
2026-04-08 23:00:00,71027.7,71179.0,70863.5,71041.7,223538.16,2235.3816,158702085.02345,1,315.5,151.1999999999971,164.3000000000029,315.5,560.0214285714309
2026-04-09 00:00:00,71041.8,71109.4,70606.0,70780.0,303881.52,3038.8152,215195791.45828,1,503.3999999999942,67.69999999999709,435.6999999999971,503.3999999999942,571.9214285714303
2026-04-09 01:00:00,70780.0,70929.9,70422.0,70892.7,457527.62,4575.2762,323252625.59631,1,507.8999999999942,149.89999999999418,358.0,507.8999999999942,584.9857142857155
2026-04-09 02:00:00,70892.6,71170.0,70774.4,71026.9,278409.9,2784.099,197614645.91569,1,395.6000000000058,277.3000000000029,118.30000000000291,395.6000000000058,570.3142857142874
2026-04-09 03:00:00,71026.9,71087.9,70810.1,70965.7,172019.18,1720.1918,122024619.29046,1,277.79999999998836,61.0,216.79999999998836,277.79999999998836,490.192857142858
2026-04-09 04:00:00,70965.7,70985.0,70680.0,70757.0,167374.72,1673.7472,118545968.74111,1,305.0,19.30000000000291,285.6999999999971,305.0,436.6571428571437
2026-04-09 05:00:00,70757.0,71071.3,70660.7,70959.7,185833.32,1858.3332,131766794.34327,1,410.6000000000058,314.3000000000029,96.30000000000291,410.6000000000058,429.04285714285754
2026-04-09 06:00:00,70959.7,71067.1,70778.6,70994.1,181544.33,1815.4433,128773687.88106,1,288.5,107.40000000000873,181.09999999999127,288.5,414.7142857142857
2026-04-09 07:00:00,70994.1,71086.2,70921.2,70953.8,152002.62,1520.0262,107907149.76247,1,165.0,92.09999999999127,72.90000000000873,165.0,391.57142857142856
2026-04-09 08:00:00,70953.8,71358.3,70831.5,71225.8,378204.47,3782.0447,268995567.94153,1,526.8000000000029,404.5,122.30000000000291,526.8000000000029,371.8285714285718
2026-04-09 09:00:00,71225.8,71548.0,71079.2,71502.5,444617.99,4446.1799,317157756.63911,1,468.8000000000029,322.1999999999971,146.60000000000582,468.8000000000029,379.37857142857166
2026-04-09 10:00:00,71502.6,71505.9,71246.4,71246.5,165749.53,1657.4953,118329192.97041,1,259.5,3.3999999999941792,256.1000000000058,259.5,383.25
2026-04-09 11:00:00,71246.5,71325.0,71020.1,71124.5,253712.65,2537.1265,180528633.09823,1,304.8999999999942,78.5,226.39999999999418,304.8999999999942,375.1142857142851
2026-04-09 12:00:00,71124.5,71316.6,71013.0,71263.6,233998.3,2339.983,166544723.951,1,303.6000000000058,192.10000000000582,111.5,303.6000000000058,359.49285714285674
2026-04-09 13:00:00,71263.7,71337.6,70609.5,70779.8,599273.37,5992.7337,424848894.53782,1,728.1000000000058,74.0,654.1000000000058,728.1000000000058,388.9642857142857
2026-04-09 14:00:00,70779.8,71228.0,70505.0,71090.7,695093.9,6950.939,492516714.0204,1,723.0,448.1999999999971,274.8000000000029,723.0,404.65000000000043
2026-04-09 15:00:00,71090.8,72333.7,70900.0,72105.7,1447394.89,14473.9489,1038881477.35316,1,1433.699999999997,1243.0,190.6999999999971,1433.699999999997,470.77857142857204
2026-04-09 16:00:00,72105.6,72379.3,71666.7,72047.5,839697.96,8396.9796,604978217.47558,1,712.6000000000058,273.6000000000058,439.0,712.6000000000058,493.4214285714292
2026-04-09 17:00:00,72047.6,72518.3,72037.2,72308.6,708292.04,7082.9204,512308837.76113,1,481.1000000000058,470.8000000000029,10.30000000000291,481.1000000000058,507.942857142859
2026-04-09 18:00:00,72308.6,72341.7,71708.5,71858.3,403241.97,4032.4197,289975599.45173,1,633.1999999999971,33.09999999999127,600.1000000000058,633.1999999999971,531.385714285716
2026-04-09 19:00:00,71858.2,72270.0,71718.0,72060.7,331870.79,3318.7079,238966812.87773,1,552.0,411.6999999999971,140.3000000000029,552.0,541.4857142857155
2026-04-09 20:00:00,72060.7,72418.5,71929.1,72374.8,193540.6,1935.406,139784909.5515,1,489.3999999999942,357.8000000000029,131.59999999999127,489.3999999999942,555.8357142857151
2026-04-09 21:00:00,72374.8,72676.0,72107.1,72226.5,279496.94,2794.9694,202260842.01316,1,568.8999999999942,301.1999999999971,267.6999999999971,568.8999999999942,584.6857142857147
2026-04-09 22:00:00,72226.5,73146.1,71911.1,71911.2,776714.58,7767.1458,564052537.02616,1,1235.0,919.6000000000058,315.3999999999942,1235.0,635.2714285714288
2026-04-09 23:00:00,71911.1,71995.1,71541.9,71759.0,507415.11,5074.1511,364148307.6448,1,453.20000000001164,83.90000000000873,369.3000000000029,453.20000000001164,634.1571428571436
2026-04-10 00:00:00,71759.1,72020.3,71543.0,71945.6,334171.79,3341.7179,239908445.02745,1,477.3000000000029,261.3000000000029,216.0,477.3000000000029,649.7142857142868
2026-04-10 01:00:00,71945.7,72355.4,71632.7,72133.4,437285.52,4372.8552,315279975.68267,1,722.6999999999971,409.79999999998836,312.90000000000873,722.6999999999971,679.5571428571441
2026-04-10 02:00:00,72133.3,72264.5,71868.8,71924.9,222835.48,2228.3548,160610061.9063,1,395.6999999999971,131.10000000000582,264.59999999999127,395.6999999999971,686.1357142857149
2026-04-10 03:00:00,71924.9,71999.9,71780.0,71838.2,164980.84,1649.8084,118577104.3559,1,219.89999999999418,75.0,144.89999999999418,219.89999999999418,649.8357142857141
2026-04-10 04:00:00,71838.3,72194.6,71784.1,72086.8,206026.15,2060.2615,148205045.16388,1,410.5,356.40000000000873,54.09999999999127,410.5,627.5142857142855
2026-04-10 05:00:00,72086.9,72258.0,71960.4,72097.0,169317.58,1693.1758,122117392.92252,1,297.6000000000058,171.1999999999971,126.40000000000873,297.6000000000058,546.3642857142861
2026-04-10 06:00:00,72096.9,72150.0,71754.6,71777.0,168118.79,1681.1879,120916194.68358,1,395.3999999999942,53.0,342.3999999999942,395.3999999999942,523.7071428571425
2026-04-10 07:00:00,71777.0,71819.5,71404.1,71463.5,418943.43,4189.4343,300091873.80868,1,415.3999999999942,42.5,372.8999999999942,415.3999999999942,519.0142857142845
2026-04-10 08:00:00,71463.5,71730.0,71388.9,71581.2,377281.92,3772.8192,270006426.76677,1,341.1000000000058,266.5,74.60000000000582,341.1000000000058,498.14999999999935
2026-04-10 09:00:00,71581.1,71846.9,71560.5,71748.1,195568.74,1955.6874,140289346.83774,1,286.3999999999942,265.6999999999971,20.69999999999709,286.3999999999942,479.17857142857036
2026-04-10 10:00:00,71748.1,71896.3,71667.6,71863.2,161443.35,1614.4335,115888631.6847,1,228.6999999999971,148.1999999999971,80.5,228.6999999999971,460.557142857142
2026-04-10 11:00:00,71863.1,72222.0,71858.4,72084.8,365823.26,3658.2326,263748774.63914,1,363.6000000000058,358.8000000000029,4.80000000000291,363.6000000000058,445.89285714285717
2026-04-10 12:00:00,72084.7,72420.0,71960.0,72220.0,621306.45,6213.0645,448599083.25846,1,460.0,335.1999999999971,124.80000000000291,460.0,390.5357142857143
2026-04-10 13:00:00,72220.0,72381.0,71868.8,72289.0,589488.13,5894.8813,425111651.2257,1,512.1999999999971,161.0,351.1999999999971,512.1999999999971,394.749999999999
2026-04-10 14:00:00,72289.0,73125.5,72215.2,72878.5,1308279.65,13082.7965,951996825.08801,1,910.3000000000029,836.5,73.80000000000291,910.3000000000029,425.67857142857036
2026-04-10 15:00:00,72878.6,73288.0,72285.8,72418.3,770351.82,7703.5182,560859472.62007,1,1002.1999999999971,409.5,592.6999999999971,1002.1999999999971,445.6428571428561
2026-04-10 16:00:00,72418.2,73056.7,72348.4,72965.8,538770.61,5387.7061,391839303.33444,1,708.3000000000029,638.3999999999942,69.90000000000873,708.3000000000029,467.97142857142796
2026-04-10 17:00:00,72965.8,73123.0,72768.1,73092.0,250899.77,2508.9977,182996934.3725,1,354.8999999999942,157.1999999999971,197.6999999999971,354.8999999999942,477.6142857142851
2026-04-10 18:00:00,73091.9,73149.5,72840.0,73071.1,193789.77,1937.8977,141421643.14072,1,309.5,57.5,252.0,309.5,470.39999999999935
2026-04-10 19:00:00,73071.2,73248.8,72863.8,73194.0,220556.58,2205.5658,161146731.42696,1,385.0,177.6999999999971,207.3000000000029,385.0,476.6428571428561
2026-04-10 20:00:00,73194.5,73452.3,73012.8,73321.2,319830.31,3198.3031,234247968.07323,1,439.5,258.3000000000029,181.1999999999971,439.5,479.7928571428565
2026-04-10 21:00:00,73321.3,73321.3,72900.0,73163.0,147295.39,1472.9539,107652107.73626,1,421.3000000000029,0.10000000000582077,421.1999999999971,421.3000000000029,480.2142857142857
2026-04-10 22:00:00,73162.9,73220.0,72678.5,72840.8,239777.72,2397.7772,174923904.80719,1,541.5,57.0,484.5,541.5,494.528571428571
2026-04-10 23:00:00,72840.8,72933.3,72746.0,72925.8,99300.94,993.0094,72334898.99783,1,187.3000000000029,92.5,94.80000000000291,187.3000000000029,487.4500000000002
2026-04-11 00:00:00,72925.7,72925.8,72750.0,72799.2,102403.81,1024.0381,74575986.45651,1,175.8000000000029,0.0,175.8000000000029,175.8000000000029,483.6714285714292
2026-04-11 01:00:00,72799.3,72975.0,72616.7,72927.5,139871.05,1398.7105,101809247.30231,1,358.3000000000029,175.8000000000029,182.5,358.3000000000029,483.29285714285754
2026-04-11 02:00:00,72927.5,73073.8,72868.1,72928.8,143405.49,1434.0549,104632164.5792,1,205.6999999999971,146.3000000000029,59.39999999999418,205.6999999999971,465.12857142857166
2026-04-11 03:00:00,72928.8,73047.2,72785.8,72836.9,108653.64,1086.5364,79241778.45058,1,261.3999999999942,118.39999999999418,143.0,261.3999999999942,447.2142857142857
2026-04-11 04:00:00,72837.0,72925.2,72650.6,72781.1,149800.48,1498.0048,108998972.79047,1,274.59999999999127,88.30000000000291,186.29999999998836,274.59999999999127,401.807142857142
2026-04-11 05:00:00,72781.2,72812.0,72642.8,72696.4,99069.34,990.6934,72051520.32814,1,169.1999999999971,30.89999999999418,138.3000000000029,169.1999999999971,342.307142857142
2026-04-11 06:00:00,72696.3,72755.1,72570.3,72738.9,119441.57,1194.4157,86783444.4426,1,184.8000000000029,58.70000000001164,126.09999999999127,184.8000000000029,304.91428571428486
2026-04-11 07:00:00,72739.0,72809.7,72633.6,72719.7,112411.22,1124.1122,81758530.57577,1,176.09999999999127,70.80000000000291,105.29999999998836,176.09999999999127,292.1428571428561
2026-04-11 08:00:00,72719.8,72779.9,72601.0,72636.3,94421.28,944.2128,68641588.309,1,178.89999999999418,60.19999999999709,118.69999999999709,178.89999999999418,282.81428571428427
2026-04-11 09:00:00,72636.3,72884.0,72600.0,72875.2,183876.84,1838.7684,133810682.96345,1,284.0,247.6999999999971,36.30000000000291,284.0,275.59999999999854
2026-04-11 10:00:00,72875.1,72898.4,72728.0,72811.2,120527.89,1205.2789,87744455.79562,1,170.39999999999418,23.19999999999709,147.1999999999971,170.39999999999418,256.37857142856956
2026-04-11 11:00:00,72811.2,72896.0,72787.0,72883.8,77161.34,771.6134,56201338.81336,1,109.0,84.80000000000291,24.19999999999709,109.0,234.07142857142648
2026-04-11 12:00:00,72883.7,72956.5,72787.0,72900.0,128447.29,1284.4729,93618257.43802,1,169.5,72.69999999999709,96.80000000000291,169.5,207.49999999999793
2026-04-11 13:00:00,72900.0,72900.0,72480.4,72628.1,334889.39,3348.8939,243270808.93786,1,419.6000000000058,0.0,419.6000000000058,419.6000000000058,224.09285714285528
2026-04-11 14:00:00,72628.2,72749.4,72578.0,72669.3,106063.24,1060.6324,77069394.53086,1,171.39999999999418,121.29999999998836,50.10000000000582,171.39999999999418,223.77857142856894
2026-04-11 15:00:00,72669.3,72874.1,72648.6,72826.6,162324.12,1623.2412,118098956.68574,1,225.5,204.8000000000029,20.69999999999709,225.5,214.29285714285444
2026-04-11 16:00:00,72826.5,73200.0,72790.0,73000.4,301061.86,3010.6186,219801105.67473,1,410.0,373.3999999999942,36.60000000000582,410.0,228.8857142857118
2026-04-11 17:00:00,73000.4,73142.0,72903.0,73060.3,140491.03,1404.9103,102598708.79648,1,239.0,141.60000000000582,97.39999999999418,239.0,227.2857142857122
2026-04-11 18:00:00,73060.4,73748.5,73002.8,73527.3,546266.16,5462.6616,401260784.16565,1,745.6999999999971,688.1999999999971,57.5,745.6999999999971,260.9357142857126
2026-04-11 19:00:00,73527.4,73799.1,73433.8,73659.6,319181.24,3191.8124,234993986.71088,1,365.3000000000029,271.8000000000029,93.5,365.3000000000029,274.94285714285587
2026-04-11 20:00:00,73659.6,73670.7,73201.6,73274.8,208809.91,2088.0991,153231108.35394,1,469.09999999999127,11.099999999991269,458.0,469.09999999999127,295.2499999999979
2026-04-11 21:00:00,73274.8,73530.4,73166.0,73406.3,134447.91,1344.4791,98649048.27641,1,364.3999999999942,255.59999999999127,108.80000000000291,364.3999999999942,308.6999999999981
2026-04-11 22:00:00,73406.2,73546.3,73210.8,73341.1,128116.76,1281.1676,93973982.71454,1,335.5,140.0,195.5,335.5,319.8857142857128
2026-04-11 23:00:00,73341.1,73341.2,72864.0,73014.7,239979.75,2399.7975,175274179.95955,1,477.1999999999971,0.09999999999126885,477.1000000000058,477.1999999999971,333.6857142857126
2026-04-12 00:00:00,73014.7,73088.0,72823.4,73049.8,157857.11,1578.5711,115218288.04918,1,264.6000000000058,73.30000000000291,191.3000000000029,264.6000000000058,340.41428571428486
2026-04-12 01:00:00,73049.9,73107.1,71270.2,71610.0,1246856.37,12468.5637,897300002.47611,1,1836.9000000000087,57.30000000000291,1779.6000000000058,1836.9000000000087,463.83571428571406
2026-04-12 02:00:00,71609.9,71934.7,71310.5,71725.8,523885.87,5238.8587,375690217.73381,1,624.1999999999971,324.6999999999971,299.5,624.1999999999971,496.3142857142853
2026-04-12 03:00:00,71725.8,71829.5,71557.0,71557.7,262524.52,2625.2452,188115814.79246,1,272.5,103.69999999999709,168.8000000000029,272.5,485.807142857142
2026-04-12 04:00:00,71557.6,71650.0,71411.0,71437.9,205248.84,2052.4884,146781381.90611,1,239.0,92.30000000000291,146.6999999999971,239.0,490.63571428571385
2026-04-12 05:00:00,71437.9,71750.0,71380.0,71664.1,220222.19,2202.2219,157637777.13503,1,370.0,312.1000000000058,57.89999999999418,370.0,500.95714285714246
2026-04-12 06:00:00,71664.2,71726.5,71600.0,71617.1,103361.43,1033.6143,74065925.80728,1,126.5,62.39999999999418,64.10000000000582,126.5,480.70714285714246
2026-04-12 07:00:00,71617.0,71720.0,71541.1,71635.9,126279.6,1262.796,90464864.66363,1,178.89999999999418,102.89999999999418,76.0,178.89999999999418,476.41428571428486
2026-04-12 08:00:00,71635.9,71772.0,71553.4,71591.5,162766.43,1627.6643,116613298.42716,1,218.60000000000582,136.10000000000582,82.5,218.60000000000582,438.7642857142855
2026-04-12 09:00:00,71591.4,71607.4,71480.9,71507.4,118292.85,1182.9285,84628903.49087,1,126.5,15.89999999999418,110.60000000000582,126.5,421.70714285714246
2026-04-12 10:00:00,71507.3,71655.0,71323.0,71425.0,184950.54,1849.5054,132207454.15137,1,332.0,147.60000000000582,184.39999999999418,332.0,411.91428571428594
2026-04-12 11:00:00,71425.0,71519.7,71387.8,71441.4,113648.42,1136.4842,81190576.1014,1,131.89999999999418,94.69999999999709,37.19999999999709,131.89999999999418,395.30714285714305
2026-04-12 12:00:00,71441.3,71477.7,71027.0,71053.9,442302.2,4423.022,315066360.28671,1,450.6999999999971,36.30000000000291,414.3999999999942,450.6999999999971,403.5357142857143
2026-04-12 13:00:00,71053.9,71121.4,70830.4,70861.6,506772.24,5067.7224,359649291.91216,1,291.0,67.5,223.5,291.0,390.2357142857145
2026-04-12 14:00:00,70861.6,71076.2,70660.7,70721.9,382967.88,3829.6788,271341182.06189,1,415.5,214.59999999999127,200.90000000000873,415.5,401.0142857142855
2026-04-12 15:00:00,70722.0,70917.0,70570.0,70869.5,306455.25,3064.5525,216879231.09811,1,347.0,195.10000000000582,151.89999999999418,347.0,294.5928571428563
2026-04-12 16:00:00,70869.5,70934.6,70778.0,70900.1,140240.65,1402.4065,99389618.92979,1,156.60000000000582,65.10000000000582,91.5,156.60000000000582,261.19285714285695
2026-04-12 17:00:00,70900.1,71175.9,70866.0,71120.2,238923.09,2389.2309,169674562.41395,1,309.8999999999942,275.79999999998836,34.10000000000582,309.8999999999942,263.8642857142851
2026-04-12 18:00:00,71120.3,71187.5,71026.0,71094.8,115313.21,1153.1321,81988156.91687,1,161.5,67.30000000000291,94.19999999999709,161.5,258.3285714285708
2026-04-12 19:00:00,71094.9,71189.2,71040.2,71060.7,61568.62,615.6862,43780711.49682,1,149.0,94.39999999999418,54.60000000000582,149.0,242.54285714285652
2026-04-12 20:00:00,71060.7,71410.9,70921.0,71302.0,167910.28,1679.1028,119529875.77836,1,489.8999999999942,350.1999999999971,139.6999999999971,489.8999999999942,268.499999999999
2026-04-12 21:00:00,71301.9,71425.2,71132.2,71325.6,106979.16,1069.7916,76243320.08732,1,293.0,123.19999999999709,169.8000000000029,293.0,276.64999999999935
2026-04-12 22:00:00,71325.6,71333.0,70456.0,70875.9,597544.04,5975.4404,422914272.39008,1,877.0,7.399999999994179,869.6000000000058,877.0,323.67857142857036
2026-04-12 23:00:00,70875.8,70882.5,70530.1,70707.9,222212.96,2222.1296,157035360.09765,1,352.3999999999942,6.600000000005821,345.79999999998836,352.3999999999942,339.81428571428427
2026-04-13 00:00:00,70707.9,71273.1,70580.0,71140.0,340865.55,3408.6555,241914345.52757,1,693.1000000000058,565.2000000000116,127.89999999999418,693.1000000000058,365.6071428571418
2026-04-13 01:00:00,71140.0,71200.0,71008.0,71166.1,237698.95,2376.9895,169023162.49753,1,192.0,60.0,132.0,192.0,369.89999999999935
2026-04-13 02:00:00,71166.1,71255.0,70955.6,71059.9,214234.6,2142.346,152317584.68301,1,299.3999999999942,88.89999999999418,210.5,299.3999999999942,359.0928571428563
2026-04-13 03:00:00,71059.9,71134.8,70883.4,70950.0,155403.45,1554.0345,110338163.03551,0,251.40000000000873,74.90000000000873,176.5,251.40000000000873,356.2642857142855
2026-04-02 21:00:00,66913.8,66990.7,66682.7,66907.9,94985.97,949.8597,63475596.56752,1,308.0,,,308.0,308.0
2026-04-02 22:00:00,66907.9,67013.8,66790.1,66951.8,92559.01,925.5901,61946842.26121,1,223.6999999999971,105.90000000000873,117.79999999998836,223.6999999999971,265.84999999999854
2026-04-02 23:00:00,66951.7,67070.0,66814.5,66864.5,125930.85,1259.3085,84302225.8332,1,255.5,118.19999999999709,137.3000000000029,255.5,262.399999999999
2026-04-03 00:00:00,66864.6,66974.0,66675.0,66755.0,124478.22,1244.7822,83144378.29453,1,299.0,109.5,189.5,299.0,271.5499999999993
2026-04-03 01:00:00,66755.0,66872.0,66458.0,66591.5,246030.39,2460.3039,163959124.3579,1,414.0,117.0,297.0,414.0,300.0399999999994
2026-04-03 02:00:00,66591.4,66719.9,66250.0,66501.2,340136.92,3401.3692,225954150.57778,1,469.8999999999942,128.39999999999418,341.5,469.8999999999942,328.34999999999854
2026-04-03 03:00:00,66501.2,66688.0,66457.9,66553.3,181976.27,1819.7627,121167548.8383,1,230.10000000000582,186.8000000000029,43.30000000000291,230.10000000000582,314.3142857142853
2026-04-03 04:00:00,66553.1,66661.8,66470.8,66578.6,125860.02,1258.6002,83784579.88409,1,191.0,108.5,82.5,191.0,298.89999999999964
2026-04-03 05:00:00,66578.7,66783.3,66380.0,66583.1,209504.42,2095.0442,139555264.5818,1,403.3000000000029,204.6999999999971,198.60000000000582,403.3000000000029,310.5
2026-04-03 06:00:00,66583.1,66775.0,66529.4,66769.0,131504.17,1315.0417,87663840.31275,1,245.60000000000582,191.89999999999418,53.70000000001164,245.60000000000582,304.01000000000056
2026-04-03 07:00:00,66769.0,67239.2,66726.2,67015.2,376802.92,3768.0292,252456136.10758,1,513.0,470.1999999999971,42.80000000000291,513.0,323.0090909090914
2026-04-03 08:00:00,67015.2,67279.3,66875.0,66941.4,308225.73,3082.2573,206718648.38998,1,404.3000000000029,264.1000000000058,140.1999999999971,404.3000000000029,329.78333333333404
2026-04-03 09:00:00,66941.3,66986.0,66720.0,66841.0,201059.66,2010.5966,134366920.66082,1,266.0,44.60000000000582,221.39999999999418,266.0,324.87692307692373
2026-04-03 10:00:00,66841.0,66869.0,66650.2,66848.2,147842.79,1478.4279,98716403.19897,1,218.8000000000029,28.0,190.8000000000029,218.8000000000029,317.3000000000008
2026-04-03 11:00:00,66848.2,67038.4,66789.4,66987.2,177255.37,1772.5537,118635733.86438,1,249.0,190.1999999999971,58.80000000000291,249.0,313.08571428571514
2026-04-03 12:00:00,66987.2,67350.0,66607.0,66697.4,573516.24,5735.1624,384169278.88932,1,743.0,362.8000000000029,380.1999999999971,743.0,350.17857142857247
2026-04-03 13:00:00,66697.4,66711.0,66478.5,66646.5,324159.96,3241.5996,215902819.53301,1,232.5,13.60000000000582,218.89999999999418,232.5,348.5357142857153
2026-04-03 14:00:00,66646.5,66960.0,66595.3,66901.0,262543.52,2625.4352,175401659.5183,1,364.6999999999971,313.5,51.19999999999709,364.6999999999971,353.22857142857225
2026-04-03 15:00:00,66900.9,66999.0,66783.8,66808.0,178414.84,1784.1484,119319370.5075,1,215.1999999999971,98.0,117.19999999999709,215.1999999999971,339.02857142857204
2026-04-03 16:00:00,66808.1,67036.0,66792.9,66974.0,129155.91,1291.5591,86442680.97791,1,243.10000000000582,228.0,15.10000000000582,243.10000000000582,322.8285714285729
2026-04-03 17:00:00,66974.0,67035.0,66721.5,66808.6,155353.09,1553.5309,103860716.06802,1,313.5,61.0,252.5,313.5,328.7857142857153
2026-04-03 18:00:00,66808.5,66895.8,66745.0,66777.4,79516.68,795.1668,53133787.75361,1,150.8000000000029,87.19999999999709,63.60000000000582,150.8000000000029,325.91428571428696
2026-04-03 19:00:00,66777.4,66879.3,66737.0,66854.0,63433.5,634.335,42362580.67877,1,142.3000000000029,101.90000000000873,40.39999999999418,142.3000000000029,307.2714285714298
2026-04-03 20:00:00,66854.1,66888.9,66791.1,66791.1,39004.97,390.0497,26071370.87821,1,97.79999999998836,34.89999999999418,62.89999999999418,97.79999999998836,296.7142857142857
2026-04-03 21:00:00,66791.1,66954.7,66784.3,66928.6,56486.31,564.8631,37774066.5391,1,170.39999999999418,163.59999999999127,6.80000000000291,170.39999999999418,272.24285714285674
2026-04-03 22:00:00,66928.5,66948.4,66808.9,66855.1,51693.88,516.9388,34570490.57278,1,139.5,19.79999999998836,119.70000000001164,139.5,253.3285714285708
2026-04-03 23:00:00,66855.1,66929.0,66799.1,66929.0,57632.66,576.3266,38532329.36365,1,129.89999999999418,73.89999999999418,56.0,129.89999999999418,243.6071428571418
2026-04-04 00:00:00,66928.9,66937.4,66839.0,66868.1,51879.02,518.7902,34703037.63526,1,98.39999999999418,8.39999999999418,90.0,98.39999999999418,235.0071428571412
2026-04-04 01:00:00,66868.2,66894.4,66800.0,66824.6,75111.36,751.1136,50202146.81232,1,94.39999999999418,26.29999999998836,68.10000000000582,94.39999999999418,223.96428571428365
2026-04-04 02:00:00,66824.6,66889.5,66780.0,66816.0,48398.14,483.9814,32335319.64743,1,109.5,64.89999999999418,44.60000000000582,109.5,178.71428571428365
2026-04-04 03:00:00,66816.1,66870.0,66800.0,66800.3,44785.29,447.8529,29930361.47529,1,70.0,54.0,16.0,70.0,167.1071428571408
2026-04-04 04:00:00,66800.3,66838.0,66734.5,66828.2,59166.63,591.6663,39524777.34343,1,103.5,37.69999999999709,65.80000000000291,103.5,148.44999999999814
2026-04-04 05:00:00,66828.3,66900.0,66808.2,66875.3,76550.72,765.5072,51180216.63998,1,91.80000000000291,71.80000000000291,20.0,91.80000000000291,139.63571428571282
2026-04-04 06:00:00,66875.3,67013.4,66870.2,66973.6,103931.11,1039.3111,69571037.36819,1,143.1999999999971,138.09999999999127,5.100000000005821,143.1999999999971,132.49999999999793
2026-04-04 07:00:00,66973.6,67011.6,66896.6,66980.0,110511.34,1105.1134,73988819.92675,1,115.0,38.0,77.0,115.0,118.3214285714265
2026-04-04 08:00:00,66980.0,67048.9,66873.9,66908.5,135863.29,1358.6329,90990381.27264,1,175.0,68.89999999999418,106.10000000000582,175.0,120.04999999999771
2026-04-04 09:00:00,66908.6,66959.1,66882.6,66949.9,86044.69,860.4469,57588178.68694,1,76.5,50.60000000000582,25.89999999999418,76.5,115.34999999999751
2026-04-04 10:00:00,66950.0,67142.9,66875.9,67132.6,162574.77,1625.7477,108956023.00235,1,267.0,193.0,74.0,267.0,127.43571428571262
2026-04-04 11:00:00,67132.6,67199.8,67052.1,67129.9,176714.69,1767.1469,118615515.23544,1,147.6999999999971,67.19999999999709,80.5,147.6999999999971,125.81428571428425
2026-04-04 12:00:00,67129.9,67163.3,67025.7,67064.5,98163.45,981.6345,65854554.47508,1,137.60000000000582,33.40000000000873,104.19999999999709,137.60000000000582,125.6785714285704
2026-04-04 13:00:00,67064.5,67250.0,67050.0,67160.4,156415.18,1564.1518,105054816.32196,1,200.0,185.5,14.5,200.0,130.68571428571366
2026-04-04 14:00:00,67160.3,67191.7,66980.0,67172.6,192025.52,1920.2552,128832513.94537,1,211.6999999999971,31.30000000000291,180.39999999999418,211.6999999999971,138.778571428571
2026-04-04 15:00:00,67172.6,67550.0,67140.3,67346.0,481737.83,4817.3783,324402490.31251,1,409.6999999999971,377.3999999999942,32.30000000000291,409.6999999999971,161.29999999999978
2026-04-04 16:00:00,67346.0,67484.2,67285.2,67331.7,214566.68,2145.6668,144594660.13027,1,199.0,138.1999999999971,60.80000000000291,199.0,167.69285714285692
2026-04-04 17:00:00,67331.7,67386.9,67258.0,67305.5,158697.09,1586.9709,106840528.07801,1,128.89999999999418,55.19999999999709,73.69999999999709,128.89999999999418,171.89999999999938
2026-04-04 18:00:00,67305.5,67350.0,67215.0,67260.4,97057.71,970.5771,65304595.51912,1,135.0,44.5,90.5,135.0,174.14999999999938
2026-04-04 19:00:00,67260.3,67517.4,67241.5,67262.3,159249.92,1592.4992,107274681.89267,1,275.8999999999942,257.0,18.89999999999418,275.8999999999942,187.29999999999876
2026-04-04 20:00:00,67262.2,67279.2,67150.5,67240.0,86515.54,865.1554,58151433.8332,1,128.6999999999971,16.89999999999418,111.80000000000291,128.6999999999971,186.26428571428445
2026-04-04 21:00:00,67239.9,67449.5,67180.0,67316.3,64467.38,644.6738,43389923.17507,1,269.5,209.5,60.0,269.5,197.29999999999876
2026-04-04 22:00:00,67316.4,67429.4,67303.0,67362.1,71362.85,713.6285,48071853.61602,1,126.39999999999418,113.09999999999127,13.30000000000291,126.39999999999418,193.82857142856977
2026-04-04 23:00:00,67362.0,67364.4,67222.6,67267.4,92427.32,924.2732,62194864.15463,1,141.79999999998836,2.2999999999883585,139.5,141.79999999998836,198.49285714285466
2026-04-05 00:00:00,67267.3,67288.1,67122.7,67178.2,102613.89,1026.1389,68965166.14666,1,165.40000000000873,20.70000000001164,144.6999999999971,165.40000000000873,191.23571428571242
2026-04-05 01:00:00,67178.2,67198.1,67042.3,67056.3,107734.79,1077.3479,72286744.36098,1,155.8000000000029,19.90000000000873,135.89999999999418,155.8000000000029,191.81428571428427
2026-04-05 02:00:00,67056.2,67143.8,66880.2,67136.3,200283.23,2002.8323,134233669.30459,1,263.6000000000058,87.5,176.10000000000582,263.6000000000058,200.81428571428427
2026-04-05 03:00:00,67136.3,67157.9,67051.0,67115.1,71145.93,711.4593,47743836.72004,1,106.89999999999418,21.59999999999127,85.30000000000291,106.89999999999418,194.16428571428384
2026-04-05 04:00:00,67115.2,67157.6,67044.5,67070.1,84605.39,846.0539,56767466.31941,1,113.10000000000582,42.5,70.60000000000582,113.10000000000582,187.12142857142732
2026-04-05 05:00:00,67070.1,67125.9,66850.3,66904.3,141366.02,1413.6602,94678473.5135,1,275.59999999999127,55.79999999998836,219.8000000000029,275.59999999999127,177.54285714285547
2026-04-05 06:00:00,66904.3,66920.9,66572.3,66767.1,427443.41,4274.4341,285255453.36377,1,348.59999999999127,16.59999999999127,332.0,348.59999999999127,188.22857142856915
2026-04-05 07:00:00,66767.1,66888.8,66679.5,66785.2,154002.35,1540.0235,102844729.77735,1,209.3000000000029,121.69999999999709,87.60000000000582,209.3000000000029,193.9714285714269
2026-04-05 08:00:00,66785.1,66900.0,66779.0,66894.6,124665.47,1246.6547,83329117.31641,1,121.0,114.80000000000291,6.19999999999709,121.0,192.9714285714269
2026-04-05 09:00:00,66894.7,67049.9,66861.2,66996.8,146950.61,1469.5061,98387379.13492,1,188.6999999999971,155.29999999998836,33.40000000000873,188.6999999999971,186.74285714285568
2026-04-05 10:00:00,66996.8,67116.7,66923.6,67007.2,140871.52,1408.7152,94393752.28048,1,193.09999999999127,119.89999999999418,73.19999999999709,193.09999999999127,191.34285714285528
2026-04-05 11:00:00,67007.3,67050.9,66938.2,66971.8,74295.73,742.9573,49771987.9783,1,112.69999999999709,43.69999999999709,69.0,112.69999999999709,180.14285714285506
2026-04-05 12:00:00,66971.8,66971.9,66650.1,66756.2,268583.5,2685.835,179345705.59038,1,321.79999999998836,0.09999999999126885,321.6999999999971,321.79999999998836,194.0999999999975
2026-04-05 13:00:00,66756.2,66891.0,66666.7,66861.5,176025.99,1760.2599,117555875.03892,1,224.3000000000029,134.8000000000029,89.5,224.3000000000029,199.99285714285568
2026-04-05 14:00:00,66861.4,66937.1,66766.6,66893.1,144466.87,1444.6687,96615611.90163,1,170.5,75.60000000000582,94.89999999999418,170.5,200.3571428571408
2026-04-05 15:00:00,66893.2,67846.1,66800.1,67281.0,971872.73,9718.7273,655016236.18993,1,1046.0,953.0,93.0,1046.0,263.94285714285485
2026-04-05 16:00:00,67281.0,67386.0,67146.9,67187.3,217630.12,2176.3012,146426191.71594,1,239.10000000000582,105.0,134.10000000000582,239.10000000000582,262.19285714285485
2026-04-05 17:00:00,67187.3,67382.5,67160.0,67349.7,125668.09,1256.6809,84549977.63643,1,222.5,195.1999999999971,27.30000000000291,222.5,270.4499999999981
2026-04-05 18:00:00,67349.8,67433.8,67246.4,67387.5,105752.45,1057.5245,71236548.18331,1,187.40000000000873,84.10000000000582,103.30000000000291,187.40000000000873,275.7571428571412
2026-04-05 19:00:00,67387.6,67537.5,67254.7,67335.0,109854.77,1098.5477,74048918.65495,1,282.8000000000029,150.0,132.8000000000029,282.8000000000029,276.27142857142775
2026-04-05 20:00:00,67334.9,67685.9,67309.8,67630.3,133836.29,1338.3629,90411754.75846,1,376.09999999999127,350.8999999999942,25.19999999999709,376.09999999999127,278.23571428571347
2026-04-05 21:00:00,67630.3,67650.3,67381.0,67519.7,138119.72,1381.1972,93236251.42125,1,269.3000000000029,20.0,249.3000000000029,269.3000000000029,282.52142857142775
2026-04-05 22:00:00,67519.7,68347.0,67300.0,68320.8,819613.6,8196.136,556693200.72457,1,1047.0,827.3000000000029,219.6999999999971,1047.0,348.66428571428486
2026-04-05 23:00:00,68320.7,69118.0,68234.4,69008.0,974049.61,9740.4961,669890620.8335,1,883.6000000000058,797.1999999999971,86.40000000000873,883.6000000000058,398.2999999999998
2026-04-06 00:00:00,69008.0,69587.9,69005.5,69061.7,975180.86,9751.8086,675829763.41632,1,582.3999999999942,579.8999999999942,2.5,582.3999999999942,426.10714285714283
2026-04-06 01:00:00,69061.7,69118.1,68767.7,68791.6,426162.51,4261.6251,293612208.31375,1,350.40000000000873,56.40000000000873,294.0,350.40000000000873,443.08571428571514
2026-04-06 02:00:00,68791.6,69380.0,68748.0,69180.1,500225.23,5002.2523,345860550.55413,1,632.0,588.3999999999942,43.60000000000582,632.0,465.2428571428588
2026-04-06 03:00:00,69180.1,69233.5,69031.2,69099.9,190513.47,1905.1347,131682180.42522,1,202.3000000000029,53.39999999999418,148.90000000000873,202.3000000000029,463.6714285714302
2026-04-06 04:00:00,69100.0,69191.5,68948.3,69109.4,183357.21,1833.5721,126656506.09881,1,243.1999999999971,91.60000000000582,151.59999999999127,243.1999999999971,468.8642857142872
2026-04-06 05:00:00,69109.4,69213.0,69058.0,69169.3,116836.34,1168.3634,80795566.50335,1,155.0,103.60000000000582,51.39999999999418,155.0,405.22142857143
2026-04-06 06:00:00,69169.3,69327.7,68736.9,68948.0,566935.45,5669.3545,390967511.59899,1,590.8000000000029,158.39999999999418,432.40000000000873,590.8000000000029,430.3428571428584
2026-04-06 07:00:00,68948.1,69179.5,68782.8,69074.8,223688.6,2236.886,154320336.60236,1,396.6999999999971,231.5,165.1999999999971,396.6999999999971,442.7857142857153
2026-04-06 08:00:00,69074.8,69318.0,69040.6,69180.0,206725.75,2067.2575,143023757.62553,1,277.3999999999942,243.1999999999971,34.19999999999709,277.3999999999942,449.2142857142857
2026-04-06 09:00:00,69180.0,70276.8,69169.8,69700.1,1274859.2,12748.592,889850090.56249,1,1107.0,1096.800000000003,10.19999999999709,1107.0,508.08571428571406
2026-04-06 10:00:00,69700.1,69952.0,69678.0,69749.9,293689.73,2936.8973,204936615.0794,1,274.0,251.89999999999418,22.10000000000582,274.0,500.79285714285754
2026-04-06 11:00:00,69749.9,69749.9,69536.9,69592.5,212896.61,2128.9661,148235440.87865,1,213.0,0.0,213.0,213.0,496.77142857142877
2026-04-06 12:00:00,69592.4,69615.0,69302.0,69349.5,352163.08,3521.6308,244576094.51989,1,313.0,22.5,290.5,313.0,444.3428571428573
2026-04-06 13:00:00,69349.6,69532.8,69201.0,69405.1,443824.1,4438.241,307861844.2337,1,331.8000000000029,183.3000000000029,148.5,331.8000000000029,404.92857142857144
2026-04-06 14:00:00,69405.0,69798.8,69130.0,69618.7,748518.68,7485.1868,519938869.46091,1,668.8000000000029,393.6999999999971,275.1000000000058,668.8000000000029,411.10000000000065
2026-04-06 15:00:00,69618.7,69935.0,69486.3,69923.0,472412.53,4724.1253,329358322.57106,1,448.6999999999971,316.3000000000029,132.39999999999418,448.6999999999971,418.12142857142834
2026-04-06 16:00:00,69923.0,70322.8,69734.9,69750.1,623068.77,6230.6877,436044296.74444,1,587.9000000000087,399.8000000000029,188.10000000000582,587.9000000000087,414.971428571429
2026-04-06 17:00:00,69750.2,69777.9,69225.0,69530.9,553613.03,5536.1303,384629386.90854,1,552.8999999999942,27.79999999998836,525.1000000000058,552.8999999999942,440.0142857142855
2026-04-06 18:00:00,69531.0,69933.3,69434.6,69849.9,326380.24,3263.8024,227579021.61953,1,498.6999999999971,402.40000000000873,96.29999999998836,498.6999999999971,458.2642857142855
2026-04-06 19:00:00,69850.0,69864.7,69536.9,69699.8,170336.82,1703.3682,118742325.49335,1,327.8000000000029,14.80000000000291,313.0,327.8000000000029,470.60714285714283
2026-04-06 20:00:00,69699.8,69947.5,69584.2,69782.2,125246.37,1252.4637,87408921.9394,1,363.3000000000029,247.6999999999971,115.60000000000582,363.3000000000029,454.35714285714283
2026-04-06 21:00:00,69782.1,69786.9,69380.2,69473.0,148026.03,1480.2603,102982414.71244,1,406.6999999999971,4.69999999999709,402.0,406.6999999999971,455.07142857142856
2026-04-06 22:00:00,69472.9,69545.5,68765.0,68768.0,426779.65,4267.7965,294889348.68099,1,780.5,72.5,708.0,780.5,491.00714285714326
2026-04-06 23:00:00,68768.1,68887.7,68269.0,68812.9,704064.14,7040.6414,483015364.26414,1,618.6999999999971,119.69999999999709,499.0,618.6999999999971,456.12857142857166
2026-04-07 00:00:00,68812.9,69100.6,68690.0,68743.8,341059.62,3410.5962,234885770.71246,1,410.6000000000058,287.70000000001164,122.89999999999418,410.6000000000058,465.8857142857149
2026-04-07 01:00:00,68743.7,68868.7,68300.1,68368.1,420082.72,4200.8272,288127776.55244,1,568.5999999999913,124.89999999999418,443.6999999999971,568.5999999999913,491.2857142857143
2026-04-07 02:00:00,68368.0,68685.1,68233.5,68636.9,301861.86,3018.6186,206688742.99946,1,451.6000000000058,317.0,134.60000000000582,451.6000000000058,501.1857142857147
2026-04-07 03:00:00,68636.9,68773.3,68589.2,68745.2,160054.22,1600.5422,109966246.86858,1,184.10000000000582,136.40000000000873,47.69999999999709,184.10000000000582,490.6357142857149
2026-04-07 04:00:00,68745.1,68958.8,68510.7,68814.9,236617.57,2366.1757,162679800.33323,1,448.1000000000058,213.60000000000582,234.5,448.1000000000058,474.8714285714294
2026-04-07 05:00:00,68814.9,68843.2,68588.0,68632.1,155707.66,1557.0766,106970033.48545,1,255.1999999999971,28.30000000000291,226.89999999999418,255.1999999999971,461.0500000000008
2026-04-07 06:00:00,68632.0,68632.1,68408.4,68546.2,192484.23,1924.8423,131876715.41231,1,223.70000000001164,0.0,223.70000000001164,223.70000000001164,435.0357142857153
2026-04-07 07:00:00,68546.2,68690.4,68470.7,68585.4,125295.79,1252.9579,85928201.44209,1,219.6999999999971,144.1999999999971,75.5,219.6999999999971,411.2357142857155
2026-04-07 08:00:00,68585.3,68955.0,68566.1,68907.8,301028.4,3010.284,207111309.93928,1,388.8999999999942,369.6000000000058,19.29999999998836,388.8999999999942,403.3928571428582
2026-04-07 09:00:00,68907.8,69217.7,68888.8,69106.4,399282.25,3992.8225,275809512.15691,1,328.8999999999942,309.8999999999942,19.0,328.8999999999942,403.471428571429
2026-04-07 10:00:00,69106.4,69165.1,68155.0,68199.3,853110.26,8531.1026,584936448.27054,1,1010.1000000000058,58.70000000001164,951.3999999999942,1010.1000000000058,449.6714285714292
2026-04-07 11:00:00,68199.3,68421.0,68006.4,68308.1,551985.44,5519.8544,376702301.63457,1,414.6000000000058,221.6999999999971,192.90000000000873,414.6000000000058,450.2357142857155
2026-04-07 12:00:00,68308.1,68583.2,68044.2,68368.6,448506.21,4485.0621,306254855.66068,1,539.0,275.09999999999127,263.90000000000873,539.0,432.9857142857155
2026-04-07 13:00:00,68368.6,68613.8,68167.9,68205.1,415645.13,4156.4513,284342187.82269,1,445.90000000000873,245.1999999999971,200.70000000001164,445.90000000000873,420.6428571428592
2026-04-07 14:00:00,68205.0,68230.0,67721.1,67828.9,779549.92,7795.4992,529820938.3201,1,508.8999999999942,24.89999999999418,484.0,508.8999999999942,427.66428571428696
2026-04-07 15:00:00,67829.0,68248.0,67680.2,68138.7,502577.25,5025.7725,341708921.49794,1,567.8000000000029,419.1000000000058,148.6999999999971,567.8000000000029,427.60714285714494
2026-04-07 16:00:00,68138.6,68426.6,68050.0,68208.2,348103.78,3481.0378,237538073.40817,1,376.6000000000058,287.90000000000873,88.69999999999709,376.6000000000058,422.2500000000021
2026-04-07 17:00:00,68208.3,68979.5,68153.2,68669.9,563301.99,5633.0199,386401495.58605,1,826.3000000000029,771.3000000000029,55.0,826.3000000000029,468.12142857143044
2026-04-07 18:00:00,68670.0,68745.3,68313.7,68413.3,318341.62,3183.4162,218158767.99178,1,431.6000000000058,75.40000000000873,356.1999999999971,431.6000000000058,466.942857142859
2026-04-07 19:00:00,68413.4,69058.8,68325.0,68975.6,486811.94,4868.1194,334496240.84127,1,733.8000000000029,645.5,88.30000000000291,733.8000000000029,501.1285714285737
2026-04-07 20:00:00,68975.6,69520.0,68975.6,69280.5,551634.68,5516.3468,382273047.8873,1,544.3999999999942,544.3999999999942,0.0,544.3999999999942,524.0357142857154
2026-04-07 21:00:00,69280.4,70186.1,69268.5,69898.0,823863.54,8238.6354,575088809.34617,1,917.6000000000058,905.6000000000058,12.0,917.6000000000058,573.885714285716
2026-04-07 22:00:00,69898.1,71500.0,69898.1,71479.0,1690012.17,16900.1217,1195825528.60988,1,1601.8999999999942,1602.0,0.10000000000582077,1602.0,660.5357142857164
2026-04-07 23:00:00,71479.0,72773.9,71154.1,71904.6,2312753.62,23127.5362,1665478344.69366,1,1619.7999999999884,1294.8999999999942,324.8999999999942,1619.7999999999884,752.7428571428588
2026-04-08 00:00:00,71904.7,72101.7,71518.4,71696.0,633394.12,6333.9412,455001352.63357,1,583.3000000000029,197.09999999999127,386.20000000001164,583.3000000000029,722.2571428571443
2026-04-08 01:00:00,71696.0,71749.8,71430.0,71467.6,288307.36,2883.0736,206282324.60658,1,319.8000000000029,53.80000000000291,266.0,319.8000000000029,715.4857142857155
2026-04-08 02:00:00,71467.6,71711.9,71219.3,71350.0,371225.33,3712.2533,265172765.37185,1,492.59999999999127,244.29999999998836,248.3000000000029,492.59999999999127,712.1714285714291
2026-04-08 03:00:00,71350.0,71500.0,71258.6,71280.1,187186.86,1871.8686,133586732.20163,1,241.39999999999418,150.0,91.39999999999418,241.39999999999418,697.5642857142853
2026-04-08 04:00:00,71280.0,71677.6,71279.0,71551.5,339104.96,3391.0496,242547094.14751,1,398.6000000000058,397.5,1.1000000000058208,398.6000000000058,689.6857142857147
2026-04-08 05:00:00,71551.5,71830.4,71535.2,71715.0,232507.53,2325.0753,166683644.73031,1,295.1999999999971,278.8999999999942,16.30000000000291,295.1999999999971,670.2142857142857
2026-04-08 06:00:00,71715.0,71935.0,71566.1,71719.9,342326.3,3423.263,245722129.39767,1,368.8999999999942,220.0,148.89999999999418,368.8999999999942,669.6642857142849
2026-04-08 07:00:00,71720.0,71894.2,71567.7,71624.2,261742.97,2617.4297,187652307.15153,1,326.5,174.3000000000029,152.1999999999971,326.5,633.9642857142846
2026-04-08 08:00:00,71624.2,71819.7,71624.2,71790.0,221112.34,2211.1234,158593862.34922,1,195.5,195.5,0.0,195.5,617.0999999999985
2026-04-08 09:00:00,71790.0,71965.1,71575.0,71672.0,236306.84,2363.0684,169618754.97526,1,390.1000000000058,175.10000000000582,215.0,390.1000000000058,592.5499999999987
2026-04-08 10:00:00,71672.1,71780.0,71443.2,71462.4,162840.32,1628.4032,116546244.6666,1,336.8000000000029,108.0,228.8000000000029,336.8000000000029,577.721428571428
2026-04-08 11:00:00,71462.3,71713.0,71388.0,71661.3,259645.31,2596.4531,185822382.11315,1,325.0,250.60000000000582,74.39999999999418,325.0,535.3928571428561
2026-04-08 12:00:00,71661.4,72156.0,71555.0,72036.2,499259.86,4992.5986,358847117.00022,1,601.0,494.6999999999971,106.30000000000291,601.0,463.8928571428561
2026-04-08 13:00:00,72036.3,72876.5,71477.0,71567.4,1934027.83,19340.2783,1396642865.9497,1,1399.5,840.3000000000029,559.1999999999971,1399.5,448.1571428571427
2026-04-08 14:00:00,71567.4,71724.5,70670.0,70886.9,1013159.79,10131.5979,720927796.32293,1,1054.5,157.10000000000582,897.3999999999942,1054.5,481.8142857142853
2026-04-08 15:00:00,70887.0,71315.1,70797.9,71265.3,548745.44,5487.4544,390158438.5214,1,517.2000000000116,428.20000000001164,89.0,517.2000000000116,495.91428571428594
2026-04-08 16:00:00,71265.3,71700.0,71210.9,71561.3,456095.81,4560.9581,325688317.64244,1,489.1000000000058,434.6999999999971,54.40000000000873,489.1000000000058,495.66428571428696
2026-04-08 17:00:00,71561.4,71929.9,71440.9,71854.5,454160.68,4541.6068,325699029.2135,1,489.0,368.59999999999127,120.40000000000873,489.0,513.3500000000016
2026-04-08 18:00:00,71854.6,71857.4,71054.2,71073.6,491677.45,4916.7745,351215193.89809,1,803.1999999999971,2.8999999999941792,800.3000000000029,803.1999999999971,542.250000000001
2026-04-08 19:00:00,71073.6,71346.6,70983.5,71294.0,215596.79,2155.9679,153454637.51386,1,363.1000000000058,273.0,90.10000000000582,363.1000000000058,547.1000000000016
2026-04-08 20:00:00,71294.0,71457.6,71252.3,71350.5,138296.19,1382.9619,98698173.86722,1,205.3000000000029,163.60000000000582,41.69999999999709,205.3000000000029,535.414285714288
2026-04-08 21:00:00,71350.6,71718.8,71300.0,71519.9,138909.55,1389.0955,99398753.31145,1,418.8000000000029,368.3000000000029,50.5,418.8000000000029,542.0071428571454
2026-04-08 22:00:00,71520.0,71546.7,71024.4,71027.8,184421.78,1844.2178,131392720.39528,1,522.3000000000029,26.80000000000291,495.5,522.3000000000029,565.3500000000028
2026-04-08 23:00:00,71027.7,71179.0,70863.5,71041.7,223538.16,2235.3816,158702085.02345,1,315.5,151.1999999999971,164.3000000000029,315.5,560.0214285714309
2026-04-09 00:00:00,71041.8,71109.4,70606.0,70780.0,303881.52,3038.8152,215195791.45828,1,503.3999999999942,67.69999999999709,435.6999999999971,503.3999999999942,571.9214285714303
2026-04-09 01:00:00,70780.0,70929.9,70422.0,70892.7,457527.62,4575.2762,323252625.59631,1,507.8999999999942,149.89999999999418,358.0,507.8999999999942,584.9857142857155
2026-04-09 02:00:00,70892.6,71170.0,70774.4,71026.9,278409.9,2784.099,197614645.91569,1,395.6000000000058,277.3000000000029,118.30000000000291,395.6000000000058,570.3142857142874
2026-04-09 03:00:00,71026.9,71087.9,70810.1,70965.7,172019.18,1720.1918,122024619.29046,1,277.79999999998836,61.0,216.79999999998836,277.79999999998836,490.192857142858
2026-04-09 04:00:00,70965.7,70985.0,70680.0,70757.0,167374.72,1673.7472,118545968.74111,1,305.0,19.30000000000291,285.6999999999971,305.0,436.6571428571437
2026-04-09 05:00:00,70757.0,71071.3,70660.7,70959.7,185833.32,1858.3332,131766794.34327,1,410.6000000000058,314.3000000000029,96.30000000000291,410.6000000000058,429.04285714285754
2026-04-09 06:00:00,70959.7,71067.1,70778.6,70994.1,181544.33,1815.4433,128773687.88106,1,288.5,107.40000000000873,181.09999999999127,288.5,414.7142857142857
2026-04-09 07:00:00,70994.1,71086.2,70921.2,70953.8,152002.62,1520.0262,107907149.76247,1,165.0,92.09999999999127,72.90000000000873,165.0,391.57142857142856
2026-04-09 08:00:00,70953.8,71358.3,70831.5,71225.8,378204.47,3782.0447,268995567.94153,1,526.8000000000029,404.5,122.30000000000291,526.8000000000029,371.8285714285718
2026-04-09 09:00:00,71225.8,71548.0,71079.2,71502.5,444617.99,4446.1799,317157756.63911,1,468.8000000000029,322.1999999999971,146.60000000000582,468.8000000000029,379.37857142857166
2026-04-09 10:00:00,71502.6,71505.9,71246.4,71246.5,165749.53,1657.4953,118329192.97041,1,259.5,3.3999999999941792,256.1000000000058,259.5,383.25
2026-04-09 11:00:00,71246.5,71325.0,71020.1,71124.5,253712.65,2537.1265,180528633.09823,1,304.8999999999942,78.5,226.39999999999418,304.8999999999942,375.1142857142851
2026-04-09 12:00:00,71124.5,71316.6,71013.0,71263.6,233998.3,2339.983,166544723.951,1,303.6000000000058,192.10000000000582,111.5,303.6000000000058,359.49285714285674
2026-04-09 13:00:00,71263.7,71337.6,70609.5,70779.8,599273.37,5992.7337,424848894.53782,1,728.1000000000058,74.0,654.1000000000058,728.1000000000058,388.9642857142857
2026-04-09 14:00:00,70779.8,71228.0,70505.0,71090.7,695093.9,6950.939,492516714.0204,1,723.0,448.1999999999971,274.8000000000029,723.0,404.65000000000043
2026-04-09 15:00:00,71090.8,72333.7,70900.0,72105.7,1447394.89,14473.9489,1038881477.35316,1,1433.699999999997,1243.0,190.6999999999971,1433.699999999997,470.77857142857204
2026-04-09 16:00:00,72105.6,72379.3,71666.7,72047.5,839697.96,8396.9796,604978217.47558,1,712.6000000000058,273.6000000000058,439.0,712.6000000000058,493.4214285714292
2026-04-09 17:00:00,72047.6,72518.3,72037.2,72308.6,708292.04,7082.9204,512308837.76113,1,481.1000000000058,470.8000000000029,10.30000000000291,481.1000000000058,507.942857142859
2026-04-09 18:00:00,72308.6,72341.7,71708.5,71858.3,403241.97,4032.4197,289975599.45173,1,633.1999999999971,33.09999999999127,600.1000000000058,633.1999999999971,531.385714285716
2026-04-09 19:00:00,71858.2,72270.0,71718.0,72060.7,331870.79,3318.7079,238966812.87773,1,552.0,411.6999999999971,140.3000000000029,552.0,541.4857142857155
2026-04-09 20:00:00,72060.7,72418.5,71929.1,72374.8,193540.6,1935.406,139784909.5515,1,489.3999999999942,357.8000000000029,131.59999999999127,489.3999999999942,555.8357142857151
2026-04-09 21:00:00,72374.8,72676.0,72107.1,72226.5,279496.94,2794.9694,202260842.01316,1,568.8999999999942,301.1999999999971,267.6999999999971,568.8999999999942,584.6857142857147
2026-04-09 22:00:00,72226.5,73146.1,71911.1,71911.2,776714.58,7767.1458,564052537.02616,1,1235.0,919.6000000000058,315.3999999999942,1235.0,635.2714285714288
2026-04-09 23:00:00,71911.1,71995.1,71541.9,71759.0,507415.11,5074.1511,364148307.6448,1,453.20000000001164,83.90000000000873,369.3000000000029,453.20000000001164,634.1571428571436
2026-04-10 00:00:00,71759.1,72020.3,71543.0,71945.6,334171.79,3341.7179,239908445.02745,1,477.3000000000029,261.3000000000029,216.0,477.3000000000029,649.7142857142868
2026-04-10 01:00:00,71945.7,72355.4,71632.7,72133.4,437285.52,4372.8552,315279975.68267,1,722.6999999999971,409.79999999998836,312.90000000000873,722.6999999999971,679.5571428571441
2026-04-10 02:00:00,72133.3,72264.5,71868.8,71924.9,222835.48,2228.3548,160610061.9063,1,395.6999999999971,131.10000000000582,264.59999999999127,395.6999999999971,686.1357142857149
2026-04-10 03:00:00,71924.9,71999.9,71780.0,71838.2,164980.84,1649.8084,118577104.3559,1,219.89999999999418,75.0,144.89999999999418,219.89999999999418,649.8357142857141
2026-04-10 04:00:00,71838.3,72194.6,71784.1,72086.8,206026.15,2060.2615,148205045.16388,1,410.5,356.40000000000873,54.09999999999127,410.5,627.5142857142855
2026-04-10 05:00:00,72086.9,72258.0,71960.4,72097.0,169317.58,1693.1758,122117392.92252,1,297.6000000000058,171.1999999999971,126.40000000000873,297.6000000000058,546.3642857142861
2026-04-10 06:00:00,72096.9,72150.0,71754.6,71777.0,168118.79,1681.1879,120916194.68358,1,395.3999999999942,53.0,342.3999999999942,395.3999999999942,523.7071428571425
2026-04-10 07:00:00,71777.0,71819.5,71404.1,71463.5,418943.43,4189.4343,300091873.80868,1,415.3999999999942,42.5,372.8999999999942,415.3999999999942,519.0142857142845
2026-04-10 08:00:00,71463.5,71730.0,71388.9,71581.2,377281.92,3772.8192,270006426.76677,1,341.1000000000058,266.5,74.60000000000582,341.1000000000058,498.14999999999935
2026-04-10 09:00:00,71581.1,71846.9,71560.5,71748.1,195568.74,1955.6874,140289346.83774,1,286.3999999999942,265.6999999999971,20.69999999999709,286.3999999999942,479.17857142857036
2026-04-10 10:00:00,71748.1,71896.3,71667.6,71863.2,161443.35,1614.4335,115888631.6847,1,228.6999999999971,148.1999999999971,80.5,228.6999999999971,460.557142857142
2026-04-10 11:00:00,71863.1,72222.0,71858.4,72084.8,365823.26,3658.2326,263748774.63914,1,363.6000000000058,358.8000000000029,4.80000000000291,363.6000000000058,445.89285714285717
2026-04-10 12:00:00,72084.7,72420.0,71960.0,72220.0,621306.45,6213.0645,448599083.25846,1,460.0,335.1999999999971,124.80000000000291,460.0,390.5357142857143
2026-04-10 13:00:00,72220.0,72381.0,71868.8,72289.0,589488.13,5894.8813,425111651.2257,1,512.1999999999971,161.0,351.1999999999971,512.1999999999971,394.749999999999
2026-04-10 14:00:00,72289.0,73125.5,72215.2,72878.5,1308279.65,13082.7965,951996825.08801,1,910.3000000000029,836.5,73.80000000000291,910.3000000000029,425.67857142857036
2026-04-10 15:00:00,72878.6,73288.0,72285.8,72418.3,770351.82,7703.5182,560859472.62007,1,1002.1999999999971,409.5,592.6999999999971,1002.1999999999971,445.6428571428561
2026-04-10 16:00:00,72418.2,73056.7,72348.4,72965.8,538770.61,5387.7061,391839303.33444,1,708.3000000000029,638.3999999999942,69.90000000000873,708.3000000000029,467.97142857142796
2026-04-10 17:00:00,72965.8,73123.0,72768.1,73092.0,250899.77,2508.9977,182996934.3725,1,354.8999999999942,157.1999999999971,197.6999999999971,354.8999999999942,477.6142857142851
2026-04-10 18:00:00,73091.9,73149.5,72840.0,73071.1,193789.77,1937.8977,141421643.14072,1,309.5,57.5,252.0,309.5,470.39999999999935
2026-04-10 19:00:00,73071.2,73248.8,72863.8,73194.0,220556.58,2205.5658,161146731.42696,1,385.0,177.6999999999971,207.3000000000029,385.0,476.6428571428561
2026-04-10 20:00:00,73194.5,73452.3,73012.8,73321.2,319830.31,3198.3031,234247968.07323,1,439.5,258.3000000000029,181.1999999999971,439.5,479.7928571428565
2026-04-10 21:00:00,73321.3,73321.3,72900.0,73163.0,147295.39,1472.9539,107652107.73626,1,421.3000000000029,0.10000000000582077,421.1999999999971,421.3000000000029,480.2142857142857
2026-04-10 22:00:00,73162.9,73220.0,72678.5,72840.8,239777.72,2397.7772,174923904.80719,1,541.5,57.0,484.5,541.5,494.528571428571
2026-04-10 23:00:00,72840.8,72933.3,72746.0,72925.8,99300.94,993.0094,72334898.99783,1,187.3000000000029,92.5,94.80000000000291,187.3000000000029,487.4500000000002
2026-04-11 00:00:00,72925.7,72925.8,72750.0,72799.2,102403.81,1024.0381,74575986.45651,1,175.8000000000029,0.0,175.8000000000029,175.8000000000029,483.6714285714292
2026-04-11 01:00:00,72799.3,72975.0,72616.7,72927.5,139871.05,1398.7105,101809247.30231,1,358.3000000000029,175.8000000000029,182.5,358.3000000000029,483.29285714285754
2026-04-11 02:00:00,72927.5,73073.8,72868.1,72928.8,143405.49,1434.0549,104632164.5792,1,205.6999999999971,146.3000000000029,59.39999999999418,205.6999999999971,465.12857142857166
2026-04-11 03:00:00,72928.8,73047.2,72785.8,72836.9,108653.64,1086.5364,79241778.45058,1,261.3999999999942,118.39999999999418,143.0,261.3999999999942,447.2142857142857
2026-04-11 04:00:00,72837.0,72925.2,72650.6,72781.1,149800.48,1498.0048,108998972.79047,1,274.59999999999127,88.30000000000291,186.29999999998836,274.59999999999127,401.807142857142
2026-04-11 05:00:00,72781.2,72812.0,72642.8,72696.4,99069.34,990.6934,72051520.32814,1,169.1999999999971,30.89999999999418,138.3000000000029,169.1999999999971,342.307142857142
2026-04-11 06:00:00,72696.3,72755.1,72570.3,72738.9,119441.57,1194.4157,86783444.4426,1,184.8000000000029,58.70000000001164,126.09999999999127,184.8000000000029,304.91428571428486
2026-04-11 07:00:00,72739.0,72809.7,72633.6,72719.7,112411.22,1124.1122,81758530.57577,1,176.09999999999127,70.80000000000291,105.29999999998836,176.09999999999127,292.1428571428561
2026-04-11 08:00:00,72719.8,72779.9,72601.0,72636.3,94421.28,944.2128,68641588.309,1,178.89999999999418,60.19999999999709,118.69999999999709,178.89999999999418,282.81428571428427
2026-04-11 09:00:00,72636.3,72884.0,72600.0,72875.2,183876.84,1838.7684,133810682.96345,1,284.0,247.6999999999971,36.30000000000291,284.0,275.59999999999854
2026-04-11 10:00:00,72875.1,72898.4,72728.0,72811.2,120527.89,1205.2789,87744455.79562,1,170.39999999999418,23.19999999999709,147.1999999999971,170.39999999999418,256.37857142856956
2026-04-11 11:00:00,72811.2,72896.0,72787.0,72883.8,77161.34,771.6134,56201338.81336,1,109.0,84.80000000000291,24.19999999999709,109.0,234.07142857142648
2026-04-11 12:00:00,72883.7,72956.5,72787.0,72900.0,128447.29,1284.4729,93618257.43802,1,169.5,72.69999999999709,96.80000000000291,169.5,207.49999999999793
2026-04-11 13:00:00,72900.0,72900.0,72480.4,72628.1,334889.39,3348.8939,243270808.93786,1,419.6000000000058,0.0,419.6000000000058,419.6000000000058,224.09285714285528
2026-04-11 14:00:00,72628.2,72749.4,72578.0,72669.3,106063.24,1060.6324,77069394.53086,1,171.39999999999418,121.29999999998836,50.10000000000582,171.39999999999418,223.77857142856894
2026-04-11 15:00:00,72669.3,72874.1,72648.6,72826.6,162324.12,1623.2412,118098956.68574,1,225.5,204.8000000000029,20.69999999999709,225.5,214.29285714285444
2026-04-11 16:00:00,72826.5,73200.0,72790.0,73000.4,301061.86,3010.6186,219801105.67473,1,410.0,373.3999999999942,36.60000000000582,410.0,228.8857142857118
2026-04-11 17:00:00,73000.4,73142.0,72903.0,73060.3,140491.03,1404.9103,102598708.79648,1,239.0,141.60000000000582,97.39999999999418,239.0,227.2857142857122
2026-04-11 18:00:00,73060.4,73748.5,73002.8,73527.3,546266.16,5462.6616,401260784.16565,1,745.6999999999971,688.1999999999971,57.5,745.6999999999971,260.9357142857126
2026-04-11 19:00:00,73527.4,73799.1,73433.8,73659.6,319181.24,3191.8124,234993986.71088,1,365.3000000000029,271.8000000000029,93.5,365.3000000000029,274.94285714285587
2026-04-11 20:00:00,73659.6,73670.7,73201.6,73274.8,208809.91,2088.0991,153231108.35394,1,469.09999999999127,11.099999999991269,458.0,469.09999999999127,295.2499999999979
2026-04-11 21:00:00,73274.8,73530.4,73166.0,73406.3,134447.91,1344.4791,98649048.27641,1,364.3999999999942,255.59999999999127,108.80000000000291,364.3999999999942,308.6999999999981
2026-04-11 22:00:00,73406.2,73546.3,73210.8,73341.1,128116.76,1281.1676,93973982.71454,1,335.5,140.0,195.5,335.5,319.8857142857128
2026-04-11 23:00:00,73341.1,73341.2,72864.0,73014.7,239979.75,2399.7975,175274179.95955,1,477.1999999999971,0.09999999999126885,477.1000000000058,477.1999999999971,333.6857142857126
2026-04-12 00:00:00,73014.7,73088.0,72823.4,73049.8,157857.11,1578.5711,115218288.04918,1,264.6000000000058,73.30000000000291,191.3000000000029,264.6000000000058,340.41428571428486
2026-04-12 01:00:00,73049.9,73107.1,71270.2,71610.0,1246856.37,12468.5637,897300002.47611,1,1836.9000000000087,57.30000000000291,1779.6000000000058,1836.9000000000087,463.83571428571406
2026-04-12 02:00:00,71609.9,71934.7,71310.5,71725.8,523885.87,5238.8587,375690217.73381,1,624.1999999999971,324.6999999999971,299.5,624.1999999999971,496.3142857142853
2026-04-12 03:00:00,71725.8,71829.5,71557.0,71557.7,262524.52,2625.2452,188115814.79246,1,272.5,103.69999999999709,168.8000000000029,272.5,485.807142857142
2026-04-12 04:00:00,71557.6,71650.0,71411.0,71437.9,205248.84,2052.4884,146781381.90611,1,239.0,92.30000000000291,146.6999999999971,239.0,490.63571428571385
2026-04-12 05:00:00,71437.9,71750.0,71380.0,71664.1,220222.19,2202.2219,157637777.13503,1,370.0,312.1000000000058,57.89999999999418,370.0,500.95714285714246
2026-04-12 06:00:00,71664.2,71726.5,71600.0,71617.1,103361.43,1033.6143,74065925.80728,1,126.5,62.39999999999418,64.10000000000582,126.5,480.70714285714246
2026-04-12 07:00:00,71617.0,71720.0,71541.1,71635.9,126279.6,1262.796,90464864.66363,1,178.89999999999418,102.89999999999418,76.0,178.89999999999418,476.41428571428486
2026-04-12 08:00:00,71635.9,71772.0,71553.4,71591.5,162766.43,1627.6643,116613298.42716,1,218.60000000000582,136.10000000000582,82.5,218.60000000000582,438.7642857142855
2026-04-12 09:00:00,71591.4,71607.4,71480.9,71507.4,118292.85,1182.9285,84628903.49087,1,126.5,15.89999999999418,110.60000000000582,126.5,421.70714285714246
2026-04-12 10:00:00,71507.3,71655.0,71323.0,71425.0,184950.54,1849.5054,132207454.15137,1,332.0,147.60000000000582,184.39999999999418,332.0,411.91428571428594
2026-04-12 11:00:00,71425.0,71519.7,71387.8,71441.4,113648.42,1136.4842,81190576.1014,1,131.89999999999418,94.69999999999709,37.19999999999709,131.89999999999418,395.30714285714305
2026-04-12 12:00:00,71441.3,71477.7,71027.0,71053.9,442302.2,4423.022,315066360.28671,1,450.6999999999971,36.30000000000291,414.3999999999942,450.6999999999971,403.5357142857143
2026-04-12 13:00:00,71053.9,71121.4,70830.4,70861.6,506772.24,5067.7224,359649291.91216,1,291.0,67.5,223.5,291.0,390.2357142857145
2026-04-12 14:00:00,70861.6,71076.2,70660.7,70721.9,382967.88,3829.6788,271341182.06189,1,415.5,214.59999999999127,200.90000000000873,415.5,401.0142857142855
2026-04-12 15:00:00,70722.0,70917.0,70570.0,70869.5,306455.25,3064.5525,216879231.09811,1,347.0,195.10000000000582,151.89999999999418,347.0,294.5928571428563
2026-04-12 16:00:00,70869.5,70934.6,70778.0,70900.1,140240.65,1402.4065,99389618.92979,1,156.60000000000582,65.10000000000582,91.5,156.60000000000582,261.19285714285695
2026-04-12 17:00:00,70900.1,71175.9,70866.0,71120.2,238923.09,2389.2309,169674562.41395,1,309.8999999999942,275.79999999998836,34.10000000000582,309.8999999999942,263.8642857142851
2026-04-12 18:00:00,71120.3,71187.5,71026.0,71094.8,115313.21,1153.1321,81988156.91687,1,161.5,67.30000000000291,94.19999999999709,161.5,258.3285714285708
2026-04-12 19:00:00,71094.9,71189.2,71040.2,71060.7,61568.62,615.6862,43780711.49682,1,149.0,94.39999999999418,54.60000000000582,149.0,242.54285714285652
2026-04-12 20:00:00,71060.7,71410.9,70921.0,71302.0,167910.28,1679.1028,119529875.77836,1,489.8999999999942,350.1999999999971,139.6999999999971,489.8999999999942,268.499999999999
2026-04-12 21:00:00,71301.9,71425.2,71132.2,71325.6,106979.16,1069.7916,76243320.08732,1,293.0,123.19999999999709,169.8000000000029,293.0,276.64999999999935
2026-04-12 22:00:00,71325.6,71333.0,70456.0,70875.9,597544.04,5975.4404,422914272.39008,1,877.0,7.399999999994179,869.6000000000058,877.0,323.67857142857036
2026-04-12 23:00:00,70875.8,70882.5,70530.1,70707.9,222212.96,2222.1296,157035360.09765,1,352.3999999999942,6.600000000005821,345.79999999998836,352.3999999999942,339.81428571428427
2026-04-13 00:00:00,70707.9,71273.1,70580.0,71140.0,340865.55,3408.6555,241914345.52757,1,693.1000000000058,565.2000000000116,127.89999999999418,693.1000000000058,365.6071428571418
2026-04-13 01:00:00,71140.0,71200.0,71008.0,71166.1,237698.95,2376.9895,169023162.49753,1,192.0,60.0,132.0,192.0,369.89999999999935
2026-04-13 02:00:00,71166.1,71255.0,70955.6,71059.9,214234.6,2142.346,152317584.68301,1,299.3999999999942,88.89999999999418,210.5,299.3999999999942,359.0928571428563
2026-04-13 03:00:00,71059.9,71134.8,70883.4,70950.1,164255.36,1642.5536,116619451.59875,1,251.40000000000873,74.90000000000873,176.5,251.40000000000873,356.2642857142855
2026-04-13 04:00:00,70950.2,71120.0,70821.7,70868.4,155198.98,1551.9898,110150447.28165,1,298.3000000000029,169.89999999999418,128.40000000000873,298.3000000000029,347.89285714285717
2026-04-13 05:00:00,70868.5,70893.5,70637.2,70858.2,189388.53,1893.8853,134074918.5197,1,256.3000000000029,25.10000000000582,231.1999999999971,256.3000000000029,341.41428571428594
2026-04-13 06:00:00,70858.1,70987.2,70853.4,70978.8,48698.29,486.9829,34546290.44101,0,133.8000000000029,129.0,4.80000000000291,133.8000000000029,339.7857142857143
2026-04-02 23:00:00,66951.7,67070.0,66814.5,66864.5,125930.85,1259.3085,84302225.8332,1,255.5,,,255.5,255.5
2026-04-03 00:00:00,66864.6,66974.0,66675.0,66755.0,124478.22,1244.7822,83144378.29453,1,299.0,109.5,189.5,299.0,277.25
2026-04-03 01:00:00,66755.0,66872.0,66458.0,66591.5,246030.39,2460.3039,163959124.3579,1,414.0,117.0,297.0,414.0,322.8333333333333
2026-04-03 02:00:00,66591.4,66719.9,66250.0,66501.2,340136.92,3401.3692,225954150.57778,1,469.8999999999942,128.39999999999418,341.5,469.8999999999942,359.59999999999854
2026-04-03 03:00:00,66501.2,66688.0,66457.9,66553.3,181976.27,1819.7627,121167548.8383,1,230.10000000000582,186.8000000000029,43.30000000000291,230.10000000000582,333.7
2026-04-03 04:00:00,66553.1,66661.8,66470.8,66578.6,125860.02,1258.6002,83784579.88409,1,191.0,108.5,82.5,191.0,309.9166666666667
2026-04-03 05:00:00,66578.7,66783.3,66380.0,66583.1,209504.42,2095.0442,139555264.5818,1,403.3000000000029,204.6999999999971,198.60000000000582,403.3000000000029,323.25714285714326
2026-04-03 06:00:00,66583.1,66775.0,66529.4,66769.0,131504.17,1315.0417,87663840.31275,1,245.60000000000582,191.89999999999418,53.70000000001164,245.60000000000582,313.5500000000011
2026-04-03 07:00:00,66769.0,67239.2,66726.2,67015.2,376802.92,3768.0292,252456136.10758,1,513.0,470.1999999999971,42.80000000000291,513.0,335.7111111111121
2026-04-03 08:00:00,67015.2,67279.3,66875.0,66941.4,308225.73,3082.2573,206718648.38998,1,404.3000000000029,264.1000000000058,140.1999999999971,404.3000000000029,342.5700000000012
2026-04-03 09:00:00,66941.3,66986.0,66720.0,66841.0,201059.66,2010.5966,134366920.66082,1,266.0,44.60000000000582,221.39999999999418,266.0,335.60909090909195
2026-04-03 10:00:00,66841.0,66869.0,66650.2,66848.2,147842.79,1478.4279,98716403.19897,1,218.8000000000029,28.0,190.8000000000029,218.8000000000029,325.8750000000012
2026-04-03 11:00:00,66848.2,67038.4,66789.4,66987.2,177255.37,1772.5537,118635733.86438,1,249.0,190.1999999999971,58.80000000000291,249.0,319.9615384615396
2026-04-03 12:00:00,66987.2,67350.0,66607.0,66697.4,573516.24,5735.1624,384169278.88932,1,743.0,362.8000000000029,380.1999999999971,743.0,350.17857142857247
2026-04-03 13:00:00,66697.4,66711.0,66478.5,66646.5,324159.96,3241.5996,215902819.53301,1,232.5,13.60000000000582,218.89999999999418,232.5,348.5357142857153
2026-04-03 14:00:00,66646.5,66960.0,66595.3,66901.0,262543.52,2625.4352,175401659.5183,1,364.6999999999971,313.5,51.19999999999709,364.6999999999971,353.22857142857225
2026-04-03 15:00:00,66900.9,66999.0,66783.8,66808.0,178414.84,1784.1484,119319370.5075,1,215.1999999999971,98.0,117.19999999999709,215.1999999999971,339.02857142857204
2026-04-03 16:00:00,66808.1,67036.0,66792.9,66974.0,129155.91,1291.5591,86442680.97791,1,243.10000000000582,228.0,15.10000000000582,243.10000000000582,322.8285714285729
2026-04-03 17:00:00,66974.0,67035.0,66721.5,66808.6,155353.09,1553.5309,103860716.06802,1,313.5,61.0,252.5,313.5,328.7857142857153
2026-04-03 18:00:00,66808.5,66895.8,66745.0,66777.4,79516.68,795.1668,53133787.75361,1,150.8000000000029,87.19999999999709,63.60000000000582,150.8000000000029,325.91428571428696
2026-04-03 19:00:00,66777.4,66879.3,66737.0,66854.0,63433.5,634.335,42362580.67877,1,142.3000000000029,101.90000000000873,40.39999999999418,142.3000000000029,307.2714285714298
2026-04-03 20:00:00,66854.1,66888.9,66791.1,66791.1,39004.97,390.0497,26071370.87821,1,97.79999999998836,34.89999999999418,62.89999999999418,97.79999999998836,296.7142857142857
2026-04-03 21:00:00,66791.1,66954.7,66784.3,66928.6,56486.31,564.8631,37774066.5391,1,170.39999999999418,163.59999999999127,6.80000000000291,170.39999999999418,272.24285714285674
2026-04-03 22:00:00,66928.5,66948.4,66808.9,66855.1,51693.88,516.9388,34570490.57278,1,139.5,19.79999999998836,119.70000000001164,139.5,253.3285714285708
2026-04-03 23:00:00,66855.1,66929.0,66799.1,66929.0,57632.66,576.3266,38532329.36365,1,129.89999999999418,73.89999999999418,56.0,129.89999999999418,243.6071428571418
2026-04-04 00:00:00,66928.9,66937.4,66839.0,66868.1,51879.02,518.7902,34703037.63526,1,98.39999999999418,8.39999999999418,90.0,98.39999999999418,235.0071428571412
2026-04-04 01:00:00,66868.2,66894.4,66800.0,66824.6,75111.36,751.1136,50202146.81232,1,94.39999999999418,26.29999999998836,68.10000000000582,94.39999999999418,223.96428571428365
2026-04-04 02:00:00,66824.6,66889.5,66780.0,66816.0,48398.14,483.9814,32335319.64743,1,109.5,64.89999999999418,44.60000000000582,109.5,178.71428571428365
2026-04-04 03:00:00,66816.1,66870.0,66800.0,66800.3,44785.29,447.8529,29930361.47529,1,70.0,54.0,16.0,70.0,167.1071428571408
2026-04-04 04:00:00,66800.3,66838.0,66734.5,66828.2,59166.63,591.6663,39524777.34343,1,103.5,37.69999999999709,65.80000000000291,103.5,148.44999999999814
2026-04-04 05:00:00,66828.3,66900.0,66808.2,66875.3,76550.72,765.5072,51180216.63998,1,91.80000000000291,71.80000000000291,20.0,91.80000000000291,139.63571428571282
2026-04-04 06:00:00,66875.3,67013.4,66870.2,66973.6,103931.11,1039.3111,69571037.36819,1,143.1999999999971,138.09999999999127,5.100000000005821,143.1999999999971,132.49999999999793
2026-04-04 07:00:00,66973.6,67011.6,66896.6,66980.0,110511.34,1105.1134,73988819.92675,1,115.0,38.0,77.0,115.0,118.3214285714265
2026-04-04 08:00:00,66980.0,67048.9,66873.9,66908.5,135863.29,1358.6329,90990381.27264,1,175.0,68.89999999999418,106.10000000000582,175.0,120.04999999999771
2026-04-04 09:00:00,66908.6,66959.1,66882.6,66949.9,86044.69,860.4469,57588178.68694,1,76.5,50.60000000000582,25.89999999999418,76.5,115.34999999999751
2026-04-04 10:00:00,66950.0,67142.9,66875.9,67132.6,162574.77,1625.7477,108956023.00235,1,267.0,193.0,74.0,267.0,127.43571428571262
2026-04-04 11:00:00,67132.6,67199.8,67052.1,67129.9,176714.69,1767.1469,118615515.23544,1,147.6999999999971,67.19999999999709,80.5,147.6999999999971,125.81428571428425
2026-04-04 12:00:00,67129.9,67163.3,67025.7,67064.5,98163.45,981.6345,65854554.47508,1,137.60000000000582,33.40000000000873,104.19999999999709,137.60000000000582,125.6785714285704
2026-04-04 13:00:00,67064.5,67250.0,67050.0,67160.4,156415.18,1564.1518,105054816.32196,1,200.0,185.5,14.5,200.0,130.68571428571366
2026-04-04 14:00:00,67160.3,67191.7,66980.0,67172.6,192025.52,1920.2552,128832513.94537,1,211.6999999999971,31.30000000000291,180.39999999999418,211.6999999999971,138.778571428571
2026-04-04 15:00:00,67172.6,67550.0,67140.3,67346.0,481737.83,4817.3783,324402490.31251,1,409.6999999999971,377.3999999999942,32.30000000000291,409.6999999999971,161.29999999999978
2026-04-04 16:00:00,67346.0,67484.2,67285.2,67331.7,214566.68,2145.6668,144594660.13027,1,199.0,138.1999999999971,60.80000000000291,199.0,167.69285714285692
2026-04-04 17:00:00,67331.7,67386.9,67258.0,67305.5,158697.09,1586.9709,106840528.07801,1,128.89999999999418,55.19999999999709,73.69999999999709,128.89999999999418,171.89999999999938
2026-04-04 18:00:00,67305.5,67350.0,67215.0,67260.4,97057.71,970.5771,65304595.51912,1,135.0,44.5,90.5,135.0,174.14999999999938
2026-04-04 19:00:00,67260.3,67517.4,67241.5,67262.3,159249.92,1592.4992,107274681.89267,1,275.8999999999942,257.0,18.89999999999418,275.8999999999942,187.29999999999876
2026-04-04 20:00:00,67262.2,67279.2,67150.5,67240.0,86515.54,865.1554,58151433.8332,1,128.6999999999971,16.89999999999418,111.80000000000291,128.6999999999971,186.26428571428445
2026-04-04 21:00:00,67239.9,67449.5,67180.0,67316.3,64467.38,644.6738,43389923.17507,1,269.5,209.5,60.0,269.5,197.29999999999876
2026-04-04 22:00:00,67316.4,67429.4,67303.0,67362.1,71362.85,713.6285,48071853.61602,1,126.39999999999418,113.09999999999127,13.30000000000291,126.39999999999418,193.82857142856977
2026-04-04 23:00:00,67362.0,67364.4,67222.6,67267.4,92427.32,924.2732,62194864.15463,1,141.79999999998836,2.2999999999883585,139.5,141.79999999998836,198.49285714285466
2026-04-05 00:00:00,67267.3,67288.1,67122.7,67178.2,102613.89,1026.1389,68965166.14666,1,165.40000000000873,20.70000000001164,144.6999999999971,165.40000000000873,191.23571428571242
2026-04-05 01:00:00,67178.2,67198.1,67042.3,67056.3,107734.79,1077.3479,72286744.36098,1,155.8000000000029,19.90000000000873,135.89999999999418,155.8000000000029,191.81428571428427
2026-04-05 02:00:00,67056.2,67143.8,66880.2,67136.3,200283.23,2002.8323,134233669.30459,1,263.6000000000058,87.5,176.10000000000582,263.6000000000058,200.81428571428427
2026-04-05 03:00:00,67136.3,67157.9,67051.0,67115.1,71145.93,711.4593,47743836.72004,1,106.89999999999418,21.59999999999127,85.30000000000291,106.89999999999418,194.16428571428384
2026-04-05 04:00:00,67115.2,67157.6,67044.5,67070.1,84605.39,846.0539,56767466.31941,1,113.10000000000582,42.5,70.60000000000582,113.10000000000582,187.12142857142732
2026-04-05 05:00:00,67070.1,67125.9,66850.3,66904.3,141366.02,1413.6602,94678473.5135,1,275.59999999999127,55.79999999998836,219.8000000000029,275.59999999999127,177.54285714285547
2026-04-05 06:00:00,66904.3,66920.9,66572.3,66767.1,427443.41,4274.4341,285255453.36377,1,348.59999999999127,16.59999999999127,332.0,348.59999999999127,188.22857142856915
2026-04-05 07:00:00,66767.1,66888.8,66679.5,66785.2,154002.35,1540.0235,102844729.77735,1,209.3000000000029,121.69999999999709,87.60000000000582,209.3000000000029,193.9714285714269
2026-04-05 08:00:00,66785.1,66900.0,66779.0,66894.6,124665.47,1246.6547,83329117.31641,1,121.0,114.80000000000291,6.19999999999709,121.0,192.9714285714269
2026-04-05 09:00:00,66894.7,67049.9,66861.2,66996.8,146950.61,1469.5061,98387379.13492,1,188.6999999999971,155.29999999998836,33.40000000000873,188.6999999999971,186.74285714285568
2026-04-05 10:00:00,66996.8,67116.7,66923.6,67007.2,140871.52,1408.7152,94393752.28048,1,193.09999999999127,119.89999999999418,73.19999999999709,193.09999999999127,191.34285714285528
2026-04-05 11:00:00,67007.3,67050.9,66938.2,66971.8,74295.73,742.9573,49771987.9783,1,112.69999999999709,43.69999999999709,69.0,112.69999999999709,180.14285714285506
2026-04-05 12:00:00,66971.8,66971.9,66650.1,66756.2,268583.5,2685.835,179345705.59038,1,321.79999999998836,0.09999999999126885,321.6999999999971,321.79999999998836,194.0999999999975
2026-04-05 13:00:00,66756.2,66891.0,66666.7,66861.5,176025.99,1760.2599,117555875.03892,1,224.3000000000029,134.8000000000029,89.5,224.3000000000029,199.99285714285568
2026-04-05 14:00:00,66861.4,66937.1,66766.6,66893.1,144466.87,1444.6687,96615611.90163,1,170.5,75.60000000000582,94.89999999999418,170.5,200.3571428571408
2026-04-05 15:00:00,66893.2,67846.1,66800.1,67281.0,971872.73,9718.7273,655016236.18993,1,1046.0,953.0,93.0,1046.0,263.94285714285485
2026-04-05 16:00:00,67281.0,67386.0,67146.9,67187.3,217630.12,2176.3012,146426191.71594,1,239.10000000000582,105.0,134.10000000000582,239.10000000000582,262.19285714285485
2026-04-05 17:00:00,67187.3,67382.5,67160.0,67349.7,125668.09,1256.6809,84549977.63643,1,222.5,195.1999999999971,27.30000000000291,222.5,270.4499999999981
2026-04-05 18:00:00,67349.8,67433.8,67246.4,67387.5,105752.45,1057.5245,71236548.18331,1,187.40000000000873,84.10000000000582,103.30000000000291,187.40000000000873,275.7571428571412
2026-04-05 19:00:00,67387.6,67537.5,67254.7,67335.0,109854.77,1098.5477,74048918.65495,1,282.8000000000029,150.0,132.8000000000029,282.8000000000029,276.27142857142775
2026-04-05 20:00:00,67334.9,67685.9,67309.8,67630.3,133836.29,1338.3629,90411754.75846,1,376.09999999999127,350.8999999999942,25.19999999999709,376.09999999999127,278.23571428571347
2026-04-05 21:00:00,67630.3,67650.3,67381.0,67519.7,138119.72,1381.1972,93236251.42125,1,269.3000000000029,20.0,249.3000000000029,269.3000000000029,282.52142857142775
2026-04-05 22:00:00,67519.7,68347.0,67300.0,68320.8,819613.6,8196.136,556693200.72457,1,1047.0,827.3000000000029,219.6999999999971,1047.0,348.66428571428486
2026-04-05 23:00:00,68320.7,69118.0,68234.4,69008.0,974049.61,9740.4961,669890620.8335,1,883.6000000000058,797.1999999999971,86.40000000000873,883.6000000000058,398.2999999999998
2026-04-06 00:00:00,69008.0,69587.9,69005.5,69061.7,975180.86,9751.8086,675829763.41632,1,582.3999999999942,579.8999999999942,2.5,582.3999999999942,426.10714285714283
2026-04-06 01:00:00,69061.7,69118.1,68767.7,68791.6,426162.51,4261.6251,293612208.31375,1,350.40000000000873,56.40000000000873,294.0,350.40000000000873,443.08571428571514
2026-04-06 02:00:00,68791.6,69380.0,68748.0,69180.1,500225.23,5002.2523,345860550.55413,1,632.0,588.3999999999942,43.60000000000582,632.0,465.2428571428588
2026-04-06 03:00:00,69180.1,69233.5,69031.2,69099.9,190513.47,1905.1347,131682180.42522,1,202.3000000000029,53.39999999999418,148.90000000000873,202.3000000000029,463.6714285714302
2026-04-06 04:00:00,69100.0,69191.5,68948.3,69109.4,183357.21,1833.5721,126656506.09881,1,243.1999999999971,91.60000000000582,151.59999999999127,243.1999999999971,468.8642857142872
2026-04-06 05:00:00,69109.4,69213.0,69058.0,69169.3,116836.34,1168.3634,80795566.50335,1,155.0,103.60000000000582,51.39999999999418,155.0,405.22142857143
2026-04-06 06:00:00,69169.3,69327.7,68736.9,68948.0,566935.45,5669.3545,390967511.59899,1,590.8000000000029,158.39999999999418,432.40000000000873,590.8000000000029,430.3428571428584
2026-04-06 07:00:00,68948.1,69179.5,68782.8,69074.8,223688.6,2236.886,154320336.60236,1,396.6999999999971,231.5,165.1999999999971,396.6999999999971,442.7857142857153
2026-04-06 08:00:00,69074.8,69318.0,69040.6,69180.0,206725.75,2067.2575,143023757.62553,1,277.3999999999942,243.1999999999971,34.19999999999709,277.3999999999942,449.2142857142857
2026-04-06 09:00:00,69180.0,70276.8,69169.8,69700.1,1274859.2,12748.592,889850090.56249,1,1107.0,1096.800000000003,10.19999999999709,1107.0,508.08571428571406
2026-04-06 10:00:00,69700.1,69952.0,69678.0,69749.9,293689.73,2936.8973,204936615.0794,1,274.0,251.89999999999418,22.10000000000582,274.0,500.79285714285754
2026-04-06 11:00:00,69749.9,69749.9,69536.9,69592.5,212896.61,2128.9661,148235440.87865,1,213.0,0.0,213.0,213.0,496.77142857142877
2026-04-06 12:00:00,69592.4,69615.0,69302.0,69349.5,352163.08,3521.6308,244576094.51989,1,313.0,22.5,290.5,313.0,444.3428571428573
2026-04-06 13:00:00,69349.6,69532.8,69201.0,69405.1,443824.1,4438.241,307861844.2337,1,331.8000000000029,183.3000000000029,148.5,331.8000000000029,404.92857142857144
2026-04-06 14:00:00,69405.0,69798.8,69130.0,69618.7,748518.68,7485.1868,519938869.46091,1,668.8000000000029,393.6999999999971,275.1000000000058,668.8000000000029,411.10000000000065
2026-04-06 15:00:00,69618.7,69935.0,69486.3,69923.0,472412.53,4724.1253,329358322.57106,1,448.6999999999971,316.3000000000029,132.39999999999418,448.6999999999971,418.12142857142834
2026-04-06 16:00:00,69923.0,70322.8,69734.9,69750.1,623068.77,6230.6877,436044296.74444,1,587.9000000000087,399.8000000000029,188.10000000000582,587.9000000000087,414.971428571429
2026-04-06 17:00:00,69750.2,69777.9,69225.0,69530.9,553613.03,5536.1303,384629386.90854,1,552.8999999999942,27.79999999998836,525.1000000000058,552.8999999999942,440.0142857142855
2026-04-06 18:00:00,69531.0,69933.3,69434.6,69849.9,326380.24,3263.8024,227579021.61953,1,498.6999999999971,402.40000000000873,96.29999999998836,498.6999999999971,458.2642857142855
2026-04-06 19:00:00,69850.0,69864.7,69536.9,69699.8,170336.82,1703.3682,118742325.49335,1,327.8000000000029,14.80000000000291,313.0,327.8000000000029,470.60714285714283
2026-04-06 20:00:00,69699.8,69947.5,69584.2,69782.2,125246.37,1252.4637,87408921.9394,1,363.3000000000029,247.6999999999971,115.60000000000582,363.3000000000029,454.35714285714283
2026-04-06 21:00:00,69782.1,69786.9,69380.2,69473.0,148026.03,1480.2603,102982414.71244,1,406.6999999999971,4.69999999999709,402.0,406.6999999999971,455.07142857142856
2026-04-06 22:00:00,69472.9,69545.5,68765.0,68768.0,426779.65,4267.7965,294889348.68099,1,780.5,72.5,708.0,780.5,491.00714285714326
2026-04-06 23:00:00,68768.1,68887.7,68269.0,68812.9,704064.14,7040.6414,483015364.26414,1,618.6999999999971,119.69999999999709,499.0,618.6999999999971,456.12857142857166
2026-04-07 00:00:00,68812.9,69100.6,68690.0,68743.8,341059.62,3410.5962,234885770.71246,1,410.6000000000058,287.70000000001164,122.89999999999418,410.6000000000058,465.8857142857149
2026-04-07 01:00:00,68743.7,68868.7,68300.1,68368.1,420082.72,4200.8272,288127776.55244,1,568.5999999999913,124.89999999999418,443.6999999999971,568.5999999999913,491.2857142857143
2026-04-07 02:00:00,68368.0,68685.1,68233.5,68636.9,301861.86,3018.6186,206688742.99946,1,451.6000000000058,317.0,134.60000000000582,451.6000000000058,501.1857142857147
2026-04-07 03:00:00,68636.9,68773.3,68589.2,68745.2,160054.22,1600.5422,109966246.86858,1,184.10000000000582,136.40000000000873,47.69999999999709,184.10000000000582,490.6357142857149
2026-04-07 04:00:00,68745.1,68958.8,68510.7,68814.9,236617.57,2366.1757,162679800.33323,1,448.1000000000058,213.60000000000582,234.5,448.1000000000058,474.8714285714294
2026-04-07 05:00:00,68814.9,68843.2,68588.0,68632.1,155707.66,1557.0766,106970033.48545,1,255.1999999999971,28.30000000000291,226.89999999999418,255.1999999999971,461.0500000000008
2026-04-07 06:00:00,68632.0,68632.1,68408.4,68546.2,192484.23,1924.8423,131876715.41231,1,223.70000000001164,0.0,223.70000000001164,223.70000000001164,435.0357142857153
2026-04-07 07:00:00,68546.2,68690.4,68470.7,68585.4,125295.79,1252.9579,85928201.44209,1,219.6999999999971,144.1999999999971,75.5,219.6999999999971,411.2357142857155
2026-04-07 08:00:00,68585.3,68955.0,68566.1,68907.8,301028.4,3010.284,207111309.93928,1,388.8999999999942,369.6000000000058,19.29999999998836,388.8999999999942,403.3928571428582
2026-04-07 09:00:00,68907.8,69217.7,68888.8,69106.4,399282.25,3992.8225,275809512.15691,1,328.8999999999942,309.8999999999942,19.0,328.8999999999942,403.471428571429
2026-04-07 10:00:00,69106.4,69165.1,68155.0,68199.3,853110.26,8531.1026,584936448.27054,1,1010.1000000000058,58.70000000001164,951.3999999999942,1010.1000000000058,449.6714285714292
2026-04-07 11:00:00,68199.3,68421.0,68006.4,68308.1,551985.44,5519.8544,376702301.63457,1,414.6000000000058,221.6999999999971,192.90000000000873,414.6000000000058,450.2357142857155
2026-04-07 12:00:00,68308.1,68583.2,68044.2,68368.6,448506.21,4485.0621,306254855.66068,1,539.0,275.09999999999127,263.90000000000873,539.0,432.9857142857155
2026-04-07 13:00:00,68368.6,68613.8,68167.9,68205.1,415645.13,4156.4513,284342187.82269,1,445.90000000000873,245.1999999999971,200.70000000001164,445.90000000000873,420.6428571428592
2026-04-07 14:00:00,68205.0,68230.0,67721.1,67828.9,779549.92,7795.4992,529820938.3201,1,508.8999999999942,24.89999999999418,484.0,508.8999999999942,427.66428571428696
2026-04-07 15:00:00,67829.0,68248.0,67680.2,68138.7,502577.25,5025.7725,341708921.49794,1,567.8000000000029,419.1000000000058,148.6999999999971,567.8000000000029,427.60714285714494
2026-04-07 16:00:00,68138.6,68426.6,68050.0,68208.2,348103.78,3481.0378,237538073.40817,1,376.6000000000058,287.90000000000873,88.69999999999709,376.6000000000058,422.2500000000021
2026-04-07 17:00:00,68208.3,68979.5,68153.2,68669.9,563301.99,5633.0199,386401495.58605,1,826.3000000000029,771.3000000000029,55.0,826.3000000000029,468.12142857143044
2026-04-07 18:00:00,68670.0,68745.3,68313.7,68413.3,318341.62,3183.4162,218158767.99178,1,431.6000000000058,75.40000000000873,356.1999999999971,431.6000000000058,466.942857142859
2026-04-07 19:00:00,68413.4,69058.8,68325.0,68975.6,486811.94,4868.1194,334496240.84127,1,733.8000000000029,645.5,88.30000000000291,733.8000000000029,501.1285714285737
2026-04-07 20:00:00,68975.6,69520.0,68975.6,69280.5,551634.68,5516.3468,382273047.8873,1,544.3999999999942,544.3999999999942,0.0,544.3999999999942,524.0357142857154
2026-04-07 21:00:00,69280.4,70186.1,69268.5,69898.0,823863.54,8238.6354,575088809.34617,1,917.6000000000058,905.6000000000058,12.0,917.6000000000058,573.885714285716
2026-04-07 22:00:00,69898.1,71500.0,69898.1,71479.0,1690012.17,16900.1217,1195825528.60988,1,1601.8999999999942,1602.0,0.10000000000582077,1602.0,660.5357142857164
2026-04-07 23:00:00,71479.0,72773.9,71154.1,71904.6,2312753.62,23127.5362,1665478344.69366,1,1619.7999999999884,1294.8999999999942,324.8999999999942,1619.7999999999884,752.7428571428588
2026-04-08 00:00:00,71904.7,72101.7,71518.4,71696.0,633394.12,6333.9412,455001352.63357,1,583.3000000000029,197.09999999999127,386.20000000001164,583.3000000000029,722.2571428571443
2026-04-08 01:00:00,71696.0,71749.8,71430.0,71467.6,288307.36,2883.0736,206282324.60658,1,319.8000000000029,53.80000000000291,266.0,319.8000000000029,715.4857142857155
2026-04-08 02:00:00,71467.6,71711.9,71219.3,71350.0,371225.33,3712.2533,265172765.37185,1,492.59999999999127,244.29999999998836,248.3000000000029,492.59999999999127,712.1714285714291
2026-04-08 03:00:00,71350.0,71500.0,71258.6,71280.1,187186.86,1871.8686,133586732.20163,1,241.39999999999418,150.0,91.39999999999418,241.39999999999418,697.5642857142853
2026-04-08 04:00:00,71280.0,71677.6,71279.0,71551.5,339104.96,3391.0496,242547094.14751,1,398.6000000000058,397.5,1.1000000000058208,398.6000000000058,689.6857142857147
2026-04-08 05:00:00,71551.5,71830.4,71535.2,71715.0,232507.53,2325.0753,166683644.73031,1,295.1999999999971,278.8999999999942,16.30000000000291,295.1999999999971,670.2142857142857
2026-04-08 06:00:00,71715.0,71935.0,71566.1,71719.9,342326.3,3423.263,245722129.39767,1,368.8999999999942,220.0,148.89999999999418,368.8999999999942,669.6642857142849
2026-04-08 07:00:00,71720.0,71894.2,71567.7,71624.2,261742.97,2617.4297,187652307.15153,1,326.5,174.3000000000029,152.1999999999971,326.5,633.9642857142846
2026-04-08 08:00:00,71624.2,71819.7,71624.2,71790.0,221112.34,2211.1234,158593862.34922,1,195.5,195.5,0.0,195.5,617.0999999999985
2026-04-08 09:00:00,71790.0,71965.1,71575.0,71672.0,236306.84,2363.0684,169618754.97526,1,390.1000000000058,175.10000000000582,215.0,390.1000000000058,592.5499999999987
2026-04-08 10:00:00,71672.1,71780.0,71443.2,71462.4,162840.32,1628.4032,116546244.6666,1,336.8000000000029,108.0,228.8000000000029,336.8000000000029,577.721428571428
2026-04-08 11:00:00,71462.3,71713.0,71388.0,71661.3,259645.31,2596.4531,185822382.11315,1,325.0,250.60000000000582,74.39999999999418,325.0,535.3928571428561
2026-04-08 12:00:00,71661.4,72156.0,71555.0,72036.2,499259.86,4992.5986,358847117.00022,1,601.0,494.6999999999971,106.30000000000291,601.0,463.8928571428561
2026-04-08 13:00:00,72036.3,72876.5,71477.0,71567.4,1934027.83,19340.2783,1396642865.9497,1,1399.5,840.3000000000029,559.1999999999971,1399.5,448.1571428571427
2026-04-08 14:00:00,71567.4,71724.5,70670.0,70886.9,1013159.79,10131.5979,720927796.32293,1,1054.5,157.10000000000582,897.3999999999942,1054.5,481.8142857142853
2026-04-08 15:00:00,70887.0,71315.1,70797.9,71265.3,548745.44,5487.4544,390158438.5214,1,517.2000000000116,428.20000000001164,89.0,517.2000000000116,495.91428571428594
2026-04-08 16:00:00,71265.3,71700.0,71210.9,71561.3,456095.81,4560.9581,325688317.64244,1,489.1000000000058,434.6999999999971,54.40000000000873,489.1000000000058,495.66428571428696
2026-04-08 17:00:00,71561.4,71929.9,71440.9,71854.5,454160.68,4541.6068,325699029.2135,1,489.0,368.59999999999127,120.40000000000873,489.0,513.3500000000016
2026-04-08 18:00:00,71854.6,71857.4,71054.2,71073.6,491677.45,4916.7745,351215193.89809,1,803.1999999999971,2.8999999999941792,800.3000000000029,803.1999999999971,542.250000000001
2026-04-08 19:00:00,71073.6,71346.6,70983.5,71294.0,215596.79,2155.9679,153454637.51386,1,363.1000000000058,273.0,90.10000000000582,363.1000000000058,547.1000000000016
2026-04-08 20:00:00,71294.0,71457.6,71252.3,71350.5,138296.19,1382.9619,98698173.86722,1,205.3000000000029,163.60000000000582,41.69999999999709,205.3000000000029,535.414285714288
2026-04-08 21:00:00,71350.6,71718.8,71300.0,71519.9,138909.55,1389.0955,99398753.31145,1,418.8000000000029,368.3000000000029,50.5,418.8000000000029,542.0071428571454
2026-04-08 22:00:00,71520.0,71546.7,71024.4,71027.8,184421.78,1844.2178,131392720.39528,1,522.3000000000029,26.80000000000291,495.5,522.3000000000029,565.3500000000028
2026-04-08 23:00:00,71027.7,71179.0,70863.5,71041.7,223538.16,2235.3816,158702085.02345,1,315.5,151.1999999999971,164.3000000000029,315.5,560.0214285714309
2026-04-09 00:00:00,71041.8,71109.4,70606.0,70780.0,303881.52,3038.8152,215195791.45828,1,503.3999999999942,67.69999999999709,435.6999999999971,503.3999999999942,571.9214285714303
2026-04-09 01:00:00,70780.0,70929.9,70422.0,70892.7,457527.62,4575.2762,323252625.59631,1,507.8999999999942,149.89999999999418,358.0,507.8999999999942,584.9857142857155
2026-04-09 02:00:00,70892.6,71170.0,70774.4,71026.9,278409.9,2784.099,197614645.91569,1,395.6000000000058,277.3000000000029,118.30000000000291,395.6000000000058,570.3142857142874
2026-04-09 03:00:00,71026.9,71087.9,70810.1,70965.7,172019.18,1720.1918,122024619.29046,1,277.79999999998836,61.0,216.79999999998836,277.79999999998836,490.192857142858
2026-04-09 04:00:00,70965.7,70985.0,70680.0,70757.0,167374.72,1673.7472,118545968.74111,1,305.0,19.30000000000291,285.6999999999971,305.0,436.6571428571437
2026-04-09 05:00:00,70757.0,71071.3,70660.7,70959.7,185833.32,1858.3332,131766794.34327,1,410.6000000000058,314.3000000000029,96.30000000000291,410.6000000000058,429.04285714285754
2026-04-09 06:00:00,70959.7,71067.1,70778.6,70994.1,181544.33,1815.4433,128773687.88106,1,288.5,107.40000000000873,181.09999999999127,288.5,414.7142857142857
2026-04-09 07:00:00,70994.1,71086.2,70921.2,70953.8,152002.62,1520.0262,107907149.76247,1,165.0,92.09999999999127,72.90000000000873,165.0,391.57142857142856
2026-04-09 08:00:00,70953.8,71358.3,70831.5,71225.8,378204.47,3782.0447,268995567.94153,1,526.8000000000029,404.5,122.30000000000291,526.8000000000029,371.8285714285718
2026-04-09 09:00:00,71225.8,71548.0,71079.2,71502.5,444617.99,4446.1799,317157756.63911,1,468.8000000000029,322.1999999999971,146.60000000000582,468.8000000000029,379.37857142857166
2026-04-09 10:00:00,71502.6,71505.9,71246.4,71246.5,165749.53,1657.4953,118329192.97041,1,259.5,3.3999999999941792,256.1000000000058,259.5,383.25
2026-04-09 11:00:00,71246.5,71325.0,71020.1,71124.5,253712.65,2537.1265,180528633.09823,1,304.8999999999942,78.5,226.39999999999418,304.8999999999942,375.1142857142851
2026-04-09 12:00:00,71124.5,71316.6,71013.0,71263.6,233998.3,2339.983,166544723.951,1,303.6000000000058,192.10000000000582,111.5,303.6000000000058,359.49285714285674
2026-04-09 13:00:00,71263.7,71337.6,70609.5,70779.8,599273.37,5992.7337,424848894.53782,1,728.1000000000058,74.0,654.1000000000058,728.1000000000058,388.9642857142857
2026-04-09 14:00:00,70779.8,71228.0,70505.0,71090.7,695093.9,6950.939,492516714.0204,1,723.0,448.1999999999971,274.8000000000029,723.0,404.65000000000043
2026-04-09 15:00:00,71090.8,72333.7,70900.0,72105.7,1447394.89,14473.9489,1038881477.35316,1,1433.699999999997,1243.0,190.6999999999971,1433.699999999997,470.77857142857204
2026-04-09 16:00:00,72105.6,72379.3,71666.7,72047.5,839697.96,8396.9796,604978217.47558,1,712.6000000000058,273.6000000000058,439.0,712.6000000000058,493.4214285714292
2026-04-09 17:00:00,72047.6,72518.3,72037.2,72308.6,708292.04,7082.9204,512308837.76113,1,481.1000000000058,470.8000000000029,10.30000000000291,481.1000000000058,507.942857142859
2026-04-09 18:00:00,72308.6,72341.7,71708.5,71858.3,403241.97,4032.4197,289975599.45173,1,633.1999999999971,33.09999999999127,600.1000000000058,633.1999999999971,531.385714285716
2026-04-09 19:00:00,71858.2,72270.0,71718.0,72060.7,331870.79,3318.7079,238966812.87773,1,552.0,411.6999999999971,140.3000000000029,552.0,541.4857142857155
2026-04-09 20:00:00,72060.7,72418.5,71929.1,72374.8,193540.6,1935.406,139784909.5515,1,489.3999999999942,357.8000000000029,131.59999999999127,489.3999999999942,555.8357142857151
2026-04-09 21:00:00,72374.8,72676.0,72107.1,72226.5,279496.94,2794.9694,202260842.01316,1,568.8999999999942,301.1999999999971,267.6999999999971,568.8999999999942,584.6857142857147
2026-04-09 22:00:00,72226.5,73146.1,71911.1,71911.2,776714.58,7767.1458,564052537.02616,1,1235.0,919.6000000000058,315.3999999999942,1235.0,635.2714285714288
2026-04-09 23:00:00,71911.1,71995.1,71541.9,71759.0,507415.11,5074.1511,364148307.6448,1,453.20000000001164,83.90000000000873,369.3000000000029,453.20000000001164,634.1571428571436
2026-04-10 00:00:00,71759.1,72020.3,71543.0,71945.6,334171.79,3341.7179,239908445.02745,1,477.3000000000029,261.3000000000029,216.0,477.3000000000029,649.7142857142868
2026-04-10 01:00:00,71945.7,72355.4,71632.7,72133.4,437285.52,4372.8552,315279975.68267,1,722.6999999999971,409.79999999998836,312.90000000000873,722.6999999999971,679.5571428571441
2026-04-10 02:00:00,72133.3,72264.5,71868.8,71924.9,222835.48,2228.3548,160610061.9063,1,395.6999999999971,131.10000000000582,264.59999999999127,395.6999999999971,686.1357142857149
2026-04-10 03:00:00,71924.9,71999.9,71780.0,71838.2,164980.84,1649.8084,118577104.3559,1,219.89999999999418,75.0,144.89999999999418,219.89999999999418,649.8357142857141
2026-04-10 04:00:00,71838.3,72194.6,71784.1,72086.8,206026.15,2060.2615,148205045.16388,1,410.5,356.40000000000873,54.09999999999127,410.5,627.5142857142855
2026-04-10 05:00:00,72086.9,72258.0,71960.4,72097.0,169317.58,1693.1758,122117392.92252,1,297.6000000000058,171.1999999999971,126.40000000000873,297.6000000000058,546.3642857142861
2026-04-10 06:00:00,72096.9,72150.0,71754.6,71777.0,168118.79,1681.1879,120916194.68358,1,395.3999999999942,53.0,342.3999999999942,395.3999999999942,523.7071428571425
2026-04-10 07:00:00,71777.0,71819.5,71404.1,71463.5,418943.43,4189.4343,300091873.80868,1,415.3999999999942,42.5,372.8999999999942,415.3999999999942,519.0142857142845
2026-04-10 08:00:00,71463.5,71730.0,71388.9,71581.2,377281.92,3772.8192,270006426.76677,1,341.1000000000058,266.5,74.60000000000582,341.1000000000058,498.14999999999935
2026-04-10 09:00:00,71581.1,71846.9,71560.5,71748.1,195568.74,1955.6874,140289346.83774,1,286.3999999999942,265.6999999999971,20.69999999999709,286.3999999999942,479.17857142857036
2026-04-10 10:00:00,71748.1,71896.3,71667.6,71863.2,161443.35,1614.4335,115888631.6847,1,228.6999999999971,148.1999999999971,80.5,228.6999999999971,460.557142857142
2026-04-10 11:00:00,71863.1,72222.0,71858.4,72084.8,365823.26,3658.2326,263748774.63914,1,363.6000000000058,358.8000000000029,4.80000000000291,363.6000000000058,445.89285714285717
2026-04-10 12:00:00,72084.7,72420.0,71960.0,72220.0,621306.45,6213.0645,448599083.25846,1,460.0,335.1999999999971,124.80000000000291,460.0,390.5357142857143
2026-04-10 13:00:00,72220.0,72381.0,71868.8,72289.0,589488.13,5894.8813,425111651.2257,1,512.1999999999971,161.0,351.1999999999971,512.1999999999971,394.749999999999
2026-04-10 14:00:00,72289.0,73125.5,72215.2,72878.5,1308279.65,13082.7965,951996825.08801,1,910.3000000000029,836.5,73.80000000000291,910.3000000000029,425.67857142857036
2026-04-10 15:00:00,72878.6,73288.0,72285.8,72418.3,770351.82,7703.5182,560859472.62007,1,1002.1999999999971,409.5,592.6999999999971,1002.1999999999971,445.6428571428561
2026-04-10 16:00:00,72418.2,73056.7,72348.4,72965.8,538770.61,5387.7061,391839303.33444,1,708.3000000000029,638.3999999999942,69.90000000000873,708.3000000000029,467.97142857142796
2026-04-10 17:00:00,72965.8,73123.0,72768.1,73092.0,250899.77,2508.9977,182996934.3725,1,354.8999999999942,157.1999999999971,197.6999999999971,354.8999999999942,477.6142857142851
2026-04-10 18:00:00,73091.9,73149.5,72840.0,73071.1,193789.77,1937.8977,141421643.14072,1,309.5,57.5,252.0,309.5,470.39999999999935
2026-04-10 19:00:00,73071.2,73248.8,72863.8,73194.0,220556.58,2205.5658,161146731.42696,1,385.0,177.6999999999971,207.3000000000029,385.0,476.6428571428561
2026-04-10 20:00:00,73194.5,73452.3,73012.8,73321.2,319830.31,3198.3031,234247968.07323,1,439.5,258.3000000000029,181.1999999999971,439.5,479.7928571428565
2026-04-10 21:00:00,73321.3,73321.3,72900.0,73163.0,147295.39,1472.9539,107652107.73626,1,421.3000000000029,0.10000000000582077,421.1999999999971,421.3000000000029,480.2142857142857
2026-04-10 22:00:00,73162.9,73220.0,72678.5,72840.8,239777.72,2397.7772,174923904.80719,1,541.5,57.0,484.5,541.5,494.528571428571
2026-04-10 23:00:00,72840.8,72933.3,72746.0,72925.8,99300.94,993.0094,72334898.99783,1,187.3000000000029,92.5,94.80000000000291,187.3000000000029,487.4500000000002
2026-04-11 00:00:00,72925.7,72925.8,72750.0,72799.2,102403.81,1024.0381,74575986.45651,1,175.8000000000029,0.0,175.8000000000029,175.8000000000029,483.6714285714292
2026-04-11 01:00:00,72799.3,72975.0,72616.7,72927.5,139871.05,1398.7105,101809247.30231,1,358.3000000000029,175.8000000000029,182.5,358.3000000000029,483.29285714285754
2026-04-11 02:00:00,72927.5,73073.8,72868.1,72928.8,143405.49,1434.0549,104632164.5792,1,205.6999999999971,146.3000000000029,59.39999999999418,205.6999999999971,465.12857142857166
2026-04-11 03:00:00,72928.8,73047.2,72785.8,72836.9,108653.64,1086.5364,79241778.45058,1,261.3999999999942,118.39999999999418,143.0,261.3999999999942,447.2142857142857
2026-04-11 04:00:00,72837.0,72925.2,72650.6,72781.1,149800.48,1498.0048,108998972.79047,1,274.59999999999127,88.30000000000291,186.29999999998836,274.59999999999127,401.807142857142
2026-04-11 05:00:00,72781.2,72812.0,72642.8,72696.4,99069.34,990.6934,72051520.32814,1,169.1999999999971,30.89999999999418,138.3000000000029,169.1999999999971,342.307142857142
2026-04-11 06:00:00,72696.3,72755.1,72570.3,72738.9,119441.57,1194.4157,86783444.4426,1,184.8000000000029,58.70000000001164,126.09999999999127,184.8000000000029,304.91428571428486
2026-04-11 07:00:00,72739.0,72809.7,72633.6,72719.7,112411.22,1124.1122,81758530.57577,1,176.09999999999127,70.80000000000291,105.29999999998836,176.09999999999127,292.1428571428561
2026-04-11 08:00:00,72719.8,72779.9,72601.0,72636.3,94421.28,944.2128,68641588.309,1,178.89999999999418,60.19999999999709,118.69999999999709,178.89999999999418,282.81428571428427
2026-04-11 09:00:00,72636.3,72884.0,72600.0,72875.2,183876.84,1838.7684,133810682.96345,1,284.0,247.6999999999971,36.30000000000291,284.0,275.59999999999854
2026-04-11 10:00:00,72875.1,72898.4,72728.0,72811.2,120527.89,1205.2789,87744455.79562,1,170.39999999999418,23.19999999999709,147.1999999999971,170.39999999999418,256.37857142856956
2026-04-11 11:00:00,72811.2,72896.0,72787.0,72883.8,77161.34,771.6134,56201338.81336,1,109.0,84.80000000000291,24.19999999999709,109.0,234.07142857142648
2026-04-11 12:00:00,72883.7,72956.5,72787.0,72900.0,128447.29,1284.4729,93618257.43802,1,169.5,72.69999999999709,96.80000000000291,169.5,207.49999999999793
2026-04-11 13:00:00,72900.0,72900.0,72480.4,72628.1,334889.39,3348.8939,243270808.93786,1,419.6000000000058,0.0,419.6000000000058,419.6000000000058,224.09285714285528
2026-04-11 14:00:00,72628.2,72749.4,72578.0,72669.3,106063.24,1060.6324,77069394.53086,1,171.39999999999418,121.29999999998836,50.10000000000582,171.39999999999418,223.77857142856894
2026-04-11 15:00:00,72669.3,72874.1,72648.6,72826.6,162324.12,1623.2412,118098956.68574,1,225.5,204.8000000000029,20.69999999999709,225.5,214.29285714285444
2026-04-11 16:00:00,72826.5,73200.0,72790.0,73000.4,301061.86,3010.6186,219801105.67473,1,410.0,373.3999999999942,36.60000000000582,410.0,228.8857142857118
2026-04-11 17:00:00,73000.4,73142.0,72903.0,73060.3,140491.03,1404.9103,102598708.79648,1,239.0,141.60000000000582,97.39999999999418,239.0,227.2857142857122
2026-04-11 18:00:00,73060.4,73748.5,73002.8,73527.3,546266.16,5462.6616,401260784.16565,1,745.6999999999971,688.1999999999971,57.5,745.6999999999971,260.9357142857126
2026-04-11 19:00:00,73527.4,73799.1,73433.8,73659.6,319181.24,3191.8124,234993986.71088,1,365.3000000000029,271.8000000000029,93.5,365.3000000000029,274.94285714285587
2026-04-11 20:00:00,73659.6,73670.7,73201.6,73274.8,208809.91,2088.0991,153231108.35394,1,469.09999999999127,11.099999999991269,458.0,469.09999999999127,295.2499999999979
2026-04-11 21:00:00,73274.8,73530.4,73166.0,73406.3,134447.91,1344.4791,98649048.27641,1,364.3999999999942,255.59999999999127,108.80000000000291,364.3999999999942,308.6999999999981
2026-04-11 22:00:00,73406.2,73546.3,73210.8,73341.1,128116.76,1281.1676,93973982.71454,1,335.5,140.0,195.5,335.5,319.8857142857128
2026-04-11 23:00:00,73341.1,73341.2,72864.0,73014.7,239979.75,2399.7975,175274179.95955,1,477.1999999999971,0.09999999999126885,477.1000000000058,477.1999999999971,333.6857142857126
2026-04-12 00:00:00,73014.7,73088.0,72823.4,73049.8,157857.11,1578.5711,115218288.04918,1,264.6000000000058,73.30000000000291,191.3000000000029,264.6000000000058,340.41428571428486
2026-04-12 01:00:00,73049.9,73107.1,71270.2,71610.0,1246856.37,12468.5637,897300002.47611,1,1836.9000000000087,57.30000000000291,1779.6000000000058,1836.9000000000087,463.83571428571406
2026-04-12 02:00:00,71609.9,71934.7,71310.5,71725.8,523885.87,5238.8587,375690217.73381,1,624.1999999999971,324.6999999999971,299.5,624.1999999999971,496.3142857142853
2026-04-12 03:00:00,71725.8,71829.5,71557.0,71557.7,262524.52,2625.2452,188115814.79246,1,272.5,103.69999999999709,168.8000000000029,272.5,485.807142857142
2026-04-12 04:00:00,71557.6,71650.0,71411.0,71437.9,205248.84,2052.4884,146781381.90611,1,239.0,92.30000000000291,146.6999999999971,239.0,490.63571428571385
2026-04-12 05:00:00,71437.9,71750.0,71380.0,71664.1,220222.19,2202.2219,157637777.13503,1,370.0,312.1000000000058,57.89999999999418,370.0,500.95714285714246
2026-04-12 06:00:00,71664.2,71726.5,71600.0,71617.1,103361.43,1033.6143,74065925.80728,1,126.5,62.39999999999418,64.10000000000582,126.5,480.70714285714246
2026-04-12 07:00:00,71617.0,71720.0,71541.1,71635.9,126279.6,1262.796,90464864.66363,1,178.89999999999418,102.89999999999418,76.0,178.89999999999418,476.41428571428486
2026-04-12 08:00:00,71635.9,71772.0,71553.4,71591.5,162766.43,1627.6643,116613298.42716,1,218.60000000000582,136.10000000000582,82.5,218.60000000000582,438.7642857142855
2026-04-12 09:00:00,71591.4,71607.4,71480.9,71507.4,118292.85,1182.9285,84628903.49087,1,126.5,15.89999999999418,110.60000000000582,126.5,421.70714285714246
2026-04-12 10:00:00,71507.3,71655.0,71323.0,71425.0,184950.54,1849.5054,132207454.15137,1,332.0,147.60000000000582,184.39999999999418,332.0,411.91428571428594
2026-04-12 11:00:00,71425.0,71519.7,71387.8,71441.4,113648.42,1136.4842,81190576.1014,1,131.89999999999418,94.69999999999709,37.19999999999709,131.89999999999418,395.30714285714305
2026-04-12 12:00:00,71441.3,71477.7,71027.0,71053.9,442302.2,4423.022,315066360.28671,1,450.6999999999971,36.30000000000291,414.3999999999942,450.6999999999971,403.5357142857143
2026-04-12 13:00:00,71053.9,71121.4,70830.4,70861.6,506772.24,5067.7224,359649291.91216,1,291.0,67.5,223.5,291.0,390.2357142857145
2026-04-12 14:00:00,70861.6,71076.2,70660.7,70721.9,382967.88,3829.6788,271341182.06189,1,415.5,214.59999999999127,200.90000000000873,415.5,401.0142857142855
2026-04-12 15:00:00,70722.0,70917.0,70570.0,70869.5,306455.25,3064.5525,216879231.09811,1,347.0,195.10000000000582,151.89999999999418,347.0,294.5928571428563
2026-04-12 16:00:00,70869.5,70934.6,70778.0,70900.1,140240.65,1402.4065,99389618.92979,1,156.60000000000582,65.10000000000582,91.5,156.60000000000582,261.19285714285695
2026-04-12 17:00:00,70900.1,71175.9,70866.0,71120.2,238923.09,2389.2309,169674562.41395,1,309.8999999999942,275.79999999998836,34.10000000000582,309.8999999999942,263.8642857142851
2026-04-12 18:00:00,71120.3,71187.5,71026.0,71094.8,115313.21,1153.1321,81988156.91687,1,161.5,67.30000000000291,94.19999999999709,161.5,258.3285714285708
2026-04-12 19:00:00,71094.9,71189.2,71040.2,71060.7,61568.62,615.6862,43780711.49682,1,149.0,94.39999999999418,54.60000000000582,149.0,242.54285714285652
2026-04-12 20:00:00,71060.7,71410.9,70921.0,71302.0,167910.28,1679.1028,119529875.77836,1,489.8999999999942,350.1999999999971,139.6999999999971,489.8999999999942,268.499999999999
2026-04-12 21:00:00,71301.9,71425.2,71132.2,71325.6,106979.16,1069.7916,76243320.08732,1,293.0,123.19999999999709,169.8000000000029,293.0,276.64999999999935
2026-04-12 22:00:00,71325.6,71333.0,70456.0,70875.9,597544.04,5975.4404,422914272.39008,1,877.0,7.399999999994179,869.6000000000058,877.0,323.67857142857036
2026-04-12 23:00:00,70875.8,70882.5,70530.1,70707.9,222212.96,2222.1296,157035360.09765,1,352.3999999999942,6.600000000005821,345.79999999998836,352.3999999999942,339.81428571428427
2026-04-13 00:00:00,70707.9,71273.1,70580.0,71140.0,340865.55,3408.6555,241914345.52757,1,693.1000000000058,565.2000000000116,127.89999999999418,693.1000000000058,365.6071428571418
2026-04-13 01:00:00,71140.0,71200.0,71008.0,71166.1,237698.95,2376.9895,169023162.49753,1,192.0,60.0,132.0,192.0,369.89999999999935
2026-04-13 02:00:00,71166.1,71255.0,70955.6,71059.9,214234.6,2142.346,152317584.68301,1,299.3999999999942,88.89999999999418,210.5,299.3999999999942,359.0928571428563
2026-04-13 03:00:00,71059.9,71134.8,70883.4,70950.1,164255.36,1642.5536,116619451.59875,1,251.40000000000873,74.90000000000873,176.5,251.40000000000873,356.2642857142855
2026-04-13 04:00:00,70950.2,71120.0,70821.7,70868.4,155198.98,1551.9898,110150447.28165,1,298.3000000000029,169.89999999999418,128.40000000000873,298.3000000000029,347.89285714285717
2026-04-13 05:00:00,70868.5,70893.5,70637.2,70858.2,189388.53,1893.8853,134074918.5197,1,256.3000000000029,25.10000000000582,231.1999999999971,256.3000000000029,341.41428571428594
2026-04-13 06:00:00,70858.1,71073.7,70853.4,70999.3,156050.76,1560.5076,110780543.32543,1,220.3000000000029,215.5,4.80000000000291,220.3000000000029,345.9642857142857
2026-04-13 07:00:00,70999.6,71046.1,70660.0,70796.5,216947.48,2169.4748,153566448.70596,1,386.1000000000058,46.80000000000291,339.3000000000029,386.1000000000058,351.4071428571437
2026-04-13 08:00:00,70796.5,70842.5,70623.1,70717.2,75373.28,753.7328,53304283.12611,0,219.39999999999418,46.0,173.39999999999418,219.39999999999418,355.54285714285754
2026-04-03 01:00:00,66755.0,66872.0,66458.0,66591.5,246030.39,2460.3039,163959124.3579,1,414.0,,,414.0,414.0
2026-04-03 02:00:00,66591.4,66719.9,66250.0,66501.2,340136.92,3401.3692,225954150.57778,1,469.8999999999942,128.39999999999418,341.5,469.8999999999942,441.9499999999971
2026-04-03 03:00:00,66501.2,66688.0,66457.9,66553.3,181976.27,1819.7627,121167548.8383,1,230.10000000000582,186.8000000000029,43.30000000000291,230.10000000000582,371.3333333333333
2026-04-03 04:00:00,66553.1,66661.8,66470.8,66578.6,125860.02,1258.6002,83784579.88409,1,191.0,108.5,82.5,191.0,326.25
2026-04-03 05:00:00,66578.7,66783.3,66380.0,66583.1,209504.42,2095.0442,139555264.5818,1,403.3000000000029,204.6999999999971,198.60000000000582,403.3000000000029,341.6600000000006
2026-04-03 06:00:00,66583.1,66775.0,66529.4,66769.0,131504.17,1315.0417,87663840.31275,1,245.60000000000582,191.89999999999418,53.70000000001164,245.60000000000582,325.65000000000146
2026-04-03 07:00:00,66769.0,67239.2,66726.2,67015.2,376802.92,3768.0292,252456136.10758,1,513.0,470.1999999999971,42.80000000000291,513.0,352.41428571428696
2026-04-03 08:00:00,67015.2,67279.3,66875.0,66941.4,308225.73,3082.2573,206718648.38998,1,404.3000000000029,264.1000000000058,140.1999999999971,404.3000000000029,358.90000000000146
2026-04-03 09:00:00,66941.3,66986.0,66720.0,66841.0,201059.66,2010.5966,134366920.66082,1,266.0,44.60000000000582,221.39999999999418,266.0,348.5777777777791
2026-04-03 10:00:00,66841.0,66869.0,66650.2,66848.2,147842.79,1478.4279,98716403.19897,1,218.8000000000029,28.0,190.8000000000029,218.8000000000029,335.60000000000144
2026-04-03 11:00:00,66848.2,67038.4,66789.4,66987.2,177255.37,1772.5537,118635733.86438,1,249.0,190.1999999999971,58.80000000000291,249.0,327.72727272727406
2026-04-03 12:00:00,66987.2,67350.0,66607.0,66697.4,573516.24,5735.1624,384169278.88932,1,743.0,362.8000000000029,380.1999999999971,743.0,362.33333333333456
2026-04-03 13:00:00,66697.4,66711.0,66478.5,66646.5,324159.96,3241.5996,215902819.53301,1,232.5,13.60000000000582,218.89999999999418,232.5,352.34615384615495
2026-04-03 14:00:00,66646.5,66960.0,66595.3,66901.0,262543.52,2625.4352,175401659.5183,1,364.6999999999971,313.5,51.19999999999709,364.6999999999971,353.22857142857225
2026-04-03 15:00:00,66900.9,66999.0,66783.8,66808.0,178414.84,1784.1484,119319370.5075,1,215.1999999999971,98.0,117.19999999999709,215.1999999999971,339.02857142857204
2026-04-03 16:00:00,66808.1,67036.0,66792.9,66974.0,129155.91,1291.5591,86442680.97791,1,243.10000000000582,228.0,15.10000000000582,243.10000000000582,322.8285714285729
2026-04-03 17:00:00,66974.0,67035.0,66721.5,66808.6,155353.09,1553.5309,103860716.06802,1,313.5,61.0,252.5,313.5,328.7857142857153
2026-04-03 18:00:00,66808.5,66895.8,66745.0,66777.4,79516.68,795.1668,53133787.75361,1,150.8000000000029,87.19999999999709,63.60000000000582,150.8000000000029,325.91428571428696
2026-04-03 19:00:00,66777.4,66879.3,66737.0,66854.0,63433.5,634.335,42362580.67877,1,142.3000000000029,101.90000000000873,40.39999999999418,142.3000000000029,307.2714285714298
2026-04-03 20:00:00,66854.1,66888.9,66791.1,66791.1,39004.97,390.0497,26071370.87821,1,97.79999999998836,34.89999999999418,62.89999999999418,97.79999999998836,296.7142857142857
2026-04-03 21:00:00,66791.1,66954.7,66784.3,66928.6,56486.31,564.8631,37774066.5391,1,170.39999999999418,163.59999999999127,6.80000000000291,170.39999999999418,272.24285714285674
2026-04-03 22:00:00,66928.5,66948.4,66808.9,66855.1,51693.88,516.9388,34570490.57278,1,139.5,19.79999999998836,119.70000000001164,139.5,253.3285714285708
2026-04-03 23:00:00,66855.1,66929.0,66799.1,66929.0,57632.66,576.3266,38532329.36365,1,129.89999999999418,73.89999999999418,56.0,129.89999999999418,243.6071428571418
2026-04-04 00:00:00,66928.9,66937.4,66839.0,66868.1,51879.02,518.7902,34703037.63526,1,98.39999999999418,8.39999999999418,90.0,98.39999999999418,235.0071428571412
2026-04-04 01:00:00,66868.2,66894.4,66800.0,66824.6,75111.36,751.1136,50202146.81232,1,94.39999999999418,26.29999999998836,68.10000000000582,94.39999999999418,223.96428571428365
2026-04-04 02:00:00,66824.6,66889.5,66780.0,66816.0,48398.14,483.9814,32335319.64743,1,109.5,64.89999999999418,44.60000000000582,109.5,178.71428571428365
2026-04-04 03:00:00,66816.1,66870.0,66800.0,66800.3,44785.29,447.8529,29930361.47529,1,70.0,54.0,16.0,70.0,167.1071428571408
2026-04-04 04:00:00,66800.3,66838.0,66734.5,66828.2,59166.63,591.6663,39524777.34343,1,103.5,37.69999999999709,65.80000000000291,103.5,148.44999999999814
2026-04-04 05:00:00,66828.3,66900.0,66808.2,66875.3,76550.72,765.5072,51180216.63998,1,91.80000000000291,71.80000000000291,20.0,91.80000000000291,139.63571428571282
2026-04-04 06:00:00,66875.3,67013.4,66870.2,66973.6,103931.11,1039.3111,69571037.36819,1,143.1999999999971,138.09999999999127,5.100000000005821,143.1999999999971,132.49999999999793
2026-04-04 07:00:00,66973.6,67011.6,66896.6,66980.0,110511.34,1105.1134,73988819.92675,1,115.0,38.0,77.0,115.0,118.3214285714265
2026-04-04 08:00:00,66980.0,67048.9,66873.9,66908.5,135863.29,1358.6329,90990381.27264,1,175.0,68.89999999999418,106.10000000000582,175.0,120.04999999999771
2026-04-04 09:00:00,66908.6,66959.1,66882.6,66949.9,86044.69,860.4469,57588178.68694,1,76.5,50.60000000000582,25.89999999999418,76.5,115.34999999999751
2026-04-04 10:00:00,66950.0,67142.9,66875.9,67132.6,162574.77,1625.7477,108956023.00235,1,267.0,193.0,74.0,267.0,127.43571428571262
2026-04-04 11:00:00,67132.6,67199.8,67052.1,67129.9,176714.69,1767.1469,118615515.23544,1,147.6999999999971,67.19999999999709,80.5,147.6999999999971,125.81428571428425
2026-04-04 12:00:00,67129.9,67163.3,67025.7,67064.5,98163.45,981.6345,65854554.47508,1,137.60000000000582,33.40000000000873,104.19999999999709,137.60000000000582,125.6785714285704
2026-04-04 13:00:00,67064.5,67250.0,67050.0,67160.4,156415.18,1564.1518,105054816.32196,1,200.0,185.5,14.5,200.0,130.68571428571366
2026-04-04 14:00:00,67160.3,67191.7,66980.0,67172.6,192025.52,1920.2552,128832513.94537,1,211.6999999999971,31.30000000000291,180.39999999999418,211.6999999999971,138.778571428571
2026-04-04 15:00:00,67172.6,67550.0,67140.3,67346.0,481737.83,4817.3783,324402490.31251,1,409.6999999999971,377.3999999999942,32.30000000000291,409.6999999999971,161.29999999999978
2026-04-04 16:00:00,67346.0,67484.2,67285.2,67331.7,214566.68,2145.6668,144594660.13027,1,199.0,138.1999999999971,60.80000000000291,199.0,167.69285714285692
2026-04-04 17:00:00,67331.7,67386.9,67258.0,67305.5,158697.09,1586.9709,106840528.07801,1,128.89999999999418,55.19999999999709,73.69999999999709,128.89999999999418,171.89999999999938
2026-04-04 18:00:00,67305.5,67350.0,67215.0,67260.4,97057.71,970.5771,65304595.51912,1,135.0,44.5,90.5,135.0,174.14999999999938
2026-04-04 19:00:00,67260.3,67517.4,67241.5,67262.3,159249.92,1592.4992,107274681.89267,1,275.8999999999942,257.0,18.89999999999418,275.8999999999942,187.29999999999876
2026-04-04 20:00:00,67262.2,67279.2,67150.5,67240.0,86515.54,865.1554,58151433.8332,1,128.6999999999971,16.89999999999418,111.80000000000291,128.6999999999971,186.26428571428445
2026-04-04 21:00:00,67239.9,67449.5,67180.0,67316.3,64467.38,644.6738,43389923.17507,1,269.5,209.5,60.0,269.5,197.29999999999876
2026-04-04 22:00:00,67316.4,67429.4,67303.0,67362.1,71362.85,713.6285,48071853.61602,1,126.39999999999418,113.09999999999127,13.30000000000291,126.39999999999418,193.82857142856977
2026-04-04 23:00:00,67362.0,67364.4,67222.6,67267.4,92427.32,924.2732,62194864.15463,1,141.79999999998836,2.2999999999883585,139.5,141.79999999998836,198.49285714285466
2026-04-05 00:00:00,67267.3,67288.1,67122.7,67178.2,102613.89,1026.1389,68965166.14666,1,165.40000000000873,20.70000000001164,144.6999999999971,165.40000000000873,191.23571428571242
2026-04-05 01:00:00,67178.2,67198.1,67042.3,67056.3,107734.79,1077.3479,72286744.36098,1,155.8000000000029,19.90000000000873,135.89999999999418,155.8000000000029,191.81428571428427
2026-04-05 02:00:00,67056.2,67143.8,66880.2,67136.3,200283.23,2002.8323,134233669.30459,1,263.6000000000058,87.5,176.10000000000582,263.6000000000058,200.81428571428427
2026-04-05 03:00:00,67136.3,67157.9,67051.0,67115.1,71145.93,711.4593,47743836.72004,1,106.89999999999418,21.59999999999127,85.30000000000291,106.89999999999418,194.16428571428384
2026-04-05 04:00:00,67115.2,67157.6,67044.5,67070.1,84605.39,846.0539,56767466.31941,1,113.10000000000582,42.5,70.60000000000582,113.10000000000582,187.12142857142732
2026-04-05 05:00:00,67070.1,67125.9,66850.3,66904.3,141366.02,1413.6602,94678473.5135,1,275.59999999999127,55.79999999998836,219.8000000000029,275.59999999999127,177.54285714285547
2026-04-05 06:00:00,66904.3,66920.9,66572.3,66767.1,427443.41,4274.4341,285255453.36377,1,348.59999999999127,16.59999999999127,332.0,348.59999999999127,188.22857142856915
2026-04-05 07:00:00,66767.1,66888.8,66679.5,66785.2,154002.35,1540.0235,102844729.77735,1,209.3000000000029,121.69999999999709,87.60000000000582,209.3000000000029,193.9714285714269
2026-04-05 08:00:00,66785.1,66900.0,66779.0,66894.6,124665.47,1246.6547,83329117.31641,1,121.0,114.80000000000291,6.19999999999709,121.0,192.9714285714269
2026-04-05 09:00:00,66894.7,67049.9,66861.2,66996.8,146950.61,1469.5061,98387379.13492,1,188.6999999999971,155.29999999998836,33.40000000000873,188.6999999999971,186.74285714285568
2026-04-05 10:00:00,66996.8,67116.7,66923.6,67007.2,140871.52,1408.7152,94393752.28048,1,193.09999999999127,119.89999999999418,73.19999999999709,193.09999999999127,191.34285714285528
2026-04-05 11:00:00,67007.3,67050.9,66938.2,66971.8,74295.73,742.9573,49771987.9783,1,112.69999999999709,43.69999999999709,69.0,112.69999999999709,180.14285714285506
2026-04-05 12:00:00,66971.8,66971.9,66650.1,66756.2,268583.5,2685.835,179345705.59038,1,321.79999999998836,0.09999999999126885,321.6999999999971,321.79999999998836,194.0999999999975
2026-04-05 13:00:00,66756.2,66891.0,66666.7,66861.5,176025.99,1760.2599,117555875.03892,1,224.3000000000029,134.8000000000029,89.5,224.3000000000029,199.99285714285568
2026-04-05 14:00:00,66861.4,66937.1,66766.6,66893.1,144466.87,1444.6687,96615611.90163,1,170.5,75.60000000000582,94.89999999999418,170.5,200.3571428571408
2026-04-05 15:00:00,66893.2,67846.1,66800.1,67281.0,971872.73,9718.7273,655016236.18993,1,1046.0,953.0,93.0,1046.0,263.94285714285485
2026-04-05 16:00:00,67281.0,67386.0,67146.9,67187.3,217630.12,2176.3012,146426191.71594,1,239.10000000000582,105.0,134.10000000000582,239.10000000000582,262.19285714285485
2026-04-05 17:00:00,67187.3,67382.5,67160.0,67349.7,125668.09,1256.6809,84549977.63643,1,222.5,195.1999999999971,27.30000000000291,222.5,270.4499999999981
2026-04-05 18:00:00,67349.8,67433.8,67246.4,67387.5,105752.45,1057.5245,71236548.18331,1,187.40000000000873,84.10000000000582,103.30000000000291,187.40000000000873,275.7571428571412
2026-04-05 19:00:00,67387.6,67537.5,67254.7,67335.0,109854.77,1098.5477,74048918.65495,1,282.8000000000029,150.0,132.8000000000029,282.8000000000029,276.27142857142775
2026-04-05 20:00:00,67334.9,67685.9,67309.8,67630.3,133836.29,1338.3629,90411754.75846,1,376.09999999999127,350.8999999999942,25.19999999999709,376.09999999999127,278.23571428571347
2026-04-05 21:00:00,67630.3,67650.3,67381.0,67519.7,138119.72,1381.1972,93236251.42125,1,269.3000000000029,20.0,249.3000000000029,269.3000000000029,282.52142857142775
2026-04-05 22:00:00,67519.7,68347.0,67300.0,68320.8,819613.6,8196.136,556693200.72457,1,1047.0,827.3000000000029,219.6999999999971,1047.0,348.66428571428486
2026-04-05 23:00:00,68320.7,69118.0,68234.4,69008.0,974049.61,9740.4961,669890620.8335,1,883.6000000000058,797.1999999999971,86.40000000000873,883.6000000000058,398.2999999999998
2026-04-06 00:00:00,69008.0,69587.9,69005.5,69061.7,975180.86,9751.8086,675829763.41632,1,582.3999999999942,579.8999999999942,2.5,582.3999999999942,426.10714285714283
2026-04-06 01:00:00,69061.7,69118.1,68767.7,68791.6,426162.51,4261.6251,293612208.31375,1,350.40000000000873,56.40000000000873,294.0,350.40000000000873,443.08571428571514
2026-04-06 02:00:00,68791.6,69380.0,68748.0,69180.1,500225.23,5002.2523,345860550.55413,1,632.0,588.3999999999942,43.60000000000582,632.0,465.2428571428588
2026-04-06 03:00:00,69180.1,69233.5,69031.2,69099.9,190513.47,1905.1347,131682180.42522,1,202.3000000000029,53.39999999999418,148.90000000000873,202.3000000000029,463.6714285714302
2026-04-06 04:00:00,69100.0,69191.5,68948.3,69109.4,183357.21,1833.5721,126656506.09881,1,243.1999999999971,91.60000000000582,151.59999999999127,243.1999999999971,468.8642857142872
2026-04-06 05:00:00,69109.4,69213.0,69058.0,69169.3,116836.34,1168.3634,80795566.50335,1,155.0,103.60000000000582,51.39999999999418,155.0,405.22142857143
2026-04-06 06:00:00,69169.3,69327.7,68736.9,68948.0,566935.45,5669.3545,390967511.59899,1,590.8000000000029,158.39999999999418,432.40000000000873,590.8000000000029,430.3428571428584
2026-04-06 07:00:00,68948.1,69179.5,68782.8,69074.8,223688.6,2236.886,154320336.60236,1,396.6999999999971,231.5,165.1999999999971,396.6999999999971,442.7857142857153
2026-04-06 08:00:00,69074.8,69318.0,69040.6,69180.0,206725.75,2067.2575,143023757.62553,1,277.3999999999942,243.1999999999971,34.19999999999709,277.3999999999942,449.2142857142857
2026-04-06 09:00:00,69180.0,70276.8,69169.8,69700.1,1274859.2,12748.592,889850090.56249,1,1107.0,1096.800000000003,10.19999999999709,1107.0,508.08571428571406
2026-04-06 10:00:00,69700.1,69952.0,69678.0,69749.9,293689.73,2936.8973,204936615.0794,1,274.0,251.89999999999418,22.10000000000582,274.0,500.79285714285754
2026-04-06 11:00:00,69749.9,69749.9,69536.9,69592.5,212896.61,2128.9661,148235440.87865,1,213.0,0.0,213.0,213.0,496.77142857142877
2026-04-06 12:00:00,69592.4,69615.0,69302.0,69349.5,352163.08,3521.6308,244576094.51989,1,313.0,22.5,290.5,313.0,444.3428571428573
2026-04-06 13:00:00,69349.6,69532.8,69201.0,69405.1,443824.1,4438.241,307861844.2337,1,331.8000000000029,183.3000000000029,148.5,331.8000000000029,404.92857142857144
2026-04-06 14:00:00,69405.0,69798.8,69130.0,69618.7,748518.68,7485.1868,519938869.46091,1,668.8000000000029,393.6999999999971,275.1000000000058,668.8000000000029,411.10000000000065
2026-04-06 15:00:00,69618.7,69935.0,69486.3,69923.0,472412.53,4724.1253,329358322.57106,1,448.6999999999971,316.3000000000029,132.39999999999418,448.6999999999971,418.12142857142834
2026-04-06 16:00:00,69923.0,70322.8,69734.9,69750.1,623068.77,6230.6877,436044296.74444,1,587.9000000000087,399.8000000000029,188.10000000000582,587.9000000000087,414.971428571429
2026-04-06 17:00:00,69750.2,69777.9,69225.0,69530.9,553613.03,5536.1303,384629386.90854,1,552.8999999999942,27.79999999998836,525.1000000000058,552.8999999999942,440.0142857142855
2026-04-06 18:00:00,69531.0,69933.3,69434.6,69849.9,326380.24,3263.8024,227579021.61953,1,498.6999999999971,402.40000000000873,96.29999999998836,498.6999999999971,458.2642857142855
2026-04-06 19:00:00,69850.0,69864.7,69536.9,69699.8,170336.82,1703.3682,118742325.49335,1,327.8000000000029,14.80000000000291,313.0,327.8000000000029,470.60714285714283
2026-04-06 20:00:00,69699.8,69947.5,69584.2,69782.2,125246.37,1252.4637,87408921.9394,1,363.3000000000029,247.6999999999971,115.60000000000582,363.3000000000029,454.35714285714283
2026-04-06 21:00:00,69782.1,69786.9,69380.2,69473.0,148026.03,1480.2603,102982414.71244,1,406.6999999999971,4.69999999999709,402.0,406.6999999999971,455.07142857142856
2026-04-06 22:00:00,69472.9,69545.5,68765.0,68768.0,426779.65,4267.7965,294889348.68099,1,780.5,72.5,708.0,780.5,491.00714285714326
2026-04-06 23:00:00,68768.1,68887.7,68269.0,68812.9,704064.14,7040.6414,483015364.26414,1,618.6999999999971,119.69999999999709,499.0,618.6999999999971,456.12857142857166
2026-04-07 00:00:00,68812.9,69100.6,68690.0,68743.8,341059.62,3410.5962,234885770.71246,1,410.6000000000058,287.70000000001164,122.89999999999418,410.6000000000058,465.8857142857149
2026-04-07 01:00:00,68743.7,68868.7,68300.1,68368.1,420082.72,4200.8272,288127776.55244,1,568.5999999999913,124.89999999999418,443.6999999999971,568.5999999999913,491.2857142857143
2026-04-07 02:00:00,68368.0,68685.1,68233.5,68636.9,301861.86,3018.6186,206688742.99946,1,451.6000000000058,317.0,134.60000000000582,451.6000000000058,501.1857142857147
2026-04-07 03:00:00,68636.9,68773.3,68589.2,68745.2,160054.22,1600.5422,109966246.86858,1,184.10000000000582,136.40000000000873,47.69999999999709,184.10000000000582,490.6357142857149
2026-04-07 04:00:00,68745.1,68958.8,68510.7,68814.9,236617.57,2366.1757,162679800.33323,1,448.1000000000058,213.60000000000582,234.5,448.1000000000058,474.8714285714294
2026-04-07 05:00:00,68814.9,68843.2,68588.0,68632.1,155707.66,1557.0766,106970033.48545,1,255.1999999999971,28.30000000000291,226.89999999999418,255.1999999999971,461.0500000000008
2026-04-07 06:00:00,68632.0,68632.1,68408.4,68546.2,192484.23,1924.8423,131876715.41231,1,223.70000000001164,0.0,223.70000000001164,223.70000000001164,435.0357142857153
2026-04-07 07:00:00,68546.2,68690.4,68470.7,68585.4,125295.79,1252.9579,85928201.44209,1,219.6999999999971,144.1999999999971,75.5,219.6999999999971,411.2357142857155
2026-04-07 08:00:00,68585.3,68955.0,68566.1,68907.8,301028.4,3010.284,207111309.93928,1,388.8999999999942,369.6000000000058,19.29999999998836,388.8999999999942,403.3928571428582
2026-04-07 09:00:00,68907.8,69217.7,68888.8,69106.4,399282.25,3992.8225,275809512.15691,1,328.8999999999942,309.8999999999942,19.0,328.8999999999942,403.471428571429
2026-04-07 10:00:00,69106.4,69165.1,68155.0,68199.3,853110.26,8531.1026,584936448.27054,1,1010.1000000000058,58.70000000001164,951.3999999999942,1010.1000000000058,449.6714285714292
2026-04-07 11:00:00,68199.3,68421.0,68006.4,68308.1,551985.44,5519.8544,376702301.63457,1,414.6000000000058,221.6999999999971,192.90000000000873,414.6000000000058,450.2357142857155
2026-04-07 12:00:00,68308.1,68583.2,68044.2,68368.6,448506.21,4485.0621,306254855.66068,1,539.0,275.09999999999127,263.90000000000873,539.0,432.9857142857155
2026-04-07 13:00:00,68368.6,68613.8,68167.9,68205.1,415645.13,4156.4513,284342187.82269,1,445.90000000000873,245.1999999999971,200.70000000001164,445.90000000000873,420.6428571428592
2026-04-07 14:00:00,68205.0,68230.0,67721.1,67828.9,779549.92,7795.4992,529820938.3201,1,508.8999999999942,24.89999999999418,484.0,508.8999999999942,427.66428571428696
2026-04-07 15:00:00,67829.0,68248.0,67680.2,68138.7,502577.25,5025.7725,341708921.49794,1,567.8000000000029,419.1000000000058,148.6999999999971,567.8000000000029,427.60714285714494
2026-04-07 16:00:00,68138.6,68426.6,68050.0,68208.2,348103.78,3481.0378,237538073.40817,1,376.6000000000058,287.90000000000873,88.69999999999709,376.6000000000058,422.2500000000021
2026-04-07 17:00:00,68208.3,68979.5,68153.2,68669.9,563301.99,5633.0199,386401495.58605,1,826.3000000000029,771.3000000000029,55.0,826.3000000000029,468.12142857143044
2026-04-07 18:00:00,68670.0,68745.3,68313.7,68413.3,318341.62,3183.4162,218158767.99178,1,431.6000000000058,75.40000000000873,356.1999999999971,431.6000000000058,466.942857142859
2026-04-07 19:00:00,68413.4,69058.8,68325.0,68975.6,486811.94,4868.1194,334496240.84127,1,733.8000000000029,645.5,88.30000000000291,733.8000000000029,501.1285714285737
2026-04-07 20:00:00,68975.6,69520.0,68975.6,69280.5,551634.68,5516.3468,382273047.8873,1,544.3999999999942,544.3999999999942,0.0,544.3999999999942,524.0357142857154
2026-04-07 21:00:00,69280.4,70186.1,69268.5,69898.0,823863.54,8238.6354,575088809.34617,1,917.6000000000058,905.6000000000058,12.0,917.6000000000058,573.885714285716
2026-04-07 22:00:00,69898.1,71500.0,69898.1,71479.0,1690012.17,16900.1217,1195825528.60988,1,1601.8999999999942,1602.0,0.10000000000582077,1602.0,660.5357142857164
2026-04-07 23:00:00,71479.0,72773.9,71154.1,71904.6,2312753.62,23127.5362,1665478344.69366,1,1619.7999999999884,1294.8999999999942,324.8999999999942,1619.7999999999884,752.7428571428588
2026-04-08 00:00:00,71904.7,72101.7,71518.4,71696.0,633394.12,6333.9412,455001352.63357,1,583.3000000000029,197.09999999999127,386.20000000001164,583.3000000000029,722.2571428571443
2026-04-08 01:00:00,71696.0,71749.8,71430.0,71467.6,288307.36,2883.0736,206282324.60658,1,319.8000000000029,53.80000000000291,266.0,319.8000000000029,715.4857142857155
2026-04-08 02:00:00,71467.6,71711.9,71219.3,71350.0,371225.33,3712.2533,265172765.37185,1,492.59999999999127,244.29999999998836,248.3000000000029,492.59999999999127,712.1714285714291
2026-04-08 03:00:00,71350.0,71500.0,71258.6,71280.1,187186.86,1871.8686,133586732.20163,1,241.39999999999418,150.0,91.39999999999418,241.39999999999418,697.5642857142853
2026-04-08 04:00:00,71280.0,71677.6,71279.0,71551.5,339104.96,3391.0496,242547094.14751,1,398.6000000000058,397.5,1.1000000000058208,398.6000000000058,689.6857142857147
2026-04-08 05:00:00,71551.5,71830.4,71535.2,71715.0,232507.53,2325.0753,166683644.73031,1,295.1999999999971,278.8999999999942,16.30000000000291,295.1999999999971,670.2142857142857
2026-04-08 06:00:00,71715.0,71935.0,71566.1,71719.9,342326.3,3423.263,245722129.39767,1,368.8999999999942,220.0,148.89999999999418,368.8999999999942,669.6642857142849
2026-04-08 07:00:00,71720.0,71894.2,71567.7,71624.2,261742.97,2617.4297,187652307.15153,1,326.5,174.3000000000029,152.1999999999971,326.5,633.9642857142846
2026-04-08 08:00:00,71624.2,71819.7,71624.2,71790.0,221112.34,2211.1234,158593862.34922,1,195.5,195.5,0.0,195.5,617.0999999999985
2026-04-08 09:00:00,71790.0,71965.1,71575.0,71672.0,236306.84,2363.0684,169618754.97526,1,390.1000000000058,175.10000000000582,215.0,390.1000000000058,592.5499999999987
2026-04-08 10:00:00,71672.1,71780.0,71443.2,71462.4,162840.32,1628.4032,116546244.6666,1,336.8000000000029,108.0,228.8000000000029,336.8000000000029,577.721428571428
2026-04-08 11:00:00,71462.3,71713.0,71388.0,71661.3,259645.31,2596.4531,185822382.11315,1,325.0,250.60000000000582,74.39999999999418,325.0,535.3928571428561
2026-04-08 12:00:00,71661.4,72156.0,71555.0,72036.2,499259.86,4992.5986,358847117.00022,1,601.0,494.6999999999971,106.30000000000291,601.0,463.8928571428561
2026-04-08 13:00:00,72036.3,72876.5,71477.0,71567.4,1934027.83,19340.2783,1396642865.9497,1,1399.5,840.3000000000029,559.1999999999971,1399.5,448.1571428571427
2026-04-08 14:00:00,71567.4,71724.5,70670.0,70886.9,1013159.79,10131.5979,720927796.32293,1,1054.5,157.10000000000582,897.3999999999942,1054.5,481.8142857142853
2026-04-08 15:00:00,70887.0,71315.1,70797.9,71265.3,548745.44,5487.4544,390158438.5214,1,517.2000000000116,428.20000000001164,89.0,517.2000000000116,495.91428571428594
2026-04-08 16:00:00,71265.3,71700.0,71210.9,71561.3,456095.81,4560.9581,325688317.64244,1,489.1000000000058,434.6999999999971,54.40000000000873,489.1000000000058,495.66428571428696
2026-04-08 17:00:00,71561.4,71929.9,71440.9,71854.5,454160.68,4541.6068,325699029.2135,1,489.0,368.59999999999127,120.40000000000873,489.0,513.3500000000016
2026-04-08 18:00:00,71854.6,71857.4,71054.2,71073.6,491677.45,4916.7745,351215193.89809,1,803.1999999999971,2.8999999999941792,800.3000000000029,803.1999999999971,542.250000000001
2026-04-08 19:00:00,71073.6,71346.6,70983.5,71294.0,215596.79,2155.9679,153454637.51386,1,363.1000000000058,273.0,90.10000000000582,363.1000000000058,547.1000000000016
2026-04-08 20:00:00,71294.0,71457.6,71252.3,71350.5,138296.19,1382.9619,98698173.86722,1,205.3000000000029,163.60000000000582,41.69999999999709,205.3000000000029,535.414285714288
2026-04-08 21:00:00,71350.6,71718.8,71300.0,71519.9,138909.55,1389.0955,99398753.31145,1,418.8000000000029,368.3000000000029,50.5,418.8000000000029,542.0071428571454
2026-04-08 22:00:00,71520.0,71546.7,71024.4,71027.8,184421.78,1844.2178,131392720.39528,1,522.3000000000029,26.80000000000291,495.5,522.3000000000029,565.3500000000028
2026-04-08 23:00:00,71027.7,71179.0,70863.5,71041.7,223538.16,2235.3816,158702085.02345,1,315.5,151.1999999999971,164.3000000000029,315.5,560.0214285714309
2026-04-09 00:00:00,71041.8,71109.4,70606.0,70780.0,303881.52,3038.8152,215195791.45828,1,503.3999999999942,67.69999999999709,435.6999999999971,503.3999999999942,571.9214285714303
2026-04-09 01:00:00,70780.0,70929.9,70422.0,70892.7,457527.62,4575.2762,323252625.59631,1,507.8999999999942,149.89999999999418,358.0,507.8999999999942,584.9857142857155
2026-04-09 02:00:00,70892.6,71170.0,70774.4,71026.9,278409.9,2784.099,197614645.91569,1,395.6000000000058,277.3000000000029,118.30000000000291,395.6000000000058,570.3142857142874
2026-04-09 03:00:00,71026.9,71087.9,70810.1,70965.7,172019.18,1720.1918,122024619.29046,1,277.79999999998836,61.0,216.79999999998836,277.79999999998836,490.192857142858
2026-04-09 04:00:00,70965.7,70985.0,70680.0,70757.0,167374.72,1673.7472,118545968.74111,1,305.0,19.30000000000291,285.6999999999971,305.0,436.6571428571437
2026-04-09 05:00:00,70757.0,71071.3,70660.7,70959.7,185833.32,1858.3332,131766794.34327,1,410.6000000000058,314.3000000000029,96.30000000000291,410.6000000000058,429.04285714285754
2026-04-09 06:00:00,70959.7,71067.1,70778.6,70994.1,181544.33,1815.4433,128773687.88106,1,288.5,107.40000000000873,181.09999999999127,288.5,414.7142857142857
2026-04-09 07:00:00,70994.1,71086.2,70921.2,70953.8,152002.62,1520.0262,107907149.76247,1,165.0,92.09999999999127,72.90000000000873,165.0,391.57142857142856
2026-04-09 08:00:00,70953.8,71358.3,70831.5,71225.8,378204.47,3782.0447,268995567.94153,1,526.8000000000029,404.5,122.30000000000291,526.8000000000029,371.8285714285718
2026-04-09 09:00:00,71225.8,71548.0,71079.2,71502.5,444617.99,4446.1799,317157756.63911,1,468.8000000000029,322.1999999999971,146.60000000000582,468.8000000000029,379.37857142857166
2026-04-09 10:00:00,71502.6,71505.9,71246.4,71246.5,165749.53,1657.4953,118329192.97041,1,259.5,3.3999999999941792,256.1000000000058,259.5,383.25
2026-04-09 11:00:00,71246.5,71325.0,71020.1,71124.5,253712.65,2537.1265,180528633.09823,1,304.8999999999942,78.5,226.39999999999418,304.8999999999942,375.1142857142851
2026-04-09 12:00:00,71124.5,71316.6,71013.0,71263.6,233998.3,2339.983,166544723.951,1,303.6000000000058,192.10000000000582,111.5,303.6000000000058,359.49285714285674
2026-04-09 13:00:00,71263.7,71337.6,70609.5,70779.8,599273.37,5992.7337,424848894.53782,1,728.1000000000058,74.0,654.1000000000058,728.1000000000058,388.9642857142857
2026-04-09 14:00:00,70779.8,71228.0,70505.0,71090.7,695093.9,6950.939,492516714.0204,1,723.0,448.1999999999971,274.8000000000029,723.0,404.65000000000043
2026-04-09 15:00:00,71090.8,72333.7,70900.0,72105.7,1447394.89,14473.9489,1038881477.35316,1,1433.699999999997,1243.0,190.6999999999971,1433.699999999997,470.77857142857204
2026-04-09 16:00:00,72105.6,72379.3,71666.7,72047.5,839697.96,8396.9796,604978217.47558,1,712.6000000000058,273.6000000000058,439.0,712.6000000000058,493.4214285714292
2026-04-09 17:00:00,72047.6,72518.3,72037.2,72308.6,708292.04,7082.9204,512308837.76113,1,481.1000000000058,470.8000000000029,10.30000000000291,481.1000000000058,507.942857142859
2026-04-09 18:00:00,72308.6,72341.7,71708.5,71858.3,403241.97,4032.4197,289975599.45173,1,633.1999999999971,33.09999999999127,600.1000000000058,633.1999999999971,531.385714285716
2026-04-09 19:00:00,71858.2,72270.0,71718.0,72060.7,331870.79,3318.7079,238966812.87773,1,552.0,411.6999999999971,140.3000000000029,552.0,541.4857142857155
2026-04-09 20:00:00,72060.7,72418.5,71929.1,72374.8,193540.6,1935.406,139784909.5515,1,489.3999999999942,357.8000000000029,131.59999999999127,489.3999999999942,555.8357142857151
2026-04-09 21:00:00,72374.8,72676.0,72107.1,72226.5,279496.94,2794.9694,202260842.01316,1,568.8999999999942,301.1999999999971,267.6999999999971,568.8999999999942,584.6857142857147
2026-04-09 22:00:00,72226.5,73146.1,71911.1,71911.2,776714.58,7767.1458,564052537.02616,1,1235.0,919.6000000000058,315.3999999999942,1235.0,635.2714285714288
2026-04-09 23:00:00,71911.1,71995.1,71541.9,71759.0,507415.11,5074.1511,364148307.6448,1,453.20000000001164,83.90000000000873,369.3000000000029,453.20000000001164,634.1571428571436
2026-04-10 00:00:00,71759.1,72020.3,71543.0,71945.6,334171.79,3341.7179,239908445.02745,1,477.3000000000029,261.3000000000029,216.0,477.3000000000029,649.7142857142868
2026-04-10 01:00:00,71945.7,72355.4,71632.7,72133.4,437285.52,4372.8552,315279975.68267,1,722.6999999999971,409.79999999998836,312.90000000000873,722.6999999999971,679.5571428571441
2026-04-10 02:00:00,72133.3,72264.5,71868.8,71924.9,222835.48,2228.3548,160610061.9063,1,395.6999999999971,131.10000000000582,264.59999999999127,395.6999999999971,686.1357142857149
2026-04-10 03:00:00,71924.9,71999.9,71780.0,71838.2,164980.84,1649.8084,118577104.3559,1,219.89999999999418,75.0,144.89999999999418,219.89999999999418,649.8357142857141
2026-04-10 04:00:00,71838.3,72194.6,71784.1,72086.8,206026.15,2060.2615,148205045.16388,1,410.5,356.40000000000873,54.09999999999127,410.5,627.5142857142855
2026-04-10 05:00:00,72086.9,72258.0,71960.4,72097.0,169317.58,1693.1758,122117392.92252,1,297.6000000000058,171.1999999999971,126.40000000000873,297.6000000000058,546.3642857142861
2026-04-10 06:00:00,72096.9,72150.0,71754.6,71777.0,168118.79,1681.1879,120916194.68358,1,395.3999999999942,53.0,342.3999999999942,395.3999999999942,523.7071428571425
2026-04-10 07:00:00,71777.0,71819.5,71404.1,71463.5,418943.43,4189.4343,300091873.80868,1,415.3999999999942,42.5,372.8999999999942,415.3999999999942,519.0142857142845
2026-04-10 08:00:00,71463.5,71730.0,71388.9,71581.2,377281.92,3772.8192,270006426.76677,1,341.1000000000058,266.5,74.60000000000582,341.1000000000058,498.14999999999935
2026-04-10 09:00:00,71581.1,71846.9,71560.5,71748.1,195568.74,1955.6874,140289346.83774,1,286.3999999999942,265.6999999999971,20.69999999999709,286.3999999999942,479.17857142857036
2026-04-10 10:00:00,71748.1,71896.3,71667.6,71863.2,161443.35,1614.4335,115888631.6847,1,228.6999999999971,148.1999999999971,80.5,228.6999999999971,460.557142857142
2026-04-10 11:00:00,71863.1,72222.0,71858.4,72084.8,365823.26,3658.2326,263748774.63914,1,363.6000000000058,358.8000000000029,4.80000000000291,363.6000000000058,445.89285714285717
2026-04-10 12:00:00,72084.7,72420.0,71960.0,72220.0,621306.45,6213.0645,448599083.25846,1,460.0,335.1999999999971,124.80000000000291,460.0,390.5357142857143
2026-04-10 13:00:00,72220.0,72381.0,71868.8,72289.0,589488.13,5894.8813,425111651.2257,1,512.1999999999971,161.0,351.1999999999971,512.1999999999971,394.749999999999
2026-04-10 14:00:00,72289.0,73125.5,72215.2,72878.5,1308279.65,13082.7965,951996825.08801,1,910.3000000000029,836.5,73.80000000000291,910.3000000000029,425.67857142857036
2026-04-10 15:00:00,72878.6,73288.0,72285.8,72418.3,770351.82,7703.5182,560859472.62007,1,1002.1999999999971,409.5,592.6999999999971,1002.1999999999971,445.6428571428561
2026-04-10 16:00:00,72418.2,73056.7,72348.4,72965.8,538770.61,5387.7061,391839303.33444,1,708.3000000000029,638.3999999999942,69.90000000000873,708.3000000000029,467.97142857142796
2026-04-10 17:00:00,72965.8,73123.0,72768.1,73092.0,250899.77,2508.9977,182996934.3725,1,354.8999999999942,157.1999999999971,197.6999999999971,354.8999999999942,477.6142857142851
2026-04-10 18:00:00,73091.9,73149.5,72840.0,73071.1,193789.77,1937.8977,141421643.14072,1,309.5,57.5,252.0,309.5,470.39999999999935
2026-04-10 19:00:00,73071.2,73248.8,72863.8,73194.0,220556.58,2205.5658,161146731.42696,1,385.0,177.6999999999971,207.3000000000029,385.0,476.6428571428561
2026-04-10 20:00:00,73194.5,73452.3,73012.8,73321.2,319830.31,3198.3031,234247968.07323,1,439.5,258.3000000000029,181.1999999999971,439.5,479.7928571428565
2026-04-10 21:00:00,73321.3,73321.3,72900.0,73163.0,147295.39,1472.9539,107652107.73626,1,421.3000000000029,0.10000000000582077,421.1999999999971,421.3000000000029,480.2142857142857
2026-04-10 22:00:00,73162.9,73220.0,72678.5,72840.8,239777.72,2397.7772,174923904.80719,1,541.5,57.0,484.5,541.5,494.528571428571
2026-04-10 23:00:00,72840.8,72933.3,72746.0,72925.8,99300.94,993.0094,72334898.99783,1,187.3000000000029,92.5,94.80000000000291,187.3000000000029,487.4500000000002
2026-04-11 00:00:00,72925.7,72925.8,72750.0,72799.2,102403.81,1024.0381,74575986.45651,1,175.8000000000029,0.0,175.8000000000029,175.8000000000029,483.6714285714292
2026-04-11 01:00:00,72799.3,72975.0,72616.7,72927.5,139871.05,1398.7105,101809247.30231,1,358.3000000000029,175.8000000000029,182.5,358.3000000000029,483.29285714285754
2026-04-11 02:00:00,72927.5,73073.8,72868.1,72928.8,143405.49,1434.0549,104632164.5792,1,205.6999999999971,146.3000000000029,59.39999999999418,205.6999999999971,465.12857142857166
2026-04-11 03:00:00,72928.8,73047.2,72785.8,72836.9,108653.64,1086.5364,79241778.45058,1,261.3999999999942,118.39999999999418,143.0,261.3999999999942,447.2142857142857
2026-04-11 04:00:00,72837.0,72925.2,72650.6,72781.1,149800.48,1498.0048,108998972.79047,1,274.59999999999127,88.30000000000291,186.29999999998836,274.59999999999127,401.807142857142
2026-04-11 05:00:00,72781.2,72812.0,72642.8,72696.4,99069.34,990.6934,72051520.32814,1,169.1999999999971,30.89999999999418,138.3000000000029,169.1999999999971,342.307142857142
2026-04-11 06:00:00,72696.3,72755.1,72570.3,72738.9,119441.57,1194.4157,86783444.4426,1,184.8000000000029,58.70000000001164,126.09999999999127,184.8000000000029,304.91428571428486
2026-04-11 07:00:00,72739.0,72809.7,72633.6,72719.7,112411.22,1124.1122,81758530.57577,1,176.09999999999127,70.80000000000291,105.29999999998836,176.09999999999127,292.1428571428561
2026-04-11 08:00:00,72719.8,72779.9,72601.0,72636.3,94421.28,944.2128,68641588.309,1,178.89999999999418,60.19999999999709,118.69999999999709,178.89999999999418,282.81428571428427
2026-04-11 09:00:00,72636.3,72884.0,72600.0,72875.2,183876.84,1838.7684,133810682.96345,1,284.0,247.6999999999971,36.30000000000291,284.0,275.59999999999854
2026-04-11 10:00:00,72875.1,72898.4,72728.0,72811.2,120527.89,1205.2789,87744455.79562,1,170.39999999999418,23.19999999999709,147.1999999999971,170.39999999999418,256.37857142856956
2026-04-11 11:00:00,72811.2,72896.0,72787.0,72883.8,77161.34,771.6134,56201338.81336,1,109.0,84.80000000000291,24.19999999999709,109.0,234.07142857142648
2026-04-11 12:00:00,72883.7,72956.5,72787.0,72900.0,128447.29,1284.4729,93618257.43802,1,169.5,72.69999999999709,96.80000000000291,169.5,207.49999999999793
2026-04-11 13:00:00,72900.0,72900.0,72480.4,72628.1,334889.39,3348.8939,243270808.93786,1,419.6000000000058,0.0,419.6000000000058,419.6000000000058,224.09285714285528
2026-04-11 14:00:00,72628.2,72749.4,72578.0,72669.3,106063.24,1060.6324,77069394.53086,1,171.39999999999418,121.29999999998836,50.10000000000582,171.39999999999418,223.77857142856894
2026-04-11 15:00:00,72669.3,72874.1,72648.6,72826.6,162324.12,1623.2412,118098956.68574,1,225.5,204.8000000000029,20.69999999999709,225.5,214.29285714285444
2026-04-11 16:00:00,72826.5,73200.0,72790.0,73000.4,301061.86,3010.6186,219801105.67473,1,410.0,373.3999999999942,36.60000000000582,410.0,228.8857142857118
2026-04-11 17:00:00,73000.4,73142.0,72903.0,73060.3,140491.03,1404.9103,102598708.79648,1,239.0,141.60000000000582,97.39999999999418,239.0,227.2857142857122
2026-04-11 18:00:00,73060.4,73748.5,73002.8,73527.3,546266.16,5462.6616,401260784.16565,1,745.6999999999971,688.1999999999971,57.5,745.6999999999971,260.9357142857126
2026-04-11 19:00:00,73527.4,73799.1,73433.8,73659.6,319181.24,3191.8124,234993986.71088,1,365.3000000000029,271.8000000000029,93.5,365.3000000000029,274.94285714285587
2026-04-11 20:00:00,73659.6,73670.7,73201.6,73274.8,208809.91,2088.0991,153231108.35394,1,469.09999999999127,11.099999999991269,458.0,469.09999999999127,295.2499999999979
2026-04-11 21:00:00,73274.8,73530.4,73166.0,73406.3,134447.91,1344.4791,98649048.27641,1,364.3999999999942,255.59999999999127,108.80000000000291,364.3999999999942,308.6999999999981
2026-04-11 22:00:00,73406.2,73546.3,73210.8,73341.1,128116.76,1281.1676,93973982.71454,1,335.5,140.0,195.5,335.5,319.8857142857128
2026-04-11 23:00:00,73341.1,73341.2,72864.0,73014.7,239979.75,2399.7975,175274179.95955,1,477.1999999999971,0.09999999999126885,477.1000000000058,477.1999999999971,333.6857142857126
2026-04-12 00:00:00,73014.7,73088.0,72823.4,73049.8,157857.11,1578.5711,115218288.04918,1,264.6000000000058,73.30000000000291,191.3000000000029,264.6000000000058,340.41428571428486
2026-04-12 01:00:00,73049.9,73107.1,71270.2,71610.0,1246856.37,12468.5637,897300002.47611,1,1836.9000000000087,57.30000000000291,1779.6000000000058,1836.9000000000087,463.83571428571406
2026-04-12 02:00:00,71609.9,71934.7,71310.5,71725.8,523885.87,5238.8587,375690217.73381,1,624.1999999999971,324.6999999999971,299.5,624.1999999999971,496.3142857142853
2026-04-12 03:00:00,71725.8,71829.5,71557.0,71557.7,262524.52,2625.2452,188115814.79246,1,272.5,103.69999999999709,168.8000000000029,272.5,485.807142857142
2026-04-12 04:00:00,71557.6,71650.0,71411.0,71437.9,205248.84,2052.4884,146781381.90611,1,239.0,92.30000000000291,146.6999999999971,239.0,490.63571428571385
2026-04-12 05:00:00,71437.9,71750.0,71380.0,71664.1,220222.19,2202.2219,157637777.13503,1,370.0,312.1000000000058,57.89999999999418,370.0,500.95714285714246
2026-04-12 06:00:00,71664.2,71726.5,71600.0,71617.1,103361.43,1033.6143,74065925.80728,1,126.5,62.39999999999418,64.10000000000582,126.5,480.70714285714246
2026-04-12 07:00:00,71617.0,71720.0,71541.1,71635.9,126279.6,1262.796,90464864.66363,1,178.89999999999418,102.89999999999418,76.0,178.89999999999418,476.41428571428486
2026-04-12 08:00:00,71635.9,71772.0,71553.4,71591.5,162766.43,1627.6643,116613298.42716,1,218.60000000000582,136.10000000000582,82.5,218.60000000000582,438.7642857142855
2026-04-12 09:00:00,71591.4,71607.4,71480.9,71507.4,118292.85,1182.9285,84628903.49087,1,126.5,15.89999999999418,110.60000000000582,126.5,421.70714285714246
2026-04-12 10:00:00,71507.3,71655.0,71323.0,71425.0,184950.54,1849.5054,132207454.15137,1,332.0,147.60000000000582,184.39999999999418,332.0,411.91428571428594
2026-04-12 11:00:00,71425.0,71519.7,71387.8,71441.4,113648.42,1136.4842,81190576.1014,1,131.89999999999418,94.69999999999709,37.19999999999709,131.89999999999418,395.30714285714305
2026-04-12 12:00:00,71441.3,71477.7,71027.0,71053.9,442302.2,4423.022,315066360.28671,1,450.6999999999971,36.30000000000291,414.3999999999942,450.6999999999971,403.5357142857143
2026-04-12 13:00:00,71053.9,71121.4,70830.4,70861.6,506772.24,5067.7224,359649291.91216,1,291.0,67.5,223.5,291.0,390.2357142857145
2026-04-12 14:00:00,70861.6,71076.2,70660.7,70721.9,382967.88,3829.6788,271341182.06189,1,415.5,214.59999999999127,200.90000000000873,415.5,401.0142857142855
2026-04-12 15:00:00,70722.0,70917.0,70570.0,70869.5,306455.25,3064.5525,216879231.09811,1,347.0,195.10000000000582,151.89999999999418,347.0,294.5928571428563
2026-04-12 16:00:00,70869.5,70934.6,70778.0,70900.1,140240.65,1402.4065,99389618.92979,1,156.60000000000582,65.10000000000582,91.5,156.60000000000582,261.19285714285695
2026-04-12 17:00:00,70900.1,71175.9,70866.0,71120.2,238923.09,2389.2309,169674562.41395,1,309.8999999999942,275.79999999998836,34.10000000000582,309.8999999999942,263.8642857142851
2026-04-12 18:00:00,71120.3,71187.5,71026.0,71094.8,115313.21,1153.1321,81988156.91687,1,161.5,67.30000000000291,94.19999999999709,161.5,258.3285714285708
2026-04-12 19:00:00,71094.9,71189.2,71040.2,71060.7,61568.62,615.6862,43780711.49682,1,149.0,94.39999999999418,54.60000000000582,149.0,242.54285714285652
2026-04-12 20:00:00,71060.7,71410.9,70921.0,71302.0,167910.28,1679.1028,119529875.77836,1,489.8999999999942,350.1999999999971,139.6999999999971,489.8999999999942,268.499999999999
2026-04-12 21:00:00,71301.9,71425.2,71132.2,71325.6,106979.16,1069.7916,76243320.08732,1,293.0,123.19999999999709,169.8000000000029,293.0,276.64999999999935
2026-04-12 22:00:00,71325.6,71333.0,70456.0,70875.9,597544.04,5975.4404,422914272.39008,1,877.0,7.399999999994179,869.6000000000058,877.0,323.67857142857036
2026-04-12 23:00:00,70875.8,70882.5,70530.1,70707.9,222212.96,2222.1296,157035360.09765,1,352.3999999999942,6.600000000005821,345.79999999998836,352.3999999999942,339.81428571428427
2026-04-13 00:00:00,70707.9,71273.1,70580.0,71140.0,340865.55,3408.6555,241914345.52757,1,693.1000000000058,565.2000000000116,127.89999999999418,693.1000000000058,365.6071428571418
2026-04-13 01:00:00,71140.0,71200.0,71008.0,71166.1,237698.95,2376.9895,169023162.49753,1,192.0,60.0,132.0,192.0,369.89999999999935
2026-04-13 02:00:00,71166.1,71255.0,70955.6,71059.9,214234.6,2142.346,152317584.68301,1,299.3999999999942,88.89999999999418,210.5,299.3999999999942,359.0928571428563
2026-04-13 03:00:00,71059.9,71134.8,70883.4,70950.1,164255.36,1642.5536,116619451.59875,1,251.40000000000873,74.90000000000873,176.5,251.40000000000873,356.2642857142855
2026-04-13 04:00:00,70950.2,71120.0,70821.7,70868.4,155198.98,1551.9898,110150447.28165,1,298.3000000000029,169.89999999999418,128.40000000000873,298.3000000000029,347.89285714285717
2026-04-13 05:00:00,70868.5,70893.5,70637.2,70858.2,189388.53,1893.8853,134074918.5197,1,256.3000000000029,25.10000000000582,231.1999999999971,256.3000000000029,341.41428571428594
2026-04-13 06:00:00,70858.1,71073.7,70853.4,70999.3,156050.76,1560.5076,110780543.32543,1,220.3000000000029,215.5,4.80000000000291,220.3000000000029,345.9642857142857
2026-04-13 07:00:00,70999.6,71046.1,70660.0,70796.5,216947.48,2169.4748,153566448.70596,1,386.1000000000058,46.80000000000291,339.3000000000029,386.1000000000058,351.4071428571437
2026-04-13 08:00:00,70796.5,70842.5,70542.1,70657.2,207263.03,2072.6303,146474920.88604,1,300.3999999999942,46.0,254.39999999999418,300.3999999999942,361.3285714285718
2026-04-13 09:00:00,70657.1,70889.9,70643.9,70766.4,189097.2,1890.972,133808067.35388,1,246.0,232.6999999999971,13.30000000000291,246.0,368.25714285714326
2026-04-13 10:00:00,70766.4,70823.6,70735.3,70792.0,23989.94,239.8994,16982224.85902,0,88.30000000000291,57.20000000001164,31.09999999999127,88.30000000000291,339.57142857142964
2026-04-03 02:00:00,66591.4,66719.9,66250.0,66501.2,340136.92,3401.3692,225954150.57778,1,469.8999999999942,,,469.8999999999942,469.8999999999942
2026-04-03 03:00:00,66501.2,66688.0,66457.9,66553.3,181976.27,1819.7627,121167548.8383,1,230.10000000000582,186.8000000000029,43.30000000000291,230.10000000000582,350.0
2026-04-03 04:00:00,66553.1,66661.8,66470.8,66578.6,125860.02,1258.6002,83784579.88409,1,191.0,108.5,82.5,191.0,297.0
2026-04-03 05:00:00,66578.7,66783.3,66380.0,66583.1,209504.42,2095.0442,139555264.5818,1,403.3000000000029,204.6999999999971,198.60000000000582,403.3000000000029,323.5750000000007
2026-04-03 06:00:00,66583.1,66775.0,66529.4,66769.0,131504.17,1315.0417,87663840.31275,1,245.60000000000582,191.89999999999418,53.70000000001164,245.60000000000582,307.9800000000017
2026-04-03 07:00:00,66769.0,67239.2,66726.2,67015.2,376802.92,3768.0292,252456136.10758,1,513.0,470.1999999999971,42.80000000000291,513.0,342.15000000000146
2026-04-03 08:00:00,67015.2,67279.3,66875.0,66941.4,308225.73,3082.2573,206718648.38998,1,404.3000000000029,264.1000000000058,140.1999999999971,404.3000000000029,351.0285714285731
2026-04-03 09:00:00,66941.3,66986.0,66720.0,66841.0,201059.66,2010.5966,134366920.66082,1,266.0,44.60000000000582,221.39999999999418,266.0,340.40000000000146
2026-04-03 10:00:00,66841.0,66869.0,66650.2,66848.2,147842.79,1478.4279,98716403.19897,1,218.8000000000029,28.0,190.8000000000029,218.8000000000029,326.8888888888905
2026-04-03 11:00:00,66848.2,67038.4,66789.4,66987.2,177255.37,1772.5537,118635733.86438,1,249.0,190.1999999999971,58.80000000000291,249.0,319.10000000000144
2026-04-03 12:00:00,66987.2,67350.0,66607.0,66697.4,573516.24,5735.1624,384169278.88932,1,743.0,362.8000000000029,380.1999999999971,743.0,357.63636363636493
2026-04-03 13:00:00,66697.4,66711.0,66478.5,66646.5,324159.96,3241.5996,215902819.53301,1,232.5,13.60000000000582,218.89999999999418,232.5,347.20833333333456
2026-04-03 14:00:00,66646.5,66960.0,66595.3,66901.0,262543.52,2625.4352,175401659.5183,1,364.6999999999971,313.5,51.19999999999709,364.6999999999971,348.5538461538471
2026-04-03 15:00:00,66900.9,66999.0,66783.8,66808.0,178414.84,1784.1484,119319370.5075,1,215.1999999999971,98.0,117.19999999999709,215.1999999999971,339.02857142857204
2026-04-03 16:00:00,66808.1,67036.0,66792.9,66974.0,129155.91,1291.5591,86442680.97791,1,243.10000000000582,228.0,15.10000000000582,243.10000000000582,322.8285714285729
2026-04-03 17:00:00,66974.0,67035.0,66721.5,66808.6,155353.09,1553.5309,103860716.06802,1,313.5,61.0,252.5,313.5,328.7857142857153
2026-04-03 18:00:00,66808.5,66895.8,66745.0,66777.4,79516.68,795.1668,53133787.75361,1,150.8000000000029,87.19999999999709,63.60000000000582,150.8000000000029,325.91428571428696
2026-04-03 19:00:00,66777.4,66879.3,66737.0,66854.0,63433.5,634.335,42362580.67877,1,142.3000000000029,101.90000000000873,40.39999999999418,142.3000000000029,307.2714285714298
2026-04-03 20:00:00,66854.1,66888.9,66791.1,66791.1,39004.97,390.0497,26071370.87821,1,97.79999999998836,34.89999999999418,62.89999999999418,97.79999999998836,296.7142857142857
2026-04-03 21:00:00,66791.1,66954.7,66784.3,66928.6,56486.31,564.8631,37774066.5391,1,170.39999999999418,163.59999999999127,6.80000000000291,170.39999999999418,272.24285714285674
2026-04-03 22:00:00,66928.5,66948.4,66808.9,66855.1,51693.88,516.9388,34570490.57278,1,139.5,19.79999999998836,119.70000000001164,139.5,253.3285714285708
2026-04-03 23:00:00,66855.1,66929.0,66799.1,66929.0,57632.66,576.3266,38532329.36365,1,129.89999999999418,73.89999999999418,56.0,129.89999999999418,243.6071428571418
2026-04-04 00:00:00,66928.9,66937.4,66839.0,66868.1,51879.02,518.7902,34703037.63526,1,98.39999999999418,8.39999999999418,90.0,98.39999999999418,235.0071428571412
2026-04-04 01:00:00,66868.2,66894.4,66800.0,66824.6,75111.36,751.1136,50202146.81232,1,94.39999999999418,26.29999999998836,68.10000000000582,94.39999999999418,223.96428571428365
2026-04-04 02:00:00,66824.6,66889.5,66780.0,66816.0,48398.14,483.9814,32335319.64743,1,109.5,64.89999999999418,44.60000000000582,109.5,178.71428571428365
2026-04-04 03:00:00,66816.1,66870.0,66800.0,66800.3,44785.29,447.8529,29930361.47529,1,70.0,54.0,16.0,70.0,167.1071428571408
2026-04-04 04:00:00,66800.3,66838.0,66734.5,66828.2,59166.63,591.6663,39524777.34343,1,103.5,37.69999999999709,65.80000000000291,103.5,148.44999999999814
2026-04-04 05:00:00,66828.3,66900.0,66808.2,66875.3,76550.72,765.5072,51180216.63998,1,91.80000000000291,71.80000000000291,20.0,91.80000000000291,139.63571428571282
2026-04-04 06:00:00,66875.3,67013.4,66870.2,66973.6,103931.11,1039.3111,69571037.36819,1,143.1999999999971,138.09999999999127,5.100000000005821,143.1999999999971,132.49999999999793
2026-04-04 07:00:00,66973.6,67011.6,66896.6,66980.0,110511.34,1105.1134,73988819.92675,1,115.0,38.0,77.0,115.0,118.3214285714265
2026-04-04 08:00:00,66980.0,67048.9,66873.9,66908.5,135863.29,1358.6329,90990381.27264,1,175.0,68.89999999999418,106.10000000000582,175.0,120.04999999999771
2026-04-04 09:00:00,66908.6,66959.1,66882.6,66949.9,86044.69,860.4469,57588178.68694,1,76.5,50.60000000000582,25.89999999999418,76.5,115.34999999999751
2026-04-04 10:00:00,66950.0,67142.9,66875.9,67132.6,162574.77,1625.7477,108956023.00235,1,267.0,193.0,74.0,267.0,127.43571428571262
2026-04-04 11:00:00,67132.6,67199.8,67052.1,67129.9,176714.69,1767.1469,118615515.23544,1,147.6999999999971,67.19999999999709,80.5,147.6999999999971,125.81428571428425
2026-04-04 12:00:00,67129.9,67163.3,67025.7,67064.5,98163.45,981.6345,65854554.47508,1,137.60000000000582,33.40000000000873,104.19999999999709,137.60000000000582,125.6785714285704
2026-04-04 13:00:00,67064.5,67250.0,67050.0,67160.4,156415.18,1564.1518,105054816.32196,1,200.0,185.5,14.5,200.0,130.68571428571366
2026-04-04 14:00:00,67160.3,67191.7,66980.0,67172.6,192025.52,1920.2552,128832513.94537,1,211.6999999999971,31.30000000000291,180.39999999999418,211.6999999999971,138.778571428571
2026-04-04 15:00:00,67172.6,67550.0,67140.3,67346.0,481737.83,4817.3783,324402490.31251,1,409.6999999999971,377.3999999999942,32.30000000000291,409.6999999999971,161.29999999999978
2026-04-04 16:00:00,67346.0,67484.2,67285.2,67331.7,214566.68,2145.6668,144594660.13027,1,199.0,138.1999999999971,60.80000000000291,199.0,167.69285714285692
2026-04-04 17:00:00,67331.7,67386.9,67258.0,67305.5,158697.09,1586.9709,106840528.07801,1,128.89999999999418,55.19999999999709,73.69999999999709,128.89999999999418,171.89999999999938
2026-04-04 18:00:00,67305.5,67350.0,67215.0,67260.4,97057.71,970.5771,65304595.51912,1,135.0,44.5,90.5,135.0,174.14999999999938
2026-04-04 19:00:00,67260.3,67517.4,67241.5,67262.3,159249.92,1592.4992,107274681.89267,1,275.8999999999942,257.0,18.89999999999418,275.8999999999942,187.29999999999876
2026-04-04 20:00:00,67262.2,67279.2,67150.5,67240.0,86515.54,865.1554,58151433.8332,1,128.6999999999971,16.89999999999418,111.80000000000291,128.6999999999971,186.26428571428445
2026-04-04 21:00:00,67239.9,67449.5,67180.0,67316.3,64467.38,644.6738,43389923.17507,1,269.5,209.5,60.0,269.5,197.29999999999876
2026-04-04 22:00:00,67316.4,67429.4,67303.0,67362.1,71362.85,713.6285,48071853.61602,1,126.39999999999418,113.09999999999127,13.30000000000291,126.39999999999418,193.82857142856977
2026-04-04 23:00:00,67362.0,67364.4,67222.6,67267.4,92427.32,924.2732,62194864.15463,1,141.79999999998836,2.2999999999883585,139.5,141.79999999998836,198.49285714285466
2026-04-05 00:00:00,67267.3,67288.1,67122.7,67178.2,102613.89,1026.1389,68965166.14666,1,165.40000000000873,20.70000000001164,144.6999999999971,165.40000000000873,191.23571428571242
2026-04-05 01:00:00,67178.2,67198.1,67042.3,67056.3,107734.79,1077.3479,72286744.36098,1,155.8000000000029,19.90000000000873,135.89999999999418,155.8000000000029,191.81428571428427
2026-04-05 02:00:00,67056.2,67143.8,66880.2,67136.3,200283.23,2002.8323,134233669.30459,1,263.6000000000058,87.5,176.10000000000582,263.6000000000058,200.81428571428427
2026-04-05 03:00:00,67136.3,67157.9,67051.0,67115.1,71145.93,711.4593,47743836.72004,1,106.89999999999418,21.59999999999127,85.30000000000291,106.89999999999418,194.16428571428384
2026-04-05 04:00:00,67115.2,67157.6,67044.5,67070.1,84605.39,846.0539,56767466.31941,1,113.10000000000582,42.5,70.60000000000582,113.10000000000582,187.12142857142732
2026-04-05 05:00:00,67070.1,67125.9,66850.3,66904.3,141366.02,1413.6602,94678473.5135,1,275.59999999999127,55.79999999998836,219.8000000000029,275.59999999999127,177.54285714285547
2026-04-05 06:00:00,66904.3,66920.9,66572.3,66767.1,427443.41,4274.4341,285255453.36377,1,348.59999999999127,16.59999999999127,332.0,348.59999999999127,188.22857142856915
2026-04-05 07:00:00,66767.1,66888.8,66679.5,66785.2,154002.35,1540.0235,102844729.77735,1,209.3000000000029,121.69999999999709,87.60000000000582,209.3000000000029,193.9714285714269
2026-04-05 08:00:00,66785.1,66900.0,66779.0,66894.6,124665.47,1246.6547,83329117.31641,1,121.0,114.80000000000291,6.19999999999709,121.0,192.9714285714269
2026-04-05 09:00:00,66894.7,67049.9,66861.2,66996.8,146950.61,1469.5061,98387379.13492,1,188.6999999999971,155.29999999998836,33.40000000000873,188.6999999999971,186.74285714285568
2026-04-05 10:00:00,66996.8,67116.7,66923.6,67007.2,140871.52,1408.7152,94393752.28048,1,193.09999999999127,119.89999999999418,73.19999999999709,193.09999999999127,191.34285714285528
2026-04-05 11:00:00,67007.3,67050.9,66938.2,66971.8,74295.73,742.9573,49771987.9783,1,112.69999999999709,43.69999999999709,69.0,112.69999999999709,180.14285714285506
2026-04-05 12:00:00,66971.8,66971.9,66650.1,66756.2,268583.5,2685.835,179345705.59038,1,321.79999999998836,0.09999999999126885,321.6999999999971,321.79999999998836,194.0999999999975
2026-04-05 13:00:00,66756.2,66891.0,66666.7,66861.5,176025.99,1760.2599,117555875.03892,1,224.3000000000029,134.8000000000029,89.5,224.3000000000029,199.99285714285568
2026-04-05 14:00:00,66861.4,66937.1,66766.6,66893.1,144466.87,1444.6687,96615611.90163,1,170.5,75.60000000000582,94.89999999999418,170.5,200.3571428571408
2026-04-05 15:00:00,66893.2,67846.1,66800.1,67281.0,971872.73,9718.7273,655016236.18993,1,1046.0,953.0,93.0,1046.0,263.94285714285485
2026-04-05 16:00:00,67281.0,67386.0,67146.9,67187.3,217630.12,2176.3012,146426191.71594,1,239.10000000000582,105.0,134.10000000000582,239.10000000000582,262.19285714285485
2026-04-05 17:00:00,67187.3,67382.5,67160.0,67349.7,125668.09,1256.6809,84549977.63643,1,222.5,195.1999999999971,27.30000000000291,222.5,270.4499999999981
2026-04-05 18:00:00,67349.8,67433.8,67246.4,67387.5,105752.45,1057.5245,71236548.18331,1,187.40000000000873,84.10000000000582,103.30000000000291,187.40000000000873,275.7571428571412
2026-04-05 19:00:00,67387.6,67537.5,67254.7,67335.0,109854.77,1098.5477,74048918.65495,1,282.8000000000029,150.0,132.8000000000029,282.8000000000029,276.27142857142775
2026-04-05 20:00:00,67334.9,67685.9,67309.8,67630.3,133836.29,1338.3629,90411754.75846,1,376.09999999999127,350.8999999999942,25.19999999999709,376.09999999999127,278.23571428571347
2026-04-05 21:00:00,67630.3,67650.3,67381.0,67519.7,138119.72,1381.1972,93236251.42125,1,269.3000000000029,20.0,249.3000000000029,269.3000000000029,282.52142857142775
2026-04-05 22:00:00,67519.7,68347.0,67300.0,68320.8,819613.6,8196.136,556693200.72457,1,1047.0,827.3000000000029,219.6999999999971,1047.0,348.66428571428486
2026-04-05 23:00:00,68320.7,69118.0,68234.4,69008.0,974049.61,9740.4961,669890620.8335,1,883.6000000000058,797.1999999999971,86.40000000000873,883.6000000000058,398.2999999999998
2026-04-06 00:00:00,69008.0,69587.9,69005.5,69061.7,975180.86,9751.8086,675829763.41632,1,582.3999999999942,579.8999999999942,2.5,582.3999999999942,426.10714285714283
2026-04-06 01:00:00,69061.7,69118.1,68767.7,68791.6,426162.51,4261.6251,293612208.31375,1,350.40000000000873,56.40000000000873,294.0,350.40000000000873,443.08571428571514
2026-04-06 02:00:00,68791.6,69380.0,68748.0,69180.1,500225.23,5002.2523,345860550.55413,1,632.0,588.3999999999942,43.60000000000582,632.0,465.2428571428588
2026-04-06 03:00:00,69180.1,69233.5,69031.2,69099.9,190513.47,1905.1347,131682180.42522,1,202.3000000000029,53.39999999999418,148.90000000000873,202.3000000000029,463.6714285714302
2026-04-06 04:00:00,69100.0,69191.5,68948.3,69109.4,183357.21,1833.5721,126656506.09881,1,243.1999999999971,91.60000000000582,151.59999999999127,243.1999999999971,468.8642857142872
2026-04-06 05:00:00,69109.4,69213.0,69058.0,69169.3,116836.34,1168.3634,80795566.50335,1,155.0,103.60000000000582,51.39999999999418,155.0,405.22142857143
2026-04-06 06:00:00,69169.3,69327.7,68736.9,68948.0,566935.45,5669.3545,390967511.59899,1,590.8000000000029,158.39999999999418,432.40000000000873,590.8000000000029,430.3428571428584
2026-04-06 07:00:00,68948.1,69179.5,68782.8,69074.8,223688.6,2236.886,154320336.60236,1,396.6999999999971,231.5,165.1999999999971,396.6999999999971,442.7857142857153
2026-04-06 08:00:00,69074.8,69318.0,69040.6,69180.0,206725.75,2067.2575,143023757.62553,1,277.3999999999942,243.1999999999971,34.19999999999709,277.3999999999942,449.2142857142857
2026-04-06 09:00:00,69180.0,70276.8,69169.8,69700.1,1274859.2,12748.592,889850090.56249,1,1107.0,1096.800000000003,10.19999999999709,1107.0,508.08571428571406
2026-04-06 10:00:00,69700.1,69952.0,69678.0,69749.9,293689.73,2936.8973,204936615.0794,1,274.0,251.89999999999418,22.10000000000582,274.0,500.79285714285754
2026-04-06 11:00:00,69749.9,69749.9,69536.9,69592.5,212896.61,2128.9661,148235440.87865,1,213.0,0.0,213.0,213.0,496.77142857142877
2026-04-06 12:00:00,69592.4,69615.0,69302.0,69349.5,352163.08,3521.6308,244576094.51989,1,313.0,22.5,290.5,313.0,444.3428571428573
2026-04-06 13:00:00,69349.6,69532.8,69201.0,69405.1,443824.1,4438.241,307861844.2337,1,331.8000000000029,183.3000000000029,148.5,331.8000000000029,404.92857142857144
2026-04-06 14:00:00,69405.0,69798.8,69130.0,69618.7,748518.68,7485.1868,519938869.46091,1,668.8000000000029,393.6999999999971,275.1000000000058,668.8000000000029,411.10000000000065
2026-04-06 15:00:00,69618.7,69935.0,69486.3,69923.0,472412.53,4724.1253,329358322.57106,1,448.6999999999971,316.3000000000029,132.39999999999418,448.6999999999971,418.12142857142834
2026-04-06 16:00:00,69923.0,70322.8,69734.9,69750.1,623068.77,6230.6877,436044296.74444,1,587.9000000000087,399.8000000000029,188.10000000000582,587.9000000000087,414.971428571429
2026-04-06 17:00:00,69750.2,69777.9,69225.0,69530.9,553613.03,5536.1303,384629386.90854,1,552.8999999999942,27.79999999998836,525.1000000000058,552.8999999999942,440.0142857142855
2026-04-06 18:00:00,69531.0,69933.3,69434.6,69849.9,326380.24,3263.8024,227579021.61953,1,498.6999999999971,402.40000000000873,96.29999999998836,498.6999999999971,458.2642857142855
2026-04-06 19:00:00,69850.0,69864.7,69536.9,69699.8,170336.82,1703.3682,118742325.49335,1,327.8000000000029,14.80000000000291,313.0,327.8000000000029,470.60714285714283
2026-04-06 20:00:00,69699.8,69947.5,69584.2,69782.2,125246.37,1252.4637,87408921.9394,1,363.3000000000029,247.6999999999971,115.60000000000582,363.3000000000029,454.35714285714283
2026-04-06 21:00:00,69782.1,69786.9,69380.2,69473.0,148026.03,1480.2603,102982414.71244,1,406.6999999999971,4.69999999999709,402.0,406.6999999999971,455.07142857142856
2026-04-06 22:00:00,69472.9,69545.5,68765.0,68768.0,426779.65,4267.7965,294889348.68099,1,780.5,72.5,708.0,780.5,491.00714285714326
2026-04-06 23:00:00,68768.1,68887.7,68269.0,68812.9,704064.14,7040.6414,483015364.26414,1,618.6999999999971,119.69999999999709,499.0,618.6999999999971,456.12857142857166
2026-04-07 00:00:00,68812.9,69100.6,68690.0,68743.8,341059.62,3410.5962,234885770.71246,1,410.6000000000058,287.70000000001164,122.89999999999418,410.6000000000058,465.8857142857149
2026-04-07 01:00:00,68743.7,68868.7,68300.1,68368.1,420082.72,4200.8272,288127776.55244,1,568.5999999999913,124.89999999999418,443.6999999999971,568.5999999999913,491.2857142857143
2026-04-07 02:00:00,68368.0,68685.1,68233.5,68636.9,301861.86,3018.6186,206688742.99946,1,451.6000000000058,317.0,134.60000000000582,451.6000000000058,501.1857142857147
2026-04-07 03:00:00,68636.9,68773.3,68589.2,68745.2,160054.22,1600.5422,109966246.86858,1,184.10000000000582,136.40000000000873,47.69999999999709,184.10000000000582,490.6357142857149
2026-04-07 04:00:00,68745.1,68958.8,68510.7,68814.9,236617.57,2366.1757,162679800.33323,1,448.1000000000058,213.60000000000582,234.5,448.1000000000058,474.8714285714294
2026-04-07 05:00:00,68814.9,68843.2,68588.0,68632.1,155707.66,1557.0766,106970033.48545,1,255.1999999999971,28.30000000000291,226.89999999999418,255.1999999999971,461.0500000000008
2026-04-07 06:00:00,68632.0,68632.1,68408.4,68546.2,192484.23,1924.8423,131876715.41231,1,223.70000000001164,0.0,223.70000000001164,223.70000000001164,435.0357142857153
2026-04-07 07:00:00,68546.2,68690.4,68470.7,68585.4,125295.79,1252.9579,85928201.44209,1,219.6999999999971,144.1999999999971,75.5,219.6999999999971,411.2357142857155
2026-04-07 08:00:00,68585.3,68955.0,68566.1,68907.8,301028.4,3010.284,207111309.93928,1,388.8999999999942,369.6000000000058,19.29999999998836,388.8999999999942,403.3928571428582
2026-04-07 09:00:00,68907.8,69217.7,68888.8,69106.4,399282.25,3992.8225,275809512.15691,1,328.8999999999942,309.8999999999942,19.0,328.8999999999942,403.471428571429
2026-04-07 10:00:00,69106.4,69165.1,68155.0,68199.3,853110.26,8531.1026,584936448.27054,1,1010.1000000000058,58.70000000001164,951.3999999999942,1010.1000000000058,449.6714285714292
2026-04-07 11:00:00,68199.3,68421.0,68006.4,68308.1,551985.44,5519.8544,376702301.63457,1,414.6000000000058,221.6999999999971,192.90000000000873,414.6000000000058,450.2357142857155
2026-04-07 12:00:00,68308.1,68583.2,68044.2,68368.6,448506.21,4485.0621,306254855.66068,1,539.0,275.09999999999127,263.90000000000873,539.0,432.9857142857155
2026-04-07 13:00:00,68368.6,68613.8,68167.9,68205.1,415645.13,4156.4513,284342187.82269,1,445.90000000000873,245.1999999999971,200.70000000001164,445.90000000000873,420.6428571428592
2026-04-07 14:00:00,68205.0,68230.0,67721.1,67828.9,779549.92,7795.4992,529820938.3201,1,508.8999999999942,24.89999999999418,484.0,508.8999999999942,427.66428571428696
2026-04-07 15:00:00,67829.0,68248.0,67680.2,68138.7,502577.25,5025.7725,341708921.49794,1,567.8000000000029,419.1000000000058,148.6999999999971,567.8000000000029,427.60714285714494
2026-04-07 16:00:00,68138.6,68426.6,68050.0,68208.2,348103.78,3481.0378,237538073.40817,1,376.6000000000058,287.90000000000873,88.69999999999709,376.6000000000058,422.2500000000021
2026-04-07 17:00:00,68208.3,68979.5,68153.2,68669.9,563301.99,5633.0199,386401495.58605,1,826.3000000000029,771.3000000000029,55.0,826.3000000000029,468.12142857143044
2026-04-07 18:00:00,68670.0,68745.3,68313.7,68413.3,318341.62,3183.4162,218158767.99178,1,431.6000000000058,75.40000000000873,356.1999999999971,431.6000000000058,466.942857142859
2026-04-07 19:00:00,68413.4,69058.8,68325.0,68975.6,486811.94,4868.1194,334496240.84127,1,733.8000000000029,645.5,88.30000000000291,733.8000000000029,501.1285714285737
2026-04-07 20:00:00,68975.6,69520.0,68975.6,69280.5,551634.68,5516.3468,382273047.8873,1,544.3999999999942,544.3999999999942,0.0,544.3999999999942,524.0357142857154
2026-04-07 21:00:00,69280.4,70186.1,69268.5,69898.0,823863.54,8238.6354,575088809.34617,1,917.6000000000058,905.6000000000058,12.0,917.6000000000058,573.885714285716
2026-04-07 22:00:00,69898.1,71500.0,69898.1,71479.0,1690012.17,16900.1217,1195825528.60988,1,1601.8999999999942,1602.0,0.10000000000582077,1602.0,660.5357142857164
2026-04-07 23:00:00,71479.0,72773.9,71154.1,71904.6,2312753.62,23127.5362,1665478344.69366,1,1619.7999999999884,1294.8999999999942,324.8999999999942,1619.7999999999884,752.7428571428588
2026-04-08 00:00:00,71904.7,72101.7,71518.4,71696.0,633394.12,6333.9412,455001352.63357,1,583.3000000000029,197.09999999999127,386.20000000001164,583.3000000000029,722.2571428571443
2026-04-08 01:00:00,71696.0,71749.8,71430.0,71467.6,288307.36,2883.0736,206282324.60658,1,319.8000000000029,53.80000000000291,266.0,319.8000000000029,715.4857142857155
2026-04-08 02:00:00,71467.6,71711.9,71219.3,71350.0,371225.33,3712.2533,265172765.37185,1,492.59999999999127,244.29999999998836,248.3000000000029,492.59999999999127,712.1714285714291
2026-04-08 03:00:00,71350.0,71500.0,71258.6,71280.1,187186.86,1871.8686,133586732.20163,1,241.39999999999418,150.0,91.39999999999418,241.39999999999418,697.5642857142853
2026-04-08 04:00:00,71280.0,71677.6,71279.0,71551.5,339104.96,3391.0496,242547094.14751,1,398.6000000000058,397.5,1.1000000000058208,398.6000000000058,689.6857142857147
2026-04-08 05:00:00,71551.5,71830.4,71535.2,71715.0,232507.53,2325.0753,166683644.73031,1,295.1999999999971,278.8999999999942,16.30000000000291,295.1999999999971,670.2142857142857
2026-04-08 06:00:00,71715.0,71935.0,71566.1,71719.9,342326.3,3423.263,245722129.39767,1,368.8999999999942,220.0,148.89999999999418,368.8999999999942,669.6642857142849
2026-04-08 07:00:00,71720.0,71894.2,71567.7,71624.2,261742.97,2617.4297,187652307.15153,1,326.5,174.3000000000029,152.1999999999971,326.5,633.9642857142846
2026-04-08 08:00:00,71624.2,71819.7,71624.2,71790.0,221112.34,2211.1234,158593862.34922,1,195.5,195.5,0.0,195.5,617.0999999999985
2026-04-08 09:00:00,71790.0,71965.1,71575.0,71672.0,236306.84,2363.0684,169618754.97526,1,390.1000000000058,175.10000000000582,215.0,390.1000000000058,592.5499999999987
2026-04-08 10:00:00,71672.1,71780.0,71443.2,71462.4,162840.32,1628.4032,116546244.6666,1,336.8000000000029,108.0,228.8000000000029,336.8000000000029,577.721428571428
2026-04-08 11:00:00,71462.3,71713.0,71388.0,71661.3,259645.31,2596.4531,185822382.11315,1,325.0,250.60000000000582,74.39999999999418,325.0,535.3928571428561
2026-04-08 12:00:00,71661.4,72156.0,71555.0,72036.2,499259.86,4992.5986,358847117.00022,1,601.0,494.6999999999971,106.30000000000291,601.0,463.8928571428561
2026-04-08 13:00:00,72036.3,72876.5,71477.0,71567.4,1934027.83,19340.2783,1396642865.9497,1,1399.5,840.3000000000029,559.1999999999971,1399.5,448.1571428571427
2026-04-08 14:00:00,71567.4,71724.5,70670.0,70886.9,1013159.79,10131.5979,720927796.32293,1,1054.5,157.10000000000582,897.3999999999942,1054.5,481.8142857142853
2026-04-08 15:00:00,70887.0,71315.1,70797.9,71265.3,548745.44,5487.4544,390158438.5214,1,517.2000000000116,428.20000000001164,89.0,517.2000000000116,495.91428571428594
2026-04-08 16:00:00,71265.3,71700.0,71210.9,71561.3,456095.81,4560.9581,325688317.64244,1,489.1000000000058,434.6999999999971,54.40000000000873,489.1000000000058,495.66428571428696
2026-04-08 17:00:00,71561.4,71929.9,71440.9,71854.5,454160.68,4541.6068,325699029.2135,1,489.0,368.59999999999127,120.40000000000873,489.0,513.3500000000016
2026-04-08 18:00:00,71854.6,71857.4,71054.2,71073.6,491677.45,4916.7745,351215193.89809,1,803.1999999999971,2.8999999999941792,800.3000000000029,803.1999999999971,542.250000000001
2026-04-08 19:00:00,71073.6,71346.6,70983.5,71294.0,215596.79,2155.9679,153454637.51386,1,363.1000000000058,273.0,90.10000000000582,363.1000000000058,547.1000000000016
2026-04-08 20:00:00,71294.0,71457.6,71252.3,71350.5,138296.19,1382.9619,98698173.86722,1,205.3000000000029,163.60000000000582,41.69999999999709,205.3000000000029,535.414285714288
2026-04-08 21:00:00,71350.6,71718.8,71300.0,71519.9,138909.55,1389.0955,99398753.31145,1,418.8000000000029,368.3000000000029,50.5,418.8000000000029,542.0071428571454
2026-04-08 22:00:00,71520.0,71546.7,71024.4,71027.8,184421.78,1844.2178,131392720.39528,1,522.3000000000029,26.80000000000291,495.5,522.3000000000029,565.3500000000028
2026-04-08 23:00:00,71027.7,71179.0,70863.5,71041.7,223538.16,2235.3816,158702085.02345,1,315.5,151.1999999999971,164.3000000000029,315.5,560.0214285714309
2026-04-09 00:00:00,71041.8,71109.4,70606.0,70780.0,303881.52,3038.8152,215195791.45828,1,503.3999999999942,67.69999999999709,435.6999999999971,503.3999999999942,571.9214285714303
2026-04-09 01:00:00,70780.0,70929.9,70422.0,70892.7,457527.62,4575.2762,323252625.59631,1,507.8999999999942,149.89999999999418,358.0,507.8999999999942,584.9857142857155
2026-04-09 02:00:00,70892.6,71170.0,70774.4,71026.9,278409.9,2784.099,197614645.91569,1,395.6000000000058,277.3000000000029,118.30000000000291,395.6000000000058,570.3142857142874
2026-04-09 03:00:00,71026.9,71087.9,70810.1,70965.7,172019.18,1720.1918,122024619.29046,1,277.79999999998836,61.0,216.79999999998836,277.79999999998836,490.192857142858
2026-04-09 04:00:00,70965.7,70985.0,70680.0,70757.0,167374.72,1673.7472,118545968.74111,1,305.0,19.30000000000291,285.6999999999971,305.0,436.6571428571437
2026-04-09 05:00:00,70757.0,71071.3,70660.7,70959.7,185833.32,1858.3332,131766794.34327,1,410.6000000000058,314.3000000000029,96.30000000000291,410.6000000000058,429.04285714285754
2026-04-09 06:00:00,70959.7,71067.1,70778.6,70994.1,181544.33,1815.4433,128773687.88106,1,288.5,107.40000000000873,181.09999999999127,288.5,414.7142857142857
2026-04-09 07:00:00,70994.1,71086.2,70921.2,70953.8,152002.62,1520.0262,107907149.76247,1,165.0,92.09999999999127,72.90000000000873,165.0,391.57142857142856
2026-04-09 08:00:00,70953.8,71358.3,70831.5,71225.8,378204.47,3782.0447,268995567.94153,1,526.8000000000029,404.5,122.30000000000291,526.8000000000029,371.8285714285718
2026-04-09 09:00:00,71225.8,71548.0,71079.2,71502.5,444617.99,4446.1799,317157756.63911,1,468.8000000000029,322.1999999999971,146.60000000000582,468.8000000000029,379.37857142857166
2026-04-09 10:00:00,71502.6,71505.9,71246.4,71246.5,165749.53,1657.4953,118329192.97041,1,259.5,3.3999999999941792,256.1000000000058,259.5,383.25
2026-04-09 11:00:00,71246.5,71325.0,71020.1,71124.5,253712.65,2537.1265,180528633.09823,1,304.8999999999942,78.5,226.39999999999418,304.8999999999942,375.1142857142851
2026-04-09 12:00:00,71124.5,71316.6,71013.0,71263.6,233998.3,2339.983,166544723.951,1,303.6000000000058,192.10000000000582,111.5,303.6000000000058,359.49285714285674
2026-04-09 13:00:00,71263.7,71337.6,70609.5,70779.8,599273.37,5992.7337,424848894.53782,1,728.1000000000058,74.0,654.1000000000058,728.1000000000058,388.9642857142857
2026-04-09 14:00:00,70779.8,71228.0,70505.0,71090.7,695093.9,6950.939,492516714.0204,1,723.0,448.1999999999971,274.8000000000029,723.0,404.65000000000043
2026-04-09 15:00:00,71090.8,72333.7,70900.0,72105.7,1447394.89,14473.9489,1038881477.35316,1,1433.699999999997,1243.0,190.6999999999971,1433.699999999997,470.77857142857204
2026-04-09 16:00:00,72105.6,72379.3,71666.7,72047.5,839697.96,8396.9796,604978217.47558,1,712.6000000000058,273.6000000000058,439.0,712.6000000000058,493.4214285714292
2026-04-09 17:00:00,72047.6,72518.3,72037.2,72308.6,708292.04,7082.9204,512308837.76113,1,481.1000000000058,470.8000000000029,10.30000000000291,481.1000000000058,507.942857142859
2026-04-09 18:00:00,72308.6,72341.7,71708.5,71858.3,403241.97,4032.4197,289975599.45173,1,633.1999999999971,33.09999999999127,600.1000000000058,633.1999999999971,531.385714285716
2026-04-09 19:00:00,71858.2,72270.0,71718.0,72060.7,331870.79,3318.7079,238966812.87773,1,552.0,411.6999999999971,140.3000000000029,552.0,541.4857142857155
2026-04-09 20:00:00,72060.7,72418.5,71929.1,72374.8,193540.6,1935.406,139784909.5515,1,489.3999999999942,357.8000000000029,131.59999999999127,489.3999999999942,555.8357142857151
2026-04-09 21:00:00,72374.8,72676.0,72107.1,72226.5,279496.94,2794.9694,202260842.01316,1,568.8999999999942,301.1999999999971,267.6999999999971,568.8999999999942,584.6857142857147
2026-04-09 22:00:00,72226.5,73146.1,71911.1,71911.2,776714.58,7767.1458,564052537.02616,1,1235.0,919.6000000000058,315.3999999999942,1235.0,635.2714285714288
2026-04-09 23:00:00,71911.1,71995.1,71541.9,71759.0,507415.11,5074.1511,364148307.6448,1,453.20000000001164,83.90000000000873,369.3000000000029,453.20000000001164,634.1571428571436
2026-04-10 00:00:00,71759.1,72020.3,71543.0,71945.6,334171.79,3341.7179,239908445.02745,1,477.3000000000029,261.3000000000029,216.0,477.3000000000029,649.7142857142868
2026-04-10 01:00:00,71945.7,72355.4,71632.7,72133.4,437285.52,4372.8552,315279975.68267,1,722.6999999999971,409.79999999998836,312.90000000000873,722.6999999999971,679.5571428571441
2026-04-10 02:00:00,72133.3,72264.5,71868.8,71924.9,222835.48,2228.3548,160610061.9063,1,395.6999999999971,131.10000000000582,264.59999999999127,395.6999999999971,686.1357142857149
2026-04-10 03:00:00,71924.9,71999.9,71780.0,71838.2,164980.84,1649.8084,118577104.3559,1,219.89999999999418,75.0,144.89999999999418,219.89999999999418,649.8357142857141
2026-04-10 04:00:00,71838.3,72194.6,71784.1,72086.8,206026.15,2060.2615,148205045.16388,1,410.5,356.40000000000873,54.09999999999127,410.5,627.5142857142855
2026-04-10 05:00:00,72086.9,72258.0,71960.4,72097.0,169317.58,1693.1758,122117392.92252,1,297.6000000000058,171.1999999999971,126.40000000000873,297.6000000000058,546.3642857142861
2026-04-10 06:00:00,72096.9,72150.0,71754.6,71777.0,168118.79,1681.1879,120916194.68358,1,395.3999999999942,53.0,342.3999999999942,395.3999999999942,523.7071428571425
2026-04-10 07:00:00,71777.0,71819.5,71404.1,71463.5,418943.43,4189.4343,300091873.80868,1,415.3999999999942,42.5,372.8999999999942,415.3999999999942,519.0142857142845
2026-04-10 08:00:00,71463.5,71730.0,71388.9,71581.2,377281.92,3772.8192,270006426.76677,1,341.1000000000058,266.5,74.60000000000582,341.1000000000058,498.14999999999935
2026-04-10 09:00:00,71581.1,71846.9,71560.5,71748.1,195568.74,1955.6874,140289346.83774,1,286.3999999999942,265.6999999999971,20.69999999999709,286.3999999999942,479.17857142857036
2026-04-10 10:00:00,71748.1,71896.3,71667.6,71863.2,161443.35,1614.4335,115888631.6847,1,228.6999999999971,148.1999999999971,80.5,228.6999999999971,460.557142857142
2026-04-10 11:00:00,71863.1,72222.0,71858.4,72084.8,365823.26,3658.2326,263748774.63914,1,363.6000000000058,358.8000000000029,4.80000000000291,363.6000000000058,445.89285714285717
2026-04-10 12:00:00,72084.7,72420.0,71960.0,72220.0,621306.45,6213.0645,448599083.25846,1,460.0,335.1999999999971,124.80000000000291,460.0,390.5357142857143
2026-04-10 13:00:00,72220.0,72381.0,71868.8,72289.0,589488.13,5894.8813,425111651.2257,1,512.1999999999971,161.0,351.1999999999971,512.1999999999971,394.749999999999
2026-04-10 14:00:00,72289.0,73125.5,72215.2,72878.5,1308279.65,13082.7965,951996825.08801,1,910.3000000000029,836.5,73.80000000000291,910.3000000000029,425.67857142857036
2026-04-10 15:00:00,72878.6,73288.0,72285.8,72418.3,770351.82,7703.5182,560859472.62007,1,1002.1999999999971,409.5,592.6999999999971,1002.1999999999971,445.6428571428561
2026-04-10 16:00:00,72418.2,73056.7,72348.4,72965.8,538770.61,5387.7061,391839303.33444,1,708.3000000000029,638.3999999999942,69.90000000000873,708.3000000000029,467.97142857142796
2026-04-10 17:00:00,72965.8,73123.0,72768.1,73092.0,250899.77,2508.9977,182996934.3725,1,354.8999999999942,157.1999999999971,197.6999999999971,354.8999999999942,477.6142857142851
2026-04-10 18:00:00,73091.9,73149.5,72840.0,73071.1,193789.77,1937.8977,141421643.14072,1,309.5,57.5,252.0,309.5,470.39999999999935
2026-04-10 19:00:00,73071.2,73248.8,72863.8,73194.0,220556.58,2205.5658,161146731.42696,1,385.0,177.6999999999971,207.3000000000029,385.0,476.6428571428561
2026-04-10 20:00:00,73194.5,73452.3,73012.8,73321.2,319830.31,3198.3031,234247968.07323,1,439.5,258.3000000000029,181.1999999999971,439.5,479.7928571428565
2026-04-10 21:00:00,73321.3,73321.3,72900.0,73163.0,147295.39,1472.9539,107652107.73626,1,421.3000000000029,0.10000000000582077,421.1999999999971,421.3000000000029,480.2142857142857
2026-04-10 22:00:00,73162.9,73220.0,72678.5,72840.8,239777.72,2397.7772,174923904.80719,1,541.5,57.0,484.5,541.5,494.528571428571
2026-04-10 23:00:00,72840.8,72933.3,72746.0,72925.8,99300.94,993.0094,72334898.99783,1,187.3000000000029,92.5,94.80000000000291,187.3000000000029,487.4500000000002
2026-04-11 00:00:00,72925.7,72925.8,72750.0,72799.2,102403.81,1024.0381,74575986.45651,1,175.8000000000029,0.0,175.8000000000029,175.8000000000029,483.6714285714292
2026-04-11 01:00:00,72799.3,72975.0,72616.7,72927.5,139871.05,1398.7105,101809247.30231,1,358.3000000000029,175.8000000000029,182.5,358.3000000000029,483.29285714285754
2026-04-11 02:00:00,72927.5,73073.8,72868.1,72928.8,143405.49,1434.0549,104632164.5792,1,205.6999999999971,146.3000000000029,59.39999999999418,205.6999999999971,465.12857142857166
2026-04-11 03:00:00,72928.8,73047.2,72785.8,72836.9,108653.64,1086.5364,79241778.45058,1,261.3999999999942,118.39999999999418,143.0,261.3999999999942,447.2142857142857
2026-04-11 04:00:00,72837.0,72925.2,72650.6,72781.1,149800.48,1498.0048,108998972.79047,1,274.59999999999127,88.30000000000291,186.29999999998836,274.59999999999127,401.807142857142
2026-04-11 05:00:00,72781.2,72812.0,72642.8,72696.4,99069.34,990.6934,72051520.32814,1,169.1999999999971,30.89999999999418,138.3000000000029,169.1999999999971,342.307142857142
2026-04-11 06:00:00,72696.3,72755.1,72570.3,72738.9,119441.57,1194.4157,86783444.4426,1,184.8000000000029,58.70000000001164,126.09999999999127,184.8000000000029,304.91428571428486
2026-04-11 07:00:00,72739.0,72809.7,72633.6,72719.7,112411.22,1124.1122,81758530.57577,1,176.09999999999127,70.80000000000291,105.29999999998836,176.09999999999127,292.1428571428561
2026-04-11 08:00:00,72719.8,72779.9,72601.0,72636.3,94421.28,944.2128,68641588.309,1,178.89999999999418,60.19999999999709,118.69999999999709,178.89999999999418,282.81428571428427
2026-04-11 09:00:00,72636.3,72884.0,72600.0,72875.2,183876.84,1838.7684,133810682.96345,1,284.0,247.6999999999971,36.30000000000291,284.0,275.59999999999854
2026-04-11 10:00:00,72875.1,72898.4,72728.0,72811.2,120527.89,1205.2789,87744455.79562,1,170.39999999999418,23.19999999999709,147.1999999999971,170.39999999999418,256.37857142856956
2026-04-11 11:00:00,72811.2,72896.0,72787.0,72883.8,77161.34,771.6134,56201338.81336,1,109.0,84.80000000000291,24.19999999999709,109.0,234.07142857142648
2026-04-11 12:00:00,72883.7,72956.5,72787.0,72900.0,128447.29,1284.4729,93618257.43802,1,169.5,72.69999999999709,96.80000000000291,169.5,207.49999999999793
2026-04-11 13:00:00,72900.0,72900.0,72480.4,72628.1,334889.39,3348.8939,243270808.93786,1,419.6000000000058,0.0,419.6000000000058,419.6000000000058,224.09285714285528
2026-04-11 14:00:00,72628.2,72749.4,72578.0,72669.3,106063.24,1060.6324,77069394.53086,1,171.39999999999418,121.29999999998836,50.10000000000582,171.39999999999418,223.77857142856894
2026-04-11 15:00:00,72669.3,72874.1,72648.6,72826.6,162324.12,1623.2412,118098956.68574,1,225.5,204.8000000000029,20.69999999999709,225.5,214.29285714285444
2026-04-11 16:00:00,72826.5,73200.0,72790.0,73000.4,301061.86,3010.6186,219801105.67473,1,410.0,373.3999999999942,36.60000000000582,410.0,228.8857142857118
2026-04-11 17:00:00,73000.4,73142.0,72903.0,73060.3,140491.03,1404.9103,102598708.79648,1,239.0,141.60000000000582,97.39999999999418,239.0,227.2857142857122
2026-04-11 18:00:00,73060.4,73748.5,73002.8,73527.3,546266.16,5462.6616,401260784.16565,1,745.6999999999971,688.1999999999971,57.5,745.6999999999971,260.9357142857126
2026-04-11 19:00:00,73527.4,73799.1,73433.8,73659.6,319181.24,3191.8124,234993986.71088,1,365.3000000000029,271.8000000000029,93.5,365.3000000000029,274.94285714285587
2026-04-11 20:00:00,73659.6,73670.7,73201.6,73274.8,208809.91,2088.0991,153231108.35394,1,469.09999999999127,11.099999999991269,458.0,469.09999999999127,295.2499999999979
2026-04-11 21:00:00,73274.8,73530.4,73166.0,73406.3,134447.91,1344.4791,98649048.27641,1,364.3999999999942,255.59999999999127,108.80000000000291,364.3999999999942,308.6999999999981
2026-04-11 22:00:00,73406.2,73546.3,73210.8,73341.1,128116.76,1281.1676,93973982.71454,1,335.5,140.0,195.5,335.5,319.8857142857128
2026-04-11 23:00:00,73341.1,73341.2,72864.0,73014.7,239979.75,2399.7975,175274179.95955,1,477.1999999999971,0.09999999999126885,477.1000000000058,477.1999999999971,333.6857142857126
2026-04-12 00:00:00,73014.7,73088.0,72823.4,73049.8,157857.11,1578.5711,115218288.04918,1,264.6000000000058,73.30000000000291,191.3000000000029,264.6000000000058,340.41428571428486
2026-04-12 01:00:00,73049.9,73107.1,71270.2,71610.0,1246856.37,12468.5637,897300002.47611,1,1836.9000000000087,57.30000000000291,1779.6000000000058,1836.9000000000087,463.83571428571406
2026-04-12 02:00:00,71609.9,71934.7,71310.5,71725.8,523885.87,5238.8587,375690217.73381,1,624.1999999999971,324.6999999999971,299.5,624.1999999999971,496.3142857142853
2026-04-12 03:00:00,71725.8,71829.5,71557.0,71557.7,262524.52,2625.2452,188115814.79246,1,272.5,103.69999999999709,168.8000000000029,272.5,485.807142857142
2026-04-12 04:00:00,71557.6,71650.0,71411.0,71437.9,205248.84,2052.4884,146781381.90611,1,239.0,92.30000000000291,146.6999999999971,239.0,490.63571428571385
2026-04-12 05:00:00,71437.9,71750.0,71380.0,71664.1,220222.19,2202.2219,157637777.13503,1,370.0,312.1000000000058,57.89999999999418,370.0,500.95714285714246
2026-04-12 06:00:00,71664.2,71726.5,71600.0,71617.1,103361.43,1033.6143,74065925.80728,1,126.5,62.39999999999418,64.10000000000582,126.5,480.70714285714246
2026-04-12 07:00:00,71617.0,71720.0,71541.1,71635.9,126279.6,1262.796,90464864.66363,1,178.89999999999418,102.89999999999418,76.0,178.89999999999418,476.41428571428486
2026-04-12 08:00:00,71635.9,71772.0,71553.4,71591.5,162766.43,1627.6643,116613298.42716,1,218.60000000000582,136.10000000000582,82.5,218.60000000000582,438.7642857142855
2026-04-12 09:00:00,71591.4,71607.4,71480.9,71507.4,118292.85,1182.9285,84628903.49087,1,126.5,15.89999999999418,110.60000000000582,126.5,421.70714285714246
2026-04-12 10:00:00,71507.3,71655.0,71323.0,71425.0,184950.54,1849.5054,132207454.15137,1,332.0,147.60000000000582,184.39999999999418,332.0,411.91428571428594
2026-04-12 11:00:00,71425.0,71519.7,71387.8,71441.4,113648.42,1136.4842,81190576.1014,1,131.89999999999418,94.69999999999709,37.19999999999709,131.89999999999418,395.30714285714305
2026-04-12 12:00:00,71441.3,71477.7,71027.0,71053.9,442302.2,4423.022,315066360.28671,1,450.6999999999971,36.30000000000291,414.3999999999942,450.6999999999971,403.5357142857143
2026-04-12 13:00:00,71053.9,71121.4,70830.4,70861.6,506772.24,5067.7224,359649291.91216,1,291.0,67.5,223.5,291.0,390.2357142857145
2026-04-12 14:00:00,70861.6,71076.2,70660.7,70721.9,382967.88,3829.6788,271341182.06189,1,415.5,214.59999999999127,200.90000000000873,415.5,401.0142857142855
2026-04-12 15:00:00,70722.0,70917.0,70570.0,70869.5,306455.25,3064.5525,216879231.09811,1,347.0,195.10000000000582,151.89999999999418,347.0,294.5928571428563
2026-04-12 16:00:00,70869.5,70934.6,70778.0,70900.1,140240.65,1402.4065,99389618.92979,1,156.60000000000582,65.10000000000582,91.5,156.60000000000582,261.19285714285695
2026-04-12 17:00:00,70900.1,71175.9,70866.0,71120.2,238923.09,2389.2309,169674562.41395,1,309.8999999999942,275.79999999998836,34.10000000000582,309.8999999999942,263.8642857142851
2026-04-12 18:00:00,71120.3,71187.5,71026.0,71094.8,115313.21,1153.1321,81988156.91687,1,161.5,67.30000000000291,94.19999999999709,161.5,258.3285714285708
2026-04-12 19:00:00,71094.9,71189.2,71040.2,71060.7,61568.62,615.6862,43780711.49682,1,149.0,94.39999999999418,54.60000000000582,149.0,242.54285714285652
2026-04-12 20:00:00,71060.7,71410.9,70921.0,71302.0,167910.28,1679.1028,119529875.77836,1,489.8999999999942,350.1999999999971,139.6999999999971,489.8999999999942,268.499999999999
2026-04-12 21:00:00,71301.9,71425.2,71132.2,71325.6,106979.16,1069.7916,76243320.08732,1,293.0,123.19999999999709,169.8000000000029,293.0,276.64999999999935
2026-04-12 22:00:00,71325.6,71333.0,70456.0,70875.9,597544.04,5975.4404,422914272.39008,1,877.0,7.399999999994179,869.6000000000058,877.0,323.67857142857036
2026-04-12 23:00:00,70875.8,70882.5,70530.1,70707.9,222212.96,2222.1296,157035360.09765,1,352.3999999999942,6.600000000005821,345.79999999998836,352.3999999999942,339.81428571428427
2026-04-13 00:00:00,70707.9,71273.1,70580.0,71140.0,340865.55,3408.6555,241914345.52757,1,693.1000000000058,565.2000000000116,127.89999999999418,693.1000000000058,365.6071428571418
2026-04-13 01:00:00,71140.0,71200.0,71008.0,71166.1,237698.95,2376.9895,169023162.49753,1,192.0,60.0,132.0,192.0,369.89999999999935
2026-04-13 02:00:00,71166.1,71255.0,70955.6,71059.9,214234.6,2142.346,152317584.68301,1,299.3999999999942,88.89999999999418,210.5,299.3999999999942,359.0928571428563
2026-04-13 03:00:00,71059.9,71134.8,70883.4,70950.1,164255.36,1642.5536,116619451.59875,1,251.40000000000873,74.90000000000873,176.5,251.40000000000873,356.2642857142855
2026-04-13 04:00:00,70950.2,71120.0,70821.7,70868.4,155198.98,1551.9898,110150447.28165,1,298.3000000000029,169.89999999999418,128.40000000000873,298.3000000000029,347.89285714285717
2026-04-13 05:00:00,70868.5,70893.5,70637.2,70858.2,189388.53,1893.8853,134074918.5197,1,256.3000000000029,25.10000000000582,231.1999999999971,256.3000000000029,341.41428571428594
2026-04-13 06:00:00,70858.1,71073.7,70853.4,70999.3,156050.76,1560.5076,110780543.32543,1,220.3000000000029,215.5,4.80000000000291,220.3000000000029,345.9642857142857
2026-04-13 07:00:00,70999.6,71046.1,70660.0,70796.5,216947.48,2169.4748,153566448.70596,1,386.1000000000058,46.80000000000291,339.3000000000029,386.1000000000058,351.4071428571437
2026-04-13 08:00:00,70796.5,70842.5,70542.1,70657.2,207263.03,2072.6303,146474920.88604,1,300.3999999999942,46.0,254.39999999999418,300.3999999999942,361.3285714285718
2026-04-13 09:00:00,70657.1,70889.9,70643.9,70766.4,189097.2,1890.972,133808067.35388,1,246.0,232.6999999999971,13.30000000000291,246.0,368.25714285714326
2026-04-13 10:00:00,70766.4,70823.6,70654.0,70728.5,107334.47,1073.3447,75942137.40966,1,169.60000000000582,57.20000000001164,112.39999999999418,169.60000000000582,345.3785714285727
2026-04-13 11:00:00,70728.6,70899.0,70710.1,70882.2,118782.56,1187.8256,84131592.62581,0,188.89999999999418,170.5,18.39999999999418,188.89999999999418,337.942857142858
2026-04-03 03:00:00,66501.2,66688.0,66457.9,66553.3,181976.27,1819.7627,121167548.8383,1,230.10000000000582,,,230.10000000000582,230.10000000000582
2026-04-03 04:00:00,66553.1,66661.8,66470.8,66578.6,125860.02,1258.6002,83784579.88409,1,191.0,108.5,82.5,191.0,210.5500000000029
2026-04-03 05:00:00,66578.7,66783.3,66380.0,66583.1,209504.42,2095.0442,139555264.5818,1,403.3000000000029,204.6999999999971,198.60000000000582,403.3000000000029,274.8000000000029
2026-04-03 06:00:00,66583.1,66775.0,66529.4,66769.0,131504.17,1315.0417,87663840.31275,1,245.60000000000582,191.89999999999418,53.70000000001164,245.60000000000582,267.50000000000364
2026-04-03 07:00:00,66769.0,67239.2,66726.2,67015.2,376802.92,3768.0292,252456136.10758,1,513.0,470.1999999999971,42.80000000000291,513.0,316.6000000000029
2026-04-03 08:00:00,67015.2,67279.3,66875.0,66941.4,308225.73,3082.2573,206718648.38998,1,404.3000000000029,264.1000000000058,140.1999999999971,404.3000000000029,331.2166666666696
2026-04-03 09:00:00,66941.3,66986.0,66720.0,66841.0,201059.66,2010.5966,134366920.66082,1,266.0,44.60000000000582,221.39999999999418,266.0,321.9000000000025
2026-04-03 10:00:00,66841.0,66869.0,66650.2,66848.2,147842.79,1478.4279,98716403.19897,1,218.8000000000029,28.0,190.8000000000029,218.8000000000029,309.01250000000255
2026-04-03 11:00:00,66848.2,67038.4,66789.4,66987.2,177255.37,1772.5537,118635733.86438,1,249.0,190.1999999999971,58.80000000000291,249.0,302.3444444444467
2026-04-03 12:00:00,66987.2,67350.0,66607.0,66697.4,573516.24,5735.1624,384169278.88932,1,743.0,362.8000000000029,380.1999999999971,743.0,346.410000000002
2026-04-03 13:00:00,66697.4,66711.0,66478.5,66646.5,324159.96,3241.5996,215902819.53301,1,232.5,13.60000000000582,218.89999999999418,232.5,336.0545454545473
2026-04-03 14:00:00,66646.5,66960.0,66595.3,66901.0,262543.52,2625.4352,175401659.5183,1,364.6999999999971,313.5,51.19999999999709,364.6999999999971,338.44166666666814
2026-04-03 15:00:00,66900.9,66999.0,66783.8,66808.0,178414.84,1784.1484,119319370.5075,1,215.1999999999971,98.0,117.19999999999709,215.1999999999971,328.9615384615396
2026-04-03 16:00:00,66808.1,67036.0,66792.9,66974.0,129155.91,1291.5591,86442680.97791,1,243.10000000000582,228.0,15.10000000000582,243.10000000000582,322.8285714285729
2026-04-03 17:00:00,66974.0,67035.0,66721.5,66808.6,155353.09,1553.5309,103860716.06802,1,313.5,61.0,252.5,313.5,328.7857142857153
2026-04-03 18:00:00,66808.5,66895.8,66745.0,66777.4,79516.68,795.1668,53133787.75361,1,150.8000000000029,87.19999999999709,63.60000000000582,150.8000000000029,325.91428571428696
2026-04-03 19:00:00,66777.4,66879.3,66737.0,66854.0,63433.5,634.335,42362580.67877,1,142.3000000000029,101.90000000000873,40.39999999999418,142.3000000000029,307.2714285714298
2026-04-03 20:00:00,66854.1,66888.9,66791.1,66791.1,39004.97,390.0497,26071370.87821,1,97.79999999998836,34.89999999999418,62.89999999999418,97.79999999998836,296.7142857142857
2026-04-03 21:00:00,66791.1,66954.7,66784.3,66928.6,56486.31,564.8631,37774066.5391,1,170.39999999999418,163.59999999999127,6.80000000000291,170.39999999999418,272.24285714285674
2026-04-03 22:00:00,66928.5,66948.4,66808.9,66855.1,51693.88,516.9388,34570490.57278,1,139.5,19.79999999998836,119.70000000001164,139.5,253.3285714285708
2026-04-03 23:00:00,66855.1,66929.0,66799.1,66929.0,57632.66,576.3266,38532329.36365,1,129.89999999999418,73.89999999999418,56.0,129.89999999999418,243.6071428571418
2026-04-04 00:00:00,66928.9,66937.4,66839.0,66868.1,51879.02,518.7902,34703037.63526,1,98.39999999999418,8.39999999999418,90.0,98.39999999999418,235.0071428571412
2026-04-04 01:00:00,66868.2,66894.4,66800.0,66824.6,75111.36,751.1136,50202146.81232,1,94.39999999999418,26.29999999998836,68.10000000000582,94.39999999999418,223.96428571428365
2026-04-04 02:00:00,66824.6,66889.5,66780.0,66816.0,48398.14,483.9814,32335319.64743,1,109.5,64.89999999999418,44.60000000000582,109.5,178.71428571428365
2026-04-04 03:00:00,66816.1,66870.0,66800.0,66800.3,44785.29,447.8529,29930361.47529,1,70.0,54.0,16.0,70.0,167.1071428571408
2026-04-04 04:00:00,66800.3,66838.0,66734.5,66828.2,59166.63,591.6663,39524777.34343,1,103.5,37.69999999999709,65.80000000000291,103.5,148.44999999999814
2026-04-04 05:00:00,66828.3,66900.0,66808.2,66875.3,76550.72,765.5072,51180216.63998,1,91.80000000000291,71.80000000000291,20.0,91.80000000000291,139.63571428571282
2026-04-04 06:00:00,66875.3,67013.4,66870.2,66973.6,103931.11,1039.3111,69571037.36819,1,143.1999999999971,138.09999999999127,5.100000000005821,143.1999999999971,132.49999999999793
2026-04-04 07:00:00,66973.6,67011.6,66896.6,66980.0,110511.34,1105.1134,73988819.92675,1,115.0,38.0,77.0,115.0,118.3214285714265
2026-04-04 08:00:00,66980.0,67048.9,66873.9,66908.5,135863.29,1358.6329,90990381.27264,1,175.0,68.89999999999418,106.10000000000582,175.0,120.04999999999771
2026-04-04 09:00:00,66908.6,66959.1,66882.6,66949.9,86044.69,860.4469,57588178.68694,1,76.5,50.60000000000582,25.89999999999418,76.5,115.34999999999751
2026-04-04 10:00:00,66950.0,67142.9,66875.9,67132.6,162574.77,1625.7477,108956023.00235,1,267.0,193.0,74.0,267.0,127.43571428571262
2026-04-04 11:00:00,67132.6,67199.8,67052.1,67129.9,176714.69,1767.1469,118615515.23544,1,147.6999999999971,67.19999999999709,80.5,147.6999999999971,125.81428571428425
2026-04-04 12:00:00,67129.9,67163.3,67025.7,67064.5,98163.45,981.6345,65854554.47508,1,137.60000000000582,33.40000000000873,104.19999999999709,137.60000000000582,125.6785714285704
2026-04-04 13:00:00,67064.5,67250.0,67050.0,67160.4,156415.18,1564.1518,105054816.32196,1,200.0,185.5,14.5,200.0,130.68571428571366
2026-04-04 14:00:00,67160.3,67191.7,66980.0,67172.6,192025.52,1920.2552,128832513.94537,1,211.6999999999971,31.30000000000291,180.39999999999418,211.6999999999971,138.778571428571
2026-04-04 15:00:00,67172.6,67550.0,67140.3,67346.0,481737.83,4817.3783,324402490.31251,1,409.6999999999971,377.3999999999942,32.30000000000291,409.6999999999971,161.29999999999978
2026-04-04 16:00:00,67346.0,67484.2,67285.2,67331.7,214566.68,2145.6668,144594660.13027,1,199.0,138.1999999999971,60.80000000000291,199.0,167.69285714285692
2026-04-04 17:00:00,67331.7,67386.9,67258.0,67305.5,158697.09,1586.9709,106840528.07801,1,128.89999999999418,55.19999999999709,73.69999999999709,128.89999999999418,171.89999999999938
2026-04-04 18:00:00,67305.5,67350.0,67215.0,67260.4,97057.71,970.5771,65304595.51912,1,135.0,44.5,90.5,135.0,174.14999999999938
2026-04-04 19:00:00,67260.3,67517.4,67241.5,67262.3,159249.92,1592.4992,107274681.89267,1,275.8999999999942,257.0,18.89999999999418,275.8999999999942,187.29999999999876
2026-04-04 20:00:00,67262.2,67279.2,67150.5,67240.0,86515.54,865.1554,58151433.8332,1,128.6999999999971,16.89999999999418,111.80000000000291,128.6999999999971,186.26428571428445
2026-04-04 21:00:00,67239.9,67449.5,67180.0,67316.3,64467.38,644.6738,43389923.17507,1,269.5,209.5,60.0,269.5,197.29999999999876
2026-04-04 22:00:00,67316.4,67429.4,67303.0,67362.1,71362.85,713.6285,48071853.61602,1,126.39999999999418,113.09999999999127,13.30000000000291,126.39999999999418,193.82857142856977
2026-04-04 23:00:00,67362.0,67364.4,67222.6,67267.4,92427.32,924.2732,62194864.15463,1,141.79999999998836,2.2999999999883585,139.5,141.79999999998836,198.49285714285466
2026-04-05 00:00:00,67267.3,67288.1,67122.7,67178.2,102613.89,1026.1389,68965166.14666,1,165.40000000000873,20.70000000001164,144.6999999999971,165.40000000000873,191.23571428571242
2026-04-05 01:00:00,67178.2,67198.1,67042.3,67056.3,107734.79,1077.3479,72286744.36098,1,155.8000000000029,19.90000000000873,135.89999999999418,155.8000000000029,191.81428571428427
2026-04-05 02:00:00,67056.2,67143.8,66880.2,67136.3,200283.23,2002.8323,134233669.30459,1,263.6000000000058,87.5,176.10000000000582,263.6000000000058,200.81428571428427
2026-04-05 03:00:00,67136.3,67157.9,67051.0,67115.1,71145.93,711.4593,47743836.72004,1,106.89999999999418,21.59999999999127,85.30000000000291,106.89999999999418,194.16428571428384
2026-04-05 04:00:00,67115.2,67157.6,67044.5,67070.1,84605.39,846.0539,56767466.31941,1,113.10000000000582,42.5,70.60000000000582,113.10000000000582,187.12142857142732
2026-04-05 05:00:00,67070.1,67125.9,66850.3,66904.3,141366.02,1413.6602,94678473.5135,1,275.59999999999127,55.79999999998836,219.8000000000029,275.59999999999127,177.54285714285547
2026-04-05 06:00:00,66904.3,66920.9,66572.3,66767.1,427443.41,4274.4341,285255453.36377,1,348.59999999999127,16.59999999999127,332.0,348.59999999999127,188.22857142856915
2026-04-05 07:00:00,66767.1,66888.8,66679.5,66785.2,154002.35,1540.0235,102844729.77735,1,209.3000000000029,121.69999999999709,87.60000000000582,209.3000000000029,193.9714285714269
2026-04-05 08:00:00,66785.1,66900.0,66779.0,66894.6,124665.47,1246.6547,83329117.31641,1,121.0,114.80000000000291,6.19999999999709,121.0,192.9714285714269
2026-04-05 09:00:00,66894.7,67049.9,66861.2,66996.8,146950.61,1469.5061,98387379.13492,1,188.6999999999971,155.29999999998836,33.40000000000873,188.6999999999971,186.74285714285568
2026-04-05 10:00:00,66996.8,67116.7,66923.6,67007.2,140871.52,1408.7152,94393752.28048,1,193.09999999999127,119.89999999999418,73.19999999999709,193.09999999999127,191.34285714285528
2026-04-05 11:00:00,67007.3,67050.9,66938.2,66971.8,74295.73,742.9573,49771987.9783,1,112.69999999999709,43.69999999999709,69.0,112.69999999999709,180.14285714285506
2026-04-05 12:00:00,66971.8,66971.9,66650.1,66756.2,268583.5,2685.835,179345705.59038,1,321.79999999998836,0.09999999999126885,321.6999999999971,321.79999999998836,194.0999999999975
2026-04-05 13:00:00,66756.2,66891.0,66666.7,66861.5,176025.99,1760.2599,117555875.03892,1,224.3000000000029,134.8000000000029,89.5,224.3000000000029,199.99285714285568
2026-04-05 14:00:00,66861.4,66937.1,66766.6,66893.1,144466.87,1444.6687,96615611.90163,1,170.5,75.60000000000582,94.89999999999418,170.5,200.3571428571408
2026-04-05 15:00:00,66893.2,67846.1,66800.1,67281.0,971872.73,9718.7273,655016236.18993,1,1046.0,953.0,93.0,1046.0,263.94285714285485
2026-04-05 16:00:00,67281.0,67386.0,67146.9,67187.3,217630.12,2176.3012,146426191.71594,1,239.10000000000582,105.0,134.10000000000582,239.10000000000582,262.19285714285485
2026-04-05 17:00:00,67187.3,67382.5,67160.0,67349.7,125668.09,1256.6809,84549977.63643,1,222.5,195.1999999999971,27.30000000000291,222.5,270.4499999999981
2026-04-05 18:00:00,67349.8,67433.8,67246.4,67387.5,105752.45,1057.5245,71236548.18331,1,187.40000000000873,84.10000000000582,103.30000000000291,187.40000000000873,275.7571428571412
2026-04-05 19:00:00,67387.6,67537.5,67254.7,67335.0,109854.77,1098.5477,74048918.65495,1,282.8000000000029,150.0,132.8000000000029,282.8000000000029,276.27142857142775
2026-04-05 20:00:00,67334.9,67685.9,67309.8,67630.3,133836.29,1338.3629,90411754.75846,1,376.09999999999127,350.8999999999942,25.19999999999709,376.09999999999127,278.23571428571347
2026-04-05 21:00:00,67630.3,67650.3,67381.0,67519.7,138119.72,1381.1972,93236251.42125,1,269.3000000000029,20.0,249.3000000000029,269.3000000000029,282.52142857142775
2026-04-05 22:00:00,67519.7,68347.0,67300.0,68320.8,819613.6,8196.136,556693200.72457,1,1047.0,827.3000000000029,219.6999999999971,1047.0,348.66428571428486
2026-04-05 23:00:00,68320.7,69118.0,68234.4,69008.0,974049.61,9740.4961,669890620.8335,1,883.6000000000058,797.1999999999971,86.40000000000873,883.6000000000058,398.2999999999998
2026-04-06 00:00:00,69008.0,69587.9,69005.5,69061.7,975180.86,9751.8086,675829763.41632,1,582.3999999999942,579.8999999999942,2.5,582.3999999999942,426.10714285714283
2026-04-06 01:00:00,69061.7,69118.1,68767.7,68791.6,426162.51,4261.6251,293612208.31375,1,350.40000000000873,56.40000000000873,294.0,350.40000000000873,443.08571428571514
2026-04-06 02:00:00,68791.6,69380.0,68748.0,69180.1,500225.23,5002.2523,345860550.55413,1,632.0,588.3999999999942,43.60000000000582,632.0,465.2428571428588
2026-04-06 03:00:00,69180.1,69233.5,69031.2,69099.9,190513.47,1905.1347,131682180.42522,1,202.3000000000029,53.39999999999418,148.90000000000873,202.3000000000029,463.6714285714302
2026-04-06 04:00:00,69100.0,69191.5,68948.3,69109.4,183357.21,1833.5721,126656506.09881,1,243.1999999999971,91.60000000000582,151.59999999999127,243.1999999999971,468.8642857142872
2026-04-06 05:00:00,69109.4,69213.0,69058.0,69169.3,116836.34,1168.3634,80795566.50335,1,155.0,103.60000000000582,51.39999999999418,155.0,405.22142857143
2026-04-06 06:00:00,69169.3,69327.7,68736.9,68948.0,566935.45,5669.3545,390967511.59899,1,590.8000000000029,158.39999999999418,432.40000000000873,590.8000000000029,430.3428571428584
2026-04-06 07:00:00,68948.1,69179.5,68782.8,69074.8,223688.6,2236.886,154320336.60236,1,396.6999999999971,231.5,165.1999999999971,396.6999999999971,442.7857142857153
2026-04-06 08:00:00,69074.8,69318.0,69040.6,69180.0,206725.75,2067.2575,143023757.62553,1,277.3999999999942,243.1999999999971,34.19999999999709,277.3999999999942,449.2142857142857
2026-04-06 09:00:00,69180.0,70276.8,69169.8,69700.1,1274859.2,12748.592,889850090.56249,1,1107.0,1096.800000000003,10.19999999999709,1107.0,508.08571428571406
2026-04-06 10:00:00,69700.1,69952.0,69678.0,69749.9,293689.73,2936.8973,204936615.0794,1,274.0,251.89999999999418,22.10000000000582,274.0,500.79285714285754
2026-04-06 11:00:00,69749.9,69749.9,69536.9,69592.5,212896.61,2128.9661,148235440.87865,1,213.0,0.0,213.0,213.0,496.77142857142877
2026-04-06 12:00:00,69592.4,69615.0,69302.0,69349.5,352163.08,3521.6308,244576094.51989,1,313.0,22.5,290.5,313.0,444.3428571428573
2026-04-06 13:00:00,69349.6,69532.8,69201.0,69405.1,443824.1,4438.241,307861844.2337,1,331.8000000000029,183.3000000000029,148.5,331.8000000000029,404.92857142857144
2026-04-06 14:00:00,69405.0,69798.8,69130.0,69618.7,748518.68,7485.1868,519938869.46091,1,668.8000000000029,393.6999999999971,275.1000000000058,668.8000000000029,411.10000000000065
2026-04-06 15:00:00,69618.7,69935.0,69486.3,69923.0,472412.53,4724.1253,329358322.57106,1,448.6999999999971,316.3000000000029,132.39999999999418,448.6999999999971,418.12142857142834
2026-04-06 16:00:00,69923.0,70322.8,69734.9,69750.1,623068.77,6230.6877,436044296.74444,1,587.9000000000087,399.8000000000029,188.10000000000582,587.9000000000087,414.971428571429
2026-04-06 17:00:00,69750.2,69777.9,69225.0,69530.9,553613.03,5536.1303,384629386.90854,1,552.8999999999942,27.79999999998836,525.1000000000058,552.8999999999942,440.0142857142855
2026-04-06 18:00:00,69531.0,69933.3,69434.6,69849.9,326380.24,3263.8024,227579021.61953,1,498.6999999999971,402.40000000000873,96.29999999998836,498.6999999999971,458.2642857142855
2026-04-06 19:00:00,69850.0,69864.7,69536.9,69699.8,170336.82,1703.3682,118742325.49335,1,327.8000000000029,14.80000000000291,313.0,327.8000000000029,470.60714285714283
2026-04-06 20:00:00,69699.8,69947.5,69584.2,69782.2,125246.37,1252.4637,87408921.9394,1,363.3000000000029,247.6999999999971,115.60000000000582,363.3000000000029,454.35714285714283
2026-04-06 21:00:00,69782.1,69786.9,69380.2,69473.0,148026.03,1480.2603,102982414.71244,1,406.6999999999971,4.69999999999709,402.0,406.6999999999971,455.07142857142856
2026-04-06 22:00:00,69472.9,69545.5,68765.0,68768.0,426779.65,4267.7965,294889348.68099,1,780.5,72.5,708.0,780.5,491.00714285714326
2026-04-06 23:00:00,68768.1,68887.7,68269.0,68812.9,704064.14,7040.6414,483015364.26414,1,618.6999999999971,119.69999999999709,499.0,618.6999999999971,456.12857142857166
2026-04-07 00:00:00,68812.9,69100.6,68690.0,68743.8,341059.62,3410.5962,234885770.71246,1,410.6000000000058,287.70000000001164,122.89999999999418,410.6000000000058,465.8857142857149
2026-04-07 01:00:00,68743.7,68868.7,68300.1,68368.1,420082.72,4200.8272,288127776.55244,1,568.5999999999913,124.89999999999418,443.6999999999971,568.5999999999913,491.2857142857143
2026-04-07 02:00:00,68368.0,68685.1,68233.5,68636.9,301861.86,3018.6186,206688742.99946,1,451.6000000000058,317.0,134.60000000000582,451.6000000000058,501.1857142857147
2026-04-07 03:00:00,68636.9,68773.3,68589.2,68745.2,160054.22,1600.5422,109966246.86858,1,184.10000000000582,136.40000000000873,47.69999999999709,184.10000000000582,490.6357142857149
2026-04-07 04:00:00,68745.1,68958.8,68510.7,68814.9,236617.57,2366.1757,162679800.33323,1,448.1000000000058,213.60000000000582,234.5,448.1000000000058,474.8714285714294
2026-04-07 05:00:00,68814.9,68843.2,68588.0,68632.1,155707.66,1557.0766,106970033.48545,1,255.1999999999971,28.30000000000291,226.89999999999418,255.1999999999971,461.0500000000008
2026-04-07 06:00:00,68632.0,68632.1,68408.4,68546.2,192484.23,1924.8423,131876715.41231,1,223.70000000001164,0.0,223.70000000001164,223.70000000001164,435.0357142857153
2026-04-07 07:00:00,68546.2,68690.4,68470.7,68585.4,125295.79,1252.9579,85928201.44209,1,219.6999999999971,144.1999999999971,75.5,219.6999999999971,411.2357142857155
2026-04-07 08:00:00,68585.3,68955.0,68566.1,68907.8,301028.4,3010.284,207111309.93928,1,388.8999999999942,369.6000000000058,19.29999999998836,388.8999999999942,403.3928571428582
2026-04-07 09:00:00,68907.8,69217.7,68888.8,69106.4,399282.25,3992.8225,275809512.15691,1,328.8999999999942,309.8999999999942,19.0,328.8999999999942,403.471428571429
2026-04-07 10:00:00,69106.4,69165.1,68155.0,68199.3,853110.26,8531.1026,584936448.27054,1,1010.1000000000058,58.70000000001164,951.3999999999942,1010.1000000000058,449.6714285714292
2026-04-07 11:00:00,68199.3,68421.0,68006.4,68308.1,551985.44,5519.8544,376702301.63457,1,414.6000000000058,221.6999999999971,192.90000000000873,414.6000000000058,450.2357142857155
2026-04-07 12:00:00,68308.1,68583.2,68044.2,68368.6,448506.21,4485.0621,306254855.66068,1,539.0,275.09999999999127,263.90000000000873,539.0,432.9857142857155
2026-04-07 13:00:00,68368.6,68613.8,68167.9,68205.1,415645.13,4156.4513,284342187.82269,1,445.90000000000873,245.1999999999971,200.70000000001164,445.90000000000873,420.6428571428592
2026-04-07 14:00:00,68205.0,68230.0,67721.1,67828.9,779549.92,7795.4992,529820938.3201,1,508.8999999999942,24.89999999999418,484.0,508.8999999999942,427.66428571428696
2026-04-07 15:00:00,67829.0,68248.0,67680.2,68138.7,502577.25,5025.7725,341708921.49794,1,567.8000000000029,419.1000000000058,148.6999999999971,567.8000000000029,427.60714285714494
2026-04-07 16:00:00,68138.6,68426.6,68050.0,68208.2,348103.78,3481.0378,237538073.40817,1,376.6000000000058,287.90000000000873,88.69999999999709,376.6000000000058,422.2500000000021
2026-04-07 17:00:00,68208.3,68979.5,68153.2,68669.9,563301.99,5633.0199,386401495.58605,1,826.3000000000029,771.3000000000029,55.0,826.3000000000029,468.12142857143044
2026-04-07 18:00:00,68670.0,68745.3,68313.7,68413.3,318341.62,3183.4162,218158767.99178,1,431.6000000000058,75.40000000000873,356.1999999999971,431.6000000000058,466.942857142859
2026-04-07 19:00:00,68413.4,69058.8,68325.0,68975.6,486811.94,4868.1194,334496240.84127,1,733.8000000000029,645.5,88.30000000000291,733.8000000000029,501.1285714285737
2026-04-07 20:00:00,68975.6,69520.0,68975.6,69280.5,551634.68,5516.3468,382273047.8873,1,544.3999999999942,544.3999999999942,0.0,544.3999999999942,524.0357142857154
2026-04-07 21:00:00,69280.4,70186.1,69268.5,69898.0,823863.54,8238.6354,575088809.34617,1,917.6000000000058,905.6000000000058,12.0,917.6000000000058,573.885714285716
2026-04-07 22:00:00,69898.1,71500.0,69898.1,71479.0,1690012.17,16900.1217,1195825528.60988,1,1601.8999999999942,1602.0,0.10000000000582077,1602.0,660.5357142857164
2026-04-07 23:00:00,71479.0,72773.9,71154.1,71904.6,2312753.62,23127.5362,1665478344.69366,1,1619.7999999999884,1294.8999999999942,324.8999999999942,1619.7999999999884,752.7428571428588
2026-04-08 00:00:00,71904.7,72101.7,71518.4,71696.0,633394.12,6333.9412,455001352.63357,1,583.3000000000029,197.09999999999127,386.20000000001164,583.3000000000029,722.2571428571443
2026-04-08 01:00:00,71696.0,71749.8,71430.0,71467.6,288307.36,2883.0736,206282324.60658,1,319.8000000000029,53.80000000000291,266.0,319.8000000000029,715.4857142857155
2026-04-08 02:00:00,71467.6,71711.9,71219.3,71350.0,371225.33,3712.2533,265172765.37185,1,492.59999999999127,244.29999999998836,248.3000000000029,492.59999999999127,712.1714285714291
2026-04-08 03:00:00,71350.0,71500.0,71258.6,71280.1,187186.86,1871.8686,133586732.20163,1,241.39999999999418,150.0,91.39999999999418,241.39999999999418,697.5642857142853
2026-04-08 04:00:00,71280.0,71677.6,71279.0,71551.5,339104.96,3391.0496,242547094.14751,1,398.6000000000058,397.5,1.1000000000058208,398.6000000000058,689.6857142857147
2026-04-08 05:00:00,71551.5,71830.4,71535.2,71715.0,232507.53,2325.0753,166683644.73031,1,295.1999999999971,278.8999999999942,16.30000000000291,295.1999999999971,670.2142857142857
2026-04-08 06:00:00,71715.0,71935.0,71566.1,71719.9,342326.3,3423.263,245722129.39767,1,368.8999999999942,220.0,148.89999999999418,368.8999999999942,669.6642857142849
2026-04-08 07:00:00,71720.0,71894.2,71567.7,71624.2,261742.97,2617.4297,187652307.15153,1,326.5,174.3000000000029,152.1999999999971,326.5,633.9642857142846
2026-04-08 08:00:00,71624.2,71819.7,71624.2,71790.0,221112.34,2211.1234,158593862.34922,1,195.5,195.5,0.0,195.5,617.0999999999985
2026-04-08 09:00:00,71790.0,71965.1,71575.0,71672.0,236306.84,2363.0684,169618754.97526,1,390.1000000000058,175.10000000000582,215.0,390.1000000000058,592.5499999999987
2026-04-08 10:00:00,71672.1,71780.0,71443.2,71462.4,162840.32,1628.4032,116546244.6666,1,336.8000000000029,108.0,228.8000000000029,336.8000000000029,577.721428571428
2026-04-08 11:00:00,71462.3,71713.0,71388.0,71661.3,259645.31,2596.4531,185822382.11315,1,325.0,250.60000000000582,74.39999999999418,325.0,535.3928571428561
2026-04-08 12:00:00,71661.4,72156.0,71555.0,72036.2,499259.86,4992.5986,358847117.00022,1,601.0,494.6999999999971,106.30000000000291,601.0,463.8928571428561
2026-04-08 13:00:00,72036.3,72876.5,71477.0,71567.4,1934027.83,19340.2783,1396642865.9497,1,1399.5,840.3000000000029,559.1999999999971,1399.5,448.1571428571427
2026-04-08 14:00:00,71567.4,71724.5,70670.0,70886.9,1013159.79,10131.5979,720927796.32293,1,1054.5,157.10000000000582,897.3999999999942,1054.5,481.8142857142853
2026-04-08 15:00:00,70887.0,71315.1,70797.9,71265.3,548745.44,5487.4544,390158438.5214,1,517.2000000000116,428.20000000001164,89.0,517.2000000000116,495.91428571428594
2026-04-08 16:00:00,71265.3,71700.0,71210.9,71561.3,456095.81,4560.9581,325688317.64244,1,489.1000000000058,434.6999999999971,54.40000000000873,489.1000000000058,495.66428571428696
2026-04-08 17:00:00,71561.4,71929.9,71440.9,71854.5,454160.68,4541.6068,325699029.2135,1,489.0,368.59999999999127,120.40000000000873,489.0,513.3500000000016
2026-04-08 18:00:00,71854.6,71857.4,71054.2,71073.6,491677.45,4916.7745,351215193.89809,1,803.1999999999971,2.8999999999941792,800.3000000000029,803.1999999999971,542.250000000001
2026-04-08 19:00:00,71073.6,71346.6,70983.5,71294.0,215596.79,2155.9679,153454637.51386,1,363.1000000000058,273.0,90.10000000000582,363.1000000000058,547.1000000000016
2026-04-08 20:00:00,71294.0,71457.6,71252.3,71350.5,138296.19,1382.9619,98698173.86722,1,205.3000000000029,163.60000000000582,41.69999999999709,205.3000000000029,535.414285714288
2026-04-08 21:00:00,71350.6,71718.8,71300.0,71519.9,138909.55,1389.0955,99398753.31145,1,418.8000000000029,368.3000000000029,50.5,418.8000000000029,542.0071428571454
2026-04-08 22:00:00,71520.0,71546.7,71024.4,71027.8,184421.78,1844.2178,131392720.39528,1,522.3000000000029,26.80000000000291,495.5,522.3000000000029,565.3500000000028
2026-04-08 23:00:00,71027.7,71179.0,70863.5,71041.7,223538.16,2235.3816,158702085.02345,1,315.5,151.1999999999971,164.3000000000029,315.5,560.0214285714309
2026-04-09 00:00:00,71041.8,71109.4,70606.0,70780.0,303881.52,3038.8152,215195791.45828,1,503.3999999999942,67.69999999999709,435.6999999999971,503.3999999999942,571.9214285714303
2026-04-09 01:00:00,70780.0,70929.9,70422.0,70892.7,457527.62,4575.2762,323252625.59631,1,507.8999999999942,149.89999999999418,358.0,507.8999999999942,584.9857142857155
2026-04-09 02:00:00,70892.6,71170.0,70774.4,71026.9,278409.9,2784.099,197614645.91569,1,395.6000000000058,277.3000000000029,118.30000000000291,395.6000000000058,570.3142857142874
2026-04-09 03:00:00,71026.9,71087.9,70810.1,70965.7,172019.18,1720.1918,122024619.29046,1,277.79999999998836,61.0,216.79999999998836,277.79999999998836,490.192857142858
2026-04-09 04:00:00,70965.7,70985.0,70680.0,70757.0,167374.72,1673.7472,118545968.74111,1,305.0,19.30000000000291,285.6999999999971,305.0,436.6571428571437
2026-04-09 05:00:00,70757.0,71071.3,70660.7,70959.7,185833.32,1858.3332,131766794.34327,1,410.6000000000058,314.3000000000029,96.30000000000291,410.6000000000058,429.04285714285754
2026-04-09 06:00:00,70959.7,71067.1,70778.6,70994.1,181544.33,1815.4433,128773687.88106,1,288.5,107.40000000000873,181.09999999999127,288.5,414.7142857142857
2026-04-09 07:00:00,70994.1,71086.2,70921.2,70953.8,152002.62,1520.0262,107907149.76247,1,165.0,92.09999999999127,72.90000000000873,165.0,391.57142857142856
2026-04-09 08:00:00,70953.8,71358.3,70831.5,71225.8,378204.47,3782.0447,268995567.94153,1,526.8000000000029,404.5,122.30000000000291,526.8000000000029,371.8285714285718
2026-04-09 09:00:00,71225.8,71548.0,71079.2,71502.5,444617.99,4446.1799,317157756.63911,1,468.8000000000029,322.1999999999971,146.60000000000582,468.8000000000029,379.37857142857166
2026-04-09 10:00:00,71502.6,71505.9,71246.4,71246.5,165749.53,1657.4953,118329192.97041,1,259.5,3.3999999999941792,256.1000000000058,259.5,383.25
2026-04-09 11:00:00,71246.5,71325.0,71020.1,71124.5,253712.65,2537.1265,180528633.09823,1,304.8999999999942,78.5,226.39999999999418,304.8999999999942,375.1142857142851
2026-04-09 12:00:00,71124.5,71316.6,71013.0,71263.6,233998.3,2339.983,166544723.951,1,303.6000000000058,192.10000000000582,111.5,303.6000000000058,359.49285714285674
2026-04-09 13:00:00,71263.7,71337.6,70609.5,70779.8,599273.37,5992.7337,424848894.53782,1,728.1000000000058,74.0,654.1000000000058,728.1000000000058,388.9642857142857
2026-04-09 14:00:00,70779.8,71228.0,70505.0,71090.7,695093.9,6950.939,492516714.0204,1,723.0,448.1999999999971,274.8000000000029,723.0,404.65000000000043
2026-04-09 15:00:00,71090.8,72333.7,70900.0,72105.7,1447394.89,14473.9489,1038881477.35316,1,1433.699999999997,1243.0,190.6999999999971,1433.699999999997,470.77857142857204
2026-04-09 16:00:00,72105.6,72379.3,71666.7,72047.5,839697.96,8396.9796,604978217.47558,1,712.6000000000058,273.6000000000058,439.0,712.6000000000058,493.4214285714292
2026-04-09 17:00:00,72047.6,72518.3,72037.2,72308.6,708292.04,7082.9204,512308837.76113,1,481.1000000000058,470.8000000000029,10.30000000000291,481.1000000000058,507.942857142859
2026-04-09 18:00:00,72308.6,72341.7,71708.5,71858.3,403241.97,4032.4197,289975599.45173,1,633.1999999999971,33.09999999999127,600.1000000000058,633.1999999999971,531.385714285716
2026-04-09 19:00:00,71858.2,72270.0,71718.0,72060.7,331870.79,3318.7079,238966812.87773,1,552.0,411.6999999999971,140.3000000000029,552.0,541.4857142857155
2026-04-09 20:00:00,72060.7,72418.5,71929.1,72374.8,193540.6,1935.406,139784909.5515,1,489.3999999999942,357.8000000000029,131.59999999999127,489.3999999999942,555.8357142857151
2026-04-09 21:00:00,72374.8,72676.0,72107.1,72226.5,279496.94,2794.9694,202260842.01316,1,568.8999999999942,301.1999999999971,267.6999999999971,568.8999999999942,584.6857142857147
2026-04-09 22:00:00,72226.5,73146.1,71911.1,71911.2,776714.58,7767.1458,564052537.02616,1,1235.0,919.6000000000058,315.3999999999942,1235.0,635.2714285714288
2026-04-09 23:00:00,71911.1,71995.1,71541.9,71759.0,507415.11,5074.1511,364148307.6448,1,453.20000000001164,83.90000000000873,369.3000000000029,453.20000000001164,634.1571428571436
2026-04-10 00:00:00,71759.1,72020.3,71543.0,71945.6,334171.79,3341.7179,239908445.02745,1,477.3000000000029,261.3000000000029,216.0,477.3000000000029,649.7142857142868
2026-04-10 01:00:00,71945.7,72355.4,71632.7,72133.4,437285.52,4372.8552,315279975.68267,1,722.6999999999971,409.79999999998836,312.90000000000873,722.6999999999971,679.5571428571441
2026-04-10 02:00:00,72133.3,72264.5,71868.8,71924.9,222835.48,2228.3548,160610061.9063,1,395.6999999999971,131.10000000000582,264.59999999999127,395.6999999999971,686.1357142857149
2026-04-10 03:00:00,71924.9,71999.9,71780.0,71838.2,164980.84,1649.8084,118577104.3559,1,219.89999999999418,75.0,144.89999999999418,219.89999999999418,649.8357142857141
2026-04-10 04:00:00,71838.3,72194.6,71784.1,72086.8,206026.15,2060.2615,148205045.16388,1,410.5,356.40000000000873,54.09999999999127,410.5,627.5142857142855
2026-04-10 05:00:00,72086.9,72258.0,71960.4,72097.0,169317.58,1693.1758,122117392.92252,1,297.6000000000058,171.1999999999971,126.40000000000873,297.6000000000058,546.3642857142861
2026-04-10 06:00:00,72096.9,72150.0,71754.6,71777.0,168118.79,1681.1879,120916194.68358,1,395.3999999999942,53.0,342.3999999999942,395.3999999999942,523.7071428571425
2026-04-10 07:00:00,71777.0,71819.5,71404.1,71463.5,418943.43,4189.4343,300091873.80868,1,415.3999999999942,42.5,372.8999999999942,415.3999999999942,519.0142857142845
2026-04-10 08:00:00,71463.5,71730.0,71388.9,71581.2,377281.92,3772.8192,270006426.76677,1,341.1000000000058,266.5,74.60000000000582,341.1000000000058,498.14999999999935
2026-04-10 09:00:00,71581.1,71846.9,71560.5,71748.1,195568.74,1955.6874,140289346.83774,1,286.3999999999942,265.6999999999971,20.69999999999709,286.3999999999942,479.17857142857036
2026-04-10 10:00:00,71748.1,71896.3,71667.6,71863.2,161443.35,1614.4335,115888631.6847,1,228.6999999999971,148.1999999999971,80.5,228.6999999999971,460.557142857142
2026-04-10 11:00:00,71863.1,72222.0,71858.4,72084.8,365823.26,3658.2326,263748774.63914,1,363.6000000000058,358.8000000000029,4.80000000000291,363.6000000000058,445.89285714285717
2026-04-10 12:00:00,72084.7,72420.0,71960.0,72220.0,621306.45,6213.0645,448599083.25846,1,460.0,335.1999999999971,124.80000000000291,460.0,390.5357142857143
2026-04-10 13:00:00,72220.0,72381.0,71868.8,72289.0,589488.13,5894.8813,425111651.2257,1,512.1999999999971,161.0,351.1999999999971,512.1999999999971,394.749999999999
2026-04-10 14:00:00,72289.0,73125.5,72215.2,72878.5,1308279.65,13082.7965,951996825.08801,1,910.3000000000029,836.5,73.80000000000291,910.3000000000029,425.67857142857036
2026-04-10 15:00:00,72878.6,73288.0,72285.8,72418.3,770351.82,7703.5182,560859472.62007,1,1002.1999999999971,409.5,592.6999999999971,1002.1999999999971,445.6428571428561
2026-04-10 16:00:00,72418.2,73056.7,72348.4,72965.8,538770.61,5387.7061,391839303.33444,1,708.3000000000029,638.3999999999942,69.90000000000873,708.3000000000029,467.97142857142796
2026-04-10 17:00:00,72965.8,73123.0,72768.1,73092.0,250899.77,2508.9977,182996934.3725,1,354.8999999999942,157.1999999999971,197.6999999999971,354.8999999999942,477.6142857142851
2026-04-10 18:00:00,73091.9,73149.5,72840.0,73071.1,193789.77,1937.8977,141421643.14072,1,309.5,57.5,252.0,309.5,470.39999999999935
2026-04-10 19:00:00,73071.2,73248.8,72863.8,73194.0,220556.58,2205.5658,161146731.42696,1,385.0,177.6999999999971,207.3000000000029,385.0,476.6428571428561
2026-04-10 20:00:00,73194.5,73452.3,73012.8,73321.2,319830.31,3198.3031,234247968.07323,1,439.5,258.3000000000029,181.1999999999971,439.5,479.7928571428565
2026-04-10 21:00:00,73321.3,73321.3,72900.0,73163.0,147295.39,1472.9539,107652107.73626,1,421.3000000000029,0.10000000000582077,421.1999999999971,421.3000000000029,480.2142857142857
2026-04-10 22:00:00,73162.9,73220.0,72678.5,72840.8,239777.72,2397.7772,174923904.80719,1,541.5,57.0,484.5,541.5,494.528571428571
2026-04-10 23:00:00,72840.8,72933.3,72746.0,72925.8,99300.94,993.0094,72334898.99783,1,187.3000000000029,92.5,94.80000000000291,187.3000000000029,487.4500000000002
2026-04-11 00:00:00,72925.7,72925.8,72750.0,72799.2,102403.81,1024.0381,74575986.45651,1,175.8000000000029,0.0,175.8000000000029,175.8000000000029,483.6714285714292
2026-04-11 01:00:00,72799.3,72975.0,72616.7,72927.5,139871.05,1398.7105,101809247.30231,1,358.3000000000029,175.8000000000029,182.5,358.3000000000029,483.29285714285754
2026-04-11 02:00:00,72927.5,73073.8,72868.1,72928.8,143405.49,1434.0549,104632164.5792,1,205.6999999999971,146.3000000000029,59.39999999999418,205.6999999999971,465.12857142857166
2026-04-11 03:00:00,72928.8,73047.2,72785.8,72836.9,108653.64,1086.5364,79241778.45058,1,261.3999999999942,118.39999999999418,143.0,261.3999999999942,447.2142857142857
2026-04-11 04:00:00,72837.0,72925.2,72650.6,72781.1,149800.48,1498.0048,108998972.79047,1,274.59999999999127,88.30000000000291,186.29999999998836,274.59999999999127,401.807142857142
2026-04-11 05:00:00,72781.2,72812.0,72642.8,72696.4,99069.34,990.6934,72051520.32814,1,169.1999999999971,30.89999999999418,138.3000000000029,169.1999999999971,342.307142857142
2026-04-11 06:00:00,72696.3,72755.1,72570.3,72738.9,119441.57,1194.4157,86783444.4426,1,184.8000000000029,58.70000000001164,126.09999999999127,184.8000000000029,304.91428571428486
2026-04-11 07:00:00,72739.0,72809.7,72633.6,72719.7,112411.22,1124.1122,81758530.57577,1,176.09999999999127,70.80000000000291,105.29999999998836,176.09999999999127,292.1428571428561
2026-04-11 08:00:00,72719.8,72779.9,72601.0,72636.3,94421.28,944.2128,68641588.309,1,178.89999999999418,60.19999999999709,118.69999999999709,178.89999999999418,282.81428571428427
2026-04-11 09:00:00,72636.3,72884.0,72600.0,72875.2,183876.84,1838.7684,133810682.96345,1,284.0,247.6999999999971,36.30000000000291,284.0,275.59999999999854
2026-04-11 10:00:00,72875.1,72898.4,72728.0,72811.2,120527.89,1205.2789,87744455.79562,1,170.39999999999418,23.19999999999709,147.1999999999971,170.39999999999418,256.37857142856956
2026-04-11 11:00:00,72811.2,72896.0,72787.0,72883.8,77161.34,771.6134,56201338.81336,1,109.0,84.80000000000291,24.19999999999709,109.0,234.07142857142648
2026-04-11 12:00:00,72883.7,72956.5,72787.0,72900.0,128447.29,1284.4729,93618257.43802,1,169.5,72.69999999999709,96.80000000000291,169.5,207.49999999999793
2026-04-11 13:00:00,72900.0,72900.0,72480.4,72628.1,334889.39,3348.8939,243270808.93786,1,419.6000000000058,0.0,419.6000000000058,419.6000000000058,224.09285714285528
2026-04-11 14:00:00,72628.2,72749.4,72578.0,72669.3,106063.24,1060.6324,77069394.53086,1,171.39999999999418,121.29999999998836,50.10000000000582,171.39999999999418,223.77857142856894
2026-04-11 15:00:00,72669.3,72874.1,72648.6,72826.6,162324.12,1623.2412,118098956.68574,1,225.5,204.8000000000029,20.69999999999709,225.5,214.29285714285444
2026-04-11 16:00:00,72826.5,73200.0,72790.0,73000.4,301061.86,3010.6186,219801105.67473,1,410.0,373.3999999999942,36.60000000000582,410.0,228.8857142857118
2026-04-11 17:00:00,73000.4,73142.0,72903.0,73060.3,140491.03,1404.9103,102598708.79648,1,239.0,141.60000000000582,97.39999999999418,239.0,227.2857142857122
2026-04-11 18:00:00,73060.4,73748.5,73002.8,73527.3,546266.16,5462.6616,401260784.16565,1,745.6999999999971,688.1999999999971,57.5,745.6999999999971,260.9357142857126
2026-04-11 19:00:00,73527.4,73799.1,73433.8,73659.6,319181.24,3191.8124,234993986.71088,1,365.3000000000029,271.8000000000029,93.5,365.3000000000029,274.94285714285587
2026-04-11 20:00:00,73659.6,73670.7,73201.6,73274.8,208809.91,2088.0991,153231108.35394,1,469.09999999999127,11.099999999991269,458.0,469.09999999999127,295.2499999999979
2026-04-11 21:00:00,73274.8,73530.4,73166.0,73406.3,134447.91,1344.4791,98649048.27641,1,364.3999999999942,255.59999999999127,108.80000000000291,364.3999999999942,308.6999999999981
2026-04-11 22:00:00,73406.2,73546.3,73210.8,73341.1,128116.76,1281.1676,93973982.71454,1,335.5,140.0,195.5,335.5,319.8857142857128
2026-04-11 23:00:00,73341.1,73341.2,72864.0,73014.7,239979.75,2399.7975,175274179.95955,1,477.1999999999971,0.09999999999126885,477.1000000000058,477.1999999999971,333.6857142857126
2026-04-12 00:00:00,73014.7,73088.0,72823.4,73049.8,157857.11,1578.5711,115218288.04918,1,264.6000000000058,73.30000000000291,191.3000000000029,264.6000000000058,340.41428571428486
2026-04-12 01:00:00,73049.9,73107.1,71270.2,71610.0,1246856.37,12468.5637,897300002.47611,1,1836.9000000000087,57.30000000000291,1779.6000000000058,1836.9000000000087,463.83571428571406
2026-04-12 02:00:00,71609.9,71934.7,71310.5,71725.8,523885.87,5238.8587,375690217.73381,1,624.1999999999971,324.6999999999971,299.5,624.1999999999971,496.3142857142853
2026-04-12 03:00:00,71725.8,71829.5,71557.0,71557.7,262524.52,2625.2452,188115814.79246,1,272.5,103.69999999999709,168.8000000000029,272.5,485.807142857142
2026-04-12 04:00:00,71557.6,71650.0,71411.0,71437.9,205248.84,2052.4884,146781381.90611,1,239.0,92.30000000000291,146.6999999999971,239.0,490.63571428571385
2026-04-12 05:00:00,71437.9,71750.0,71380.0,71664.1,220222.19,2202.2219,157637777.13503,1,370.0,312.1000000000058,57.89999999999418,370.0,500.95714285714246
2026-04-12 06:00:00,71664.2,71726.5,71600.0,71617.1,103361.43,1033.6143,74065925.80728,1,126.5,62.39999999999418,64.10000000000582,126.5,480.70714285714246
2026-04-12 07:00:00,71617.0,71720.0,71541.1,71635.9,126279.6,1262.796,90464864.66363,1,178.89999999999418,102.89999999999418,76.0,178.89999999999418,476.41428571428486
2026-04-12 08:00:00,71635.9,71772.0,71553.4,71591.5,162766.43,1627.6643,116613298.42716,1,218.60000000000582,136.10000000000582,82.5,218.60000000000582,438.7642857142855
2026-04-12 09:00:00,71591.4,71607.4,71480.9,71507.4,118292.85,1182.9285,84628903.49087,1,126.5,15.89999999999418,110.60000000000582,126.5,421.70714285714246
2026-04-12 10:00:00,71507.3,71655.0,71323.0,71425.0,184950.54,1849.5054,132207454.15137,1,332.0,147.60000000000582,184.39999999999418,332.0,411.91428571428594
2026-04-12 11:00:00,71425.0,71519.7,71387.8,71441.4,113648.42,1136.4842,81190576.1014,1,131.89999999999418,94.69999999999709,37.19999999999709,131.89999999999418,395.30714285714305
2026-04-12 12:00:00,71441.3,71477.7,71027.0,71053.9,442302.2,4423.022,315066360.28671,1,450.6999999999971,36.30000000000291,414.3999999999942,450.6999999999971,403.5357142857143
2026-04-12 13:00:00,71053.9,71121.4,70830.4,70861.6,506772.24,5067.7224,359649291.91216,1,291.0,67.5,223.5,291.0,390.2357142857145
2026-04-12 14:00:00,70861.6,71076.2,70660.7,70721.9,382967.88,3829.6788,271341182.06189,1,415.5,214.59999999999127,200.90000000000873,415.5,401.0142857142855
2026-04-12 15:00:00,70722.0,70917.0,70570.0,70869.5,306455.25,3064.5525,216879231.09811,1,347.0,195.10000000000582,151.89999999999418,347.0,294.5928571428563
2026-04-12 16:00:00,70869.5,70934.6,70778.0,70900.1,140240.65,1402.4065,99389618.92979,1,156.60000000000582,65.10000000000582,91.5,156.60000000000582,261.19285714285695
2026-04-12 17:00:00,70900.1,71175.9,70866.0,71120.2,238923.09,2389.2309,169674562.41395,1,309.8999999999942,275.79999999998836,34.10000000000582,309.8999999999942,263.8642857142851
2026-04-12 18:00:00,71120.3,71187.5,71026.0,71094.8,115313.21,1153.1321,81988156.91687,1,161.5,67.30000000000291,94.19999999999709,161.5,258.3285714285708
2026-04-12 19:00:00,71094.9,71189.2,71040.2,71060.7,61568.62,615.6862,43780711.49682,1,149.0,94.39999999999418,54.60000000000582,149.0,242.54285714285652
2026-04-12 20:00:00,71060.7,71410.9,70921.0,71302.0,167910.28,1679.1028,119529875.77836,1,489.8999999999942,350.1999999999971,139.6999999999971,489.8999999999942,268.499999999999
2026-04-12 21:00:00,71301.9,71425.2,71132.2,71325.6,106979.16,1069.7916,76243320.08732,1,293.0,123.19999999999709,169.8000000000029,293.0,276.64999999999935
2026-04-12 22:00:00,71325.6,71333.0,70456.0,70875.9,597544.04,5975.4404,422914272.39008,1,877.0,7.399999999994179,869.6000000000058,877.0,323.67857142857036
2026-04-12 23:00:00,70875.8,70882.5,70530.1,70707.9,222212.96,2222.1296,157035360.09765,1,352.3999999999942,6.600000000005821,345.79999999998836,352.3999999999942,339.81428571428427
2026-04-13 00:00:00,70707.9,71273.1,70580.0,71140.0,340865.55,3408.6555,241914345.52757,1,693.1000000000058,565.2000000000116,127.89999999999418,693.1000000000058,365.6071428571418
2026-04-13 01:00:00,71140.0,71200.0,71008.0,71166.1,237698.95,2376.9895,169023162.49753,1,192.0,60.0,132.0,192.0,369.89999999999935
2026-04-13 02:00:00,71166.1,71255.0,70955.6,71059.9,214234.6,2142.346,152317584.68301,1,299.3999999999942,88.89999999999418,210.5,299.3999999999942,359.0928571428563
2026-04-13 03:00:00,71059.9,71134.8,70883.4,70950.1,164255.36,1642.5536,116619451.59875,1,251.40000000000873,74.90000000000873,176.5,251.40000000000873,356.2642857142855
2026-04-13 04:00:00,70950.2,71120.0,70821.7,70868.4,155198.98,1551.9898,110150447.28165,1,298.3000000000029,169.89999999999418,128.40000000000873,298.3000000000029,347.89285714285717
2026-04-13 05:00:00,70868.5,70893.5,70637.2,70858.2,189388.53,1893.8853,134074918.5197,1,256.3000000000029,25.10000000000582,231.1999999999971,256.3000000000029,341.41428571428594
2026-04-13 06:00:00,70858.1,71073.7,70853.4,70999.3,156050.76,1560.5076,110780543.32543,1,220.3000000000029,215.5,4.80000000000291,220.3000000000029,345.9642857142857
2026-04-13 07:00:00,70999.6,71046.1,70660.0,70796.5,216947.48,2169.4748,153566448.70596,1,386.1000000000058,46.80000000000291,339.3000000000029,386.1000000000058,351.4071428571437
2026-04-13 08:00:00,70796.5,70842.5,70542.1,70657.2,207263.03,2072.6303,146474920.88604,1,300.3999999999942,46.0,254.39999999999418,300.3999999999942,361.3285714285718
2026-04-13 09:00:00,70657.1,70889.9,70643.9,70766.4,189097.2,1890.972,133808067.35388,1,246.0,232.6999999999971,13.30000000000291,246.0,368.25714285714326
2026-04-13 10:00:00,70766.4,70823.6,70654.0,70728.5,107334.47,1073.3447,75942137.40966,1,169.60000000000582,57.20000000001164,112.39999999999418,169.60000000000582,345.3785714285727
2026-04-13 11:00:00,70728.6,70966.0,70710.1,70892.6,178184.6,1781.846,126258350.60586,1,255.89999999999418,237.5,18.39999999999418,255.89999999999418,342.72857142857225
2026-04-13 12:00:00,70892.6,71044.7,70730.3,70839.5,208981.5,2089.815,148105411.80936,0,314.3999999999942,152.09999999999127,162.3000000000029,314.3999999999942,302.54285714285754
2026-04-03 05:00:00,66578.7,66783.3,66380.0,66583.1,209504.42,2095.0442,139555264.5818,1,403.3000000000029,,,403.3000000000029,403.3000000000029
2026-04-03 06:00:00,66583.1,66775.0,66529.4,66769.0,131504.17,1315.0417,87663840.31275,1,245.60000000000582,191.89999999999418,53.70000000001164,245.60000000000582,324.45000000000437
2026-04-03 07:00:00,66769.0,67239.2,66726.2,67015.2,376802.92,3768.0292,252456136.10758,1,513.0,470.1999999999971,42.80000000000291,513.0,387.3000000000029
2026-04-03 08:00:00,67015.2,67279.3,66875.0,66941.4,308225.73,3082.2573,206718648.38998,1,404.3000000000029,264.1000000000058,140.1999999999971,404.3000000000029,391.5500000000029
2026-04-03 09:00:00,66941.3,66986.0,66720.0,66841.0,201059.66,2010.5966,134366920.66082,1,266.0,44.60000000000582,221.39999999999418,266.0,366.4400000000023
2026-04-03 10:00:00,66841.0,66869.0,66650.2,66848.2,147842.79,1478.4279,98716403.19897,1,218.8000000000029,28.0,190.8000000000029,218.8000000000029,341.83333333333576
2026-04-03 11:00:00,66848.2,67038.4,66789.4,66987.2,177255.37,1772.5537,118635733.86438,1,249.0,190.1999999999971,58.80000000000291,249.0,328.57142857143066
2026-04-03 12:00:00,66987.2,67350.0,66607.0,66697.4,573516.24,5735.1624,384169278.88932,1,743.0,362.8000000000029,380.1999999999971,743.0,380.3750000000018
2026-04-03 13:00:00,66697.4,66711.0,66478.5,66646.5,324159.96,3241.5996,215902819.53301,1,232.5,13.60000000000582,218.89999999999418,232.5,363.94444444444605
2026-04-03 14:00:00,66646.5,66960.0,66595.3,66901.0,262543.52,2625.4352,175401659.5183,1,364.6999999999971,313.5,51.19999999999709,364.6999999999971,364.0200000000012
2026-04-03 15:00:00,66900.9,66999.0,66783.8,66808.0,178414.84,1784.1484,119319370.5075,1,215.1999999999971,98.0,117.19999999999709,215.1999999999971,350.4909090909099
2026-04-03 16:00:00,66808.1,67036.0,66792.9,66974.0,129155.91,1291.5591,86442680.97791,1,243.10000000000582,228.0,15.10000000000582,243.10000000000582,341.5416666666679
2026-04-03 17:00:00,66974.0,67035.0,66721.5,66808.6,155353.09,1553.5309,103860716.06802,1,313.5,61.0,252.5,313.5,339.3846153846165
2026-04-03 18:00:00,66808.5,66895.8,66745.0,66777.4,79516.68,795.1668,53133787.75361,1,150.8000000000029,87.19999999999709,63.60000000000582,150.8000000000029,325.91428571428696
2026-04-03 19:00:00,66777.4,66879.3,66737.0,66854.0,63433.5,634.335,42362580.67877,1,142.3000000000029,101.90000000000873,40.39999999999418,142.3000000000029,307.2714285714298
2026-04-03 20:00:00,66854.1,66888.9,66791.1,66791.1,39004.97,390.0497,26071370.87821,1,97.79999999998836,34.89999999999418,62.89999999999418,97.79999999998836,296.7142857142857
2026-04-03 21:00:00,66791.1,66954.7,66784.3,66928.6,56486.31,564.8631,37774066.5391,1,170.39999999999418,163.59999999999127,6.80000000000291,170.39999999999418,272.24285714285674
2026-04-03 22:00:00,66928.5,66948.4,66808.9,66855.1,51693.88,516.9388,34570490.57278,1,139.5,19.79999999998836,119.70000000001164,139.5,253.3285714285708
2026-04-03 23:00:00,66855.1,66929.0,66799.1,66929.0,57632.66,576.3266,38532329.36365,1,129.89999999999418,73.89999999999418,56.0,129.89999999999418,243.6071428571418
2026-04-04 00:00:00,66928.9,66937.4,66839.0,66868.1,51879.02,518.7902,34703037.63526,1,98.39999999999418,8.39999999999418,90.0,98.39999999999418,235.0071428571412
2026-04-04 01:00:00,66868.2,66894.4,66800.0,66824.6,75111.36,751.1136,50202146.81232,1,94.39999999999418,26.29999999998836,68.10000000000582,94.39999999999418,223.96428571428365
2026-04-04 02:00:00,66824.6,66889.5,66780.0,66816.0,48398.14,483.9814,32335319.64743,1,109.5,64.89999999999418,44.60000000000582,109.5,178.71428571428365
2026-04-04 03:00:00,66816.1,66870.0,66800.0,66800.3,44785.29,447.8529,29930361.47529,1,70.0,54.0,16.0,70.0,167.1071428571408
2026-04-04 04:00:00,66800.3,66838.0,66734.5,66828.2,59166.63,591.6663,39524777.34343,1,103.5,37.69999999999709,65.80000000000291,103.5,148.44999999999814
2026-04-04 05:00:00,66828.3,66900.0,66808.2,66875.3,76550.72,765.5072,51180216.63998,1,91.80000000000291,71.80000000000291,20.0,91.80000000000291,139.63571428571282
2026-04-04 06:00:00,66875.3,67013.4,66870.2,66973.6,103931.11,1039.3111,69571037.36819,1,143.1999999999971,138.09999999999127,5.100000000005821,143.1999999999971,132.49999999999793
2026-04-04 07:00:00,66973.6,67011.6,66896.6,66980.0,110511.34,1105.1134,73988819.92675,1,115.0,38.0,77.0,115.0,118.3214285714265
2026-04-04 08:00:00,66980.0,67048.9,66873.9,66908.5,135863.29,1358.6329,90990381.27264,1,175.0,68.89999999999418,106.10000000000582,175.0,120.04999999999771
2026-04-04 09:00:00,66908.6,66959.1,66882.6,66949.9,86044.69,860.4469,57588178.68694,1,76.5,50.60000000000582,25.89999999999418,76.5,115.34999999999751
2026-04-04 10:00:00,66950.0,67142.9,66875.9,67132.6,162574.77,1625.7477,108956023.00235,1,267.0,193.0,74.0,267.0,127.43571428571262
2026-04-04 11:00:00,67132.6,67199.8,67052.1,67129.9,176714.69,1767.1469,118615515.23544,1,147.6999999999971,67.19999999999709,80.5,147.6999999999971,125.81428571428425
2026-04-04 12:00:00,67129.9,67163.3,67025.7,67064.5,98163.45,981.6345,65854554.47508,1,137.60000000000582,33.40000000000873,104.19999999999709,137.60000000000582,125.6785714285704
2026-04-04 13:00:00,67064.5,67250.0,67050.0,67160.4,156415.18,1564.1518,105054816.32196,1,200.0,185.5,14.5,200.0,130.68571428571366
2026-04-04 14:00:00,67160.3,67191.7,66980.0,67172.6,192025.52,1920.2552,128832513.94537,1,211.6999999999971,31.30000000000291,180.39999999999418,211.6999999999971,138.778571428571
2026-04-04 15:00:00,67172.6,67550.0,67140.3,67346.0,481737.83,4817.3783,324402490.31251,1,409.6999999999971,377.3999999999942,32.30000000000291,409.6999999999971,161.29999999999978
2026-04-04 16:00:00,67346.0,67484.2,67285.2,67331.7,214566.68,2145.6668,144594660.13027,1,199.0,138.1999999999971,60.80000000000291,199.0,167.69285714285692
2026-04-04 17:00:00,67331.7,67386.9,67258.0,67305.5,158697.09,1586.9709,106840528.07801,1,128.89999999999418,55.19999999999709,73.69999999999709,128.89999999999418,171.89999999999938
2026-04-04 18:00:00,67305.5,67350.0,67215.0,67260.4,97057.71,970.5771,65304595.51912,1,135.0,44.5,90.5,135.0,174.14999999999938
2026-04-04 19:00:00,67260.3,67517.4,67241.5,67262.3,159249.92,1592.4992,107274681.89267,1,275.8999999999942,257.0,18.89999999999418,275.8999999999942,187.29999999999876
2026-04-04 20:00:00,67262.2,67279.2,67150.5,67240.0,86515.54,865.1554,58151433.8332,1,128.6999999999971,16.89999999999418,111.80000000000291,128.6999999999971,186.26428571428445
2026-04-04 21:00:00,67239.9,67449.5,67180.0,67316.3,64467.38,644.6738,43389923.17507,1,269.5,209.5,60.0,269.5,197.29999999999876
2026-04-04 22:00:00,67316.4,67429.4,67303.0,67362.1,71362.85,713.6285,48071853.61602,1,126.39999999999418,113.09999999999127,13.30000000000291,126.39999999999418,193.82857142856977
2026-04-04 23:00:00,67362.0,67364.4,67222.6,67267.4,92427.32,924.2732,62194864.15463,1,141.79999999998836,2.2999999999883585,139.5,141.79999999998836,198.49285714285466
2026-04-05 00:00:00,67267.3,67288.1,67122.7,67178.2,102613.89,1026.1389,68965166.14666,1,165.40000000000873,20.70000000001164,144.6999999999971,165.40000000000873,191.23571428571242
2026-04-05 01:00:00,67178.2,67198.1,67042.3,67056.3,107734.79,1077.3479,72286744.36098,1,155.8000000000029,19.90000000000873,135.89999999999418,155.8000000000029,191.81428571428427
2026-04-05 02:00:00,67056.2,67143.8,66880.2,67136.3,200283.23,2002.8323,134233669.30459,1,263.6000000000058,87.5,176.10000000000582,263.6000000000058,200.81428571428427
2026-04-05 03:00:00,67136.3,67157.9,67051.0,67115.1,71145.93,711.4593,47743836.72004,1,106.89999999999418,21.59999999999127,85.30000000000291,106.89999999999418,194.16428571428384
2026-04-05 04:00:00,67115.2,67157.6,67044.5,67070.1,84605.39,846.0539,56767466.31941,1,113.10000000000582,42.5,70.60000000000582,113.10000000000582,187.12142857142732
2026-04-05 05:00:00,67070.1,67125.9,66850.3,66904.3,141366.02,1413.6602,94678473.5135,1,275.59999999999127,55.79999999998836,219.8000000000029,275.59999999999127,177.54285714285547
2026-04-05 06:00:00,66904.3,66920.9,66572.3,66767.1,427443.41,4274.4341,285255453.36377,1,348.59999999999127,16.59999999999127,332.0,348.59999999999127,188.22857142856915
2026-04-05 07:00:00,66767.1,66888.8,66679.5,66785.2,154002.35,1540.0235,102844729.77735,1,209.3000000000029,121.69999999999709,87.60000000000582,209.3000000000029,193.9714285714269
2026-04-05 08:00:00,66785.1,66900.0,66779.0,66894.6,124665.47,1246.6547,83329117.31641,1,121.0,114.80000000000291,6.19999999999709,121.0,192.9714285714269
2026-04-05 09:00:00,66894.7,67049.9,66861.2,66996.8,146950.61,1469.5061,98387379.13492,1,188.6999999999971,155.29999999998836,33.40000000000873,188.6999999999971,186.74285714285568
2026-04-05 10:00:00,66996.8,67116.7,66923.6,67007.2,140871.52,1408.7152,94393752.28048,1,193.09999999999127,119.89999999999418,73.19999999999709,193.09999999999127,191.34285714285528
2026-04-05 11:00:00,67007.3,67050.9,66938.2,66971.8,74295.73,742.9573,49771987.9783,1,112.69999999999709,43.69999999999709,69.0,112.69999999999709,180.14285714285506
2026-04-05 12:00:00,66971.8,66971.9,66650.1,66756.2,268583.5,2685.835,179345705.59038,1,321.79999999998836,0.09999999999126885,321.6999999999971,321.79999999998836,194.0999999999975
2026-04-05 13:00:00,66756.2,66891.0,66666.7,66861.5,176025.99,1760.2599,117555875.03892,1,224.3000000000029,134.8000000000029,89.5,224.3000000000029,199.99285714285568
2026-04-05 14:00:00,66861.4,66937.1,66766.6,66893.1,144466.87,1444.6687,96615611.90163,1,170.5,75.60000000000582,94.89999999999418,170.5,200.3571428571408
2026-04-05 15:00:00,66893.2,67846.1,66800.1,67281.0,971872.73,9718.7273,655016236.18993,1,1046.0,953.0,93.0,1046.0,263.94285714285485
2026-04-05 16:00:00,67281.0,67386.0,67146.9,67187.3,217630.12,2176.3012,146426191.71594,1,239.10000000000582,105.0,134.10000000000582,239.10000000000582,262.19285714285485
2026-04-05 17:00:00,67187.3,67382.5,67160.0,67349.7,125668.09,1256.6809,84549977.63643,1,222.5,195.1999999999971,27.30000000000291,222.5,270.4499999999981
2026-04-05 18:00:00,67349.8,67433.8,67246.4,67387.5,105752.45,1057.5245,71236548.18331,1,187.40000000000873,84.10000000000582,103.30000000000291,187.40000000000873,275.7571428571412
2026-04-05 19:00:00,67387.6,67537.5,67254.7,67335.0,109854.77,1098.5477,74048918.65495,1,282.8000000000029,150.0,132.8000000000029,282.8000000000029,276.27142857142775
2026-04-05 20:00:00,67334.9,67685.9,67309.8,67630.3,133836.29,1338.3629,90411754.75846,1,376.09999999999127,350.8999999999942,25.19999999999709,376.09999999999127,278.23571428571347
2026-04-05 21:00:00,67630.3,67650.3,67381.0,67519.7,138119.72,1381.1972,93236251.42125,1,269.3000000000029,20.0,249.3000000000029,269.3000000000029,282.52142857142775
2026-04-05 22:00:00,67519.7,68347.0,67300.0,68320.8,819613.6,8196.136,556693200.72457,1,1047.0,827.3000000000029,219.6999999999971,1047.0,348.66428571428486
2026-04-05 23:00:00,68320.7,69118.0,68234.4,69008.0,974049.61,9740.4961,669890620.8335,1,883.6000000000058,797.1999999999971,86.40000000000873,883.6000000000058,398.2999999999998
2026-04-06 00:00:00,69008.0,69587.9,69005.5,69061.7,975180.86,9751.8086,675829763.41632,1,582.3999999999942,579.8999999999942,2.5,582.3999999999942,426.10714285714283
2026-04-06 01:00:00,69061.7,69118.1,68767.7,68791.6,426162.51,4261.6251,293612208.31375,1,350.40000000000873,56.40000000000873,294.0,350.40000000000873,443.08571428571514
2026-04-06 02:00:00,68791.6,69380.0,68748.0,69180.1,500225.23,5002.2523,345860550.55413,1,632.0,588.3999999999942,43.60000000000582,632.0,465.2428571428588
2026-04-06 03:00:00,69180.1,69233.5,69031.2,69099.9,190513.47,1905.1347,131682180.42522,1,202.3000000000029,53.39999999999418,148.90000000000873,202.3000000000029,463.6714285714302
2026-04-06 04:00:00,69100.0,69191.5,68948.3,69109.4,183357.21,1833.5721,126656506.09881,1,243.1999999999971,91.60000000000582,151.59999999999127,243.1999999999971,468.8642857142872
2026-04-06 05:00:00,69109.4,69213.0,69058.0,69169.3,116836.34,1168.3634,80795566.50335,1,155.0,103.60000000000582,51.39999999999418,155.0,405.22142857143
2026-04-06 06:00:00,69169.3,69327.7,68736.9,68948.0,566935.45,5669.3545,390967511.59899,1,590.8000000000029,158.39999999999418,432.40000000000873,590.8000000000029,430.3428571428584
2026-04-06 07:00:00,68948.1,69179.5,68782.8,69074.8,223688.6,2236.886,154320336.60236,1,396.6999999999971,231.5,165.1999999999971,396.6999999999971,442.7857142857153
2026-04-06 08:00:00,69074.8,69318.0,69040.6,69180.0,206725.75,2067.2575,143023757.62553,1,277.3999999999942,243.1999999999971,34.19999999999709,277.3999999999942,449.2142857142857
2026-04-06 09:00:00,69180.0,70276.8,69169.8,69700.1,1274859.2,12748.592,889850090.56249,1,1107.0,1096.800000000003,10.19999999999709,1107.0,508.08571428571406
2026-04-06 10:00:00,69700.1,69952.0,69678.0,69749.9,293689.73,2936.8973,204936615.0794,1,274.0,251.89999999999418,22.10000000000582,274.0,500.79285714285754
2026-04-06 11:00:00,69749.9,69749.9,69536.9,69592.5,212896.61,2128.9661,148235440.87865,1,213.0,0.0,213.0,213.0,496.77142857142877
2026-04-06 12:00:00,69592.4,69615.0,69302.0,69349.5,352163.08,3521.6308,244576094.51989,1,313.0,22.5,290.5,313.0,444.3428571428573
2026-04-06 13:00:00,69349.6,69532.8,69201.0,69405.1,443824.1,4438.241,307861844.2337,1,331.8000000000029,183.3000000000029,148.5,331.8000000000029,404.92857142857144
2026-04-06 14:00:00,69405.0,69798.8,69130.0,69618.7,748518.68,7485.1868,519938869.46091,1,668.8000000000029,393.6999999999971,275.1000000000058,668.8000000000029,411.10000000000065
2026-04-06 15:00:00,69618.7,69935.0,69486.3,69923.0,472412.53,4724.1253,329358322.57106,1,448.6999999999971,316.3000000000029,132.39999999999418,448.6999999999971,418.12142857142834
2026-04-06 16:00:00,69923.0,70322.8,69734.9,69750.1,623068.77,6230.6877,436044296.74444,1,587.9000000000087,399.8000000000029,188.10000000000582,587.9000000000087,414.971428571429
2026-04-06 17:00:00,69750.2,69777.9,69225.0,69530.9,553613.03,5536.1303,384629386.90854,1,552.8999999999942,27.79999999998836,525.1000000000058,552.8999999999942,440.0142857142855
2026-04-06 18:00:00,69531.0,69933.3,69434.6,69849.9,326380.24,3263.8024,227579021.61953,1,498.6999999999971,402.40000000000873,96.29999999998836,498.6999999999971,458.2642857142855
2026-04-06 19:00:00,69850.0,69864.7,69536.9,69699.8,170336.82,1703.3682,118742325.49335,1,327.8000000000029,14.80000000000291,313.0,327.8000000000029,470.60714285714283
2026-04-06 20:00:00,69699.8,69947.5,69584.2,69782.2,125246.37,1252.4637,87408921.9394,1,363.3000000000029,247.6999999999971,115.60000000000582,363.3000000000029,454.35714285714283
2026-04-06 21:00:00,69782.1,69786.9,69380.2,69473.0,148026.03,1480.2603,102982414.71244,1,406.6999999999971,4.69999999999709,402.0,406.6999999999971,455.07142857142856
2026-04-06 22:00:00,69472.9,69545.5,68765.0,68768.0,426779.65,4267.7965,294889348.68099,1,780.5,72.5,708.0,780.5,491.00714285714326
2026-04-06 23:00:00,68768.1,68887.7,68269.0,68812.9,704064.14,7040.6414,483015364.26414,1,618.6999999999971,119.69999999999709,499.0,618.6999999999971,456.12857142857166
2026-04-07 00:00:00,68812.9,69100.6,68690.0,68743.8,341059.62,3410.5962,234885770.71246,1,410.6000000000058,287.70000000001164,122.89999999999418,410.6000000000058,465.8857142857149
2026-04-07 01:00:00,68743.7,68868.7,68300.1,68368.1,420082.72,4200.8272,288127776.55244,1,568.5999999999913,124.89999999999418,443.6999999999971,568.5999999999913,491.2857142857143
2026-04-07 02:00:00,68368.0,68685.1,68233.5,68636.9,301861.86,3018.6186,206688742.99946,1,451.6000000000058,317.0,134.60000000000582,451.6000000000058,501.1857142857147
2026-04-07 03:00:00,68636.9,68773.3,68589.2,68745.2,160054.22,1600.5422,109966246.86858,1,184.10000000000582,136.40000000000873,47.69999999999709,184.10000000000582,490.6357142857149
2026-04-07 04:00:00,68745.1,68958.8,68510.7,68814.9,236617.57,2366.1757,162679800.33323,1,448.1000000000058,213.60000000000582,234.5,448.1000000000058,474.8714285714294
2026-04-07 05:00:00,68814.9,68843.2,68588.0,68632.1,155707.66,1557.0766,106970033.48545,1,255.1999999999971,28.30000000000291,226.89999999999418,255.1999999999971,461.0500000000008
2026-04-07 06:00:00,68632.0,68632.1,68408.4,68546.2,192484.23,1924.8423,131876715.41231,1,223.70000000001164,0.0,223.70000000001164,223.70000000001164,435.0357142857153
2026-04-07 07:00:00,68546.2,68690.4,68470.7,68585.4,125295.79,1252.9579,85928201.44209,1,219.6999999999971,144.1999999999971,75.5,219.6999999999971,411.2357142857155
2026-04-07 08:00:00,68585.3,68955.0,68566.1,68907.8,301028.4,3010.284,207111309.93928,1,388.8999999999942,369.6000000000058,19.29999999998836,388.8999999999942,403.3928571428582
2026-04-07 09:00:00,68907.8,69217.7,68888.8,69106.4,399282.25,3992.8225,275809512.15691,1,328.8999999999942,309.8999999999942,19.0,328.8999999999942,403.471428571429
2026-04-07 10:00:00,69106.4,69165.1,68155.0,68199.3,853110.26,8531.1026,584936448.27054,1,1010.1000000000058,58.70000000001164,951.3999999999942,1010.1000000000058,449.6714285714292
2026-04-07 11:00:00,68199.3,68421.0,68006.4,68308.1,551985.44,5519.8544,376702301.63457,1,414.6000000000058,221.6999999999971,192.90000000000873,414.6000000000058,450.2357142857155
2026-04-07 12:00:00,68308.1,68583.2,68044.2,68368.6,448506.21,4485.0621,306254855.66068,1,539.0,275.09999999999127,263.90000000000873,539.0,432.9857142857155
2026-04-07 13:00:00,68368.6,68613.8,68167.9,68205.1,415645.13,4156.4513,284342187.82269,1,445.90000000000873,245.1999999999971,200.70000000001164,445.90000000000873,420.6428571428592
2026-04-07 14:00:00,68205.0,68230.0,67721.1,67828.9,779549.92,7795.4992,529820938.3201,1,508.8999999999942,24.89999999999418,484.0,508.8999999999942,427.66428571428696
2026-04-07 15:00:00,67829.0,68248.0,67680.2,68138.7,502577.25,5025.7725,341708921.49794,1,567.8000000000029,419.1000000000058,148.6999999999971,567.8000000000029,427.60714285714494
2026-04-07 16:00:00,68138.6,68426.6,68050.0,68208.2,348103.78,3481.0378,237538073.40817,1,376.6000000000058,287.90000000000873,88.69999999999709,376.6000000000058,422.2500000000021
2026-04-07 17:00:00,68208.3,68979.5,68153.2,68669.9,563301.99,5633.0199,386401495.58605,1,826.3000000000029,771.3000000000029,55.0,826.3000000000029,468.12142857143044
2026-04-07 18:00:00,68670.0,68745.3,68313.7,68413.3,318341.62,3183.4162,218158767.99178,1,431.6000000000058,75.40000000000873,356.1999999999971,431.6000000000058,466.942857142859
2026-04-07 19:00:00,68413.4,69058.8,68325.0,68975.6,486811.94,4868.1194,334496240.84127,1,733.8000000000029,645.5,88.30000000000291,733.8000000000029,501.1285714285737
2026-04-07 20:00:00,68975.6,69520.0,68975.6,69280.5,551634.68,5516.3468,382273047.8873,1,544.3999999999942,544.3999999999942,0.0,544.3999999999942,524.0357142857154
2026-04-07 21:00:00,69280.4,70186.1,69268.5,69898.0,823863.54,8238.6354,575088809.34617,1,917.6000000000058,905.6000000000058,12.0,917.6000000000058,573.885714285716
2026-04-07 22:00:00,69898.1,71500.0,69898.1,71479.0,1690012.17,16900.1217,1195825528.60988,1,1601.8999999999942,1602.0,0.10000000000582077,1602.0,660.5357142857164
2026-04-07 23:00:00,71479.0,72773.9,71154.1,71904.6,2312753.62,23127.5362,1665478344.69366,1,1619.7999999999884,1294.8999999999942,324.8999999999942,1619.7999999999884,752.7428571428588
2026-04-08 00:00:00,71904.7,72101.7,71518.4,71696.0,633394.12,6333.9412,455001352.63357,1,583.3000000000029,197.09999999999127,386.20000000001164,583.3000000000029,722.2571428571443
2026-04-08 01:00:00,71696.0,71749.8,71430.0,71467.6,288307.36,2883.0736,206282324.60658,1,319.8000000000029,53.80000000000291,266.0,319.8000000000029,715.4857142857155
2026-04-08 02:00:00,71467.6,71711.9,71219.3,71350.0,371225.33,3712.2533,265172765.37185,1,492.59999999999127,244.29999999998836,248.3000000000029,492.59999999999127,712.1714285714291
2026-04-08 03:00:00,71350.0,71500.0,71258.6,71280.1,187186.86,1871.8686,133586732.20163,1,241.39999999999418,150.0,91.39999999999418,241.39999999999418,697.5642857142853
2026-04-08 04:00:00,71280.0,71677.6,71279.0,71551.5,339104.96,3391.0496,242547094.14751,1,398.6000000000058,397.5,1.1000000000058208,398.6000000000058,689.6857142857147
2026-04-08 05:00:00,71551.5,71830.4,71535.2,71715.0,232507.53,2325.0753,166683644.73031,1,295.1999999999971,278.8999999999942,16.30000000000291,295.1999999999971,670.2142857142857
2026-04-08 06:00:00,71715.0,71935.0,71566.1,71719.9,342326.3,3423.263,245722129.39767,1,368.8999999999942,220.0,148.89999999999418,368.8999999999942,669.6642857142849
2026-04-08 07:00:00,71720.0,71894.2,71567.7,71624.2,261742.97,2617.4297,187652307.15153,1,326.5,174.3000000000029,152.1999999999971,326.5,633.9642857142846
2026-04-08 08:00:00,71624.2,71819.7,71624.2,71790.0,221112.34,2211.1234,158593862.34922,1,195.5,195.5,0.0,195.5,617.0999999999985
2026-04-08 09:00:00,71790.0,71965.1,71575.0,71672.0,236306.84,2363.0684,169618754.97526,1,390.1000000000058,175.10000000000582,215.0,390.1000000000058,592.5499999999987
2026-04-08 10:00:00,71672.1,71780.0,71443.2,71462.4,162840.32,1628.4032,116546244.6666,1,336.8000000000029,108.0,228.8000000000029,336.8000000000029,577.721428571428
2026-04-08 11:00:00,71462.3,71713.0,71388.0,71661.3,259645.31,2596.4531,185822382.11315,1,325.0,250.60000000000582,74.39999999999418,325.0,535.3928571428561
2026-04-08 12:00:00,71661.4,72156.0,71555.0,72036.2,499259.86,4992.5986,358847117.00022,1,601.0,494.6999999999971,106.30000000000291,601.0,463.8928571428561
2026-04-08 13:00:00,72036.3,72876.5,71477.0,71567.4,1934027.83,19340.2783,1396642865.9497,1,1399.5,840.3000000000029,559.1999999999971,1399.5,448.1571428571427
2026-04-08 14:00:00,71567.4,71724.5,70670.0,70886.9,1013159.79,10131.5979,720927796.32293,1,1054.5,157.10000000000582,897.3999999999942,1054.5,481.8142857142853
2026-04-08 15:00:00,70887.0,71315.1,70797.9,71265.3,548745.44,5487.4544,390158438.5214,1,517.2000000000116,428.20000000001164,89.0,517.2000000000116,495.91428571428594
2026-04-08 16:00:00,71265.3,71700.0,71210.9,71561.3,456095.81,4560.9581,325688317.64244,1,489.1000000000058,434.6999999999971,54.40000000000873,489.1000000000058,495.66428571428696
2026-04-08 17:00:00,71561.4,71929.9,71440.9,71854.5,454160.68,4541.6068,325699029.2135,1,489.0,368.59999999999127,120.40000000000873,489.0,513.3500000000016
2026-04-08 18:00:00,71854.6,71857.4,71054.2,71073.6,491677.45,4916.7745,351215193.89809,1,803.1999999999971,2.8999999999941792,800.3000000000029,803.1999999999971,542.250000000001
2026-04-08 19:00:00,71073.6,71346.6,70983.5,71294.0,215596.79,2155.9679,153454637.51386,1,363.1000000000058,273.0,90.10000000000582,363.1000000000058,547.1000000000016
2026-04-08 20:00:00,71294.0,71457.6,71252.3,71350.5,138296.19,1382.9619,98698173.86722,1,205.3000000000029,163.60000000000582,41.69999999999709,205.3000000000029,535.414285714288
2026-04-08 21:00:00,71350.6,71718.8,71300.0,71519.9,138909.55,1389.0955,99398753.31145,1,418.8000000000029,368.3000000000029,50.5,418.8000000000029,542.0071428571454
2026-04-08 22:00:00,71520.0,71546.7,71024.4,71027.8,184421.78,1844.2178,131392720.39528,1,522.3000000000029,26.80000000000291,495.5,522.3000000000029,565.3500000000028
2026-04-08 23:00:00,71027.7,71179.0,70863.5,71041.7,223538.16,2235.3816,158702085.02345,1,315.5,151.1999999999971,164.3000000000029,315.5,560.0214285714309
2026-04-09 00:00:00,71041.8,71109.4,70606.0,70780.0,303881.52,3038.8152,215195791.45828,1,503.3999999999942,67.69999999999709,435.6999999999971,503.3999999999942,571.9214285714303
2026-04-09 01:00:00,70780.0,70929.9,70422.0,70892.7,457527.62,4575.2762,323252625.59631,1,507.8999999999942,149.89999999999418,358.0,507.8999999999942,584.9857142857155
2026-04-09 02:00:00,70892.6,71170.0,70774.4,71026.9,278409.9,2784.099,197614645.91569,1,395.6000000000058,277.3000000000029,118.30000000000291,395.6000000000058,570.3142857142874
2026-04-09 03:00:00,71026.9,71087.9,70810.1,70965.7,172019.18,1720.1918,122024619.29046,1,277.79999999998836,61.0,216.79999999998836,277.79999999998836,490.192857142858
2026-04-09 04:00:00,70965.7,70985.0,70680.0,70757.0,167374.72,1673.7472,118545968.74111,1,305.0,19.30000000000291,285.6999999999971,305.0,436.6571428571437
2026-04-09 05:00:00,70757.0,71071.3,70660.7,70959.7,185833.32,1858.3332,131766794.34327,1,410.6000000000058,314.3000000000029,96.30000000000291,410.6000000000058,429.04285714285754
2026-04-09 06:00:00,70959.7,71067.1,70778.6,70994.1,181544.33,1815.4433,128773687.88106,1,288.5,107.40000000000873,181.09999999999127,288.5,414.7142857142857
2026-04-09 07:00:00,70994.1,71086.2,70921.2,70953.8,152002.62,1520.0262,107907149.76247,1,165.0,92.09999999999127,72.90000000000873,165.0,391.57142857142856
2026-04-09 08:00:00,70953.8,71358.3,70831.5,71225.8,378204.47,3782.0447,268995567.94153,1,526.8000000000029,404.5,122.30000000000291,526.8000000000029,371.8285714285718
2026-04-09 09:00:00,71225.8,71548.0,71079.2,71502.5,444617.99,4446.1799,317157756.63911,1,468.8000000000029,322.1999999999971,146.60000000000582,468.8000000000029,379.37857142857166
2026-04-09 10:00:00,71502.6,71505.9,71246.4,71246.5,165749.53,1657.4953,118329192.97041,1,259.5,3.3999999999941792,256.1000000000058,259.5,383.25
2026-04-09 11:00:00,71246.5,71325.0,71020.1,71124.5,253712.65,2537.1265,180528633.09823,1,304.8999999999942,78.5,226.39999999999418,304.8999999999942,375.1142857142851
2026-04-09 12:00:00,71124.5,71316.6,71013.0,71263.6,233998.3,2339.983,166544723.951,1,303.6000000000058,192.10000000000582,111.5,303.6000000000058,359.49285714285674
2026-04-09 13:00:00,71263.7,71337.6,70609.5,70779.8,599273.37,5992.7337,424848894.53782,1,728.1000000000058,74.0,654.1000000000058,728.1000000000058,388.9642857142857
2026-04-09 14:00:00,70779.8,71228.0,70505.0,71090.7,695093.9,6950.939,492516714.0204,1,723.0,448.1999999999971,274.8000000000029,723.0,404.65000000000043
2026-04-09 15:00:00,71090.8,72333.7,70900.0,72105.7,1447394.89,14473.9489,1038881477.35316,1,1433.699999999997,1243.0,190.6999999999971,1433.699999999997,470.77857142857204
2026-04-09 16:00:00,72105.6,72379.3,71666.7,72047.5,839697.96,8396.9796,604978217.47558,1,712.6000000000058,273.6000000000058,439.0,712.6000000000058,493.4214285714292
2026-04-09 17:00:00,72047.6,72518.3,72037.2,72308.6,708292.04,7082.9204,512308837.76113,1,481.1000000000058,470.8000000000029,10.30000000000291,481.1000000000058,507.942857142859
2026-04-09 18:00:00,72308.6,72341.7,71708.5,71858.3,403241.97,4032.4197,289975599.45173,1,633.1999999999971,33.09999999999127,600.1000000000058,633.1999999999971,531.385714285716
2026-04-09 19:00:00,71858.2,72270.0,71718.0,72060.7,331870.79,3318.7079,238966812.87773,1,552.0,411.6999999999971,140.3000000000029,552.0,541.4857142857155
2026-04-09 20:00:00,72060.7,72418.5,71929.1,72374.8,193540.6,1935.406,139784909.5515,1,489.3999999999942,357.8000000000029,131.59999999999127,489.3999999999942,555.8357142857151
2026-04-09 21:00:00,72374.8,72676.0,72107.1,72226.5,279496.94,2794.9694,202260842.01316,1,568.8999999999942,301.1999999999971,267.6999999999971,568.8999999999942,584.6857142857147
2026-04-09 22:00:00,72226.5,73146.1,71911.1,71911.2,776714.58,7767.1458,564052537.02616,1,1235.0,919.6000000000058,315.3999999999942,1235.0,635.2714285714288
2026-04-09 23:00:00,71911.1,71995.1,71541.9,71759.0,507415.11,5074.1511,364148307.6448,1,453.20000000001164,83.90000000000873,369.3000000000029,453.20000000001164,634.1571428571436
2026-04-10 00:00:00,71759.1,72020.3,71543.0,71945.6,334171.79,3341.7179,239908445.02745,1,477.3000000000029,261.3000000000029,216.0,477.3000000000029,649.7142857142868
2026-04-10 01:00:00,71945.7,72355.4,71632.7,72133.4,437285.52,4372.8552,315279975.68267,1,722.6999999999971,409.79999999998836,312.90000000000873,722.6999999999971,679.5571428571441
2026-04-10 02:00:00,72133.3,72264.5,71868.8,71924.9,222835.48,2228.3548,160610061.9063,1,395.6999999999971,131.10000000000582,264.59999999999127,395.6999999999971,686.1357142857149
2026-04-10 03:00:00,71924.9,71999.9,71780.0,71838.2,164980.84,1649.8084,118577104.3559,1,219.89999999999418,75.0,144.89999999999418,219.89999999999418,649.8357142857141
2026-04-10 04:00:00,71838.3,72194.6,71784.1,72086.8,206026.15,2060.2615,148205045.16388,1,410.5,356.40000000000873,54.09999999999127,410.5,627.5142857142855
2026-04-10 05:00:00,72086.9,72258.0,71960.4,72097.0,169317.58,1693.1758,122117392.92252,1,297.6000000000058,171.1999999999971,126.40000000000873,297.6000000000058,546.3642857142861
2026-04-10 06:00:00,72096.9,72150.0,71754.6,71777.0,168118.79,1681.1879,120916194.68358,1,395.3999999999942,53.0,342.3999999999942,395.3999999999942,523.7071428571425
2026-04-10 07:00:00,71777.0,71819.5,71404.1,71463.5,418943.43,4189.4343,300091873.80868,1,415.3999999999942,42.5,372.8999999999942,415.3999999999942,519.0142857142845
2026-04-10 08:00:00,71463.5,71730.0,71388.9,71581.2,377281.92,3772.8192,270006426.76677,1,341.1000000000058,266.5,74.60000000000582,341.1000000000058,498.14999999999935
2026-04-10 09:00:00,71581.1,71846.9,71560.5,71748.1,195568.74,1955.6874,140289346.83774,1,286.3999999999942,265.6999999999971,20.69999999999709,286.3999999999942,479.17857142857036
2026-04-10 10:00:00,71748.1,71896.3,71667.6,71863.2,161443.35,1614.4335,115888631.6847,1,228.6999999999971,148.1999999999971,80.5,228.6999999999971,460.557142857142
2026-04-10 11:00:00,71863.1,72222.0,71858.4,72084.8,365823.26,3658.2326,263748774.63914,1,363.6000000000058,358.8000000000029,4.80000000000291,363.6000000000058,445.89285714285717
2026-04-10 12:00:00,72084.7,72420.0,71960.0,72220.0,621306.45,6213.0645,448599083.25846,1,460.0,335.1999999999971,124.80000000000291,460.0,390.5357142857143
2026-04-10 13:00:00,72220.0,72381.0,71868.8,72289.0,589488.13,5894.8813,425111651.2257,1,512.1999999999971,161.0,351.1999999999971,512.1999999999971,394.749999999999
2026-04-10 14:00:00,72289.0,73125.5,72215.2,72878.5,1308279.65,13082.7965,951996825.08801,1,910.3000000000029,836.5,73.80000000000291,910.3000000000029,425.67857142857036
2026-04-10 15:00:00,72878.6,73288.0,72285.8,72418.3,770351.82,7703.5182,560859472.62007,1,1002.1999999999971,409.5,592.6999999999971,1002.1999999999971,445.6428571428561
2026-04-10 16:00:00,72418.2,73056.7,72348.4,72965.8,538770.61,5387.7061,391839303.33444,1,708.3000000000029,638.3999999999942,69.90000000000873,708.3000000000029,467.97142857142796
2026-04-10 17:00:00,72965.8,73123.0,72768.1,73092.0,250899.77,2508.9977,182996934.3725,1,354.8999999999942,157.1999999999971,197.6999999999971,354.8999999999942,477.6142857142851
2026-04-10 18:00:00,73091.9,73149.5,72840.0,73071.1,193789.77,1937.8977,141421643.14072,1,309.5,57.5,252.0,309.5,470.39999999999935
2026-04-10 19:00:00,73071.2,73248.8,72863.8,73194.0,220556.58,2205.5658,161146731.42696,1,385.0,177.6999999999971,207.3000000000029,385.0,476.6428571428561
2026-04-10 20:00:00,73194.5,73452.3,73012.8,73321.2,319830.31,3198.3031,234247968.07323,1,439.5,258.3000000000029,181.1999999999971,439.5,479.7928571428565
2026-04-10 21:00:00,73321.3,73321.3,72900.0,73163.0,147295.39,1472.9539,107652107.73626,1,421.3000000000029,0.10000000000582077,421.1999999999971,421.3000000000029,480.2142857142857
2026-04-10 22:00:00,73162.9,73220.0,72678.5,72840.8,239777.72,2397.7772,174923904.80719,1,541.5,57.0,484.5,541.5,494.528571428571
2026-04-10 23:00:00,72840.8,72933.3,72746.0,72925.8,99300.94,993.0094,72334898.99783,1,187.3000000000029,92.5,94.80000000000291,187.3000000000029,487.4500000000002
2026-04-11 00:00:00,72925.7,72925.8,72750.0,72799.2,102403.81,1024.0381,74575986.45651,1,175.8000000000029,0.0,175.8000000000029,175.8000000000029,483.6714285714292
2026-04-11 01:00:00,72799.3,72975.0,72616.7,72927.5,139871.05,1398.7105,101809247.30231,1,358.3000000000029,175.8000000000029,182.5,358.3000000000029,483.29285714285754
2026-04-11 02:00:00,72927.5,73073.8,72868.1,72928.8,143405.49,1434.0549,104632164.5792,1,205.6999999999971,146.3000000000029,59.39999999999418,205.6999999999971,465.12857142857166
2026-04-11 03:00:00,72928.8,73047.2,72785.8,72836.9,108653.64,1086.5364,79241778.45058,1,261.3999999999942,118.39999999999418,143.0,261.3999999999942,447.2142857142857
2026-04-11 04:00:00,72837.0,72925.2,72650.6,72781.1,149800.48,1498.0048,108998972.79047,1,274.59999999999127,88.30000000000291,186.29999999998836,274.59999999999127,401.807142857142
2026-04-11 05:00:00,72781.2,72812.0,72642.8,72696.4,99069.34,990.6934,72051520.32814,1,169.1999999999971,30.89999999999418,138.3000000000029,169.1999999999971,342.307142857142
2026-04-11 06:00:00,72696.3,72755.1,72570.3,72738.9,119441.57,1194.4157,86783444.4426,1,184.8000000000029,58.70000000001164,126.09999999999127,184.8000000000029,304.91428571428486
2026-04-11 07:00:00,72739.0,72809.7,72633.6,72719.7,112411.22,1124.1122,81758530.57577,1,176.09999999999127,70.80000000000291,105.29999999998836,176.09999999999127,292.1428571428561
2026-04-11 08:00:00,72719.8,72779.9,72601.0,72636.3,94421.28,944.2128,68641588.309,1,178.89999999999418,60.19999999999709,118.69999999999709,178.89999999999418,282.81428571428427
2026-04-11 09:00:00,72636.3,72884.0,72600.0,72875.2,183876.84,1838.7684,133810682.96345,1,284.0,247.6999999999971,36.30000000000291,284.0,275.59999999999854
2026-04-11 10:00:00,72875.1,72898.4,72728.0,72811.2,120527.89,1205.2789,87744455.79562,1,170.39999999999418,23.19999999999709,147.1999999999971,170.39999999999418,256.37857142856956
2026-04-11 11:00:00,72811.2,72896.0,72787.0,72883.8,77161.34,771.6134,56201338.81336,1,109.0,84.80000000000291,24.19999999999709,109.0,234.07142857142648
2026-04-11 12:00:00,72883.7,72956.5,72787.0,72900.0,128447.29,1284.4729,93618257.43802,1,169.5,72.69999999999709,96.80000000000291,169.5,207.49999999999793
2026-04-11 13:00:00,72900.0,72900.0,72480.4,72628.1,334889.39,3348.8939,243270808.93786,1,419.6000000000058,0.0,419.6000000000058,419.6000000000058,224.09285714285528
2026-04-11 14:00:00,72628.2,72749.4,72578.0,72669.3,106063.24,1060.6324,77069394.53086,1,171.39999999999418,121.29999999998836,50.10000000000582,171.39999999999418,223.77857142856894
2026-04-11 15:00:00,72669.3,72874.1,72648.6,72826.6,162324.12,1623.2412,118098956.68574,1,225.5,204.8000000000029,20.69999999999709,225.5,214.29285714285444
2026-04-11 16:00:00,72826.5,73200.0,72790.0,73000.4,301061.86,3010.6186,219801105.67473,1,410.0,373.3999999999942,36.60000000000582,410.0,228.8857142857118
2026-04-11 17:00:00,73000.4,73142.0,72903.0,73060.3,140491.03,1404.9103,102598708.79648,1,239.0,141.60000000000582,97.39999999999418,239.0,227.2857142857122
2026-04-11 18:00:00,73060.4,73748.5,73002.8,73527.3,546266.16,5462.6616,401260784.16565,1,745.6999999999971,688.1999999999971,57.5,745.6999999999971,260.9357142857126
2026-04-11 19:00:00,73527.4,73799.1,73433.8,73659.6,319181.24,3191.8124,234993986.71088,1,365.3000000000029,271.8000000000029,93.5,365.3000000000029,274.94285714285587
2026-04-11 20:00:00,73659.6,73670.7,73201.6,73274.8,208809.91,2088.0991,153231108.35394,1,469.09999999999127,11.099999999991269,458.0,469.09999999999127,295.2499999999979
2026-04-11 21:00:00,73274.8,73530.4,73166.0,73406.3,134447.91,1344.4791,98649048.27641,1,364.3999999999942,255.59999999999127,108.80000000000291,364.3999999999942,308.6999999999981
2026-04-11 22:00:00,73406.2,73546.3,73210.8,73341.1,128116.76,1281.1676,93973982.71454,1,335.5,140.0,195.5,335.5,319.8857142857128
2026-04-11 23:00:00,73341.1,73341.2,72864.0,73014.7,239979.75,2399.7975,175274179.95955,1,477.1999999999971,0.09999999999126885,477.1000000000058,477.1999999999971,333.6857142857126
2026-04-12 00:00:00,73014.7,73088.0,72823.4,73049.8,157857.11,1578.5711,115218288.04918,1,264.6000000000058,73.30000000000291,191.3000000000029,264.6000000000058,340.41428571428486
2026-04-12 01:00:00,73049.9,73107.1,71270.2,71610.0,1246856.37,12468.5637,897300002.47611,1,1836.9000000000087,57.30000000000291,1779.6000000000058,1836.9000000000087,463.83571428571406
2026-04-12 02:00:00,71609.9,71934.7,71310.5,71725.8,523885.87,5238.8587,375690217.73381,1,624.1999999999971,324.6999999999971,299.5,624.1999999999971,496.3142857142853
2026-04-12 03:00:00,71725.8,71829.5,71557.0,71557.7,262524.52,2625.2452,188115814.79246,1,272.5,103.69999999999709,168.8000000000029,272.5,485.807142857142
2026-04-12 04:00:00,71557.6,71650.0,71411.0,71437.9,205248.84,2052.4884,146781381.90611,1,239.0,92.30000000000291,146.6999999999971,239.0,490.63571428571385
2026-04-12 05:00:00,71437.9,71750.0,71380.0,71664.1,220222.19,2202.2219,157637777.13503,1,370.0,312.1000000000058,57.89999999999418,370.0,500.95714285714246
2026-04-12 06:00:00,71664.2,71726.5,71600.0,71617.1,103361.43,1033.6143,74065925.80728,1,126.5,62.39999999999418,64.10000000000582,126.5,480.70714285714246
2026-04-12 07:00:00,71617.0,71720.0,71541.1,71635.9,126279.6,1262.796,90464864.66363,1,178.89999999999418,102.89999999999418,76.0,178.89999999999418,476.41428571428486
2026-04-12 08:00:00,71635.9,71772.0,71553.4,71591.5,162766.43,1627.6643,116613298.42716,1,218.60000000000582,136.10000000000582,82.5,218.60000000000582,438.7642857142855
2026-04-12 09:00:00,71591.4,71607.4,71480.9,71507.4,118292.85,1182.9285,84628903.49087,1,126.5,15.89999999999418,110.60000000000582,126.5,421.70714285714246
2026-04-12 10:00:00,71507.3,71655.0,71323.0,71425.0,184950.54,1849.5054,132207454.15137,1,332.0,147.60000000000582,184.39999999999418,332.0,411.91428571428594
2026-04-12 11:00:00,71425.0,71519.7,71387.8,71441.4,113648.42,1136.4842,81190576.1014,1,131.89999999999418,94.69999999999709,37.19999999999709,131.89999999999418,395.30714285714305
2026-04-12 12:00:00,71441.3,71477.7,71027.0,71053.9,442302.2,4423.022,315066360.28671,1,450.6999999999971,36.30000000000291,414.3999999999942,450.6999999999971,403.5357142857143
2026-04-12 13:00:00,71053.9,71121.4,70830.4,70861.6,506772.24,5067.7224,359649291.91216,1,291.0,67.5,223.5,291.0,390.2357142857145
2026-04-12 14:00:00,70861.6,71076.2,70660.7,70721.9,382967.88,3829.6788,271341182.06189,1,415.5,214.59999999999127,200.90000000000873,415.5,401.0142857142855
2026-04-12 15:00:00,70722.0,70917.0,70570.0,70869.5,306455.25,3064.5525,216879231.09811,1,347.0,195.10000000000582,151.89999999999418,347.0,294.5928571428563
2026-04-12 16:00:00,70869.5,70934.6,70778.0,70900.1,140240.65,1402.4065,99389618.92979,1,156.60000000000582,65.10000000000582,91.5,156.60000000000582,261.19285714285695
2026-04-12 17:00:00,70900.1,71175.9,70866.0,71120.2,238923.09,2389.2309,169674562.41395,1,309.8999999999942,275.79999999998836,34.10000000000582,309.8999999999942,263.8642857142851
2026-04-12 18:00:00,71120.3,71187.5,71026.0,71094.8,115313.21,1153.1321,81988156.91687,1,161.5,67.30000000000291,94.19999999999709,161.5,258.3285714285708
2026-04-12 19:00:00,71094.9,71189.2,71040.2,71060.7,61568.62,615.6862,43780711.49682,1,149.0,94.39999999999418,54.60000000000582,149.0,242.54285714285652
2026-04-12 20:00:00,71060.7,71410.9,70921.0,71302.0,167910.28,1679.1028,119529875.77836,1,489.8999999999942,350.1999999999971,139.6999999999971,489.8999999999942,268.499999999999
2026-04-12 21:00:00,71301.9,71425.2,71132.2,71325.6,106979.16,1069.7916,76243320.08732,1,293.0,123.19999999999709,169.8000000000029,293.0,276.64999999999935
2026-04-12 22:00:00,71325.6,71333.0,70456.0,70875.9,597544.04,5975.4404,422914272.39008,1,877.0,7.399999999994179,869.6000000000058,877.0,323.67857142857036
2026-04-12 23:00:00,70875.8,70882.5,70530.1,70707.9,222212.96,2222.1296,157035360.09765,1,352.3999999999942,6.600000000005821,345.79999999998836,352.3999999999942,339.81428571428427
2026-04-13 00:00:00,70707.9,71273.1,70580.0,71140.0,340865.55,3408.6555,241914345.52757,1,693.1000000000058,565.2000000000116,127.89999999999418,693.1000000000058,365.6071428571418
2026-04-13 01:00:00,71140.0,71200.0,71008.0,71166.1,237698.95,2376.9895,169023162.49753,1,192.0,60.0,132.0,192.0,369.89999999999935
2026-04-13 02:00:00,71166.1,71255.0,70955.6,71059.9,214234.6,2142.346,152317584.68301,1,299.3999999999942,88.89999999999418,210.5,299.3999999999942,359.0928571428563
2026-04-13 03:00:00,71059.9,71134.8,70883.4,70950.1,164255.36,1642.5536,116619451.59875,1,251.40000000000873,74.90000000000873,176.5,251.40000000000873,356.2642857142855
2026-04-13 04:00:00,70950.2,71120.0,70821.7,70868.4,155198.98,1551.9898,110150447.28165,1,298.3000000000029,169.89999999999418,128.40000000000873,298.3000000000029,347.89285714285717
2026-04-13 05:00:00,70868.5,70893.5,70637.2,70858.2,189388.53,1893.8853,134074918.5197,1,256.3000000000029,25.10000000000582,231.1999999999971,256.3000000000029,341.41428571428594
2026-04-13 06:00:00,70858.1,71073.7,70853.4,70999.3,156050.76,1560.5076,110780543.32543,1,220.3000000000029,215.5,4.80000000000291,220.3000000000029,345.9642857142857
2026-04-13 07:00:00,70999.6,71046.1,70660.0,70796.5,216947.48,2169.4748,153566448.70596,1,386.1000000000058,46.80000000000291,339.3000000000029,386.1000000000058,351.4071428571437
2026-04-13 08:00:00,70796.5,70842.5,70542.1,70657.2,207263.03,2072.6303,146474920.88604,1,300.3999999999942,46.0,254.39999999999418,300.3999999999942,361.3285714285718
2026-04-13 09:00:00,70657.1,70889.9,70643.9,70766.4,189097.2,1890.972,133808067.35388,1,246.0,232.6999999999971,13.30000000000291,246.0,368.25714285714326
2026-04-13 10:00:00,70766.4,70823.6,70654.0,70728.5,107334.47,1073.3447,75942137.40966,1,169.60000000000582,57.20000000001164,112.39999999999418,169.60000000000582,345.3785714285727
2026-04-13 11:00:00,70728.6,70966.0,70710.1,70892.6,178184.6,1781.846,126258350.60586,1,255.89999999999418,237.5,18.39999999999418,255.89999999999418,342.72857142857225
2026-04-13 12:00:00,70892.6,71185.0,70730.3,71040.5,362222.12,3622.2212,257037642.79131,1,454.6999999999971,292.3999999999942,162.3000000000029,454.6999999999971,312.5642857142863
2026-04-13 13:00:00,71040.5,71665.4,70766.7,71610.0,952866.75,9528.6675,678939236.59343,1,898.6999999999971,624.8999999999942,273.8000000000029,898.6999999999971,351.58571428571514
2026-04-13 14:00:00,71610.0,72156.1,71326.3,71911.6,904475.05,9044.7505,648689738.47202,0,829.8000000000029,546.1000000000058,283.6999999999971,829.8000000000029,361.35000000000065
